obs_id,market_id,city,locality,property_type,locality_class,confidence_grade,draw_number,seed,date_generated,monthly_rent_psf,monthly_rent_psf_evidence_class,monthly_rent_psf_uncertainty_type,sale_price_psf,sale_price_psf_evidence_class,sale_price_psf_uncertainty_type,rental_growth_pct,rental_growth_pct_evidence_class,rental_growth_pct_uncertainty_type,capital_growth_pct,capital_growth_pct_evidence_class,capital_growth_pct_uncertainty_type,vacancy_rate_pct,vacancy_rate_pct_evidence_class,vacancy_rate_pct_uncertainty_type,occupancy_rate_pct,occupancy_rate_pct_evidence_class,occupancy_rate_pct_uncertainty_type,demand_score,demand_score_evidence_class,demand_score_uncertainty_type,risk_score,risk_score_evidence_class,risk_score_uncertainty_type,transaction_volume_index,transaction_volume_index_evidence_class,transaction_volume_index_uncertainty_type,gross_yield_pct_derived
MKT-001_D001,MKT-001,Mumbai,Bandra Kurla Complex,Commercial Office,Premium,B,1,20260919,2026-09-19,180.8053,Reported,Plausible range (±10-12%),25342.1407,Reported,Plausible range (±10-12%),5.8565,Estimated,Plausible range (±10-12%),8.2301,Estimated,Plausible range (±10-12%),,Missing,Not available,,Missing,Not available,72.0682,Derived,Plausible range (±10-12%),,Missing,Not available,,Missing,Not available,8.5615
MKT-001_D002,MKT-001,Mumbai,Bandra Kurla Complex,Commercial Office,Premium,B,2,20260919,2026-09-19,179.5303,Reported,Plausible range (±10-12%),28616.6407,Reported,Plausible range (±10-12%),6.8875,Estimated,Plausible range (±10-12%),7.6892,Estimated,Plausible range (±10-12%),,Missing,Not available,,Missing,Not available,82.4185,Derived,Plausible range (±10-12%),,Missing,Not available,,Missing,Not available,7.5284
MKT-001_D003,MKT-001,Mumbai,Bandra Kurla Complex,Commercial Office,Premium,B,3,20260919,2026-09-19,179.4662,Reported,Plausible range (±10-12%),23596.0803,Reported,Plausible range (±10-12%),8.1797,Estimated,Plausible range (±10-12%),8.6365,Estimated,Plausible range (±10-12%),,Missing,Not available,,Missing,Not available,79.9069,Derived,Plausible range (±10-12%),,Missing,Not available,,Missing,Not available,9.1269
MKT-001_D004,MKT-001,Mumbai,Bandra Kurla Complex,Commercial Office,Premium,B,4,20260919,2026-09-19,187.585,Reported,Plausible range (±10-12%),29194.7225,Reported,Plausible range (±10-12%),6.0281,Estimated,Plausible range (±10-12%),8.3935,Estimated,Plausible range (±10-12%),,Missing,Not available,,Missing,Not available,75.6884,Derived,Plausible range (±10-12%),,Missing,Not available,,Missing,Not available,7.7104
MKT-001_D005,MKT-001,Mumbai,Bandra Kurla Complex,Commercial Office,Premium,B,5,20260919,2026-09-19,181.8042,Reported,Plausible range (±10-12%),23410.234,Reported,Plausible range (±10-12%),6.3729,Estimated,Plausible range (±10-12%),9.0566,Estimated,Plausible range (±10-12%),,Missing,Not available,,Missing,Not available,73.145,Derived,Plausible range (±10-12%),,Missing,Not available,,Missing,Not available,9.3192
MKT-001_D006,MKT-001,Mumbai,Bandra Kurla Complex,Commercial Office,Premium,B,6,20260919,2026-09-19,184.0194,Reported,Plausible range (±10-12%),28563.5115,Reported,Plausible range (±10-12%),6.7347,Estimated,Plausible range (±10-12%),9.7724,Estimated,Plausible range (±10-12%),,Missing,Not available,,Missing,Not available,68.3862,Derived,Plausible range (±10-12%),,Missing,Not available,,Missing,Not available,7.731
MKT-001_D007,MKT-001,Mumbai,Bandra Kurla Complex,Commercial Office,Premium,B,7,20260919,2026-09-19,188.0377,Reported,Plausible range (±10-12%),27326.1395,Reported,Plausible range (±10-12%),4.6615,Estimated,Plausible range (±10-12%),7.7197,Estimated,Plausible range (±10-12%),,Missing,Not available,,Missing,Not available,75.4595,Derived,Plausible range (±10-12%),,Missing,Not available,,Missing,Not available,8.2575
MKT-001_D008,MKT-001,Mumbai,Bandra Kurla Complex,Commercial Office,Premium,B,8,20260919,2026-09-19,179.117,Reported,Plausible range (±10-12%),29045.8059,Reported,Plausible range (±10-12%),6.3149,Estimated,Plausible range (±10-12%),5.4121,Estimated,Plausible range (±10-12%),,Missing,Not available,,Missing,Not available,76.4532,Derived,Plausible range (±10-12%),,Missing,Not available,,Missing,Not available,7.4
MKT-001_D009,MKT-001,Mumbai,Bandra Kurla Complex,Commercial Office,Premium,B,9,20260919,2026-09-19,200.9329,Reported,Plausible range (±10-12%),25383.3374,Reported,Plausible range (±10-12%),7.0976,Estimated,Plausible range (±10-12%),10.5018,Estimated,Plausible range (±10-12%),,Missing,Not available,,Missing,Not available,74.3014,Derived,Plausible range (±10-12%),,Missing,Not available,,Missing,Not available,9.4991
MKT-001_D010,MKT-001,Mumbai,Bandra Kurla Complex,Commercial Office,Premium,B,10,20260919,2026-09-19,202.8788,Reported,Plausible range (±10-12%),23363.1309,Reported,Plausible range (±10-12%),7.0276,Estimated,Plausible range (±10-12%),8.7546,Estimated,Plausible range (±10-12%),,Missing,Not available,,Missing,Not available,74.0866,Derived,Plausible range (±10-12%),,Missing,Not available,,Missing,Not available,10.4205
MKT-001_D011,MKT-001,Mumbai,Bandra Kurla Complex,Commercial Office,Premium,B,11,20260919,2026-09-19,198.568,Reported,Plausible range (±10-12%),29381.506,Reported,Plausible range (±10-12%),6.8074,Estimated,Plausible range (±10-12%),6.2546,Estimated,Plausible range (±10-12%),,Missing,Not available,,Missing,Not available,72.0759,Derived,Plausible range (±10-12%),,Missing,Not available,,Missing,Not available,8.1099
MKT-001_D012,MKT-001,Mumbai,Bandra Kurla Complex,Commercial Office,Premium,B,12,20260919,2026-09-19,189.1996,Reported,Plausible range (±10-12%),28531.8919,Reported,Plausible range (±10-12%),7.1214,Estimated,Plausible range (±10-12%),8.4633,Estimated,Plausible range (±10-12%),,Missing,Not available,,Missing,Not available,79.3538,Derived,Plausible range (±10-12%),,Missing,Not available,,Missing,Not available,7.9574
MKT-001_D013,MKT-001,Mumbai,Bandra Kurla Complex,Commercial Office,Premium,B,13,20260919,2026-09-19,194.8806,Reported,Plausible range (±10-12%),26632.6103,Reported,Plausible range (±10-12%),5.8056,Estimated,Plausible range (±10-12%),6.133,Estimated,Plausible range (±10-12%),,Missing,Not available,,Missing,Not available,75.2465,Derived,Plausible range (±10-12%),,Missing,Not available,,Missing,Not available,8.7808
MKT-001_D014,MKT-001,Mumbai,Bandra Kurla Complex,Commercial Office,Premium,B,14,20260919,2026-09-19,176.1882,Reported,Plausible range (±10-12%),22822.0898,Reported,Plausible range (±10-12%),7.1993,Estimated,Plausible range (±10-12%),10.3667,Estimated,Plausible range (±10-12%),,Missing,Not available,,Missing,Not available,78.0548,Derived,Plausible range (±10-12%),,Missing,Not available,,Missing,Not available,9.2641
MKT-001_D015,MKT-001,Mumbai,Bandra Kurla Complex,Commercial Office,Premium,B,15,20260919,2026-09-19,172.1013,Reported,Plausible range (±10-12%),24039.7338,Reported,Plausible range (±10-12%),6.2981,Estimated,Plausible range (±10-12%),9.0325,Estimated,Plausible range (±10-12%),,Missing,Not available,,Missing,Not available,75.308,Derived,Plausible range (±10-12%),,Missing,Not available,,Missing,Not available,8.5908
MKT-001_D016,MKT-001,Mumbai,Bandra Kurla Complex,Commercial Office,Premium,B,16,20260919,2026-09-19,183.0504,Reported,Plausible range (±10-12%),28255.8299,Reported,Plausible range (±10-12%),8.5244,Estimated,Plausible range (±10-12%),9.2405,Estimated,Plausible range (±10-12%),,Missing,Not available,,Missing,Not available,73.4458,Derived,Plausible range (±10-12%),,Missing,Not available,,Missing,Not available,7.774
MKT-001_D017,MKT-001,Mumbai,Bandra Kurla Complex,Commercial Office,Premium,B,17,20260919,2026-09-19,184.5402,Reported,Plausible range (±10-12%),25854.1027,Reported,Plausible range (±10-12%),5.6015,Estimated,Plausible range (±10-12%),8.6634,Estimated,Plausible range (±10-12%),,Missing,Not available,,Missing,Not available,74.4591,Derived,Plausible range (±10-12%),,Missing,Not available,,Missing,Not available,8.5653
MKT-001_D018,MKT-001,Mumbai,Bandra Kurla Complex,Commercial Office,Premium,B,18,20260919,2026-09-19,191.5375,Reported,Plausible range (±10-12%),28211.242,Reported,Plausible range (±10-12%),4.8759,Estimated,Plausible range (±10-12%),8.9459,Estimated,Plausible range (±10-12%),,Missing,Not available,,Missing,Not available,79.3072,Derived,Plausible range (±10-12%),,Missing,Not available,,Missing,Not available,8.1473
MKT-001_D019,MKT-001,Mumbai,Bandra Kurla Complex,Commercial Office,Premium,B,19,20260919,2026-09-19,184.445,Reported,Plausible range (±10-12%),29290.5396,Reported,Plausible range (±10-12%),6.9764,Estimated,Plausible range (±10-12%),8.4447,Estimated,Plausible range (±10-12%),,Missing,Not available,,Missing,Not available,75.8667,Derived,Plausible range (±10-12%),,Missing,Not available,,Missing,Not available,7.5565
MKT-001_D020,MKT-001,Mumbai,Bandra Kurla Complex,Commercial Office,Premium,B,20,20260919,2026-09-19,171.767,Reported,Plausible range (±10-12%),23645.1116,Reported,Plausible range (±10-12%),6.8661,Estimated,Plausible range (±10-12%),7.3606,Estimated,Plausible range (±10-12%),,Missing,Not available,,Missing,Not available,82.634,Derived,Plausible range (±10-12%),,Missing,Not available,,Missing,Not available,8.7173
MKT-001_D021,MKT-001,Mumbai,Bandra Kurla Complex,Commercial Office,Premium,B,21,20260919,2026-09-19,195.5985,Reported,Plausible range (±10-12%),26898.5635,Reported,Plausible range (±10-12%),4.8704,Estimated,Plausible range (±10-12%),8.7574,Estimated,Plausible range (±10-12%),,Missing,Not available,,Missing,Not available,76.6725,Derived,Plausible range (±10-12%),,Missing,Not available,,Missing,Not available,8.726
MKT-001_D022,MKT-001,Mumbai,Bandra Kurla Complex,Commercial Office,Premium,B,22,20260919,2026-09-19,194.8096,Reported,Plausible range (±10-12%),25482.1839,Reported,Plausible range (±10-12%),9.2303,Estimated,Plausible range (±10-12%),11.481,Estimated,Plausible range (±10-12%),,Missing,Not available,,Missing,Not available,70.8105,Derived,Plausible range (±10-12%),,Missing,Not available,,Missing,Not available,9.1739
MKT-001_D023,MKT-001,Mumbai,Bandra Kurla Complex,Commercial Office,Premium,B,23,20260919,2026-09-19,202.7082,Reported,Plausible range (±10-12%),22248.397,Reported,Plausible range (±10-12%),5.9455,Estimated,Plausible range (±10-12%),8.0912,Estimated,Plausible range (±10-12%),,Missing,Not available,,Missing,Not available,70.701,Derived,Plausible range (±10-12%),,Missing,Not available,,Missing,Not available,10.9334
MKT-001_D024,MKT-001,Mumbai,Bandra Kurla Complex,Commercial Office,Premium,B,24,20260919,2026-09-19,207.6343,Reported,Plausible range (±10-12%),30415.6127,Reported,Plausible range (±10-12%),5.3416,Estimated,Plausible range (±10-12%),8.2711,Estimated,Plausible range (±10-12%),,Missing,Not available,,Missing,Not available,83.1398,Derived,Plausible range (±10-12%),,Missing,Not available,,Missing,Not available,8.1919
MKT-001_D025,MKT-001,Mumbai,Bandra Kurla Complex,Commercial Office,Premium,B,25,20260919,2026-09-19,187.5842,Reported,Plausible range (±10-12%),27538.331,Reported,Plausible range (±10-12%),6.9055,Estimated,Plausible range (±10-12%),10.9769,Estimated,Plausible range (±10-12%),,Missing,Not available,,Missing,Not available,73.0007,Derived,Plausible range (±10-12%),,Missing,Not available,,Missing,Not available,8.1741
MKT-001_D026,MKT-001,Mumbai,Bandra Kurla Complex,Commercial Office,Premium,B,26,20260919,2026-09-19,194.1483,Reported,Plausible range (±10-12%),27836.2061,Reported,Plausible range (±10-12%),6.4165,Estimated,Plausible range (±10-12%),9.8013,Estimated,Plausible range (±10-12%),,Missing,Not available,,Missing,Not available,72.0573,Derived,Plausible range (±10-12%),,Missing,Not available,,Missing,Not available,8.3696
MKT-001_D027,MKT-001,Mumbai,Bandra Kurla Complex,Commercial Office,Premium,B,27,20260919,2026-09-19,179.7079,Reported,Plausible range (±10-12%),25813.1011,Reported,Plausible range (±10-12%),6.8276,Estimated,Plausible range (±10-12%),9.1708,Estimated,Plausible range (±10-12%),,Missing,Not available,,Missing,Not available,72.0239,Derived,Plausible range (±10-12%),,Missing,Not available,,Missing,Not available,8.3543
MKT-001_D028,MKT-001,Mumbai,Bandra Kurla Complex,Commercial Office,Premium,B,28,20260919,2026-09-19,194.7429,Reported,Plausible range (±10-12%),24142.9446,Reported,Plausible range (±10-12%),7.9246,Estimated,Plausible range (±10-12%),6.9415,Estimated,Plausible range (±10-12%),,Missing,Not available,,Missing,Not available,76.7063,Derived,Plausible range (±10-12%),,Missing,Not available,,Missing,Not available,9.6795
MKT-001_D029,MKT-001,Mumbai,Bandra Kurla Complex,Commercial Office,Premium,B,29,20260919,2026-09-19,205.7738,Reported,Plausible range (±10-12%),31352.2465,Reported,Plausible range (±10-12%),7.4193,Estimated,Plausible range (±10-12%),7.4841,Estimated,Plausible range (±10-12%),,Missing,Not available,,Missing,Not available,75.363,Derived,Plausible range (±10-12%),,Missing,Not available,,Missing,Not available,7.8759
MKT-001_D030,MKT-001,Mumbai,Bandra Kurla Complex,Commercial Office,Premium,B,30,20260919,2026-09-19,181.5206,Reported,Plausible range (±10-12%),25670.4853,Reported,Plausible range (±10-12%),6.2002,Estimated,Plausible range (±10-12%),8.7411,Estimated,Plausible range (±10-12%),,Missing,Not available,,Missing,Not available,78.2274,Derived,Plausible range (±10-12%),,Missing,Not available,,Missing,Not available,8.4854
MKT-001_D031,MKT-001,Mumbai,Bandra Kurla Complex,Commercial Office,Premium,B,31,20260919,2026-09-19,190.3413,Reported,Plausible range (±10-12%),24916.4198,Reported,Plausible range (±10-12%),7.5206,Estimated,Plausible range (±10-12%),9.9679,Estimated,Plausible range (±10-12%),,Missing,Not available,,Missing,Not available,78.2577,Derived,Plausible range (±10-12%),,Missing,Not available,,Missing,Not available,9.167
MKT-001_D032,MKT-001,Mumbai,Bandra Kurla Complex,Commercial Office,Premium,B,32,20260919,2026-09-19,178.6839,Reported,Plausible range (±10-12%),32452.6989,Reported,Plausible range (±10-12%),7.7118,Estimated,Plausible range (±10-12%),10.0751,Estimated,Plausible range (±10-12%),,Missing,Not available,,Missing,Not available,74.2896,Derived,Plausible range (±10-12%),,Missing,Not available,,Missing,Not available,6.6072
MKT-001_D033,MKT-001,Mumbai,Bandra Kurla Complex,Commercial Office,Premium,B,33,20260919,2026-09-19,179.8738,Reported,Plausible range (±10-12%),30592.9539,Reported,Plausible range (±10-12%),8.4156,Estimated,Plausible range (±10-12%),7.4352,Estimated,Plausible range (±10-12%),,Missing,Not available,,Missing,Not available,77.2576,Derived,Plausible range (±10-12%),,Missing,Not available,,Missing,Not available,7.0555
MKT-001_D034,MKT-001,Mumbai,Bandra Kurla Complex,Commercial Office,Premium,B,34,20260919,2026-09-19,190.8371,Reported,Plausible range (±10-12%),23395.7314,Reported,Plausible range (±10-12%),6.6479,Estimated,Plausible range (±10-12%),6.5499,Estimated,Plausible range (±10-12%),,Missing,Not available,,Missing,Not available,72.7982,Derived,Plausible range (±10-12%),,Missing,Not available,,Missing,Not available,9.7883
MKT-001_D035,MKT-001,Mumbai,Bandra Kurla Complex,Commercial Office,Premium,B,35,20260919,2026-09-19,188.3608,Reported,Plausible range (±10-12%),30346.06,Reported,Plausible range (±10-12%),8.1562,Estimated,Plausible range (±10-12%),5.1287,Estimated,Plausible range (±10-12%),,Missing,Not available,,Missing,Not available,75.7099,Derived,Plausible range (±10-12%),,Missing,Not available,,Missing,Not available,7.4485
MKT-001_D036,MKT-001,Mumbai,Bandra Kurla Complex,Commercial Office,Premium,B,36,20260919,2026-09-19,196.6074,Reported,Plausible range (±10-12%),32008.1624,Reported,Plausible range (±10-12%),7.7644,Estimated,Plausible range (±10-12%),9.1428,Estimated,Plausible range (±10-12%),,Missing,Not available,,Missing,Not available,75.8847,Derived,Plausible range (±10-12%),,Missing,Not available,,Missing,Not available,7.3709
MKT-001_D037,MKT-001,Mumbai,Bandra Kurla Complex,Commercial Office,Premium,B,37,20260919,2026-09-19,184.9143,Reported,Plausible range (±10-12%),28122.5012,Reported,Plausible range (±10-12%),7.8113,Estimated,Plausible range (±10-12%),7.4287,Estimated,Plausible range (±10-12%),,Missing,Not available,,Missing,Not available,78.2399,Derived,Plausible range (±10-12%),,Missing,Not available,,Missing,Not available,7.8904
MKT-001_D038,MKT-001,Mumbai,Bandra Kurla Complex,Commercial Office,Premium,B,38,20260919,2026-09-19,202.5277,Reported,Plausible range (±10-12%),22889.3859,Reported,Plausible range (±10-12%),5.8252,Estimated,Plausible range (±10-12%),9.1386,Estimated,Plausible range (±10-12%),,Missing,Not available,,Missing,Not available,72.063,Derived,Plausible range (±10-12%),,Missing,Not available,,Missing,Not available,10.6177
MKT-001_D039,MKT-001,Mumbai,Bandra Kurla Complex,Commercial Office,Premium,B,39,20260919,2026-09-19,187.9293,Reported,Plausible range (±10-12%),30568.2997,Reported,Plausible range (±10-12%),7.8017,Estimated,Plausible range (±10-12%),7.2937,Estimated,Plausible range (±10-12%),,Missing,Not available,,Missing,Not available,73.5347,Derived,Plausible range (±10-12%),,Missing,Not available,,Missing,Not available,7.3774
MKT-001_D040,MKT-001,Mumbai,Bandra Kurla Complex,Commercial Office,Premium,B,40,20260919,2026-09-19,189.2113,Reported,Plausible range (±10-12%),27961.5513,Reported,Plausible range (±10-12%),6.8451,Estimated,Plausible range (±10-12%),6.0304,Estimated,Plausible range (±10-12%),,Missing,Not available,,Missing,Not available,81.1091,Derived,Plausible range (±10-12%),,Missing,Not available,,Missing,Not available,8.1202
MKT-002_D001,MKT-002,Mumbai,Andheri East (MIDC),Commercial Office,Established,B,1,20260919,2026-09-19,101.775,Reported,Plausible range (±10-12%),10982.5241,Estimated,Plausible range (±10-12%),4.247,Estimated,Plausible range (±10-12%),7.6457,Estimated,Plausible range (±10-12%),,Missing,Not available,,Missing,Not available,67.2686,Derived,Plausible range (±10-12%),,Missing,Not available,,Missing,Not available,11.1204
MKT-002_D002,MKT-002,Mumbai,Andheri East (MIDC),Commercial Office,Established,B,2,20260919,2026-09-19,96.8018,Reported,Plausible range (±10-12%),9844.7673,Estimated,Plausible range (±10-12%),7.9546,Estimated,Plausible range (±10-12%),4.6305,Estimated,Plausible range (±10-12%),,Missing,Not available,,Missing,Not available,64.2982,Derived,Plausible range (±10-12%),,Missing,Not available,,Missing,Not available,11.7994
MKT-002_D003,MKT-002,Mumbai,Andheri East (MIDC),Commercial Office,Established,B,3,20260919,2026-09-19,87.9464,Reported,Plausible range (±10-12%),11204.6931,Estimated,Plausible range (±10-12%),4.743,Estimated,Plausible range (±10-12%),5.8021,Estimated,Plausible range (±10-12%),,Missing,Not available,,Missing,Not available,67.3252,Derived,Plausible range (±10-12%),,Missing,Not available,,Missing,Not available,9.4189
MKT-002_D004,MKT-002,Mumbai,Andheri East (MIDC),Commercial Office,Established,B,4,20260919,2026-09-19,95.2716,Reported,Plausible range (±10-12%),11444.3625,Estimated,Plausible range (±10-12%),5.4068,Estimated,Plausible range (±10-12%),7.3344,Estimated,Plausible range (±10-12%),,Missing,Not available,,Missing,Not available,64.5179,Derived,Plausible range (±10-12%),,Missing,Not available,,Missing,Not available,9.9897
MKT-002_D005,MKT-002,Mumbai,Andheri East (MIDC),Commercial Office,Established,B,5,20260919,2026-09-19,107.139,Reported,Plausible range (±10-12%),14114.3266,Estimated,Plausible range (±10-12%),7.681,Estimated,Plausible range (±10-12%),8.4529,Estimated,Plausible range (±10-12%),,Missing,Not available,,Missing,Not available,61.5197,Derived,Plausible range (±10-12%),,Missing,Not available,,Missing,Not available,9.109
MKT-002_D006,MKT-002,Mumbai,Andheri East (MIDC),Commercial Office,Established,B,6,20260919,2026-09-19,103.3862,Reported,Plausible range (±10-12%),15027.8061,Estimated,Plausible range (±10-12%),8.5792,Estimated,Plausible range (±10-12%),4.9316,Estimated,Plausible range (±10-12%),,Missing,Not available,,Missing,Not available,63.3664,Derived,Plausible range (±10-12%),,Missing,Not available,,Missing,Not available,8.2556
MKT-002_D007,MKT-002,Mumbai,Andheri East (MIDC),Commercial Office,Established,B,7,20260919,2026-09-19,94.6576,Reported,Plausible range (±10-12%),16431.0442,Estimated,Plausible range (±10-12%),5.6074,Estimated,Plausible range (±10-12%),7.2667,Estimated,Plausible range (±10-12%),,Missing,Not available,,Missing,Not available,69.2628,Derived,Plausible range (±10-12%),,Missing,Not available,,Missing,Not available,6.9131
MKT-002_D008,MKT-002,Mumbai,Andheri East (MIDC),Commercial Office,Established,B,8,20260919,2026-09-19,89.957,Reported,Plausible range (±10-12%),14382.4428,Estimated,Plausible range (±10-12%),4.5615,Estimated,Plausible range (±10-12%),7.6726,Estimated,Plausible range (±10-12%),,Missing,Not available,,Missing,Not available,64.1046,Derived,Plausible range (±10-12%),,Missing,Not available,,Missing,Not available,7.5056
MKT-002_D009,MKT-002,Mumbai,Andheri East (MIDC),Commercial Office,Established,B,9,20260919,2026-09-19,103.1731,Reported,Plausible range (±10-12%),13963.1494,Estimated,Plausible range (±10-12%),7.006,Estimated,Plausible range (±10-12%),6.2223,Estimated,Plausible range (±10-12%),,Missing,Not available,,Missing,Not available,72.1185,Derived,Plausible range (±10-12%),,Missing,Not available,,Missing,Not available,8.8667
MKT-002_D010,MKT-002,Mumbai,Andheri East (MIDC),Commercial Office,Established,B,10,20260919,2026-09-19,93.7527,Reported,Plausible range (±10-12%),9931.1753,Estimated,Plausible range (±10-12%),4.6551,Estimated,Plausible range (±10-12%),10.6272,Estimated,Plausible range (±10-12%),,Missing,Not available,,Missing,Not available,69.2553,Derived,Plausible range (±10-12%),,Missing,Not available,,Missing,Not available,11.3283
MKT-002_D011,MKT-002,Mumbai,Andheri East (MIDC),Commercial Office,Established,B,11,20260919,2026-09-19,101.6604,Reported,Plausible range (±10-12%),11113.4812,Estimated,Plausible range (±10-12%),5.9923,Estimated,Plausible range (±10-12%),9.3647,Estimated,Plausible range (±10-12%),,Missing,Not available,,Missing,Not available,67.0772,Derived,Plausible range (±10-12%),,Missing,Not available,,Missing,Not available,10.977
MKT-002_D012,MKT-002,Mumbai,Andheri East (MIDC),Commercial Office,Established,B,12,20260919,2026-09-19,103.8142,Reported,Plausible range (±10-12%),12987.0152,Estimated,Plausible range (±10-12%),4.7933,Estimated,Plausible range (±10-12%),6.3217,Estimated,Plausible range (±10-12%),,Missing,Not available,,Missing,Not available,71.89,Derived,Plausible range (±10-12%),,Missing,Not available,,Missing,Not available,9.5924
MKT-002_D013,MKT-002,Mumbai,Andheri East (MIDC),Commercial Office,Established,B,13,20260919,2026-09-19,101.8608,Reported,Plausible range (±10-12%),12033.149,Estimated,Plausible range (±10-12%),5.7904,Estimated,Plausible range (±10-12%),7.5813,Estimated,Plausible range (±10-12%),,Missing,Not available,,Missing,Not available,68.9241,Derived,Plausible range (±10-12%),,Missing,Not available,,Missing,Not available,10.158
MKT-002_D014,MKT-002,Mumbai,Andheri East (MIDC),Commercial Office,Established,B,14,20260919,2026-09-19,105.3014,Reported,Plausible range (±10-12%),10650.8288,Estimated,Plausible range (±10-12%),6.7543,Estimated,Plausible range (±10-12%),8.9689,Estimated,Plausible range (±10-12%),,Missing,Not available,,Missing,Not available,73.4547,Derived,Plausible range (±10-12%),,Missing,Not available,,Missing,Not available,11.864
MKT-002_D015,MKT-002,Mumbai,Andheri East (MIDC),Commercial Office,Established,B,15,20260919,2026-09-19,95.7008,Reported,Plausible range (±10-12%),13230.9133,Estimated,Plausible range (±10-12%),6.3074,Estimated,Plausible range (±10-12%),10.612,Estimated,Plausible range (±10-12%),,Missing,Not available,,Missing,Not available,62.4179,Derived,Plausible range (±10-12%),,Missing,Not available,,Missing,Not available,8.6797
MKT-002_D016,MKT-002,Mumbai,Andheri East (MIDC),Commercial Office,Established,B,16,20260919,2026-09-19,97.5542,Reported,Plausible range (±10-12%),13934.2817,Estimated,Plausible range (±10-12%),5.5096,Estimated,Plausible range (±10-12%),8.2165,Estimated,Plausible range (±10-12%),,Missing,Not available,,Missing,Not available,64.8259,Derived,Plausible range (±10-12%),,Missing,Not available,,Missing,Not available,8.4012
MKT-002_D017,MKT-002,Mumbai,Andheri East (MIDC),Commercial Office,Established,B,17,20260919,2026-09-19,95.2659,Reported,Plausible range (±10-12%),11144.719,Estimated,Plausible range (±10-12%),5.8773,Estimated,Plausible range (±10-12%),6.964,Estimated,Plausible range (±10-12%),,Missing,Not available,,Missing,Not available,59.9156,Derived,Plausible range (±10-12%),,Missing,Not available,,Missing,Not available,10.2577
MKT-002_D018,MKT-002,Mumbai,Andheri East (MIDC),Commercial Office,Established,B,18,20260919,2026-09-19,102.7915,Reported,Plausible range (±10-12%),14091.4344,Estimated,Plausible range (±10-12%),5.9256,Estimated,Plausible range (±10-12%),8.395,Estimated,Plausible range (±10-12%),,Missing,Not available,,Missing,Not available,65.1441,Derived,Plausible range (±10-12%),,Missing,Not available,,Missing,Not available,8.7535
MKT-002_D019,MKT-002,Mumbai,Andheri East (MIDC),Commercial Office,Established,B,19,20260919,2026-09-19,104.1731,Reported,Plausible range (±10-12%),14581.7598,Estimated,Plausible range (±10-12%),8.7156,Estimated,Plausible range (±10-12%),7.8128,Estimated,Plausible range (±10-12%),,Missing,Not available,,Missing,Not available,57.2699,Derived,Plausible range (±10-12%),,Missing,Not available,,Missing,Not available,8.5729
MKT-002_D020,MKT-002,Mumbai,Andheri East (MIDC),Commercial Office,Established,B,20,20260919,2026-09-19,90.8074,Reported,Plausible range (±10-12%),10290.1536,Estimated,Plausible range (±10-12%),7.0028,Estimated,Plausible range (±10-12%),5.7789,Estimated,Plausible range (±10-12%),,Missing,Not available,,Missing,Not available,71.6141,Derived,Plausible range (±10-12%),,Missing,Not available,,Missing,Not available,10.5896
MKT-002_D021,MKT-002,Mumbai,Andheri East (MIDC),Commercial Office,Established,B,21,20260919,2026-09-19,87.3624,Reported,Plausible range (±10-12%),12995.2124,Estimated,Plausible range (±10-12%),5.3001,Estimated,Plausible range (±10-12%),5.7922,Estimated,Plausible range (±10-12%),,Missing,Not available,,Missing,Not available,72.7227,Derived,Plausible range (±10-12%),,Missing,Not available,,Missing,Not available,8.0672
MKT-002_D022,MKT-002,Mumbai,Andheri East (MIDC),Commercial Office,Established,B,22,20260919,2026-09-19,96.9872,Reported,Plausible range (±10-12%),12051.455,Estimated,Plausible range (±10-12%),5.9138,Estimated,Plausible range (±10-12%),7.9772,Estimated,Plausible range (±10-12%),,Missing,Not available,,Missing,Not available,65.0189,Derived,Plausible range (±10-12%),,Missing,Not available,,Missing,Not available,9.6573
MKT-002_D023,MKT-002,Mumbai,Andheri East (MIDC),Commercial Office,Established,B,23,20260919,2026-09-19,105.7269,Reported,Plausible range (±10-12%),14866.1629,Estimated,Plausible range (±10-12%),7.6392,Estimated,Plausible range (±10-12%),6.1336,Estimated,Plausible range (±10-12%),,Missing,Not available,,Missing,Not available,62.0179,Derived,Plausible range (±10-12%),,Missing,Not available,,Missing,Not available,8.5343
MKT-002_D024,MKT-002,Mumbai,Andheri East (MIDC),Commercial Office,Established,B,24,20260919,2026-09-19,99.2728,Reported,Plausible range (±10-12%),12390.4112,Estimated,Plausible range (±10-12%),6.7889,Estimated,Plausible range (±10-12%),8.2177,Estimated,Plausible range (±10-12%),,Missing,Not available,,Missing,Not available,66.9982,Derived,Plausible range (±10-12%),,Missing,Not available,,Missing,Not available,9.6145
MKT-002_D025,MKT-002,Mumbai,Andheri East (MIDC),Commercial Office,Established,B,25,20260919,2026-09-19,96.6064,Reported,Plausible range (±10-12%),11153.7999,Estimated,Plausible range (±10-12%),6.1357,Estimated,Plausible range (±10-12%),7.1411,Estimated,Plausible range (±10-12%),,Missing,Not available,,Missing,Not available,63.1511,Derived,Plausible range (±10-12%),,Missing,Not available,,Missing,Not available,10.3936
MKT-002_D026,MKT-002,Mumbai,Andheri East (MIDC),Commercial Office,Established,B,26,20260919,2026-09-19,98.5616,Reported,Plausible range (±10-12%),12467.1384,Estimated,Plausible range (±10-12%),7.0842,Estimated,Plausible range (±10-12%),8.2537,Estimated,Plausible range (±10-12%),,Missing,Not available,,Missing,Not available,68.0053,Derived,Plausible range (±10-12%),,Missing,Not available,,Missing,Not available,9.4869
MKT-002_D027,MKT-002,Mumbai,Andheri East (MIDC),Commercial Office,Established,B,27,20260919,2026-09-19,93.8338,Reported,Plausible range (±10-12%),14456.7541,Estimated,Plausible range (±10-12%),5.2943,Estimated,Plausible range (±10-12%),9.577,Estimated,Plausible range (±10-12%),,Missing,Not available,,Missing,Not available,67.07,Derived,Plausible range (±10-12%),,Missing,Not available,,Missing,Not available,7.7888
MKT-002_D028,MKT-002,Mumbai,Andheri East (MIDC),Commercial Office,Established,B,28,20260919,2026-09-19,98.8705,Reported,Plausible range (±10-12%),16329.4047,Estimated,Plausible range (±10-12%),6.9182,Estimated,Plausible range (±10-12%),8.8986,Estimated,Plausible range (±10-12%),,Missing,Not available,,Missing,Not available,67.5122,Derived,Plausible range (±10-12%),,Missing,Not available,,Missing,Not available,7.2657
MKT-002_D029,MKT-002,Mumbai,Andheri East (MIDC),Commercial Office,Established,B,29,20260919,2026-09-19,90.253,Reported,Plausible range (±10-12%),15548.3467,Estimated,Plausible range (±10-12%),4.348,Estimated,Plausible range (±10-12%),7.4249,Estimated,Plausible range (±10-12%),,Missing,Not available,,Missing,Not available,61.6739,Derived,Plausible range (±10-12%),,Missing,Not available,,Missing,Not available,6.9656
MKT-002_D030,MKT-002,Mumbai,Andheri East (MIDC),Commercial Office,Established,B,30,20260919,2026-09-19,102.3453,Reported,Plausible range (±10-12%),14127.0056,Estimated,Plausible range (±10-12%),3.7769,Estimated,Plausible range (±10-12%),6.5547,Estimated,Plausible range (±10-12%),,Missing,Not available,,Missing,Not available,72.5618,Derived,Plausible range (±10-12%),,Missing,Not available,,Missing,Not available,8.6936
MKT-002_D031,MKT-002,Mumbai,Andheri East (MIDC),Commercial Office,Established,B,31,20260919,2026-09-19,92.8865,Reported,Plausible range (±10-12%),11442.69,Estimated,Plausible range (±10-12%),5.2716,Estimated,Plausible range (±10-12%),6.8417,Estimated,Plausible range (±10-12%),,Missing,Not available,,Missing,Not available,66.2849,Derived,Plausible range (±10-12%),,Missing,Not available,,Missing,Not available,9.741
MKT-002_D032,MKT-002,Mumbai,Andheri East (MIDC),Commercial Office,Established,B,32,20260919,2026-09-19,96.3943,Reported,Plausible range (±10-12%),12522.2362,Estimated,Plausible range (±10-12%),5.461,Estimated,Plausible range (±10-12%),7.9571,Estimated,Plausible range (±10-12%),,Missing,Not available,,Missing,Not available,72.3091,Derived,Plausible range (±10-12%),,Missing,Not available,,Missing,Not available,9.2374
MKT-002_D033,MKT-002,Mumbai,Andheri East (MIDC),Commercial Office,Established,B,33,20260919,2026-09-19,102.8883,Reported,Plausible range (±10-12%),11508.9971,Estimated,Plausible range (±10-12%),5.9532,Estimated,Plausible range (±10-12%),10.5913,Estimated,Plausible range (±10-12%),,Missing,Not available,,Missing,Not available,63.9585,Derived,Plausible range (±10-12%),,Missing,Not available,,Missing,Not available,10.7278
MKT-002_D034,MKT-002,Mumbai,Andheri East (MIDC),Commercial Office,Established,B,34,20260919,2026-09-19,97.8557,Reported,Plausible range (±10-12%),12872.7232,Estimated,Plausible range (±10-12%),4.3621,Estimated,Plausible range (±10-12%),7.3019,Estimated,Plausible range (±10-12%),,Missing,Not available,,Missing,Not available,65.1668,Derived,Plausible range (±10-12%),,Missing,Not available,,Missing,Not available,9.1221
MKT-002_D035,MKT-002,Mumbai,Andheri East (MIDC),Commercial Office,Established,B,35,20260919,2026-09-19,96.1719,Reported,Plausible range (±10-12%),12912.0359,Estimated,Plausible range (±10-12%),3.504,Estimated,Plausible range (±10-12%),10.0525,Estimated,Plausible range (±10-12%),,Missing,Not available,,Missing,Not available,71.3724,Derived,Plausible range (±10-12%),,Missing,Not available,,Missing,Not available,8.9379
MKT-002_D036,MKT-002,Mumbai,Andheri East (MIDC),Commercial Office,Established,B,36,20260919,2026-09-19,101.4081,Reported,Plausible range (±10-12%),14967.8004,Estimated,Plausible range (±10-12%),4.6553,Estimated,Plausible range (±10-12%),8.7679,Estimated,Plausible range (±10-12%),,Missing,Not available,,Missing,Not available,70.5219,Derived,Plausible range (±10-12%),,Missing,Not available,,Missing,Not available,8.1301
MKT-002_D037,MKT-002,Mumbai,Andheri East (MIDC),Commercial Office,Established,B,37,20260919,2026-09-19,105.4015,Reported,Plausible range (±10-12%),10856.7516,Estimated,Plausible range (±10-12%),4.8108,Estimated,Plausible range (±10-12%),6.0219,Estimated,Plausible range (±10-12%),,Missing,Not available,,Missing,Not available,67.7238,Derived,Plausible range (±10-12%),,Missing,Not available,,Missing,Not available,11.6501
MKT-002_D038,MKT-002,Mumbai,Andheri East (MIDC),Commercial Office,Established,B,38,20260919,2026-09-19,99.4131,Reported,Plausible range (±10-12%),16113.4886,Estimated,Plausible range (±10-12%),5.1459,Estimated,Plausible range (±10-12%),6.7602,Estimated,Plausible range (±10-12%),,Missing,Not available,,Missing,Not available,68.9917,Derived,Plausible range (±10-12%),,Missing,Not available,,Missing,Not available,7.4035
MKT-002_D039,MKT-002,Mumbai,Andheri East (MIDC),Commercial Office,Established,B,39,20260919,2026-09-19,102.6671,Reported,Plausible range (±10-12%),14987.1806,Estimated,Plausible range (±10-12%),3.6229,Estimated,Plausible range (±10-12%),5.4707,Estimated,Plausible range (±10-12%),,Missing,Not available,,Missing,Not available,59.1325,Derived,Plausible range (±10-12%),,Missing,Not available,,Missing,Not available,8.2204
MKT-002_D040,MKT-002,Mumbai,Andheri East (MIDC),Commercial Office,Established,B,40,20260919,2026-09-19,94.4674,Reported,Plausible range (±10-12%),11638.0763,Estimated,Plausible range (±10-12%),5.7827,Estimated,Plausible range (±10-12%),6.3121,Estimated,Plausible range (±10-12%),,Missing,Not available,,Missing,Not available,59.0229,Derived,Plausible range (±10-12%),,Missing,Not available,,Missing,Not available,9.7405
MKT-003_D001,MKT-003,Mumbai,Lower Parel,Retail,Premium,B,1,20260919,2026-09-19,289.6419,Reported,Plausible range (±10-12%),23140.8038,Estimated,Plausible range (±10-12%),5.3083,Estimated,Plausible range (±10-12%),6.9144,Estimated,Plausible range (±10-12%),,Missing,Not available,,Missing,Not available,72.1253,Derived,Plausible range (±10-12%),,Missing,Not available,,Missing,Not available,15.0198
MKT-003_D002,MKT-003,Mumbai,Lower Parel,Retail,Premium,B,2,20260919,2026-09-19,250.4209,Reported,Plausible range (±10-12%),28570.6511,Estimated,Plausible range (±10-12%),3.575,Estimated,Plausible range (±10-12%),7.1479,Estimated,Plausible range (±10-12%),,Missing,Not available,,Missing,Not available,74.3578,Derived,Plausible range (±10-12%),,Missing,Not available,,Missing,Not available,10.518
MKT-003_D003,MKT-003,Mumbai,Lower Parel,Retail,Premium,B,3,20260919,2026-09-19,271.3338,Reported,Plausible range (±10-12%),29929.4492,Estimated,Plausible range (±10-12%),2.5092,Estimated,Plausible range (±10-12%),6.1199,Estimated,Plausible range (±10-12%),,Missing,Not available,,Missing,Not available,70.5299,Derived,Plausible range (±10-12%),,Missing,Not available,,Missing,Not available,10.8789
MKT-003_D004,MKT-003,Mumbai,Lower Parel,Retail,Premium,B,4,20260919,2026-09-19,305.8971,Reported,Plausible range (±10-12%),35447.8843,Estimated,Plausible range (±10-12%),7.8549,Estimated,Plausible range (±10-12%),4.736,Estimated,Plausible range (±10-12%),,Missing,Not available,,Missing,Not available,71.5891,Derived,Plausible range (±10-12%),,Missing,Not available,,Missing,Not available,10.3554
MKT-003_D005,MKT-003,Mumbai,Lower Parel,Retail,Premium,B,5,20260919,2026-09-19,287.4527,Reported,Plausible range (±10-12%),36692.1953,Estimated,Plausible range (±10-12%),4.0605,Estimated,Plausible range (±10-12%),6.4972,Estimated,Plausible range (±10-12%),,Missing,Not available,,Missing,Not available,80.7123,Derived,Plausible range (±10-12%),,Missing,Not available,,Missing,Not available,9.401
MKT-003_D006,MKT-003,Mumbai,Lower Parel,Retail,Premium,B,6,20260919,2026-09-19,278.6516,Reported,Plausible range (±10-12%),39097.8259,Estimated,Plausible range (±10-12%),4.3934,Estimated,Plausible range (±10-12%),8.9109,Estimated,Plausible range (±10-12%),,Missing,Not available,,Missing,Not available,67.7709,Derived,Plausible range (±10-12%),,Missing,Not available,,Missing,Not available,8.5524
MKT-003_D007,MKT-003,Mumbai,Lower Parel,Retail,Premium,B,7,20260919,2026-09-19,307.0726,Reported,Plausible range (±10-12%),40608.7478,Estimated,Plausible range (±10-12%),5.7783,Estimated,Plausible range (±10-12%),6.2857,Estimated,Plausible range (±10-12%),,Missing,Not available,,Missing,Not available,76.5901,Derived,Plausible range (±10-12%),,Missing,Not available,,Missing,Not available,9.0741
MKT-003_D008,MKT-003,Mumbai,Lower Parel,Retail,Premium,B,8,20260919,2026-09-19,286.0385,Reported,Plausible range (±10-12%),26107.1821,Estimated,Plausible range (±10-12%),2.6022,Estimated,Plausible range (±10-12%),7.1777,Estimated,Plausible range (±10-12%),,Missing,Not available,,Missing,Not available,73.9675,Derived,Plausible range (±10-12%),,Missing,Not available,,Missing,Not available,13.1476
MKT-003_D009,MKT-003,Mumbai,Lower Parel,Retail,Premium,B,9,20260919,2026-09-19,269.6249,Reported,Plausible range (±10-12%),27621.7649,Estimated,Plausible range (±10-12%),5.5263,Estimated,Plausible range (±10-12%),7.1654,Estimated,Plausible range (±10-12%),,Missing,Not available,,Missing,Not available,76.9803,Derived,Plausible range (±10-12%),,Missing,Not available,,Missing,Not available,11.7136
MKT-003_D010,MKT-003,Mumbai,Lower Parel,Retail,Premium,B,10,20260919,2026-09-19,302.113,Reported,Plausible range (±10-12%),23981.6768,Estimated,Plausible range (±10-12%),4.3785,Estimated,Plausible range (±10-12%),5.0966,Estimated,Plausible range (±10-12%),,Missing,Not available,,Missing,Not available,66.1055,Derived,Plausible range (±10-12%),,Missing,Not available,,Missing,Not available,15.1172
MKT-003_D011,MKT-003,Mumbai,Lower Parel,Retail,Premium,B,11,20260919,2026-09-19,290.1394,Reported,Plausible range (±10-12%),31064.0385,Estimated,Plausible range (±10-12%),6.0928,Estimated,Plausible range (±10-12%),9.1225,Estimated,Plausible range (±10-12%),,Missing,Not available,,Missing,Not available,75.69,Derived,Plausible range (±10-12%),,Missing,Not available,,Missing,Not available,11.208
MKT-003_D012,MKT-003,Mumbai,Lower Parel,Retail,Premium,B,12,20260919,2026-09-19,338.044,Reported,Plausible range (±10-12%),38112.5629,Estimated,Plausible range (±10-12%),5.6192,Estimated,Plausible range (±10-12%),6.5573,Estimated,Plausible range (±10-12%),,Missing,Not available,,Missing,Not available,71.902,Derived,Plausible range (±10-12%),,Missing,Not available,,Missing,Not available,10.6435
MKT-003_D013,MKT-003,Mumbai,Lower Parel,Retail,Premium,B,13,20260919,2026-09-19,303.262,Reported,Plausible range (±10-12%),36250.3927,Estimated,Plausible range (±10-12%),6.9713,Estimated,Plausible range (±10-12%),7.1792,Estimated,Plausible range (±10-12%),,Missing,Not available,,Missing,Not available,75.5777,Derived,Plausible range (±10-12%),,Missing,Not available,,Missing,Not available,10.0389
MKT-003_D014,MKT-003,Mumbai,Lower Parel,Retail,Premium,B,14,20260919,2026-09-19,314.2705,Reported,Plausible range (±10-12%),33818.0714,Estimated,Plausible range (±10-12%),5.5657,Estimated,Plausible range (±10-12%),9.473,Estimated,Plausible range (±10-12%),,Missing,Not available,,Missing,Not available,66.6469,Derived,Plausible range (±10-12%),,Missing,Not available,,Missing,Not available,11.1516
MKT-003_D015,MKT-003,Mumbai,Lower Parel,Retail,Premium,B,15,20260919,2026-09-19,279.8999,Reported,Plausible range (±10-12%),32098.6873,Estimated,Plausible range (±10-12%),6.2777,Estimated,Plausible range (±10-12%),5.5133,Estimated,Plausible range (±10-12%),,Missing,Not available,,Missing,Not available,64.9636,Derived,Plausible range (±10-12%),,Missing,Not available,,Missing,Not available,10.464
MKT-003_D016,MKT-003,Mumbai,Lower Parel,Retail,Premium,B,16,20260919,2026-09-19,240.2487,Reported,Plausible range (±10-12%),31031.6948,Estimated,Plausible range (±10-12%),7.1361,Estimated,Plausible range (±10-12%),5.7989,Estimated,Plausible range (±10-12%),,Missing,Not available,,Missing,Not available,69.5863,Derived,Plausible range (±10-12%),,Missing,Not available,,Missing,Not available,9.2905
MKT-003_D017,MKT-003,Mumbai,Lower Parel,Retail,Premium,B,17,20260919,2026-09-19,244.6177,Reported,Plausible range (±10-12%),35581.1157,Estimated,Plausible range (±10-12%),6.9596,Estimated,Plausible range (±10-12%),7.3835,Estimated,Plausible range (±10-12%),,Missing,Not available,,Missing,Not available,70.9646,Derived,Plausible range (±10-12%),,Missing,Not available,,Missing,Not available,8.2499
MKT-003_D018,MKT-003,Mumbai,Lower Parel,Retail,Premium,B,18,20260919,2026-09-19,334.1505,Reported,Plausible range (±10-12%),27255.5467,Estimated,Plausible range (±10-12%),6.2873,Estimated,Plausible range (±10-12%),5.4528,Estimated,Plausible range (±10-12%),,Missing,Not available,,Missing,Not available,66.4946,Derived,Plausible range (±10-12%),,Missing,Not available,,Missing,Not available,14.7119
MKT-003_D019,MKT-003,Mumbai,Lower Parel,Retail,Premium,B,19,20260919,2026-09-19,241.5466,Reported,Plausible range (±10-12%),20492.7974,Estimated,Plausible range (±10-12%),5.7567,Estimated,Plausible range (±10-12%),8.5351,Estimated,Plausible range (±10-12%),,Missing,Not available,,Missing,Not available,71.174,Derived,Plausible range (±10-12%),,Missing,Not available,,Missing,Not available,14.1443
MKT-003_D020,MKT-003,Mumbai,Lower Parel,Retail,Premium,B,20,20260919,2026-09-19,290.3709,Reported,Plausible range (±10-12%),41584.7289,Estimated,Plausible range (±10-12%),7.3553,Estimated,Plausible range (±10-12%),5.2989,Estimated,Plausible range (±10-12%),,Missing,Not available,,Missing,Not available,76.4607,Derived,Plausible range (±10-12%),,Missing,Not available,,Missing,Not available,8.3792
MKT-003_D021,MKT-003,Mumbai,Lower Parel,Retail,Premium,B,21,20260919,2026-09-19,289.8378,Reported,Plausible range (±10-12%),25151.4643,Estimated,Plausible range (±10-12%),6.7933,Estimated,Plausible range (±10-12%),6.0194,Estimated,Plausible range (±10-12%),,Missing,Not available,,Missing,Not available,77.5074,Derived,Plausible range (±10-12%),,Missing,Not available,,Missing,Not available,13.8284
MKT-003_D022,MKT-003,Mumbai,Lower Parel,Retail,Premium,B,22,20260919,2026-09-19,299.3838,Reported,Plausible range (±10-12%),31269.3531,Estimated,Plausible range (±10-12%),3.0143,Estimated,Plausible range (±10-12%),5.4769,Estimated,Plausible range (±10-12%),,Missing,Not available,,Missing,Not available,65.4938,Derived,Plausible range (±10-12%),,Missing,Not available,,Missing,Not available,11.4892
MKT-003_D023,MKT-003,Mumbai,Lower Parel,Retail,Premium,B,23,20260919,2026-09-19,280.9961,Reported,Plausible range (±10-12%),26808.6525,Estimated,Plausible range (±10-12%),7.2345,Estimated,Plausible range (±10-12%),6.5346,Estimated,Plausible range (±10-12%),,Missing,Not available,,Missing,Not available,75.5231,Derived,Plausible range (±10-12%),,Missing,Not available,,Missing,Not available,12.5779
MKT-003_D024,MKT-003,Mumbai,Lower Parel,Retail,Premium,B,24,20260919,2026-09-19,258.4419,Reported,Plausible range (±10-12%),29496.9135,Estimated,Plausible range (±10-12%),6.9326,Estimated,Plausible range (±10-12%),5.7703,Estimated,Plausible range (±10-12%),,Missing,Not available,,Missing,Not available,68.9215,Derived,Plausible range (±10-12%),,Missing,Not available,,Missing,Not available,10.514
MKT-003_D025,MKT-003,Mumbai,Lower Parel,Retail,Premium,B,25,20260919,2026-09-19,288.071,Reported,Plausible range (±10-12%),33618.1533,Estimated,Plausible range (±10-12%),7.3424,Estimated,Plausible range (±10-12%),6.4679,Estimated,Plausible range (±10-12%),,Missing,Not available,,Missing,Not available,66.9157,Derived,Plausible range (±10-12%),,Missing,Not available,,Missing,Not available,10.2827
MKT-003_D026,MKT-003,Mumbai,Lower Parel,Retail,Premium,B,26,20260919,2026-09-19,306.7081,Reported,Plausible range (±10-12%),29302.9429,Estimated,Plausible range (±10-12%),5.7308,Estimated,Plausible range (±10-12%),8.6221,Estimated,Plausible range (±10-12%),,Missing,Not available,,Missing,Not available,65.4285,Derived,Plausible range (±10-12%),,Missing,Not available,,Missing,Not available,12.5602
MKT-003_D027,MKT-003,Mumbai,Lower Parel,Retail,Premium,B,27,20260919,2026-09-19,242.8875,Reported,Plausible range (±10-12%),38766.5947,Estimated,Plausible range (±10-12%),7.5204,Estimated,Plausible range (±10-12%),4.353,Estimated,Plausible range (±10-12%),,Missing,Not available,,Missing,Not available,71.2558,Derived,Plausible range (±10-12%),,Missing,Not available,,Missing,Not available,7.5185
MKT-003_D028,MKT-003,Mumbai,Lower Parel,Retail,Premium,B,28,20260919,2026-09-19,276.8905,Reported,Plausible range (±10-12%),27138.0803,Estimated,Plausible range (±10-12%),5.2922,Estimated,Plausible range (±10-12%),5.43,Estimated,Plausible range (±10-12%),,Missing,Not available,,Missing,Not available,73.8142,Derived,Plausible range (±10-12%),,Missing,Not available,,Missing,Not available,12.2436
MKT-003_D029,MKT-003,Mumbai,Lower Parel,Retail,Premium,B,29,20260919,2026-09-19,231.5096,Reported,Plausible range (±10-12%),40949.5599,Estimated,Plausible range (±10-12%),5.9666,Estimated,Plausible range (±10-12%),7.5984,Estimated,Plausible range (±10-12%),,Missing,Not available,,Missing,Not available,63.1255,Derived,Plausible range (±10-12%),,Missing,Not available,,Missing,Not available,6.7842
MKT-003_D030,MKT-003,Mumbai,Lower Parel,Retail,Premium,B,30,20260919,2026-09-19,251.6734,Reported,Plausible range (±10-12%),23621.2718,Estimated,Plausible range (±10-12%),6.1088,Estimated,Plausible range (±10-12%),9.0301,Estimated,Plausible range (±10-12%),,Missing,Not available,,Missing,Not available,75.049,Derived,Plausible range (±10-12%),,Missing,Not available,,Missing,Not available,12.7854
MKT-003_D031,MKT-003,Mumbai,Lower Parel,Retail,Premium,B,31,20260919,2026-09-19,337.4217,Reported,Plausible range (±10-12%),33306.5395,Estimated,Plausible range (±10-12%),4.6053,Estimated,Plausible range (±10-12%),5.2909,Estimated,Plausible range (±10-12%),,Missing,Not available,,Missing,Not available,69.3987,Derived,Plausible range (±10-12%),,Missing,Not available,,Missing,Not available,12.157
MKT-003_D032,MKT-003,Mumbai,Lower Parel,Retail,Premium,B,32,20260919,2026-09-19,286.6158,Reported,Plausible range (±10-12%),27664.8143,Estimated,Plausible range (±10-12%),5.38,Estimated,Plausible range (±10-12%),6.1985,Estimated,Plausible range (±10-12%),,Missing,Not available,,Missing,Not available,71.175,Derived,Plausible range (±10-12%),,Missing,Not available,,Missing,Not available,12.4324
MKT-003_D033,MKT-003,Mumbai,Lower Parel,Retail,Premium,B,33,20260919,2026-09-19,229.453,Reported,Plausible range (±10-12%),32488.7724,Estimated,Plausible range (±10-12%),5.199,Estimated,Plausible range (±10-12%),7.5701,Estimated,Plausible range (±10-12%),,Missing,Not available,,Missing,Not available,70.0193,Derived,Plausible range (±10-12%),,Missing,Not available,,Missing,Not available,8.475
MKT-003_D034,MKT-003,Mumbai,Lower Parel,Retail,Premium,B,34,20260919,2026-09-19,261.7673,Reported,Plausible range (±10-12%),38463.5119,Estimated,Plausible range (±10-12%),5.3482,Estimated,Plausible range (±10-12%),6.0073,Estimated,Plausible range (±10-12%),,Missing,Not available,,Missing,Not available,74.0551,Derived,Plausible range (±10-12%),,Missing,Not available,,Missing,Not available,8.1667
MKT-003_D035,MKT-003,Mumbai,Lower Parel,Retail,Premium,B,35,20260919,2026-09-19,323.7187,Reported,Plausible range (±10-12%),41794.1265,Estimated,Plausible range (±10-12%),6.0036,Estimated,Plausible range (±10-12%),7.0013,Estimated,Plausible range (±10-12%),,Missing,Not available,,Missing,Not available,69.7733,Derived,Plausible range (±10-12%),,Missing,Not available,,Missing,Not available,9.2947
MKT-003_D036,MKT-003,Mumbai,Lower Parel,Retail,Premium,B,36,20260919,2026-09-19,283.683,Reported,Plausible range (±10-12%),35800.7403,Estimated,Plausible range (±10-12%),5.0679,Estimated,Plausible range (±10-12%),7.9694,Estimated,Plausible range (±10-12%),,Missing,Not available,,Missing,Not available,65.4695,Derived,Plausible range (±10-12%),,Missing,Not available,,Missing,Not available,9.5087
MKT-003_D037,MKT-003,Mumbai,Lower Parel,Retail,Premium,B,37,20260919,2026-09-19,308.2668,Reported,Plausible range (±10-12%),30524.6932,Estimated,Plausible range (±10-12%),7.1424,Estimated,Plausible range (±10-12%),6.0626,Estimated,Plausible range (±10-12%),,Missing,Not available,,Missing,Not available,70.0975,Derived,Plausible range (±10-12%),,Missing,Not available,,Missing,Not available,12.1187
MKT-003_D038,MKT-003,Mumbai,Lower Parel,Retail,Premium,B,38,20260919,2026-09-19,320.579,Reported,Plausible range (±10-12%),32954.0312,Estimated,Plausible range (±10-12%),6.3367,Estimated,Plausible range (±10-12%),5.8827,Estimated,Plausible range (±10-12%),,Missing,Not available,,Missing,Not available,71.8534,Derived,Plausible range (±10-12%),,Missing,Not available,,Missing,Not available,11.6737
MKT-003_D039,MKT-003,Mumbai,Lower Parel,Retail,Premium,B,39,20260919,2026-09-19,274.9585,Reported,Plausible range (±10-12%),36726.4984,Estimated,Plausible range (±10-12%),3.0694,Estimated,Plausible range (±10-12%),6.3945,Estimated,Plausible range (±10-12%),,Missing,Not available,,Missing,Not available,79.898,Derived,Plausible range (±10-12%),,Missing,Not available,,Missing,Not available,8.984
MKT-003_D040,MKT-003,Mumbai,Lower Parel,Retail,Premium,B,40,20260919,2026-09-19,318.1703,Reported,Plausible range (±10-12%),28610.2105,Estimated,Plausible range (±10-12%),6.9364,Estimated,Plausible range (±10-12%),7.2466,Estimated,Plausible range (±10-12%),,Missing,Not available,,Missing,Not available,67.2397,Derived,Plausible range (±10-12%),,Missing,Not available,,Missing,Not available,13.345
MKT-004_D001,MKT-004,Pune,Hinjewadi Phase 1,Commercial Office,Established,B,1,20260919,2026-09-19,68.8281,Reported,Plausible range (±10-12%),6733.5597,Estimated,Plausible range (±10-12%),6.6899,Estimated,Plausible range (±10-12%),8.4196,Estimated,Plausible range (±10-12%),,Missing,Not available,,Missing,Not available,72.5792,Derived,Plausible range (±10-12%),,Missing,Not available,,Missing,Not available,12.266
MKT-004_D002,MKT-004,Pune,Hinjewadi Phase 1,Commercial Office,Established,B,2,20260919,2026-09-19,68.2417,Reported,Plausible range (±10-12%),9720.9327,Estimated,Plausible range (±10-12%),4.9905,Estimated,Plausible range (±10-12%),8.6522,Estimated,Plausible range (±10-12%),,Missing,Not available,,Missing,Not available,72.0606,Derived,Plausible range (±10-12%),,Missing,Not available,,Missing,Not available,8.4241
MKT-004_D003,MKT-004,Pune,Hinjewadi Phase 1,Commercial Office,Established,B,3,20260919,2026-09-19,63.2903,Reported,Plausible range (±10-12%),8241.6886,Estimated,Plausible range (±10-12%),7.3996,Estimated,Plausible range (±10-12%),8.8276,Estimated,Plausible range (±10-12%),,Missing,Not available,,Missing,Not available,69.6354,Derived,Plausible range (±10-12%),,Missing,Not available,,Missing,Not available,9.2151
MKT-004_D004,MKT-004,Pune,Hinjewadi Phase 1,Commercial Office,Established,B,4,20260919,2026-09-19,68.3501,Reported,Plausible range (±10-12%),6939.158,Estimated,Plausible range (±10-12%),8.0206,Estimated,Plausible range (±10-12%),4.7128,Estimated,Plausible range (±10-12%),,Missing,Not available,,Missing,Not available,74.4998,Derived,Plausible range (±10-12%),,Missing,Not available,,Missing,Not available,11.8199
MKT-004_D005,MKT-004,Pune,Hinjewadi Phase 1,Commercial Office,Established,B,5,20260919,2026-09-19,63.0514,Reported,Plausible range (±10-12%),9969.1192,Estimated,Plausible range (±10-12%),6.5059,Estimated,Plausible range (±10-12%),5.9786,Estimated,Plausible range (±10-12%),,Missing,Not available,,Missing,Not available,67.8678,Derived,Plausible range (±10-12%),,Missing,Not available,,Missing,Not available,7.5896
MKT-004_D006,MKT-004,Pune,Hinjewadi Phase 1,Commercial Office,Established,B,6,20260919,2026-09-19,67.3219,Reported,Plausible range (±10-12%),9680.4031,Estimated,Plausible range (±10-12%),3.8291,Estimated,Plausible range (±10-12%),7.0641,Estimated,Plausible range (±10-12%),,Missing,Not available,,Missing,Not available,69.9582,Derived,Plausible range (±10-12%),,Missing,Not available,,Missing,Not available,8.3453
MKT-004_D007,MKT-004,Pune,Hinjewadi Phase 1,Commercial Office,Established,B,7,20260919,2026-09-19,65.9229,Reported,Plausible range (±10-12%),9086.1176,Estimated,Plausible range (±10-12%),7.6335,Estimated,Plausible range (±10-12%),7.2995,Estimated,Plausible range (±10-12%),,Missing,Not available,,Missing,Not available,67.4763,Derived,Plausible range (±10-12%),,Missing,Not available,,Missing,Not available,8.7064
MKT-004_D008,MKT-004,Pune,Hinjewadi Phase 1,Commercial Office,Established,B,8,20260919,2026-09-19,74.4817,Reported,Plausible range (±10-12%),7683.5676,Estimated,Plausible range (±10-12%),4.2241,Estimated,Plausible range (±10-12%),7.2173,Estimated,Plausible range (±10-12%),,Missing,Not available,,Missing,Not available,70.2256,Derived,Plausible range (±10-12%),,Missing,Not available,,Missing,Not available,11.6324
MKT-004_D009,MKT-004,Pune,Hinjewadi Phase 1,Commercial Office,Established,B,9,20260919,2026-09-19,61.1872,Reported,Plausible range (±10-12%),9611.952,Estimated,Plausible range (±10-12%),7.534,Estimated,Plausible range (±10-12%),7.3287,Estimated,Plausible range (±10-12%),,Missing,Not available,,Missing,Not available,64.4686,Derived,Plausible range (±10-12%),,Missing,Not available,,Missing,Not available,7.6389
MKT-004_D010,MKT-004,Pune,Hinjewadi Phase 1,Commercial Office,Established,B,10,20260919,2026-09-19,64.9641,Reported,Plausible range (±10-12%),9036.0316,Estimated,Plausible range (±10-12%),6.6672,Estimated,Plausible range (±10-12%),6.9994,Estimated,Plausible range (±10-12%),,Missing,Not available,,Missing,Not available,59.1258,Derived,Plausible range (±10-12%),,Missing,Not available,,Missing,Not available,8.6273
MKT-004_D011,MKT-004,Pune,Hinjewadi Phase 1,Commercial Office,Established,B,11,20260919,2026-09-19,69.3003,Reported,Plausible range (±10-12%),7872.5645,Estimated,Plausible range (±10-12%),6.7689,Estimated,Plausible range (±10-12%),7.4548,Estimated,Plausible range (±10-12%),,Missing,Not available,,Missing,Not available,63.5292,Derived,Plausible range (±10-12%),,Missing,Not available,,Missing,Not available,10.5633
MKT-004_D012,MKT-004,Pune,Hinjewadi Phase 1,Commercial Office,Established,B,12,20260919,2026-09-19,67.5064,Reported,Plausible range (±10-12%),9408.3908,Estimated,Plausible range (±10-12%),5.3449,Estimated,Plausible range (±10-12%),6.8397,Estimated,Plausible range (±10-12%),,Missing,Not available,,Missing,Not available,65.2629,Derived,Plausible range (±10-12%),,Missing,Not available,,Missing,Not available,8.6102
MKT-004_D013,MKT-004,Pune,Hinjewadi Phase 1,Commercial Office,Established,B,13,20260919,2026-09-19,70.6632,Reported,Plausible range (±10-12%),9532.3438,Estimated,Plausible range (±10-12%),5.584,Estimated,Plausible range (±10-12%),6.6605,Estimated,Plausible range (±10-12%),,Missing,Not available,,Missing,Not available,71.3428,Derived,Plausible range (±10-12%),,Missing,Not available,,Missing,Not available,8.8956
MKT-004_D014,MKT-004,Pune,Hinjewadi Phase 1,Commercial Office,Established,B,14,20260919,2026-09-19,61.2269,Reported,Plausible range (±10-12%),6967.5411,Estimated,Plausible range (±10-12%),5.1277,Estimated,Plausible range (±10-12%),7.3479,Estimated,Plausible range (±10-12%),,Missing,Not available,,Missing,Not available,65.672,Derived,Plausible range (±10-12%),,Missing,Not available,,Missing,Not available,10.5449
MKT-004_D015,MKT-004,Pune,Hinjewadi Phase 1,Commercial Office,Established,B,15,20260919,2026-09-19,75.8027,Reported,Plausible range (±10-12%),10221.695,Estimated,Plausible range (±10-12%),8.2027,Estimated,Plausible range (±10-12%),5.316,Estimated,Plausible range (±10-12%),,Missing,Not available,,Missing,Not available,72.3498,Derived,Plausible range (±10-12%),,Missing,Not available,,Missing,Not available,8.899
MKT-004_D016,MKT-004,Pune,Hinjewadi Phase 1,Commercial Office,Established,B,16,20260919,2026-09-19,61.2577,Reported,Plausible range (±10-12%),9663.0769,Estimated,Plausible range (±10-12%),6.2221,Estimated,Plausible range (±10-12%),4.8338,Estimated,Plausible range (±10-12%),,Missing,Not available,,Missing,Not available,65.5471,Derived,Plausible range (±10-12%),,Missing,Not available,,Missing,Not available,7.6072
MKT-004_D017,MKT-004,Pune,Hinjewadi Phase 1,Commercial Office,Established,B,17,20260919,2026-09-19,66.1898,Reported,Plausible range (±10-12%),8020.4849,Estimated,Plausible range (±10-12%),5.8627,Estimated,Plausible range (±10-12%),7.2064,Estimated,Plausible range (±10-12%),,Missing,Not available,,Missing,Not available,62.8007,Derived,Plausible range (±10-12%),,Missing,Not available,,Missing,Not available,9.9031
MKT-004_D018,MKT-004,Pune,Hinjewadi Phase 1,Commercial Office,Established,B,18,20260919,2026-09-19,59.7053,Reported,Plausible range (±10-12%),9155.7147,Estimated,Plausible range (±10-12%),7.29,Estimated,Plausible range (±10-12%),9.8051,Estimated,Plausible range (±10-12%),,Missing,Not available,,Missing,Not available,63.6908,Derived,Plausible range (±10-12%),,Missing,Not available,,Missing,Not available,7.8253
MKT-004_D019,MKT-004,Pune,Hinjewadi Phase 1,Commercial Office,Established,B,19,20260919,2026-09-19,65.4678,Reported,Plausible range (±10-12%),8794.3796,Estimated,Plausible range (±10-12%),4.4174,Estimated,Plausible range (±10-12%),8.2801,Estimated,Plausible range (±10-12%),,Missing,Not available,,Missing,Not available,68.233,Derived,Plausible range (±10-12%),,Missing,Not available,,Missing,Not available,8.9331
MKT-004_D020,MKT-004,Pune,Hinjewadi Phase 1,Commercial Office,Established,B,20,20260919,2026-09-19,67.546,Reported,Plausible range (±10-12%),9465.2825,Estimated,Plausible range (±10-12%),4.3913,Estimated,Plausible range (±10-12%),8.5928,Estimated,Plausible range (±10-12%),,Missing,Not available,,Missing,Not available,61.3996,Derived,Plausible range (±10-12%),,Missing,Not available,,Missing,Not available,8.5634
MKT-004_D021,MKT-004,Pune,Hinjewadi Phase 1,Commercial Office,Established,B,21,20260919,2026-09-19,63.5783,Reported,Plausible range (±10-12%),10094.7033,Estimated,Plausible range (±10-12%),8.3398,Estimated,Plausible range (±10-12%),10.7969,Estimated,Plausible range (±10-12%),,Missing,Not available,,Missing,Not available,66.5632,Derived,Plausible range (±10-12%),,Missing,Not available,,Missing,Not available,7.5578
MKT-004_D022,MKT-004,Pune,Hinjewadi Phase 1,Commercial Office,Established,B,22,20260919,2026-09-19,59.6464,Reported,Plausible range (±10-12%),9509.4134,Estimated,Plausible range (±10-12%),3.6452,Estimated,Plausible range (±10-12%),6.0773,Estimated,Plausible range (±10-12%),,Missing,Not available,,Missing,Not available,64.8635,Derived,Plausible range (±10-12%),,Missing,Not available,,Missing,Not available,7.5268
MKT-004_D023,MKT-004,Pune,Hinjewadi Phase 1,Commercial Office,Established,B,23,20260919,2026-09-19,55.5906,Reported,Plausible range (±10-12%),9459.4999,Estimated,Plausible range (±10-12%),5.146,Estimated,Plausible range (±10-12%),4.5891,Estimated,Plausible range (±10-12%),,Missing,Not available,,Missing,Not available,72.1465,Derived,Plausible range (±10-12%),,Missing,Not available,,Missing,Not available,7.052
MKT-004_D024,MKT-004,Pune,Hinjewadi Phase 1,Commercial Office,Established,B,24,20260919,2026-09-19,72.0462,Reported,Plausible range (±10-12%),8532.5483,Estimated,Plausible range (±10-12%),5.9221,Estimated,Plausible range (±10-12%),9.3194,Estimated,Plausible range (±10-12%),,Missing,Not available,,Missing,Not available,74.1221,Derived,Plausible range (±10-12%),,Missing,Not available,,Missing,Not available,10.1324
MKT-004_D025,MKT-004,Pune,Hinjewadi Phase 1,Commercial Office,Established,B,25,20260919,2026-09-19,66.1544,Reported,Plausible range (±10-12%),10075.9627,Estimated,Plausible range (±10-12%),6.9224,Estimated,Plausible range (±10-12%),7.0769,Estimated,Plausible range (±10-12%),,Missing,Not available,,Missing,Not available,72.3773,Derived,Plausible range (±10-12%),,Missing,Not available,,Missing,Not available,7.8787
MKT-004_D026,MKT-004,Pune,Hinjewadi Phase 1,Commercial Office,Established,B,26,20260919,2026-09-19,61.5934,Reported,Plausible range (±10-12%),9010.1168,Estimated,Plausible range (±10-12%),6.9535,Estimated,Plausible range (±10-12%),9.1127,Estimated,Plausible range (±10-12%),,Missing,Not available,,Missing,Not available,74.2264,Derived,Plausible range (±10-12%),,Missing,Not available,,Missing,Not available,8.2032
MKT-004_D027,MKT-004,Pune,Hinjewadi Phase 1,Commercial Office,Established,B,27,20260919,2026-09-19,64.6621,Reported,Plausible range (±10-12%),8817.2003,Estimated,Plausible range (±10-12%),5.817,Estimated,Plausible range (±10-12%),7.1388,Estimated,Plausible range (±10-12%),,Missing,Not available,,Missing,Not available,69.2235,Derived,Plausible range (±10-12%),,Missing,Not available,,Missing,Not available,8.8004
MKT-004_D028,MKT-004,Pune,Hinjewadi Phase 1,Commercial Office,Established,B,28,20260919,2026-09-19,60.0159,Reported,Plausible range (±10-12%),9324.387,Estimated,Plausible range (±10-12%),7.1074,Estimated,Plausible range (±10-12%),6.2851,Estimated,Plausible range (±10-12%),,Missing,Not available,,Missing,Not available,65.3934,Derived,Plausible range (±10-12%),,Missing,Not available,,Missing,Not available,7.7237
MKT-004_D029,MKT-004,Pune,Hinjewadi Phase 1,Commercial Office,Established,B,29,20260919,2026-09-19,58.0983,Reported,Plausible range (±10-12%),8262.3179,Estimated,Plausible range (±10-12%),5.2664,Estimated,Plausible range (±10-12%),7.5745,Estimated,Plausible range (±10-12%),,Missing,Not available,,Missing,Not available,67.4148,Derived,Plausible range (±10-12%),,Missing,Not available,,Missing,Not available,8.4381
MKT-004_D030,MKT-004,Pune,Hinjewadi Phase 1,Commercial Office,Established,B,30,20260919,2026-09-19,66.4198,Reported,Plausible range (±10-12%),8736.7044,Estimated,Plausible range (±10-12%),7.3309,Estimated,Plausible range (±10-12%),9.0587,Estimated,Plausible range (±10-12%),,Missing,Not available,,Missing,Not available,63.7462,Derived,Plausible range (±10-12%),,Missing,Not available,,Missing,Not available,9.1229
MKT-004_D031,MKT-004,Pune,Hinjewadi Phase 1,Commercial Office,Established,B,31,20260919,2026-09-19,75.8263,Reported,Plausible range (±10-12%),7932.8467,Estimated,Plausible range (±10-12%),7.2492,Estimated,Plausible range (±10-12%),8.5338,Estimated,Plausible range (±10-12%),,Missing,Not available,,Missing,Not available,70.2361,Derived,Plausible range (±10-12%),,Missing,Not available,,Missing,Not available,11.4702
MKT-004_D032,MKT-004,Pune,Hinjewadi Phase 1,Commercial Office,Established,B,32,20260919,2026-09-19,61.3747,Reported,Plausible range (±10-12%),10641.8708,Estimated,Plausible range (±10-12%),4.0907,Estimated,Plausible range (±10-12%),9.2657,Estimated,Plausible range (±10-12%),,Missing,Not available,,Missing,Not available,58.4064,Derived,Plausible range (±10-12%),,Missing,Not available,,Missing,Not available,6.9207
MKT-004_D033,MKT-004,Pune,Hinjewadi Phase 1,Commercial Office,Established,B,33,20260919,2026-09-19,65.4668,Reported,Plausible range (±10-12%),9515.3767,Estimated,Plausible range (±10-12%),4.7388,Estimated,Plausible range (±10-12%),6.6555,Estimated,Plausible range (±10-12%),,Missing,Not available,,Missing,Not available,69.5159,Derived,Plausible range (±10-12%),,Missing,Not available,,Missing,Not available,8.2561
MKT-004_D034,MKT-004,Pune,Hinjewadi Phase 1,Commercial Office,Established,B,34,20260919,2026-09-19,66.9668,Reported,Plausible range (±10-12%),8602.9429,Estimated,Plausible range (±10-12%),6.3352,Estimated,Plausible range (±10-12%),7.9657,Estimated,Plausible range (±10-12%),,Missing,Not available,,Missing,Not available,72.3018,Derived,Plausible range (±10-12%),,Missing,Not available,,Missing,Not available,9.341
MKT-004_D035,MKT-004,Pune,Hinjewadi Phase 1,Commercial Office,Established,B,35,20260919,2026-09-19,65.279,Reported,Plausible range (±10-12%),9390.5942,Estimated,Plausible range (±10-12%),4.7662,Estimated,Plausible range (±10-12%),7.762,Estimated,Plausible range (±10-12%),,Missing,Not available,,Missing,Not available,67.6586,Derived,Plausible range (±10-12%),,Missing,Not available,,Missing,Not available,8.3418
MKT-004_D036,MKT-004,Pune,Hinjewadi Phase 1,Commercial Office,Established,B,36,20260919,2026-09-19,61.4692,Reported,Plausible range (±10-12%),7025.2435,Estimated,Plausible range (±10-12%),4.3942,Estimated,Plausible range (±10-12%),8.8129,Estimated,Plausible range (±10-12%),,Missing,Not available,,Missing,Not available,71.9818,Derived,Plausible range (±10-12%),,Missing,Not available,,Missing,Not available,10.4997
MKT-004_D037,MKT-004,Pune,Hinjewadi Phase 1,Commercial Office,Established,B,37,20260919,2026-09-19,72.3777,Reported,Plausible range (±10-12%),7632.4754,Estimated,Plausible range (±10-12%),5.4131,Estimated,Plausible range (±10-12%),9.7697,Estimated,Plausible range (±10-12%),,Missing,Not available,,Missing,Not available,64.7461,Derived,Plausible range (±10-12%),,Missing,Not available,,Missing,Not available,11.3794
MKT-004_D038,MKT-004,Pune,Hinjewadi Phase 1,Commercial Office,Established,B,38,20260919,2026-09-19,70.8623,Reported,Plausible range (±10-12%),8486.1111,Estimated,Plausible range (±10-12%),6.4655,Estimated,Plausible range (±10-12%),9.6047,Estimated,Plausible range (±10-12%),,Missing,Not available,,Missing,Not available,64.1599,Derived,Plausible range (±10-12%),,Missing,Not available,,Missing,Not available,10.0205
MKT-004_D039,MKT-004,Pune,Hinjewadi Phase 1,Commercial Office,Established,B,39,20260919,2026-09-19,71.532,Reported,Plausible range (±10-12%),6992.6342,Estimated,Plausible range (±10-12%),6.0173,Estimated,Plausible range (±10-12%),5.3623,Estimated,Plausible range (±10-12%),,Missing,Not available,,Missing,Not available,67.4653,Derived,Plausible range (±10-12%),,Missing,Not available,,Missing,Not available,12.2755
MKT-004_D040,MKT-004,Pune,Hinjewadi Phase 1,Commercial Office,Established,B,40,20260919,2026-09-19,75.9387,Reported,Plausible range (±10-12%),6949.0911,Estimated,Plausible range (±10-12%),5.0053,Estimated,Plausible range (±10-12%),7.781,Estimated,Plausible range (±10-12%),,Missing,Not available,,Missing,Not available,69.6555,Derived,Plausible range (±10-12%),,Missing,Not available,,Missing,Not available,13.1134
MKT-005_D001,MKT-005,Pune,Kharadi,Commercial Office,Established,B,1,20260919,2026-09-19,60.2262,Reported,Plausible range (±10-12%),10027.7906,Estimated,Plausible range (±10-12%),6.0767,Estimated,Plausible range (±10-12%),6.9671,Estimated,Plausible range (±10-12%),,Missing,Not available,,Missing,Not available,68.2795,Derived,Plausible range (±10-12%),,Missing,Not available,,Missing,Not available,7.2071
MKT-005_D002,MKT-005,Pune,Kharadi,Commercial Office,Established,B,2,20260919,2026-09-19,68.8484,Reported,Plausible range (±10-12%),7834.7587,Estimated,Plausible range (±10-12%),5.3794,Estimated,Plausible range (±10-12%),8.7492,Estimated,Plausible range (±10-12%),,Missing,Not available,,Missing,Not available,66.0369,Derived,Plausible range (±10-12%),,Missing,Not available,,Missing,Not available,10.5451
MKT-005_D003,MKT-005,Pune,Kharadi,Commercial Office,Established,B,3,20260919,2026-09-19,56.2447,Reported,Plausible range (±10-12%),8992.3931,Estimated,Plausible range (±10-12%),5.1468,Estimated,Plausible range (±10-12%),6.2717,Estimated,Plausible range (±10-12%),,Missing,Not available,,Missing,Not available,69.4987,Derived,Plausible range (±10-12%),,Missing,Not available,,Missing,Not available,7.5056
MKT-005_D004,MKT-005,Pune,Kharadi,Commercial Office,Established,B,4,20260919,2026-09-19,61.2582,Reported,Plausible range (±10-12%),8212.112,Estimated,Plausible range (±10-12%),5.0104,Estimated,Plausible range (±10-12%),6.8048,Estimated,Plausible range (±10-12%),,Missing,Not available,,Missing,Not available,67.4675,Derived,Plausible range (±10-12%),,Missing,Not available,,Missing,Not available,8.9514
MKT-005_D005,MKT-005,Pune,Kharadi,Commercial Office,Established,B,5,20260919,2026-09-19,72.6835,Reported,Plausible range (±10-12%),8584.6009,Estimated,Plausible range (±10-12%),7.8991,Estimated,Plausible range (±10-12%),6.1865,Estimated,Plausible range (±10-12%),,Missing,Not available,,Missing,Not available,60.0272,Derived,Plausible range (±10-12%),,Missing,Not available,,Missing,Not available,10.1601
MKT-005_D006,MKT-005,Pune,Kharadi,Commercial Office,Established,B,6,20260919,2026-09-19,59.6909,Reported,Plausible range (±10-12%),9796.0481,Estimated,Plausible range (±10-12%),6.1447,Estimated,Plausible range (±10-12%),7.2417,Estimated,Plausible range (±10-12%),,Missing,Not available,,Missing,Not available,58.5915,Derived,Plausible range (±10-12%),,Missing,Not available,,Missing,Not available,7.312
MKT-005_D007,MKT-005,Pune,Kharadi,Commercial Office,Established,B,7,20260919,2026-09-19,70.6376,Reported,Plausible range (±10-12%),9553.3204,Estimated,Plausible range (±10-12%),6.3225,Estimated,Plausible range (±10-12%),8.1023,Estimated,Plausible range (±10-12%),,Missing,Not available,,Missing,Not available,74.3253,Derived,Plausible range (±10-12%),,Missing,Not available,,Missing,Not available,8.8728
MKT-005_D008,MKT-005,Pune,Kharadi,Commercial Office,Established,B,8,20260919,2026-09-19,69.9337,Reported,Plausible range (±10-12%),9419.9869,Estimated,Plausible range (±10-12%),8.2778,Estimated,Plausible range (±10-12%),9.4459,Estimated,Plausible range (±10-12%),,Missing,Not available,,Missing,Not available,60.8847,Derived,Plausible range (±10-12%),,Missing,Not available,,Missing,Not available,8.9088
MKT-005_D009,MKT-005,Pune,Kharadi,Commercial Office,Established,B,9,20260919,2026-09-19,63.5025,Reported,Plausible range (±10-12%),9448.7453,Estimated,Plausible range (±10-12%),3.9902,Estimated,Plausible range (±10-12%),7.7717,Estimated,Plausible range (±10-12%),,Missing,Not available,,Missing,Not available,62.2177,Derived,Plausible range (±10-12%),,Missing,Not available,,Missing,Not available,8.0649
MKT-005_D010,MKT-005,Pune,Kharadi,Commercial Office,Established,B,10,20260919,2026-09-19,63.8913,Reported,Plausible range (±10-12%),7902.3093,Estimated,Plausible range (±10-12%),8.0761,Estimated,Plausible range (±10-12%),7.739,Estimated,Plausible range (±10-12%),,Missing,Not available,,Missing,Not available,66.8626,Derived,Plausible range (±10-12%),,Missing,Not available,,Missing,Not available,9.7022
MKT-005_D011,MKT-005,Pune,Kharadi,Commercial Office,Established,B,11,20260919,2026-09-19,72.5779,Reported,Plausible range (±10-12%),8058.3614,Estimated,Plausible range (±10-12%),5.3745,Estimated,Plausible range (±10-12%),6.2991,Estimated,Plausible range (±10-12%),,Missing,Not available,,Missing,Not available,64.7975,Derived,Plausible range (±10-12%),,Missing,Not available,,Missing,Not available,10.8078
MKT-005_D012,MKT-005,Pune,Kharadi,Commercial Office,Established,B,12,20260919,2026-09-19,62.1679,Reported,Plausible range (±10-12%),9796.7664,Estimated,Plausible range (±10-12%),4.1525,Estimated,Plausible range (±10-12%),8.1798,Estimated,Plausible range (±10-12%),,Missing,Not available,,Missing,Not available,69.651,Derived,Plausible range (±10-12%),,Missing,Not available,,Missing,Not available,7.6149
MKT-005_D013,MKT-005,Pune,Kharadi,Commercial Office,Established,B,13,20260919,2026-09-19,72.8022,Reported,Plausible range (±10-12%),7211.1541,Estimated,Plausible range (±10-12%),5.168,Estimated,Plausible range (±10-12%),6.6577,Estimated,Plausible range (±10-12%),,Missing,Not available,,Missing,Not available,65.2525,Derived,Plausible range (±10-12%),,Missing,Not available,,Missing,Not available,12.1149
MKT-005_D014,MKT-005,Pune,Kharadi,Commercial Office,Established,B,14,20260919,2026-09-19,73.6376,Reported,Plausible range (±10-12%),8477.3301,Estimated,Plausible range (±10-12%),5.7294,Estimated,Plausible range (±10-12%),10.3093,Estimated,Plausible range (±10-12%),,Missing,Not available,,Missing,Not available,69.8537,Derived,Plausible range (±10-12%),,Missing,Not available,,Missing,Not available,10.4237
MKT-005_D015,MKT-005,Pune,Kharadi,Commercial Office,Established,B,15,20260919,2026-09-19,68.3372,Reported,Plausible range (±10-12%),9755.4798,Estimated,Plausible range (±10-12%),5.2377,Estimated,Plausible range (±10-12%),6.0858,Estimated,Plausible range (±10-12%),,Missing,Not available,,Missing,Not available,69.6875,Derived,Plausible range (±10-12%),,Missing,Not available,,Missing,Not available,8.406
MKT-005_D016,MKT-005,Pune,Kharadi,Commercial Office,Established,B,16,20260919,2026-09-19,62.025,Reported,Plausible range (±10-12%),9824.4917,Estimated,Plausible range (±10-12%),5.6044,Estimated,Plausible range (±10-12%),5.9879,Estimated,Plausible range (±10-12%),,Missing,Not available,,Missing,Not available,69.2242,Derived,Plausible range (±10-12%),,Missing,Not available,,Missing,Not available,7.576
MKT-005_D017,MKT-005,Pune,Kharadi,Commercial Office,Established,B,17,20260919,2026-09-19,63.8236,Reported,Plausible range (±10-12%),8992.0206,Estimated,Plausible range (±10-12%),3.9099,Estimated,Plausible range (±10-12%),8.6233,Estimated,Plausible range (±10-12%),,Missing,Not available,,Missing,Not available,64.5114,Derived,Plausible range (±10-12%),,Missing,Not available,,Missing,Not available,8.5174
MKT-005_D018,MKT-005,Pune,Kharadi,Commercial Office,Established,B,18,20260919,2026-09-19,72.3888,Reported,Plausible range (±10-12%),6881.3664,Estimated,Plausible range (±10-12%),8.3879,Estimated,Plausible range (±10-12%),5.8743,Estimated,Plausible range (±10-12%),,Missing,Not available,,Missing,Not available,74.52,Derived,Plausible range (±10-12%),,Missing,Not available,,Missing,Not available,12.6234
MKT-005_D019,MKT-005,Pune,Kharadi,Commercial Office,Established,B,19,20260919,2026-09-19,70.1727,Reported,Plausible range (±10-12%),9306.8586,Estimated,Plausible range (±10-12%),5.5726,Estimated,Plausible range (±10-12%),7.8575,Estimated,Plausible range (±10-12%),,Missing,Not available,,Missing,Not available,67.9485,Derived,Plausible range (±10-12%),,Missing,Not available,,Missing,Not available,9.0479
MKT-005_D020,MKT-005,Pune,Kharadi,Commercial Office,Established,B,20,20260919,2026-09-19,63.1821,Reported,Plausible range (±10-12%),7728.397,Estimated,Plausible range (±10-12%),5.3652,Estimated,Plausible range (±10-12%),5.978,Estimated,Plausible range (±10-12%),,Missing,Not available,,Missing,Not available,65.0209,Derived,Plausible range (±10-12%),,Missing,Not available,,Missing,Not available,9.8104
MKT-005_D021,MKT-005,Pune,Kharadi,Commercial Office,Established,B,21,20260919,2026-09-19,60.0121,Reported,Plausible range (±10-12%),7740.0005,Estimated,Plausible range (±10-12%),5.6457,Estimated,Plausible range (±10-12%),7.4874,Estimated,Plausible range (±10-12%),,Missing,Not available,,Missing,Not available,70.1266,Derived,Plausible range (±10-12%),,Missing,Not available,,Missing,Not available,9.3042
MKT-005_D022,MKT-005,Pune,Kharadi,Commercial Office,Established,B,22,20260919,2026-09-19,57.7314,Reported,Plausible range (±10-12%),11066.0019,Estimated,Plausible range (±10-12%),6.4987,Estimated,Plausible range (±10-12%),10.5912,Estimated,Plausible range (±10-12%),,Missing,Not available,,Missing,Not available,73.1711,Derived,Plausible range (±10-12%),,Missing,Not available,,Missing,Not available,6.2604
MKT-005_D023,MKT-005,Pune,Kharadi,Commercial Office,Established,B,23,20260919,2026-09-19,68.0469,Reported,Plausible range (±10-12%),7659.7598,Estimated,Plausible range (±10-12%),5.2094,Estimated,Plausible range (±10-12%),8.6625,Estimated,Plausible range (±10-12%),,Missing,Not available,,Missing,Not available,66.2652,Derived,Plausible range (±10-12%),,Missing,Not available,,Missing,Not available,10.6604
MKT-005_D024,MKT-005,Pune,Kharadi,Commercial Office,Established,B,24,20260919,2026-09-19,61.1309,Reported,Plausible range (±10-12%),7323.845,Estimated,Plausible range (±10-12%),6.8397,Estimated,Plausible range (±10-12%),6.2678,Estimated,Plausible range (±10-12%),,Missing,Not available,,Missing,Not available,63.9266,Derived,Plausible range (±10-12%),,Missing,Not available,,Missing,Not available,10.0162
MKT-005_D025,MKT-005,Pune,Kharadi,Commercial Office,Established,B,25,20260919,2026-09-19,69.9418,Reported,Plausible range (±10-12%),9641.1532,Estimated,Plausible range (±10-12%),6.5466,Estimated,Plausible range (±10-12%),7.0935,Estimated,Plausible range (±10-12%),,Missing,Not available,,Missing,Not available,68.2561,Derived,Plausible range (±10-12%),,Missing,Not available,,Missing,Not available,8.7054
MKT-005_D026,MKT-005,Pune,Kharadi,Commercial Office,Established,B,26,20260919,2026-09-19,70.955,Reported,Plausible range (±10-12%),8370.5174,Estimated,Plausible range (±10-12%),4.181,Estimated,Plausible range (±10-12%),7.1983,Estimated,Plausible range (±10-12%),,Missing,Not available,,Missing,Not available,68.5552,Derived,Plausible range (±10-12%),,Missing,Not available,,Missing,Not available,10.1721
MKT-005_D027,MKT-005,Pune,Kharadi,Commercial Office,Established,B,27,20260919,2026-09-19,64.4437,Reported,Plausible range (±10-12%),8088.3109,Estimated,Plausible range (±10-12%),8.551,Estimated,Plausible range (±10-12%),7.293,Estimated,Plausible range (±10-12%),,Missing,Not available,,Missing,Not available,74.7158,Derived,Plausible range (±10-12%),,Missing,Not available,,Missing,Not available,9.561
MKT-005_D028,MKT-005,Pune,Kharadi,Commercial Office,Established,B,28,20260919,2026-09-19,72.2817,Reported,Plausible range (±10-12%),9625.8583,Estimated,Plausible range (±10-12%),6.0142,Estimated,Plausible range (±10-12%),7.1869,Estimated,Plausible range (±10-12%),,Missing,Not available,,Missing,Not available,64.8145,Derived,Plausible range (±10-12%),,Missing,Not available,,Missing,Not available,9.0109
MKT-005_D029,MKT-005,Pune,Kharadi,Commercial Office,Established,B,29,20260919,2026-09-19,71.0833,Reported,Plausible range (±10-12%),6717.7026,Estimated,Plausible range (±10-12%),4.6594,Estimated,Plausible range (±10-12%),7.7118,Estimated,Plausible range (±10-12%),,Missing,Not available,,Missing,Not available,75.2849,Derived,Plausible range (±10-12%),,Missing,Not available,,Missing,Not available,12.6978
MKT-005_D030,MKT-005,Pune,Kharadi,Commercial Office,Established,B,30,20260919,2026-09-19,63.2609,Reported,Plausible range (±10-12%),6703.9446,Estimated,Plausible range (±10-12%),6.0059,Estimated,Plausible range (±10-12%),9.0007,Estimated,Plausible range (±10-12%),,Missing,Not available,,Missing,Not available,60.9383,Derived,Plausible range (±10-12%),,Missing,Not available,,Missing,Not available,11.3236
MKT-005_D031,MKT-005,Pune,Kharadi,Commercial Office,Established,B,31,20260919,2026-09-19,60.8802,Reported,Plausible range (±10-12%),9283.1723,Estimated,Plausible range (±10-12%),6.7684,Estimated,Plausible range (±10-12%),7.5912,Estimated,Plausible range (±10-12%),,Missing,Not available,,Missing,Not available,67.1681,Derived,Plausible range (±10-12%),,Missing,Not available,,Missing,Not available,7.8697
MKT-005_D032,MKT-005,Pune,Kharadi,Commercial Office,Established,B,32,20260919,2026-09-19,62.4356,Reported,Plausible range (±10-12%),8450.2882,Estimated,Plausible range (±10-12%),5.3674,Estimated,Plausible range (±10-12%),6.6165,Estimated,Plausible range (±10-12%),,Missing,Not available,,Missing,Not available,60.4574,Derived,Plausible range (±10-12%),,Missing,Not available,,Missing,Not available,8.8663
MKT-005_D033,MKT-005,Pune,Kharadi,Commercial Office,Established,B,33,20260919,2026-09-19,62.9018,Reported,Plausible range (±10-12%),7859.9105,Estimated,Plausible range (±10-12%),5.4684,Estimated,Plausible range (±10-12%),8.2032,Estimated,Plausible range (±10-12%),,Missing,Not available,,Missing,Not available,66.07,Derived,Plausible range (±10-12%),,Missing,Not available,,Missing,Not available,9.6034
MKT-005_D034,MKT-005,Pune,Kharadi,Commercial Office,Established,B,34,20260919,2026-09-19,71.3533,Reported,Plausible range (±10-12%),8250.8424,Estimated,Plausible range (±10-12%),6.69,Estimated,Plausible range (±10-12%),8.8191,Estimated,Plausible range (±10-12%),,Missing,Not available,,Missing,Not available,66.0816,Derived,Plausible range (±10-12%),,Missing,Not available,,Missing,Not available,10.3776
MKT-005_D035,MKT-005,Pune,Kharadi,Commercial Office,Established,B,35,20260919,2026-09-19,61.9989,Reported,Plausible range (±10-12%),9320.4051,Estimated,Plausible range (±10-12%),5.5059,Estimated,Plausible range (±10-12%),5.7472,Estimated,Plausible range (±10-12%),,Missing,Not available,,Missing,Not available,74.0222,Derived,Plausible range (±10-12%),,Missing,Not available,,Missing,Not available,7.9823
MKT-005_D036,MKT-005,Pune,Kharadi,Commercial Office,Established,B,36,20260919,2026-09-19,69.351,Reported,Plausible range (±10-12%),8059.953,Estimated,Plausible range (±10-12%),6.8775,Estimated,Plausible range (±10-12%),8.014,Estimated,Plausible range (±10-12%),,Missing,Not available,,Missing,Not available,69.2557,Derived,Plausible range (±10-12%),,Missing,Not available,,Missing,Not available,10.3253
MKT-005_D037,MKT-005,Pune,Kharadi,Commercial Office,Established,B,37,20260919,2026-09-19,61.5092,Reported,Plausible range (±10-12%),8253.9841,Estimated,Plausible range (±10-12%),3.8777,Estimated,Plausible range (±10-12%),5.6425,Estimated,Plausible range (±10-12%),,Missing,Not available,,Missing,Not available,66.3398,Derived,Plausible range (±10-12%),,Missing,Not available,,Missing,Not available,8.9425
MKT-005_D038,MKT-005,Pune,Kharadi,Commercial Office,Established,B,38,20260919,2026-09-19,69.7257,Reported,Plausible range (±10-12%),9102.1019,Estimated,Plausible range (±10-12%),5.5683,Estimated,Plausible range (±10-12%),6.3363,Estimated,Plausible range (±10-12%),,Missing,Not available,,Missing,Not available,60.3059,Derived,Plausible range (±10-12%),,Missing,Not available,,Missing,Not available,9.1925
MKT-005_D039,MKT-005,Pune,Kharadi,Commercial Office,Established,B,39,20260919,2026-09-19,74.9119,Reported,Plausible range (±10-12%),8593.2026,Estimated,Plausible range (±10-12%),8.0447,Estimated,Plausible range (±10-12%),8.4823,Estimated,Plausible range (±10-12%),,Missing,Not available,,Missing,Not available,73.1962,Derived,Plausible range (±10-12%),,Missing,Not available,,Missing,Not available,10.4611
MKT-005_D040,MKT-005,Pune,Kharadi,Commercial Office,Established,B,40,20260919,2026-09-19,63.8403,Reported,Plausible range (±10-12%),7285.3025,Estimated,Plausible range (±10-12%),6.0893,Estimated,Plausible range (±10-12%),6.1624,Estimated,Plausible range (±10-12%),,Missing,Not available,,Missing,Not available,65.5596,Derived,Plausible range (±10-12%),,Missing,Not available,,Missing,Not available,10.5155
MKT-006_D001,MKT-006,Pune,Wakad,Residential,Growth,D,1,20260919,2026-09-19,24.2866,Estimated,Estimation interval (±20-30%),5004.753,Estimated,Estimation interval (±20-30%),8.4655,Estimated,Estimation interval (±20-30%),8.728,Estimated,Estimation interval (±20-30%),,Missing,Not available,,Missing,Not available,63.2759,Derived,Estimation interval (±20-30%),,Missing,Not available,,Missing,Not available,5.8232
MKT-006_D002,MKT-006,Pune,Wakad,Residential,Growth,D,2,20260919,2026-09-19,27.3409,Estimated,Estimation interval (±20-30%),7638.0592,Estimated,Estimation interval (±20-30%),9.6937,Estimated,Estimation interval (±20-30%),10.5751,Estimated,Estimation interval (±20-30%),,Missing,Not available,,Missing,Not available,62.2598,Derived,Estimation interval (±20-30%),,Missing,Not available,,Missing,Not available,4.2955
MKT-006_D003,MKT-006,Pune,Wakad,Residential,Growth,D,3,20260919,2026-09-19,22.3225,Estimated,Estimation interval (±20-30%),7535.5713,Estimated,Estimation interval (±20-30%),9.1118,Estimated,Estimation interval (±20-30%),12.6639,Estimated,Estimation interval (±20-30%),,Missing,Not available,,Missing,Not available,57.8649,Derived,Estimation interval (±20-30%),,Missing,Not available,,Missing,Not available,3.5547
MKT-006_D004,MKT-006,Pune,Wakad,Residential,Growth,D,4,20260919,2026-09-19,25.4693,Estimated,Estimation interval (±20-30%),5974.1262,Estimated,Estimation interval (±20-30%),5.8253,Estimated,Estimation interval (±20-30%),11.0303,Estimated,Estimation interval (±20-30%),,Missing,Not available,,Missing,Not available,68.1225,Derived,Estimation interval (±20-30%),,Missing,Not available,,Missing,Not available,5.1159
MKT-006_D005,MKT-006,Pune,Wakad,Residential,Growth,D,5,20260919,2026-09-19,18.968,Estimated,Estimation interval (±20-30%),8028.6942,Estimated,Estimation interval (±20-30%),8.5734,Estimated,Estimation interval (±20-30%),14.8056,Estimated,Estimation interval (±20-30%),,Missing,Not available,,Missing,Not available,63.0568,Derived,Estimation interval (±20-30%),,Missing,Not available,,Missing,Not available,2.835
MKT-006_D006,MKT-006,Pune,Wakad,Residential,Growth,D,6,20260919,2026-09-19,24.3221,Estimated,Estimation interval (±20-30%),6835.3287,Estimated,Estimation interval (±20-30%),8.0949,Estimated,Estimation interval (±20-30%),10.1109,Estimated,Estimation interval (±20-30%),,Missing,Not available,,Missing,Not available,66.535,Derived,Estimation interval (±20-30%),,Missing,Not available,,Missing,Not available,4.27
MKT-006_D007,MKT-006,Pune,Wakad,Residential,Growth,D,7,20260919,2026-09-19,17.6197,Estimated,Estimation interval (±20-30%),5987.4899,Estimated,Estimation interval (±20-30%),6.3537,Estimated,Estimation interval (±20-30%),13.0982,Estimated,Estimation interval (±20-30%),,Missing,Not available,,Missing,Not available,73.0454,Derived,Estimation interval (±20-30%),,Missing,Not available,,Missing,Not available,3.5313
MKT-006_D008,MKT-006,Pune,Wakad,Residential,Growth,D,8,20260919,2026-09-19,21.6729,Estimated,Estimation interval (±20-30%),9047.7813,Estimated,Estimation interval (±20-30%),8.8148,Estimated,Estimation interval (±20-30%),9.0587,Estimated,Estimation interval (±20-30%),,Missing,Not available,,Missing,Not available,64.2722,Derived,Estimation interval (±20-30%),,Missing,Not available,,Missing,Not available,2.8745
MKT-006_D009,MKT-006,Pune,Wakad,Residential,Growth,D,9,20260919,2026-09-19,25.1174,Estimated,Estimation interval (±20-30%),8856.1322,Estimated,Estimation interval (±20-30%),7.0782,Estimated,Estimation interval (±20-30%),10.7318,Estimated,Estimation interval (±20-30%),,Missing,Not available,,Missing,Not available,59.5253,Derived,Estimation interval (±20-30%),,Missing,Not available,,Missing,Not available,3.4034
MKT-006_D010,MKT-006,Pune,Wakad,Residential,Growth,D,10,20260919,2026-09-19,24.3853,Estimated,Estimation interval (±20-30%),8581.6039,Estimated,Estimation interval (±20-30%),7.1161,Estimated,Estimation interval (±20-30%),10.4172,Estimated,Estimation interval (±20-30%),,Missing,Not available,,Missing,Not available,66.93,Derived,Estimation interval (±20-30%),,Missing,Not available,,Missing,Not available,3.4099
MKT-006_D011,MKT-006,Pune,Wakad,Residential,Growth,D,11,20260919,2026-09-19,22.1606,Estimated,Estimation interval (±20-30%),5754.0184,Estimated,Estimation interval (±20-30%),8.0866,Estimated,Estimation interval (±20-30%),9.0877,Estimated,Estimation interval (±20-30%),,Missing,Not available,,Missing,Not available,66.7658,Derived,Estimation interval (±20-30%),,Missing,Not available,,Missing,Not available,4.6216
MKT-006_D012,MKT-006,Pune,Wakad,Residential,Growth,D,12,20260919,2026-09-19,16.4058,Estimated,Estimation interval (±20-30%),6742.6692,Estimated,Estimation interval (±20-30%),6.9613,Estimated,Estimation interval (±20-30%),12.1965,Estimated,Estimation interval (±20-30%),,Missing,Not available,,Missing,Not available,66.4032,Derived,Estimation interval (±20-30%),,Missing,Not available,,Missing,Not available,2.9198
MKT-006_D013,MKT-006,Pune,Wakad,Residential,Growth,D,13,20260919,2026-09-19,19.494,Estimated,Estimation interval (±20-30%),5131.3964,Estimated,Estimation interval (±20-30%),6.1775,Estimated,Estimation interval (±20-30%),7.3901,Estimated,Estimation interval (±20-30%),,Missing,Not available,,Missing,Not available,65.5264,Derived,Estimation interval (±20-30%),,Missing,Not available,,Missing,Not available,4.5588
MKT-006_D014,MKT-006,Pune,Wakad,Residential,Growth,D,14,20260919,2026-09-19,23.2506,Estimated,Estimation interval (±20-30%),5737.9561,Estimated,Estimation interval (±20-30%),5.0914,Estimated,Estimation interval (±20-30%),11.3675,Estimated,Estimation interval (±20-30%),,Missing,Not available,,Missing,Not available,74.1103,Derived,Estimation interval (±20-30%),,Missing,Not available,,Missing,Not available,4.8625
MKT-006_D015,MKT-006,Pune,Wakad,Residential,Growth,D,15,20260919,2026-09-19,21.5309,Estimated,Estimation interval (±20-30%),8432.3136,Estimated,Estimation interval (±20-30%),6.1194,Estimated,Estimation interval (±20-30%),11.3757,Estimated,Estimation interval (±20-30%),,Missing,Not available,,Missing,Not available,62.5786,Derived,Estimation interval (±20-30%),,Missing,Not available,,Missing,Not available,3.0641
MKT-006_D016,MKT-006,Pune,Wakad,Residential,Growth,D,16,20260919,2026-09-19,24.875,Estimated,Estimation interval (±20-30%),5865.6407,Estimated,Estimation interval (±20-30%),5.5023,Estimated,Estimation interval (±20-30%),6.2991,Estimated,Estimation interval (±20-30%),,Missing,Not available,,Missing,Not available,74.6596,Derived,Estimation interval (±20-30%),,Missing,Not available,,Missing,Not available,5.089
MKT-006_D017,MKT-006,Pune,Wakad,Residential,Growth,D,17,20260919,2026-09-19,18.7171,Estimated,Estimation interval (±20-30%),7034.1807,Estimated,Estimation interval (±20-30%),7.1848,Estimated,Estimation interval (±20-30%),12.14,Estimated,Estimation interval (±20-30%),,Missing,Not available,,Missing,Not available,64.2389,Derived,Estimation interval (±20-30%),,Missing,Not available,,Missing,Not available,3.1931
MKT-006_D018,MKT-006,Pune,Wakad,Residential,Growth,D,18,20260919,2026-09-19,27.1314,Estimated,Estimation interval (±20-30%),5730.9601,Estimated,Estimation interval (±20-30%),4.53,Estimated,Estimation interval (±20-30%),12.1221,Estimated,Estimation interval (±20-30%),,Missing,Not available,,Missing,Not available,64.2176,Derived,Estimation interval (±20-30%),,Missing,Not available,,Missing,Not available,5.681
MKT-006_D019,MKT-006,Pune,Wakad,Residential,Growth,D,19,20260919,2026-09-19,22.6711,Estimated,Estimation interval (±20-30%),9136.173,Estimated,Estimation interval (±20-30%),7.7241,Estimated,Estimation interval (±20-30%),8.1432,Estimated,Estimation interval (±20-30%),,Missing,Not available,,Missing,Not available,71.921,Derived,Estimation interval (±20-30%),,Missing,Not available,,Missing,Not available,2.9778
MKT-006_D020,MKT-006,Pune,Wakad,Residential,Growth,D,20,20260919,2026-09-19,22.0079,Estimated,Estimation interval (±20-30%),9224.3082,Estimated,Estimation interval (±20-30%),5.1687,Estimated,Estimation interval (±20-30%),11.6315,Estimated,Estimation interval (±20-30%),,Missing,Not available,,Missing,Not available,70.6917,Derived,Estimation interval (±20-30%),,Missing,Not available,,Missing,Not available,2.863
MKT-006_D021,MKT-006,Pune,Wakad,Residential,Growth,D,21,20260919,2026-09-19,23.2484,Estimated,Estimation interval (±20-30%),7113.6118,Estimated,Estimation interval (±20-30%),6.9169,Estimated,Estimation interval (±20-30%),8.1504,Estimated,Estimation interval (±20-30%),,Missing,Not available,,Missing,Not available,57.8259,Derived,Estimation interval (±20-30%),,Missing,Not available,,Missing,Not available,3.9218
MKT-006_D022,MKT-006,Pune,Wakad,Residential,Growth,D,22,20260919,2026-09-19,23.5923,Estimated,Estimation interval (±20-30%),8414.3922,Estimated,Estimation interval (±20-30%),10.1444,Estimated,Estimation interval (±20-30%),10.1434,Estimated,Estimation interval (±20-30%),,Missing,Not available,,Missing,Not available,75.1809,Derived,Estimation interval (±20-30%),,Missing,Not available,,Missing,Not available,3.3646
MKT-006_D023,MKT-006,Pune,Wakad,Residential,Growth,D,23,20260919,2026-09-19,18.9871,Estimated,Estimation interval (±20-30%),8831.9444,Estimated,Estimation interval (±20-30%),5.216,Estimated,Estimation interval (±20-30%),7.4511,Estimated,Estimation interval (±20-30%),,Missing,Not available,,Missing,Not available,77.5692,Derived,Estimation interval (±20-30%),,Missing,Not available,,Missing,Not available,2.5798
MKT-006_D024,MKT-006,Pune,Wakad,Residential,Growth,D,24,20260919,2026-09-19,22.5399,Estimated,Estimation interval (±20-30%),5729.6941,Estimated,Estimation interval (±20-30%),10.6052,Estimated,Estimation interval (±20-30%),9.1002,Estimated,Estimation interval (±20-30%),,Missing,Not available,,Missing,Not available,59.8065,Derived,Estimation interval (±20-30%),,Missing,Not available,,Missing,Not available,4.7206
MKT-006_D025,MKT-006,Pune,Wakad,Residential,Growth,D,25,20260919,2026-09-19,20.0304,Estimated,Estimation interval (±20-30%),7046.1987,Estimated,Estimation interval (±20-30%),10.0474,Estimated,Estimation interval (±20-30%),8.4579,Estimated,Estimation interval (±20-30%),,Missing,Not available,,Missing,Not available,66.8799,Derived,Estimation interval (±20-30%),,Missing,Not available,,Missing,Not available,3.4113
MKT-006_D026,MKT-006,Pune,Wakad,Residential,Growth,D,26,20260919,2026-09-19,23.9542,Estimated,Estimation interval (±20-30%),7611.6458,Estimated,Estimation interval (±20-30%),6.4551,Estimated,Estimation interval (±20-30%),11.9096,Estimated,Estimation interval (±20-30%),,Missing,Not available,,Missing,Not available,66.8125,Derived,Estimation interval (±20-30%),,Missing,Not available,,Missing,Not available,3.7765
MKT-006_D027,MKT-006,Pune,Wakad,Residential,Growth,D,27,20260919,2026-09-19,26.6743,Estimated,Estimation interval (±20-30%),4623.2224,Estimated,Estimation interval (±20-30%),6.6225,Estimated,Estimation interval (±20-30%),10.5984,Estimated,Estimation interval (±20-30%),,Missing,Not available,,Missing,Not available,58.0869,Derived,Estimation interval (±20-30%),,Missing,Not available,,Missing,Not available,6.9236
MKT-006_D028,MKT-006,Pune,Wakad,Residential,Growth,D,28,20260919,2026-09-19,23.1834,Estimated,Estimation interval (±20-30%),8132.1903,Estimated,Estimation interval (±20-30%),7.3432,Estimated,Estimation interval (±20-30%),11.3263,Estimated,Estimation interval (±20-30%),,Missing,Not available,,Missing,Not available,71.8342,Derived,Estimation interval (±20-30%),,Missing,Not available,,Missing,Not available,3.421
MKT-006_D029,MKT-006,Pune,Wakad,Residential,Growth,D,29,20260919,2026-09-19,22.9944,Estimated,Estimation interval (±20-30%),4935.0779,Estimated,Estimation interval (±20-30%),7.0199,Estimated,Estimation interval (±20-30%),10.7818,Estimated,Estimation interval (±20-30%),,Missing,Not available,,Missing,Not available,69.183,Derived,Estimation interval (±20-30%),,Missing,Not available,,Missing,Not available,5.5913
MKT-006_D030,MKT-006,Pune,Wakad,Residential,Growth,D,30,20260919,2026-09-19,25.3041,Estimated,Estimation interval (±20-30%),6413.9117,Estimated,Estimation interval (±20-30%),10.1896,Estimated,Estimation interval (±20-30%),8.2511,Estimated,Estimation interval (±20-30%),,Missing,Not available,,Missing,Not available,55.6501,Derived,Estimation interval (±20-30%),,Missing,Not available,,Missing,Not available,4.7342
MKT-006_D031,MKT-006,Pune,Wakad,Residential,Growth,D,31,20260919,2026-09-19,20.1847,Estimated,Estimation interval (±20-30%),6640.9803,Estimated,Estimation interval (±20-30%),6.0728,Estimated,Estimation interval (±20-30%),12.2504,Estimated,Estimation interval (±20-30%),,Missing,Not available,,Missing,Not available,74.9667,Derived,Estimation interval (±20-30%),,Missing,Not available,,Missing,Not available,3.6473
MKT-006_D032,MKT-006,Pune,Wakad,Residential,Growth,D,32,20260919,2026-09-19,20.0963,Estimated,Estimation interval (±20-30%),6754.7894,Estimated,Estimation interval (±20-30%),9.9103,Estimated,Estimation interval (±20-30%),9.6863,Estimated,Estimation interval (±20-30%),,Missing,Not available,,Missing,Not available,65.7294,Derived,Estimation interval (±20-30%),,Missing,Not available,,Missing,Not available,3.5701
MKT-006_D033,MKT-006,Pune,Wakad,Residential,Growth,D,33,20260919,2026-09-19,24.3257,Estimated,Estimation interval (±20-30%),7002.9803,Estimated,Estimation interval (±20-30%),8.5776,Estimated,Estimation interval (±20-30%),12.3526,Estimated,Estimation interval (±20-30%),,Missing,Not available,,Missing,Not available,70.4682,Derived,Estimation interval (±20-30%),,Missing,Not available,,Missing,Not available,4.1683
MKT-006_D034,MKT-006,Pune,Wakad,Residential,Growth,D,34,20260919,2026-09-19,25.4911,Estimated,Estimation interval (±20-30%),6919.7097,Estimated,Estimation interval (±20-30%),9.8926,Estimated,Estimation interval (±20-30%),10.9443,Estimated,Estimation interval (±20-30%),,Missing,Not available,,Missing,Not available,66.6657,Derived,Estimation interval (±20-30%),,Missing,Not available,,Missing,Not available,4.4206
MKT-006_D035,MKT-006,Pune,Wakad,Residential,Growth,D,35,20260919,2026-09-19,17.6622,Estimated,Estimation interval (±20-30%),6269.0376,Estimated,Estimation interval (±20-30%),6.2046,Estimated,Estimation interval (±20-30%),12.4182,Estimated,Estimation interval (±20-30%),,Missing,Not available,,Missing,Not available,61.5643,Derived,Estimation interval (±20-30%),,Missing,Not available,,Missing,Not available,3.3808
MKT-006_D036,MKT-006,Pune,Wakad,Residential,Growth,D,36,20260919,2026-09-19,20.9718,Estimated,Estimation interval (±20-30%),8423.2279,Estimated,Estimation interval (±20-30%),6.5893,Estimated,Estimation interval (±20-30%),11.8633,Estimated,Estimation interval (±20-30%),,Missing,Not available,,Missing,Not available,61.7759,Derived,Estimation interval (±20-30%),,Missing,Not available,,Missing,Not available,2.9877
MKT-006_D037,MKT-006,Pune,Wakad,Residential,Growth,D,37,20260919,2026-09-19,24.8139,Estimated,Estimation interval (±20-30%),6821.5805,Estimated,Estimation interval (±20-30%),4.5537,Estimated,Estimation interval (±20-30%),10.7375,Estimated,Estimation interval (±20-30%),,Missing,Not available,,Missing,Not available,57.6046,Derived,Estimation interval (±20-30%),,Missing,Not available,,Missing,Not available,4.3651
MKT-006_D038,MKT-006,Pune,Wakad,Residential,Growth,D,38,20260919,2026-09-19,25.7806,Estimated,Estimation interval (±20-30%),5276.6057,Estimated,Estimation interval (±20-30%),8.3554,Estimated,Estimation interval (±20-30%),7.5161,Estimated,Estimation interval (±20-30%),,Missing,Not available,,Missing,Not available,56.9443,Derived,Estimation interval (±20-30%),,Missing,Not available,,Missing,Not available,5.863
MKT-006_D039,MKT-006,Pune,Wakad,Residential,Growth,D,39,20260919,2026-09-19,17.9782,Estimated,Estimation interval (±20-30%),7918.6086,Estimated,Estimation interval (±20-30%),8.0212,Estimated,Estimation interval (±20-30%),9.9838,Estimated,Estimation interval (±20-30%),,Missing,Not available,,Missing,Not available,55.4895,Derived,Estimation interval (±20-30%),,Missing,Not available,,Missing,Not available,2.7244
MKT-006_D040,MKT-006,Pune,Wakad,Residential,Growth,D,40,20260919,2026-09-19,19.418,Estimated,Estimation interval (±20-30%),5023.5134,Estimated,Estimation interval (±20-30%),6.4843,Estimated,Estimation interval (±20-30%),12.9508,Estimated,Estimation interval (±20-30%),,Missing,Not available,,Missing,Not available,66.8916,Derived,Estimation interval (±20-30%),,Missing,Not available,,Missing,Not available,4.6385
MKT-007_D001,MKT-007,Bengaluru,Whitefield,Commercial Office,Established,B,1,20260919,2026-09-19,93.4742,Reported,Plausible range (±10-12%),12628.1938,Estimated,Plausible range (±10-12%),6.1472,Estimated,Plausible range (±10-12%),6.3434,Estimated,Plausible range (±10-12%),,Missing,Not available,,Missing,Not available,64.3859,Derived,Plausible range (±10-12%),,Missing,Not available,,Missing,Not available,8.8824
MKT-007_D002,MKT-007,Bengaluru,Whitefield,Commercial Office,Established,B,2,20260919,2026-09-19,86.3686,Reported,Plausible range (±10-12%),10206.5256,Estimated,Plausible range (±10-12%),5.3461,Estimated,Plausible range (±10-12%),8.5634,Estimated,Plausible range (±10-12%),,Missing,Not available,,Missing,Not available,67.6298,Derived,Plausible range (±10-12%),,Missing,Not available,,Missing,Not available,10.1545
MKT-007_D003,MKT-007,Bengaluru,Whitefield,Commercial Office,Established,B,3,20260919,2026-09-19,89.2512,Reported,Plausible range (±10-12%),12378.1313,Estimated,Plausible range (±10-12%),4.2497,Estimated,Plausible range (±10-12%),10.2349,Estimated,Plausible range (±10-12%),,Missing,Not available,,Missing,Not available,61.9828,Derived,Plausible range (±10-12%),,Missing,Not available,,Missing,Not available,8.6525
MKT-007_D004,MKT-007,Bengaluru,Whitefield,Commercial Office,Established,B,4,20260919,2026-09-19,93.5413,Reported,Plausible range (±10-12%),10414.2812,Estimated,Plausible range (±10-12%),3.9676,Estimated,Plausible range (±10-12%),5.8592,Estimated,Plausible range (±10-12%),,Missing,Not available,,Missing,Not available,75.2414,Derived,Plausible range (±10-12%),,Missing,Not available,,Missing,Not available,10.7784
MKT-007_D005,MKT-007,Bengaluru,Whitefield,Commercial Office,Established,B,5,20260919,2026-09-19,88.437,Reported,Plausible range (±10-12%),12950.9179,Estimated,Plausible range (±10-12%),7.6311,Estimated,Plausible range (±10-12%),9.5488,Estimated,Plausible range (±10-12%),,Missing,Not available,,Missing,Not available,64.276,Derived,Plausible range (±10-12%),,Missing,Not available,,Missing,Not available,8.1944
MKT-007_D006,MKT-007,Bengaluru,Whitefield,Commercial Office,Established,B,6,20260919,2026-09-19,83.3689,Reported,Plausible range (±10-12%),10130.2583,Estimated,Plausible range (±10-12%),5.7918,Estimated,Plausible range (±10-12%),5.323,Estimated,Plausible range (±10-12%),,Missing,Not available,,Missing,Not available,67.9165,Derived,Plausible range (±10-12%),,Missing,Not available,,Missing,Not available,9.8756
MKT-007_D007,MKT-007,Bengaluru,Whitefield,Commercial Office,Established,B,7,20260919,2026-09-19,96.4332,Reported,Plausible range (±10-12%),13227.8388,Estimated,Plausible range (±10-12%),5.8193,Estimated,Plausible range (±10-12%),7.8317,Estimated,Plausible range (±10-12%),,Missing,Not available,,Missing,Not available,63.7916,Derived,Plausible range (±10-12%),,Missing,Not available,,Missing,Not available,8.7482
MKT-007_D008,MKT-007,Bengaluru,Whitefield,Commercial Office,Established,B,8,20260919,2026-09-19,99.0948,Reported,Plausible range (±10-12%),10636.7309,Estimated,Plausible range (±10-12%),7.6704,Estimated,Plausible range (±10-12%),8.4666,Estimated,Plausible range (±10-12%),,Missing,Not available,,Missing,Not available,68.5521,Derived,Plausible range (±10-12%),,Missing,Not available,,Missing,Not available,11.1795
MKT-007_D009,MKT-007,Bengaluru,Whitefield,Commercial Office,Established,B,9,20260919,2026-09-19,76.6921,Reported,Plausible range (±10-12%),8953.4145,Estimated,Plausible range (±10-12%),3.998,Estimated,Plausible range (±10-12%),10.1012,Estimated,Plausible range (±10-12%),,Missing,Not available,,Missing,Not available,65.0782,Derived,Plausible range (±10-12%),,Missing,Not available,,Missing,Not available,10.2788
MKT-007_D010,MKT-007,Bengaluru,Whitefield,Commercial Office,Established,B,10,20260919,2026-09-19,97.1826,Reported,Plausible range (±10-12%),14051.159,Estimated,Plausible range (±10-12%),5.4673,Estimated,Plausible range (±10-12%),7.127,Estimated,Plausible range (±10-12%),,Missing,Not available,,Missing,Not available,71.0884,Derived,Plausible range (±10-12%),,Missing,Not available,,Missing,Not available,8.2996
MKT-007_D011,MKT-007,Bengaluru,Whitefield,Commercial Office,Established,B,11,20260919,2026-09-19,96.0326,Reported,Plausible range (±10-12%),12641.601,Estimated,Plausible range (±10-12%),3.7157,Estimated,Plausible range (±10-12%),10.3455,Estimated,Plausible range (±10-12%),,Missing,Not available,,Missing,Not available,66.8999,Derived,Plausible range (±10-12%),,Missing,Not available,,Missing,Not available,9.1159
MKT-007_D012,MKT-007,Bengaluru,Whitefield,Commercial Office,Established,B,12,20260919,2026-09-19,104.8045,Reported,Plausible range (±10-12%),11070.1778,Estimated,Plausible range (±10-12%),7.5069,Estimated,Plausible range (±10-12%),7.8,Estimated,Plausible range (±10-12%),,Missing,Not available,,Missing,Not available,70.1685,Derived,Plausible range (±10-12%),,Missing,Not available,,Missing,Not available,11.3607
MKT-007_D013,MKT-007,Bengaluru,Whitefield,Commercial Office,Established,B,13,20260919,2026-09-19,94.7067,Reported,Plausible range (±10-12%),12303.0932,Estimated,Plausible range (±10-12%),7.1199,Estimated,Plausible range (±10-12%),8.803,Estimated,Plausible range (±10-12%),,Missing,Not available,,Missing,Not available,73.6505,Derived,Plausible range (±10-12%),,Missing,Not available,,Missing,Not available,9.2374
MKT-007_D014,MKT-007,Bengaluru,Whitefield,Commercial Office,Established,B,14,20260919,2026-09-19,85.9291,Reported,Plausible range (±10-12%),10975.2943,Estimated,Plausible range (±10-12%),7.7051,Estimated,Plausible range (±10-12%),8.0441,Estimated,Plausible range (±10-12%),,Missing,Not available,,Missing,Not available,68.921,Derived,Plausible range (±10-12%),,Missing,Not available,,Missing,Not available,9.3952
MKT-007_D015,MKT-007,Bengaluru,Whitefield,Commercial Office,Established,B,15,20260919,2026-09-19,80.846,Reported,Plausible range (±10-12%),11994.928,Estimated,Plausible range (±10-12%),7.377,Estimated,Plausible range (±10-12%),9.9609,Estimated,Plausible range (±10-12%),,Missing,Not available,,Missing,Not available,73.6007,Derived,Plausible range (±10-12%),,Missing,Not available,,Missing,Not available,8.088
MKT-007_D016,MKT-007,Bengaluru,Whitefield,Commercial Office,Established,B,16,20260919,2026-09-19,84.8096,Reported,Plausible range (±10-12%),11990.0844,Estimated,Plausible range (±10-12%),6.0029,Estimated,Plausible range (±10-12%),6.5275,Estimated,Plausible range (±10-12%),,Missing,Not available,,Missing,Not available,64.3407,Derived,Plausible range (±10-12%),,Missing,Not available,,Missing,Not available,8.488
MKT-007_D017,MKT-007,Bengaluru,Whitefield,Commercial Office,Established,B,17,20260919,2026-09-19,87.7951,Reported,Plausible range (±10-12%),11512.4528,Estimated,Plausible range (±10-12%),7.9808,Estimated,Plausible range (±10-12%),6.5184,Estimated,Plausible range (±10-12%),,Missing,Not available,,Missing,Not available,67.2776,Derived,Plausible range (±10-12%),,Missing,Not available,,Missing,Not available,9.1513
MKT-007_D018,MKT-007,Bengaluru,Whitefield,Commercial Office,Established,B,18,20260919,2026-09-19,100.6831,Reported,Plausible range (±10-12%),14812.7001,Estimated,Plausible range (±10-12%),8.044,Estimated,Plausible range (±10-12%),7.386,Estimated,Plausible range (±10-12%),,Missing,Not available,,Missing,Not available,62.2558,Derived,Plausible range (±10-12%),,Missing,Not available,,Missing,Not available,8.1565
MKT-007_D019,MKT-007,Bengaluru,Whitefield,Commercial Office,Established,B,19,20260919,2026-09-19,93.3886,Reported,Plausible range (±10-12%),10833.8971,Estimated,Plausible range (±10-12%),6.4665,Estimated,Plausible range (±10-12%),7.4701,Estimated,Plausible range (±10-12%),,Missing,Not available,,Missing,Not available,68.3092,Derived,Plausible range (±10-12%),,Missing,Not available,,Missing,Not available,10.344
MKT-007_D020,MKT-007,Bengaluru,Whitefield,Commercial Office,Established,B,20,20260919,2026-09-19,86.1165,Reported,Plausible range (±10-12%),9508.8809,Estimated,Plausible range (±10-12%),5.533,Estimated,Plausible range (±10-12%),4.4647,Estimated,Plausible range (±10-12%),,Missing,Not available,,Missing,Not available,68.5952,Derived,Plausible range (±10-12%),,Missing,Not available,,Missing,Not available,10.8677
MKT-007_D021,MKT-007,Bengaluru,Whitefield,Commercial Office,Established,B,21,20260919,2026-09-19,84.1159,Reported,Plausible range (±10-12%),9839.2902,Estimated,Plausible range (±10-12%),5.1889,Estimated,Plausible range (±10-12%),6.335,Estimated,Plausible range (±10-12%),,Missing,Not available,,Missing,Not available,67.0195,Derived,Plausible range (±10-12%),,Missing,Not available,,Missing,Not available,10.2588
MKT-007_D022,MKT-007,Bengaluru,Whitefield,Commercial Office,Established,B,22,20260919,2026-09-19,89.4242,Reported,Plausible range (±10-12%),8574.4781,Estimated,Plausible range (±10-12%),6.6223,Estimated,Plausible range (±10-12%),6.6709,Estimated,Plausible range (±10-12%),,Missing,Not available,,Missing,Not available,59.9171,Derived,Plausible range (±10-12%),,Missing,Not available,,Missing,Not available,12.5149
MKT-007_D023,MKT-007,Bengaluru,Whitefield,Commercial Office,Established,B,23,20260919,2026-09-19,81.4684,Reported,Plausible range (±10-12%),10969.1927,Estimated,Plausible range (±10-12%),7.7636,Estimated,Plausible range (±10-12%),6.4292,Estimated,Plausible range (±10-12%),,Missing,Not available,,Missing,Not available,63.7578,Derived,Plausible range (±10-12%),,Missing,Not available,,Missing,Not available,8.9124
MKT-007_D024,MKT-007,Bengaluru,Whitefield,Commercial Office,Established,B,24,20260919,2026-09-19,91.2273,Reported,Plausible range (±10-12%),13262.3212,Estimated,Plausible range (±10-12%),5.6778,Estimated,Plausible range (±10-12%),5.769,Estimated,Plausible range (±10-12%),,Missing,Not available,,Missing,Not available,64.0707,Derived,Plausible range (±10-12%),,Missing,Not available,,Missing,Not available,8.2544
MKT-007_D025,MKT-007,Bengaluru,Whitefield,Commercial Office,Established,B,25,20260919,2026-09-19,87.5476,Reported,Plausible range (±10-12%),13340.7083,Estimated,Plausible range (±10-12%),5.3504,Estimated,Plausible range (±10-12%),8.4178,Estimated,Plausible range (±10-12%),,Missing,Not available,,Missing,Not available,71.9303,Derived,Plausible range (±10-12%),,Missing,Not available,,Missing,Not available,7.8749
MKT-007_D026,MKT-007,Bengaluru,Whitefield,Commercial Office,Established,B,26,20260919,2026-09-19,91.8672,Reported,Plausible range (±10-12%),12148.2828,Estimated,Plausible range (±10-12%),5.0744,Estimated,Plausible range (±10-12%),5.631,Estimated,Plausible range (±10-12%),,Missing,Not available,,Missing,Not available,74.294,Derived,Plausible range (±10-12%),,Missing,Not available,,Missing,Not available,9.0746
MKT-007_D027,MKT-007,Bengaluru,Whitefield,Commercial Office,Established,B,27,20260919,2026-09-19,87.8968,Reported,Plausible range (±10-12%),13368.3459,Estimated,Plausible range (±10-12%),3.9607,Estimated,Plausible range (±10-12%),7.573,Estimated,Plausible range (±10-12%),,Missing,Not available,,Missing,Not available,64.3772,Derived,Plausible range (±10-12%),,Missing,Not available,,Missing,Not available,7.89
MKT-007_D028,MKT-007,Bengaluru,Whitefield,Commercial Office,Established,B,28,20260919,2026-09-19,82.2875,Reported,Plausible range (±10-12%),10016.5584,Estimated,Plausible range (±10-12%),4.2668,Estimated,Plausible range (±10-12%),5.003,Estimated,Plausible range (±10-12%),,Missing,Not available,,Missing,Not available,63.185,Derived,Plausible range (±10-12%),,Missing,Not available,,Missing,Not available,9.8582
MKT-007_D029,MKT-007,Bengaluru,Whitefield,Commercial Office,Established,B,29,20260919,2026-09-19,94.136,Reported,Plausible range (±10-12%),9498.0743,Estimated,Plausible range (±10-12%),5.9664,Estimated,Plausible range (±10-12%),6.7396,Estimated,Plausible range (±10-12%),,Missing,Not available,,Missing,Not available,60.2735,Derived,Plausible range (±10-12%),,Missing,Not available,,Missing,Not available,11.8933
MKT-007_D030,MKT-007,Bengaluru,Whitefield,Commercial Office,Established,B,30,20260919,2026-09-19,94.9838,Reported,Plausible range (±10-12%),11090.2266,Estimated,Plausible range (±10-12%),6.7109,Estimated,Plausible range (±10-12%),5.934,Estimated,Plausible range (±10-12%),,Missing,Not available,,Missing,Not available,62.7802,Derived,Plausible range (±10-12%),,Missing,Not available,,Missing,Not available,10.2776
MKT-007_D031,MKT-007,Bengaluru,Whitefield,Commercial Office,Established,B,31,20260919,2026-09-19,99.3036,Reported,Plausible range (±10-12%),9578.7956,Estimated,Plausible range (±10-12%),8.6766,Estimated,Plausible range (±10-12%),8.7001,Estimated,Plausible range (±10-12%),,Missing,Not available,,Missing,Not available,73.8513,Derived,Plausible range (±10-12%),,Missing,Not available,,Missing,Not available,12.4404
MKT-007_D032,MKT-007,Bengaluru,Whitefield,Commercial Office,Established,B,32,20260919,2026-09-19,91.9335,Reported,Plausible range (±10-12%),12347.0296,Estimated,Plausible range (±10-12%),6.0802,Estimated,Plausible range (±10-12%),7.0767,Estimated,Plausible range (±10-12%),,Missing,Not available,,Missing,Not available,62.2677,Derived,Plausible range (±10-12%),,Missing,Not available,,Missing,Not available,8.935
MKT-007_D033,MKT-007,Bengaluru,Whitefield,Commercial Office,Established,B,33,20260919,2026-09-19,94.4905,Reported,Plausible range (±10-12%),11865.7876,Estimated,Plausible range (±10-12%),7.2532,Estimated,Plausible range (±10-12%),5.7576,Estimated,Plausible range (±10-12%),,Missing,Not available,,Missing,Not available,63.6145,Derived,Plausible range (±10-12%),,Missing,Not available,,Missing,Not available,9.5559
MKT-007_D034,MKT-007,Bengaluru,Whitefield,Commercial Office,Established,B,34,20260919,2026-09-19,90.2952,Reported,Plausible range (±10-12%),14091.65,Estimated,Plausible range (±10-12%),6.7809,Estimated,Plausible range (±10-12%),7.3015,Estimated,Plausible range (±10-12%),,Missing,Not available,,Missing,Not available,73.2712,Derived,Plausible range (±10-12%),,Missing,Not available,,Missing,Not available,7.6893
MKT-007_D035,MKT-007,Bengaluru,Whitefield,Commercial Office,Established,B,35,20260919,2026-09-19,97.8583,Reported,Plausible range (±10-12%),12475.0294,Estimated,Plausible range (±10-12%),5.8244,Estimated,Plausible range (±10-12%),6.2129,Estimated,Plausible range (±10-12%),,Missing,Not available,,Missing,Not available,65.3641,Derived,Plausible range (±10-12%),,Missing,Not available,,Missing,Not available,9.4132
MKT-007_D036,MKT-007,Bengaluru,Whitefield,Commercial Office,Established,B,36,20260919,2026-09-19,87.8395,Reported,Plausible range (±10-12%),9359.3051,Estimated,Plausible range (±10-12%),5.5259,Estimated,Plausible range (±10-12%),8.4768,Estimated,Plausible range (±10-12%),,Missing,Not available,,Missing,Not available,69.7686,Derived,Plausible range (±10-12%),,Missing,Not available,,Missing,Not available,11.2623
MKT-007_D037,MKT-007,Bengaluru,Whitefield,Commercial Office,Established,B,37,20260919,2026-09-19,80.5083,Reported,Plausible range (±10-12%),12784.3207,Estimated,Plausible range (±10-12%),4.2685,Estimated,Plausible range (±10-12%),8.6989,Estimated,Plausible range (±10-12%),,Missing,Not available,,Missing,Not available,59.0875,Derived,Plausible range (±10-12%),,Missing,Not available,,Missing,Not available,7.5569
MKT-007_D038,MKT-007,Bengaluru,Whitefield,Commercial Office,Established,B,38,20260919,2026-09-19,87.6367,Reported,Plausible range (±10-12%),13990.6894,Estimated,Plausible range (±10-12%),5.4271,Estimated,Plausible range (±10-12%),4.4492,Estimated,Plausible range (±10-12%),,Missing,Not available,,Missing,Not available,63.5685,Derived,Plausible range (±10-12%),,Missing,Not available,,Missing,Not available,7.5167
MKT-007_D039,MKT-007,Bengaluru,Whitefield,Commercial Office,Established,B,39,20260919,2026-09-19,85.1662,Reported,Plausible range (±10-12%),11063.4775,Estimated,Plausible range (±10-12%),5.6025,Estimated,Plausible range (±10-12%),7.3085,Estimated,Plausible range (±10-12%),,Missing,Not available,,Missing,Not available,70.0793,Derived,Plausible range (±10-12%),,Missing,Not available,,Missing,Not available,9.2376
MKT-007_D040,MKT-007,Bengaluru,Whitefield,Commercial Office,Established,B,40,20260919,2026-09-19,91.4119,Reported,Plausible range (±10-12%),9642.0338,Estimated,Plausible range (±10-12%),7.2805,Estimated,Plausible range (±10-12%),5.3621,Estimated,Plausible range (±10-12%),,Missing,Not available,,Missing,Not available,75.2858,Derived,Plausible range (±10-12%),,Missing,Not available,,Missing,Not available,11.3767
MKT-008_D001,MKT-008,Bengaluru,Sarjapur Road,Residential,Growth,C,1,20260919,2026-09-19,33.136,Reported,Estimation interval (±15-20%),9218.6115,Estimated,Estimation interval (±15-20%),7.0369,Estimated,Estimation interval (±15-20%),8.1572,Estimated,Estimation interval (±15-20%),,Missing,Not available,,Missing,Not available,69.9364,Derived,Estimation interval (±15-20%),,Missing,Not available,,Missing,Not available,4.3134
MKT-008_D002,MKT-008,Bengaluru,Sarjapur Road,Residential,Growth,C,2,20260919,2026-09-19,23.6149,Reported,Estimation interval (±15-20%),7562.4973,Estimated,Estimation interval (±15-20%),10.4317,Estimated,Estimation interval (±15-20%),9.0985,Estimated,Estimation interval (±15-20%),,Missing,Not available,,Missing,Not available,61.0386,Derived,Estimation interval (±15-20%),,Missing,Not available,,Missing,Not available,3.7472
MKT-008_D003,MKT-008,Bengaluru,Sarjapur Road,Residential,Growth,C,3,20260919,2026-09-19,30.5725,Reported,Estimation interval (±15-20%),9813.7318,Estimated,Estimation interval (±15-20%),9.0667,Estimated,Estimation interval (±15-20%),7.4177,Estimated,Estimation interval (±15-20%),,Missing,Not available,,Missing,Not available,69.0155,Derived,Estimation interval (±15-20%),,Missing,Not available,,Missing,Not available,3.7383
MKT-008_D004,MKT-008,Bengaluru,Sarjapur Road,Residential,Growth,C,4,20260919,2026-09-19,25.5599,Reported,Estimation interval (±15-20%),9912.5337,Estimated,Estimation interval (±15-20%),9.911,Estimated,Estimation interval (±15-20%),14.2075,Estimated,Estimation interval (±15-20%),,Missing,Not available,,Missing,Not available,70.0055,Derived,Estimation interval (±15-20%),,Missing,Not available,,Missing,Not available,3.0943
MKT-008_D005,MKT-008,Bengaluru,Sarjapur Road,Residential,Growth,C,5,20260919,2026-09-19,29.4277,Reported,Estimation interval (±15-20%),7389.9542,Estimated,Estimation interval (±15-20%),5.846,Estimated,Estimation interval (±15-20%),12.0849,Estimated,Estimation interval (±15-20%),,Missing,Not available,,Missing,Not available,66.7866,Derived,Estimation interval (±15-20%),,Missing,Not available,,Missing,Not available,4.7785
MKT-008_D006,MKT-008,Bengaluru,Sarjapur Road,Residential,Growth,C,6,20260919,2026-09-19,27.9918,Reported,Estimation interval (±15-20%),10227.3008,Estimated,Estimation interval (±15-20%),5.1434,Estimated,Estimation interval (±15-20%),10.1973,Estimated,Estimation interval (±15-20%),,Missing,Not available,,Missing,Not available,65.0222,Derived,Estimation interval (±15-20%),,Missing,Not available,,Missing,Not available,3.2844
MKT-008_D007,MKT-008,Bengaluru,Sarjapur Road,Residential,Growth,C,7,20260919,2026-09-19,31.4006,Reported,Estimation interval (±15-20%),9152.9166,Estimated,Estimation interval (±15-20%),9.0968,Estimated,Estimation interval (±15-20%),8.7964,Estimated,Estimation interval (±15-20%),,Missing,Not available,,Missing,Not available,68.5497,Derived,Estimation interval (±15-20%),,Missing,Not available,,Missing,Not available,4.1168
MKT-008_D008,MKT-008,Bengaluru,Sarjapur Road,Residential,Growth,C,8,20260919,2026-09-19,33.1139,Reported,Estimation interval (±15-20%),8803.9875,Estimated,Estimation interval (±15-20%),7.1239,Estimated,Estimation interval (±15-20%),12.8306,Estimated,Estimation interval (±15-20%),,Missing,Not available,,Missing,Not available,74.063,Derived,Estimation interval (±15-20%),,Missing,Not available,,Missing,Not available,4.5135
MKT-008_D009,MKT-008,Bengaluru,Sarjapur Road,Residential,Growth,C,9,20260919,2026-09-19,27.146,Reported,Estimation interval (±15-20%),8288.1992,Estimated,Estimation interval (±15-20%),7.7691,Estimated,Estimation interval (±15-20%),10.8997,Estimated,Estimation interval (±15-20%),,Missing,Not available,,Missing,Not available,73.8975,Derived,Estimation interval (±15-20%),,Missing,Not available,,Missing,Not available,3.9303
MKT-008_D010,MKT-008,Bengaluru,Sarjapur Road,Residential,Growth,C,10,20260919,2026-09-19,30.6045,Reported,Estimation interval (±15-20%),10034.9897,Estimated,Estimation interval (±15-20%),4.933,Estimated,Estimation interval (±15-20%),14.5329,Estimated,Estimation interval (±15-20%),,Missing,Not available,,Missing,Not available,72.0229,Derived,Estimation interval (±15-20%),,Missing,Not available,,Missing,Not available,3.6597
MKT-008_D011,MKT-008,Bengaluru,Sarjapur Road,Residential,Growth,C,11,20260919,2026-09-19,29.969,Reported,Estimation interval (±15-20%),9843.8704,Estimated,Estimation interval (±15-20%),8.0952,Estimated,Estimation interval (±15-20%),8.1347,Estimated,Estimation interval (±15-20%),,Missing,Not available,,Missing,Not available,70.7386,Derived,Estimation interval (±15-20%),,Missing,Not available,,Missing,Not available,3.6533
MKT-008_D012,MKT-008,Bengaluru,Sarjapur Road,Residential,Growth,C,12,20260919,2026-09-19,28.8086,Reported,Estimation interval (±15-20%),7238.9939,Estimated,Estimation interval (±15-20%),7.3592,Estimated,Estimation interval (±15-20%),11.8491,Estimated,Estimation interval (±15-20%),,Missing,Not available,,Missing,Not available,59.951,Derived,Estimation interval (±15-20%),,Missing,Not available,,Missing,Not available,4.7756
MKT-008_D013,MKT-008,Bengaluru,Sarjapur Road,Residential,Growth,C,13,20260919,2026-09-19,28.2037,Reported,Estimation interval (±15-20%),7323.4339,Estimated,Estimation interval (±15-20%),7.3929,Estimated,Estimation interval (±15-20%),11.6886,Estimated,Estimation interval (±15-20%),,Missing,Not available,,Missing,Not available,72.7143,Derived,Estimation interval (±15-20%),,Missing,Not available,,Missing,Not available,4.6214
MKT-008_D014,MKT-008,Bengaluru,Sarjapur Road,Residential,Growth,C,14,20260919,2026-09-19,23.0369,Reported,Estimation interval (±15-20%),11256.1485,Estimated,Estimation interval (±15-20%),5.6303,Estimated,Estimation interval (±15-20%),9.4254,Estimated,Estimation interval (±15-20%),,Missing,Not available,,Missing,Not available,63.533,Derived,Estimation interval (±15-20%),,Missing,Not available,,Missing,Not available,2.4559
MKT-008_D015,MKT-008,Bengaluru,Sarjapur Road,Residential,Growth,C,15,20260919,2026-09-19,27.9844,Reported,Estimation interval (±15-20%),7617.8676,Estimated,Estimation interval (±15-20%),10.0054,Estimated,Estimation interval (±15-20%),8.7424,Estimated,Estimation interval (±15-20%),,Missing,Not available,,Missing,Not available,68.1282,Derived,Estimation interval (±15-20%),,Missing,Not available,,Missing,Not available,4.4082
MKT-008_D016,MKT-008,Bengaluru,Sarjapur Road,Residential,Growth,C,16,20260919,2026-09-19,27.9874,Reported,Estimation interval (±15-20%),8595.0172,Estimated,Estimation interval (±15-20%),7.6987,Estimated,Estimation interval (±15-20%),6.896,Estimated,Estimation interval (±15-20%),,Missing,Not available,,Missing,Not available,73.3239,Derived,Estimation interval (±15-20%),,Missing,Not available,,Missing,Not available,3.9075
MKT-008_D017,MKT-008,Bengaluru,Sarjapur Road,Residential,Growth,C,17,20260919,2026-09-19,30.3957,Reported,Estimation interval (±15-20%),7691.4262,Estimated,Estimation interval (±15-20%),7.1645,Estimated,Estimation interval (±15-20%),7.2783,Estimated,Estimation interval (±15-20%),,Missing,Not available,,Missing,Not available,62.1501,Derived,Estimation interval (±15-20%),,Missing,Not available,,Missing,Not available,4.7423
MKT-008_D018,MKT-008,Bengaluru,Sarjapur Road,Residential,Growth,C,18,20260919,2026-09-19,29.1361,Reported,Estimation interval (±15-20%),6589.8547,Estimated,Estimation interval (±15-20%),9.7041,Estimated,Estimation interval (±15-20%),10.2752,Estimated,Estimation interval (±15-20%),,Missing,Not available,,Missing,Not available,59.6335,Derived,Estimation interval (±15-20%),,Missing,Not available,,Missing,Not available,5.3056
MKT-008_D019,MKT-008,Bengaluru,Sarjapur Road,Residential,Growth,C,19,20260919,2026-09-19,28.1232,Reported,Estimation interval (±15-20%),7804.8117,Estimated,Estimation interval (±15-20%),8.9333,Estimated,Estimation interval (±15-20%),10.0102,Estimated,Estimation interval (±15-20%),,Missing,Not available,,Missing,Not available,55.4148,Derived,Estimation interval (±15-20%),,Missing,Not available,,Missing,Not available,4.324
MKT-008_D020,MKT-008,Bengaluru,Sarjapur Road,Residential,Growth,C,20,20260919,2026-09-19,26.7972,Reported,Estimation interval (±15-20%),6665.3793,Estimated,Estimation interval (±15-20%),8.8067,Estimated,Estimation interval (±15-20%),9.0783,Estimated,Estimation interval (±15-20%),,Missing,Not available,,Missing,Not available,69.418,Derived,Estimation interval (±15-20%),,Missing,Not available,,Missing,Not available,4.8244
MKT-008_D021,MKT-008,Bengaluru,Sarjapur Road,Residential,Growth,C,21,20260919,2026-09-19,28.9557,Reported,Estimation interval (±15-20%),7483.3211,Estimated,Estimation interval (±15-20%),6.4491,Estimated,Estimation interval (±15-20%),9.7458,Estimated,Estimation interval (±15-20%),,Missing,Not available,,Missing,Not available,55.0803,Derived,Estimation interval (±15-20%),,Missing,Not available,,Missing,Not available,4.6432
MKT-008_D022,MKT-008,Bengaluru,Sarjapur Road,Residential,Growth,C,22,20260919,2026-09-19,29.9659,Reported,Estimation interval (±15-20%),9170.6173,Estimated,Estimation interval (±15-20%),10.656,Estimated,Estimation interval (±15-20%),8.6446,Estimated,Estimation interval (±15-20%),,Missing,Not available,,Missing,Not available,61.5219,Derived,Estimation interval (±15-20%),,Missing,Not available,,Missing,Not available,3.9211
MKT-008_D023,MKT-008,Bengaluru,Sarjapur Road,Residential,Growth,C,23,20260919,2026-09-19,27.2574,Reported,Estimation interval (±15-20%),9999.8578,Estimated,Estimation interval (±15-20%),8.9178,Estimated,Estimation interval (±15-20%),11.4107,Estimated,Estimation interval (±15-20%),,Missing,Not available,,Missing,Not available,63.7747,Derived,Estimation interval (±15-20%),,Missing,Not available,,Missing,Not available,3.2709
MKT-008_D024,MKT-008,Bengaluru,Sarjapur Road,Residential,Growth,C,24,20260919,2026-09-19,30.5695,Reported,Estimation interval (±15-20%),7924.6743,Estimated,Estimation interval (±15-20%),9.5114,Estimated,Estimation interval (±15-20%),7.5992,Estimated,Estimation interval (±15-20%),,Missing,Not available,,Missing,Not available,71.469,Derived,Estimation interval (±15-20%),,Missing,Not available,,Missing,Not available,4.629
MKT-008_D025,MKT-008,Bengaluru,Sarjapur Road,Residential,Growth,C,25,20260919,2026-09-19,28.0122,Reported,Estimation interval (±15-20%),8010.9961,Estimated,Estimation interval (±15-20%),9.0833,Estimated,Estimation interval (±15-20%),9.9037,Estimated,Estimation interval (±15-20%),,Missing,Not available,,Missing,Not available,62.2774,Derived,Estimation interval (±15-20%),,Missing,Not available,,Missing,Not available,4.1961
MKT-008_D026,MKT-008,Bengaluru,Sarjapur Road,Residential,Growth,C,26,20260919,2026-09-19,27.9927,Reported,Estimation interval (±15-20%),7365.9733,Estimated,Estimation interval (±15-20%),7.7399,Estimated,Estimation interval (±15-20%),7.3789,Estimated,Estimation interval (±15-20%),,Missing,Not available,,Missing,Not available,60.6529,Derived,Estimation interval (±15-20%),,Missing,Not available,,Missing,Not available,4.5603
MKT-008_D027,MKT-008,Bengaluru,Sarjapur Road,Residential,Growth,C,27,20260919,2026-09-19,23.7949,Reported,Estimation interval (±15-20%),10947.2529,Estimated,Estimation interval (±15-20%),5.716,Estimated,Estimation interval (±15-20%),7.9764,Estimated,Estimation interval (±15-20%),,Missing,Not available,,Missing,Not available,72.0155,Derived,Estimation interval (±15-20%),,Missing,Not available,,Missing,Not available,2.6083
MKT-008_D028,MKT-008,Bengaluru,Sarjapur Road,Residential,Growth,C,28,20260919,2026-09-19,30.4485,Reported,Estimation interval (±15-20%),6019.4734,Estimated,Estimation interval (±15-20%),7.9908,Estimated,Estimation interval (±15-20%),7.0953,Estimated,Estimation interval (±15-20%),,Missing,Not available,,Missing,Not available,57.8341,Derived,Estimation interval (±15-20%),,Missing,Not available,,Missing,Not available,6.07
MKT-008_D029,MKT-008,Bengaluru,Sarjapur Road,Residential,Growth,C,29,20260919,2026-09-19,26.6918,Reported,Estimation interval (±15-20%),9875.2707,Estimated,Estimation interval (±15-20%),9.6922,Estimated,Estimation interval (±15-20%),8.6771,Estimated,Estimation interval (±15-20%),,Missing,Not available,,Missing,Not available,65.1363,Derived,Estimation interval (±15-20%),,Missing,Not available,,Missing,Not available,3.2435
MKT-008_D030,MKT-008,Bengaluru,Sarjapur Road,Residential,Growth,C,30,20260919,2026-09-19,29.3464,Reported,Estimation interval (±15-20%),9236.5186,Estimated,Estimation interval (±15-20%),7.5895,Estimated,Estimation interval (±15-20%),7.2013,Estimated,Estimation interval (±15-20%),,Missing,Not available,,Missing,Not available,61.8387,Derived,Estimation interval (±15-20%),,Missing,Not available,,Missing,Not available,3.8127
MKT-008_D031,MKT-008,Bengaluru,Sarjapur Road,Residential,Growth,C,31,20260919,2026-09-19,26.7607,Reported,Estimation interval (±15-20%),9321.1851,Estimated,Estimation interval (±15-20%),6.5684,Estimated,Estimation interval (±15-20%),10.6835,Estimated,Estimation interval (±15-20%),,Missing,Not available,,Missing,Not available,55.3038,Derived,Estimation interval (±15-20%),,Missing,Not available,,Missing,Not available,3.4451
MKT-008_D032,MKT-008,Bengaluru,Sarjapur Road,Residential,Growth,C,32,20260919,2026-09-19,30.1151,Reported,Estimation interval (±15-20%),10538.5381,Estimated,Estimation interval (±15-20%),7.3982,Estimated,Estimation interval (±15-20%),12.379,Estimated,Estimation interval (±15-20%),,Missing,Not available,,Missing,Not available,58.9558,Derived,Estimation interval (±15-20%),,Missing,Not available,,Missing,Not available,3.4291
MKT-008_D033,MKT-008,Bengaluru,Sarjapur Road,Residential,Growth,C,33,20260919,2026-09-19,26.9723,Reported,Estimation interval (±15-20%),7637.3496,Estimated,Estimation interval (±15-20%),6.6037,Estimated,Estimation interval (±15-20%),12.717,Estimated,Estimation interval (±15-20%),,Missing,Not available,,Missing,Not available,66.6929,Derived,Estimation interval (±15-20%),,Missing,Not available,,Missing,Not available,4.238
MKT-008_D034,MKT-008,Bengaluru,Sarjapur Road,Residential,Growth,C,34,20260919,2026-09-19,32.4613,Reported,Estimation interval (±15-20%),8921.0658,Estimated,Estimation interval (±15-20%),6.3306,Estimated,Estimation interval (±15-20%),11.934,Estimated,Estimation interval (±15-20%),,Missing,Not available,,Missing,Not available,68.3465,Derived,Estimation interval (±15-20%),,Missing,Not available,,Missing,Not available,4.3665
MKT-008_D035,MKT-008,Bengaluru,Sarjapur Road,Residential,Growth,C,35,20260919,2026-09-19,27.8742,Reported,Estimation interval (±15-20%),9026.7148,Estimated,Estimation interval (±15-20%),5.6213,Estimated,Estimation interval (±15-20%),9.5675,Estimated,Estimation interval (±15-20%),,Missing,Not available,,Missing,Not available,66.7833,Derived,Estimation interval (±15-20%),,Missing,Not available,,Missing,Not available,3.7056
MKT-008_D036,MKT-008,Bengaluru,Sarjapur Road,Residential,Growth,C,36,20260919,2026-09-19,32.9252,Reported,Estimation interval (±15-20%),6201.4171,Estimated,Estimation interval (±15-20%),7.0959,Estimated,Estimation interval (±15-20%),14.0484,Estimated,Estimation interval (±15-20%),,Missing,Not available,,Missing,Not available,62.2779,Derived,Estimation interval (±15-20%),,Missing,Not available,,Missing,Not available,6.3712
MKT-008_D037,MKT-008,Bengaluru,Sarjapur Road,Residential,Growth,C,37,20260919,2026-09-19,33.9465,Reported,Estimation interval (±15-20%),7505.0822,Estimated,Estimation interval (±15-20%),7.5175,Estimated,Estimation interval (±15-20%),9.949,Estimated,Estimation interval (±15-20%),,Missing,Not available,,Missing,Not available,71.8543,Derived,Estimation interval (±15-20%),,Missing,Not available,,Missing,Not available,5.4278
MKT-008_D038,MKT-008,Bengaluru,Sarjapur Road,Residential,Growth,C,38,20260919,2026-09-19,25.116,Reported,Estimation interval (±15-20%),7997.457,Estimated,Estimation interval (±15-20%),7.1262,Estimated,Estimation interval (±15-20%),7.8686,Estimated,Estimation interval (±15-20%),,Missing,Not available,,Missing,Not available,60.6842,Derived,Estimation interval (±15-20%),,Missing,Not available,,Missing,Not available,3.7686
MKT-008_D039,MKT-008,Bengaluru,Sarjapur Road,Residential,Growth,C,39,20260919,2026-09-19,33.022,Reported,Estimation interval (±15-20%),8460.3255,Estimated,Estimation interval (±15-20%),6.4193,Estimated,Estimation interval (±15-20%),9.1981,Estimated,Estimation interval (±15-20%),,Missing,Not available,,Missing,Not available,67.9599,Derived,Estimation interval (±15-20%),,Missing,Not available,,Missing,Not available,4.6838
MKT-008_D040,MKT-008,Bengaluru,Sarjapur Road,Residential,Growth,C,40,20260919,2026-09-19,28.7792,Reported,Estimation interval (±15-20%),9448.9182,Estimated,Estimation interval (±15-20%),10.5665,Estimated,Estimation interval (±15-20%),10.299,Estimated,Estimation interval (±15-20%),,Missing,Not available,,Missing,Not available,64.802,Derived,Estimation interval (±15-20%),,Missing,Not available,,Missing,Not available,3.6549
MKT-009_D001,MKT-009,Bengaluru,Koramangala,Retail,Established,B,1,20260919,2026-09-19,177.6478,Reported,Plausible range (±10-12%),16331.0295,Estimated,Plausible range (±10-12%),4.2784,Estimated,Plausible range (±10-12%),4.3401,Estimated,Plausible range (±10-12%),,Missing,Not available,,Missing,Not available,62.1478,Derived,Plausible range (±10-12%),,Missing,Not available,,Missing,Not available,13.0535
MKT-009_D002,MKT-009,Bengaluru,Koramangala,Retail,Established,B,2,20260919,2026-09-19,141.1276,Reported,Plausible range (±10-12%),13286.0771,Estimated,Plausible range (±10-12%),4.8429,Estimated,Plausible range (±10-12%),6.2913,Estimated,Plausible range (±10-12%),,Missing,Not available,,Missing,Not available,61.0159,Derived,Plausible range (±10-12%),,Missing,Not available,,Missing,Not available,12.7467
MKT-009_D003,MKT-009,Bengaluru,Koramangala,Retail,Established,B,3,20260919,2026-09-19,169.2367,Reported,Plausible range (±10-12%),11911.5545,Estimated,Plausible range (±10-12%),3.9271,Estimated,Plausible range (±10-12%),6.9011,Estimated,Plausible range (±10-12%),,Missing,Not available,,Missing,Not available,61.7472,Derived,Plausible range (±10-12%),,Missing,Not available,,Missing,Not available,17.0493
MKT-009_D004,MKT-009,Bengaluru,Koramangala,Retail,Established,B,4,20260919,2026-09-19,156.7687,Reported,Plausible range (±10-12%),21569.8201,Estimated,Plausible range (±10-12%),5.799,Estimated,Plausible range (±10-12%),7.4289,Estimated,Plausible range (±10-12%),,Missing,Not available,,Missing,Not available,61.6562,Derived,Plausible range (±10-12%),,Missing,Not available,,Missing,Not available,8.7216
MKT-009_D005,MKT-009,Bengaluru,Koramangala,Retail,Established,B,5,20260919,2026-09-19,150.6208,Reported,Plausible range (±10-12%),19027.2882,Estimated,Plausible range (±10-12%),6.208,Estimated,Plausible range (±10-12%),5.4255,Estimated,Plausible range (±10-12%),,Missing,Not available,,Missing,Not available,56.9777,Derived,Plausible range (±10-12%),,Missing,Not available,,Missing,Not available,9.4992
MKT-009_D006,MKT-009,Bengaluru,Koramangala,Retail,Established,B,6,20260919,2026-09-19,176.3668,Reported,Plausible range (±10-12%),14230.7245,Estimated,Plausible range (±10-12%),6.0495,Estimated,Plausible range (±10-12%),4.7103,Estimated,Plausible range (±10-12%),,Missing,Not available,,Missing,Not available,59.5392,Derived,Plausible range (±10-12%),,Missing,Not available,,Missing,Not available,14.8721
MKT-009_D007,MKT-009,Bengaluru,Koramangala,Retail,Established,B,7,20260919,2026-09-19,135.9143,Reported,Plausible range (±10-12%),17153.9991,Estimated,Plausible range (±10-12%),5.0472,Estimated,Plausible range (±10-12%),6.0049,Estimated,Plausible range (±10-12%),,Missing,Not available,,Missing,Not available,67.2131,Derived,Plausible range (±10-12%),,Missing,Not available,,Missing,Not available,9.5078
MKT-009_D008,MKT-009,Bengaluru,Koramangala,Retail,Established,B,8,20260919,2026-09-19,164.8383,Reported,Plausible range (±10-12%),15015.6742,Estimated,Plausible range (±10-12%),4.8399,Estimated,Plausible range (±10-12%),4.2851,Estimated,Plausible range (±10-12%),,Missing,Not available,,Missing,Not available,65.8061,Derived,Plausible range (±10-12%),,Missing,Not available,,Missing,Not available,13.1733
MKT-009_D009,MKT-009,Bengaluru,Koramangala,Retail,Established,B,9,20260919,2026-09-19,193.6987,Reported,Plausible range (±10-12%),15985.0564,Estimated,Plausible range (±10-12%),6.0155,Estimated,Plausible range (±10-12%),4.9034,Estimated,Plausible range (±10-12%),,Missing,Not available,,Missing,Not available,66.1978,Derived,Plausible range (±10-12%),,Missing,Not available,,Missing,Not available,14.541
MKT-009_D010,MKT-009,Bengaluru,Koramangala,Retail,Established,B,10,20260919,2026-09-19,165.6476,Reported,Plausible range (±10-12%),14378.6158,Estimated,Plausible range (±10-12%),5.5529,Estimated,Plausible range (±10-12%),4.005,Estimated,Plausible range (±10-12%),,Missing,Not available,,Missing,Not available,66.7969,Derived,Plausible range (±10-12%),,Missing,Not available,,Missing,Not available,13.8245
MKT-009_D011,MKT-009,Bengaluru,Koramangala,Retail,Established,B,11,20260919,2026-09-19,177.1321,Reported,Plausible range (±10-12%),15819.9768,Estimated,Plausible range (±10-12%),6.4987,Estimated,Plausible range (±10-12%),7.6934,Estimated,Plausible range (±10-12%),,Missing,Not available,,Missing,Not available,63.3623,Derived,Plausible range (±10-12%),,Missing,Not available,,Missing,Not available,13.4361
MKT-009_D012,MKT-009,Bengaluru,Koramangala,Retail,Established,B,12,20260919,2026-09-19,179.6152,Reported,Plausible range (±10-12%),15762.9222,Estimated,Plausible range (±10-12%),4.0794,Estimated,Plausible range (±10-12%),3.4631,Estimated,Plausible range (±10-12%),,Missing,Not available,,Missing,Not available,65.1588,Derived,Plausible range (±10-12%),,Missing,Not available,,Missing,Not available,13.6737
MKT-009_D013,MKT-009,Bengaluru,Koramangala,Retail,Established,B,13,20260919,2026-09-19,192.1753,Reported,Plausible range (±10-12%),17872.737,Estimated,Plausible range (±10-12%),2.9723,Estimated,Plausible range (±10-12%),5.8314,Estimated,Plausible range (±10-12%),,Missing,Not available,,Missing,Not available,62.0546,Derived,Plausible range (±10-12%),,Missing,Not available,,Missing,Not available,12.9029
MKT-009_D014,MKT-009,Bengaluru,Koramangala,Retail,Established,B,14,20260919,2026-09-19,180.2585,Reported,Plausible range (±10-12%),19325.9401,Estimated,Plausible range (±10-12%),7.1428,Estimated,Plausible range (±10-12%),5.368,Estimated,Plausible range (±10-12%),,Missing,Not available,,Missing,Not available,59.2486,Derived,Plausible range (±10-12%),,Missing,Not available,,Missing,Not available,11.1927
MKT-009_D015,MKT-009,Bengaluru,Koramangala,Retail,Established,B,15,20260919,2026-09-19,143.7176,Reported,Plausible range (±10-12%),16851.134,Estimated,Plausible range (±10-12%),6.8836,Estimated,Plausible range (±10-12%),8.5593,Estimated,Plausible range (±10-12%),,Missing,Not available,,Missing,Not available,62.7624,Derived,Plausible range (±10-12%),,Missing,Not available,,Missing,Not available,10.2344
MKT-009_D016,MKT-009,Bengaluru,Koramangala,Retail,Established,B,16,20260919,2026-09-19,151.3154,Reported,Plausible range (±10-12%),10735.6948,Estimated,Plausible range (±10-12%),6.1393,Estimated,Plausible range (±10-12%),7.847,Estimated,Plausible range (±10-12%),,Missing,Not available,,Missing,Not available,63.5051,Derived,Plausible range (±10-12%),,Missing,Not available,,Missing,Not available,16.9135
MKT-009_D017,MKT-009,Bengaluru,Koramangala,Retail,Established,B,17,20260919,2026-09-19,170.3001,Reported,Plausible range (±10-12%),24459.3296,Estimated,Plausible range (±10-12%),4.62,Estimated,Plausible range (±10-12%),6.8121,Estimated,Plausible range (±10-12%),,Missing,Not available,,Missing,Not available,69.4319,Derived,Plausible range (±10-12%),,Missing,Not available,,Missing,Not available,8.3551
MKT-009_D018,MKT-009,Bengaluru,Koramangala,Retail,Established,B,18,20260919,2026-09-19,142.422,Reported,Plausible range (±10-12%),18392.7913,Estimated,Plausible range (±10-12%),5.9961,Estimated,Plausible range (±10-12%),6.5586,Estimated,Plausible range (±10-12%),,Missing,Not available,,Missing,Not available,73.7504,Derived,Plausible range (±10-12%),,Missing,Not available,,Missing,Not available,9.292
MKT-009_D019,MKT-009,Bengaluru,Koramangala,Retail,Established,B,19,20260919,2026-09-19,147.6913,Reported,Plausible range (±10-12%),18895.5243,Estimated,Plausible range (±10-12%),4.6764,Estimated,Plausible range (±10-12%),6.7082,Estimated,Plausible range (±10-12%),,Missing,Not available,,Missing,Not available,60.1338,Derived,Plausible range (±10-12%),,Missing,Not available,,Missing,Not available,9.3794
MKT-009_D020,MKT-009,Bengaluru,Koramangala,Retail,Established,B,20,20260919,2026-09-19,158.2222,Reported,Plausible range (±10-12%),17062.0073,Estimated,Plausible range (±10-12%),6.6467,Estimated,Plausible range (±10-12%),4.1036,Estimated,Plausible range (±10-12%),,Missing,Not available,,Missing,Not available,71.667,Derived,Plausible range (±10-12%),,Missing,Not available,,Missing,Not available,11.128
MKT-009_D021,MKT-009,Bengaluru,Koramangala,Retail,Established,B,21,20260919,2026-09-19,155.2808,Reported,Plausible range (±10-12%),17020.9376,Estimated,Plausible range (±10-12%),3.8217,Estimated,Plausible range (±10-12%),3.1468,Estimated,Plausible range (±10-12%),,Missing,Not available,,Missing,Not available,61.3801,Derived,Plausible range (±10-12%),,Missing,Not available,,Missing,Not available,10.9475
MKT-009_D022,MKT-009,Bengaluru,Koramangala,Retail,Established,B,22,20260919,2026-09-19,161.8398,Reported,Plausible range (±10-12%),20208.1732,Estimated,Plausible range (±10-12%),6.4855,Estimated,Plausible range (±10-12%),6.84,Estimated,Plausible range (±10-12%),,Missing,Not available,,Missing,Not available,69.0788,Derived,Plausible range (±10-12%),,Missing,Not available,,Missing,Not available,9.6104
MKT-009_D023,MKT-009,Bengaluru,Koramangala,Retail,Established,B,23,20260919,2026-09-19,160.1538,Reported,Plausible range (±10-12%),13525.965,Estimated,Plausible range (±10-12%),6.9467,Estimated,Plausible range (±10-12%),6.5361,Estimated,Plausible range (±10-12%),,Missing,Not available,,Missing,Not available,58.0792,Derived,Plausible range (±10-12%),,Missing,Not available,,Missing,Not available,14.2086
MKT-009_D024,MKT-009,Bengaluru,Koramangala,Retail,Established,B,24,20260919,2026-09-19,144.3096,Reported,Plausible range (±10-12%),14279.547,Estimated,Plausible range (±10-12%),4.9617,Estimated,Plausible range (±10-12%),4.6983,Estimated,Plausible range (±10-12%),,Missing,Not available,,Missing,Not available,62.7872,Derived,Plausible range (±10-12%),,Missing,Not available,,Missing,Not available,12.1272
MKT-009_D025,MKT-009,Bengaluru,Koramangala,Retail,Established,B,25,20260919,2026-09-19,186.041,Reported,Plausible range (±10-12%),13013.0943,Estimated,Plausible range (±10-12%),4.6935,Estimated,Plausible range (±10-12%),4.365,Estimated,Plausible range (±10-12%),,Missing,Not available,,Missing,Not available,72.5583,Derived,Plausible range (±10-12%),,Missing,Not available,,Missing,Not available,17.1557
MKT-009_D026,MKT-009,Bengaluru,Koramangala,Retail,Established,B,26,20260919,2026-09-19,151.7901,Reported,Plausible range (±10-12%),16468.0088,Estimated,Plausible range (±10-12%),6.7081,Estimated,Plausible range (±10-12%),6.5357,Estimated,Plausible range (±10-12%),,Missing,Not available,,Missing,Not available,69.7122,Derived,Plausible range (±10-12%),,Missing,Not available,,Missing,Not available,11.0607
MKT-009_D027,MKT-009,Bengaluru,Koramangala,Retail,Established,B,27,20260919,2026-09-19,180.2961,Reported,Plausible range (±10-12%),13971.8006,Estimated,Plausible range (±10-12%),2.3935,Estimated,Plausible range (±10-12%),5.8591,Estimated,Plausible range (±10-12%),,Missing,Not available,,Missing,Not available,66.1622,Derived,Plausible range (±10-12%),,Missing,Not available,,Missing,Not available,15.4851
MKT-009_D028,MKT-009,Bengaluru,Koramangala,Retail,Established,B,28,20260919,2026-09-19,190.9801,Reported,Plausible range (±10-12%),18660.3369,Estimated,Plausible range (±10-12%),4.0292,Estimated,Plausible range (±10-12%),5.9396,Estimated,Plausible range (±10-12%),,Missing,Not available,,Missing,Not available,62.4586,Derived,Plausible range (±10-12%),,Missing,Not available,,Missing,Not available,12.2815
MKT-009_D029,MKT-009,Bengaluru,Koramangala,Retail,Established,B,29,20260919,2026-09-19,199.547,Reported,Plausible range (±10-12%),15398.9208,Estimated,Plausible range (±10-12%),7.1459,Estimated,Plausible range (±10-12%),5.975,Estimated,Plausible range (±10-12%),,Missing,Not available,,Missing,Not available,61.0484,Derived,Plausible range (±10-12%),,Missing,Not available,,Missing,Not available,15.5502
MKT-009_D030,MKT-009,Bengaluru,Koramangala,Retail,Established,B,30,20260919,2026-09-19,160.7774,Reported,Plausible range (±10-12%),16846.3959,Estimated,Plausible range (±10-12%),5.9911,Estimated,Plausible range (±10-12%),6.1357,Estimated,Plausible range (±10-12%),,Missing,Not available,,Missing,Not available,67.5088,Derived,Plausible range (±10-12%),,Missing,Not available,,Missing,Not available,11.4525
MKT-009_D031,MKT-009,Bengaluru,Koramangala,Retail,Established,B,31,20260919,2026-09-19,174.9184,Reported,Plausible range (±10-12%),15347.4178,Estimated,Plausible range (±10-12%),5.2559,Estimated,Plausible range (±10-12%),3.0958,Estimated,Plausible range (±10-12%),,Missing,Not available,,Missing,Not available,70.563,Derived,Plausible range (±10-12%),,Missing,Not available,,Missing,Not available,13.6767
MKT-009_D032,MKT-009,Bengaluru,Koramangala,Retail,Established,B,32,20260919,2026-09-19,134.7424,Reported,Plausible range (±10-12%),10722.1313,Estimated,Plausible range (±10-12%),4.6531,Estimated,Plausible range (±10-12%),5.3765,Estimated,Plausible range (±10-12%),,Missing,Not available,,Missing,Not available,62.4221,Derived,Plausible range (±10-12%),,Missing,Not available,,Missing,Not available,15.0801
MKT-009_D033,MKT-009,Bengaluru,Koramangala,Retail,Established,B,33,20260919,2026-09-19,189.8749,Reported,Plausible range (±10-12%),16630.7917,Estimated,Plausible range (±10-12%),3.7622,Estimated,Plausible range (±10-12%),3.0659,Estimated,Plausible range (±10-12%),,Missing,Not available,,Missing,Not available,66.9946,Derived,Plausible range (±10-12%),,Missing,Not available,,Missing,Not available,13.7005
MKT-009_D034,MKT-009,Bengaluru,Koramangala,Retail,Established,B,34,20260919,2026-09-19,141.0399,Reported,Plausible range (±10-12%),16084.221,Estimated,Plausible range (±10-12%),4.2077,Estimated,Plausible range (±10-12%),6.1206,Estimated,Plausible range (±10-12%),,Missing,Not available,,Missing,Not available,65.8658,Derived,Plausible range (±10-12%),,Missing,Not available,,Missing,Not available,10.5226
MKT-009_D035,MKT-009,Bengaluru,Koramangala,Retail,Established,B,35,20260919,2026-09-19,176.0651,Reported,Plausible range (±10-12%),17610.4006,Estimated,Plausible range (±10-12%),6.8821,Estimated,Plausible range (±10-12%),4.0991,Estimated,Plausible range (±10-12%),,Missing,Not available,,Missing,Not available,67.1476,Derived,Plausible range (±10-12%),,Missing,Not available,,Missing,Not available,11.9973
MKT-009_D036,MKT-009,Bengaluru,Koramangala,Retail,Established,B,36,20260919,2026-09-19,138.4299,Reported,Plausible range (±10-12%),23263.0089,Estimated,Plausible range (±10-12%),5.1554,Estimated,Plausible range (±10-12%),6.1982,Estimated,Plausible range (±10-12%),,Missing,Not available,,Missing,Not available,61.9463,Derived,Plausible range (±10-12%),,Missing,Not available,,Missing,Not available,7.1408
MKT-009_D037,MKT-009,Bengaluru,Koramangala,Retail,Established,B,37,20260919,2026-09-19,167.1867,Reported,Plausible range (±10-12%),15092.2443,Estimated,Plausible range (±10-12%),2.9813,Estimated,Plausible range (±10-12%),6.7398,Estimated,Plausible range (±10-12%),,Missing,Not available,,Missing,Not available,68.1123,Derived,Plausible range (±10-12%),,Missing,Not available,,Missing,Not available,13.2932
MKT-009_D038,MKT-009,Bengaluru,Koramangala,Retail,Established,B,38,20260919,2026-09-19,169.9193,Reported,Plausible range (±10-12%),17963.4064,Estimated,Plausible range (±10-12%),6.4329,Estimated,Plausible range (±10-12%),5.3882,Estimated,Plausible range (±10-12%),,Missing,Not available,,Missing,Not available,57.7891,Derived,Plausible range (±10-12%),,Missing,Not available,,Missing,Not available,11.351
MKT-009_D039,MKT-009,Bengaluru,Koramangala,Retail,Established,B,39,20260919,2026-09-19,170.8803,Reported,Plausible range (±10-12%),20045.78,Estimated,Plausible range (±10-12%),4.9819,Estimated,Plausible range (±10-12%),6.7307,Estimated,Plausible range (±10-12%),,Missing,Not available,,Missing,Not available,66.8391,Derived,Plausible range (±10-12%),,Missing,Not available,,Missing,Not available,10.2294
MKT-009_D040,MKT-009,Bengaluru,Koramangala,Retail,Established,B,40,20260919,2026-09-19,156.8482,Reported,Plausible range (±10-12%),19405.4011,Estimated,Plausible range (±10-12%),5.0399,Estimated,Plausible range (±10-12%),4.0182,Estimated,Plausible range (±10-12%),,Missing,Not available,,Missing,Not available,65.2376,Derived,Plausible range (±10-12%),,Missing,Not available,,Missing,Not available,9.6993
MKT-010_D001,MKT-010,Hyderabad,HITEC City,Commercial Office,Established,C,1,20260919,2026-09-19,72.9964,Reported,Estimation interval (±15-20%),10017.7494,Estimated,Estimation interval (±15-20%),7.6225,Estimated,Estimation interval (±15-20%),6.1462,Estimated,Estimation interval (±15-20%),,Missing,Not available,,Missing,Not available,60.2313,Derived,Estimation interval (±15-20%),,Missing,Not available,,Missing,Not available,8.744
MKT-010_D002,MKT-010,Hyderabad,HITEC City,Commercial Office,Established,C,2,20260919,2026-09-19,68.898,Reported,Estimation interval (±15-20%),11208.2471,Estimated,Estimation interval (±15-20%),4.5153,Estimated,Estimation interval (±15-20%),5.5676,Estimated,Estimation interval (±15-20%),,Missing,Not available,,Missing,Not available,68.9147,Derived,Estimation interval (±15-20%),,Missing,Not available,,Missing,Not available,7.3765
MKT-010_D003,MKT-010,Hyderabad,HITEC City,Commercial Office,Established,C,3,20260919,2026-09-19,65.1242,Reported,Estimation interval (±15-20%),10990.9681,Estimated,Estimation interval (±15-20%),6.3957,Estimated,Estimation interval (±15-20%),8.2048,Estimated,Estimation interval (±15-20%),,Missing,Not available,,Missing,Not available,66.9885,Derived,Estimation interval (±15-20%),,Missing,Not available,,Missing,Not available,7.1103
MKT-010_D004,MKT-010,Hyderabad,HITEC City,Commercial Office,Established,C,4,20260919,2026-09-19,67.4652,Reported,Estimation interval (±15-20%),8619.3587,Estimated,Estimation interval (±15-20%),6.828,Estimated,Estimation interval (±15-20%),8.3444,Estimated,Estimation interval (±15-20%),,Missing,Not available,,Missing,Not available,69.3687,Derived,Estimation interval (±15-20%),,Missing,Not available,,Missing,Not available,9.3926
MKT-010_D005,MKT-010,Hyderabad,HITEC City,Commercial Office,Established,C,5,20260919,2026-09-19,72.9052,Reported,Estimation interval (±15-20%),12065.0421,Estimated,Estimation interval (±15-20%),4.4976,Estimated,Estimation interval (±15-20%),7.8838,Estimated,Estimation interval (±15-20%),,Missing,Not available,,Missing,Not available,66.7525,Derived,Estimation interval (±15-20%),,Missing,Not available,,Missing,Not available,7.2512
MKT-010_D006,MKT-010,Hyderabad,HITEC City,Commercial Office,Established,C,6,20260919,2026-09-19,74.3982,Reported,Estimation interval (±15-20%),8308.8852,Estimated,Estimation interval (±15-20%),6.9538,Estimated,Estimation interval (±15-20%),6.9023,Estimated,Estimation interval (±15-20%),,Missing,Not available,,Missing,Not available,71.4455,Derived,Estimation interval (±15-20%),,Missing,Not available,,Missing,Not available,10.7449
MKT-010_D007,MKT-010,Hyderabad,HITEC City,Commercial Office,Established,C,7,20260919,2026-09-19,75.0335,Reported,Estimation interval (±15-20%),10565.3124,Estimated,Estimation interval (±15-20%),5.9911,Estimated,Estimation interval (±15-20%),6.2529,Estimated,Estimation interval (±15-20%),,Missing,Not available,,Missing,Not available,63.29,Derived,Estimation interval (±15-20%),,Missing,Not available,,Missing,Not available,8.5222
MKT-010_D008,MKT-010,Hyderabad,HITEC City,Commercial Office,Established,C,8,20260919,2026-09-19,71.1613,Reported,Estimation interval (±15-20%),9940.5086,Estimated,Estimation interval (±15-20%),7.6591,Estimated,Estimation interval (±15-20%),9.2451,Estimated,Estimation interval (±15-20%),,Missing,Not available,,Missing,Not available,65.3857,Derived,Estimation interval (±15-20%),,Missing,Not available,,Missing,Not available,8.5905
MKT-010_D009,MKT-010,Hyderabad,HITEC City,Commercial Office,Established,C,9,20260919,2026-09-19,78.8144,Reported,Estimation interval (±15-20%),9884.7548,Estimated,Estimation interval (±15-20%),5.9157,Estimated,Estimation interval (±15-20%),8.4617,Estimated,Estimation interval (±15-20%),,Missing,Not available,,Missing,Not available,69.0782,Derived,Estimation interval (±15-20%),,Missing,Not available,,Missing,Not available,9.568
MKT-010_D010,MKT-010,Hyderabad,HITEC City,Commercial Office,Established,C,10,20260919,2026-09-19,66.1566,Reported,Estimation interval (±15-20%),9534.4358,Estimated,Estimation interval (±15-20%),5.5893,Estimated,Estimation interval (±15-20%),9.1456,Estimated,Estimation interval (±15-20%),,Missing,Not available,,Missing,Not available,62.4005,Derived,Estimation interval (±15-20%),,Missing,Not available,,Missing,Not available,8.3264
MKT-010_D011,MKT-010,Hyderabad,HITEC City,Commercial Office,Established,C,11,20260919,2026-09-19,72.8791,Reported,Estimation interval (±15-20%),10178.4396,Estimated,Estimation interval (±15-20%),4.9667,Estimated,Estimation interval (±15-20%),6.0716,Estimated,Estimation interval (±15-20%),,Missing,Not available,,Missing,Not available,68.4129,Derived,Estimation interval (±15-20%),,Missing,Not available,,Missing,Not available,8.5922
MKT-010_D012,MKT-010,Hyderabad,HITEC City,Commercial Office,Established,C,12,20260919,2026-09-19,78.4524,Reported,Estimation interval (±15-20%),9522.488,Estimated,Estimation interval (±15-20%),8.4376,Estimated,Estimation interval (±15-20%),9.7004,Estimated,Estimation interval (±15-20%),,Missing,Not available,,Missing,Not available,60.8687,Derived,Estimation interval (±15-20%),,Missing,Not available,,Missing,Not available,9.8864
MKT-010_D013,MKT-010,Hyderabad,HITEC City,Commercial Office,Established,C,13,20260919,2026-09-19,76.42,Reported,Estimation interval (±15-20%),7951.5167,Estimated,Estimation interval (±15-20%),7.8309,Estimated,Estimation interval (±15-20%),6.4286,Estimated,Estimation interval (±15-20%),,Missing,Not available,,Missing,Not available,61.9808,Derived,Estimation interval (±15-20%),,Missing,Not available,,Missing,Not available,11.5329
MKT-010_D014,MKT-010,Hyderabad,HITEC City,Commercial Office,Established,C,14,20260919,2026-09-19,70.2471,Reported,Estimation interval (±15-20%),8050.5581,Estimated,Estimation interval (±15-20%),5.7036,Estimated,Estimation interval (±15-20%),6.0343,Estimated,Estimation interval (±15-20%),,Missing,Not available,,Missing,Not available,60.6169,Derived,Estimation interval (±15-20%),,Missing,Not available,,Missing,Not available,10.4709
MKT-010_D015,MKT-010,Hyderabad,HITEC City,Commercial Office,Established,C,15,20260919,2026-09-19,65.1417,Reported,Estimation interval (±15-20%),10898.8927,Estimated,Estimation interval (±15-20%),7.7359,Estimated,Estimation interval (±15-20%),8.8391,Estimated,Estimation interval (±15-20%),,Missing,Not available,,Missing,Not available,62.9322,Derived,Estimation interval (±15-20%),,Missing,Not available,,Missing,Not available,7.1723
MKT-010_D016,MKT-010,Hyderabad,HITEC City,Commercial Office,Established,C,16,20260919,2026-09-19,74.3066,Reported,Estimation interval (±15-20%),9752.7534,Estimated,Estimation interval (±15-20%),7.0921,Estimated,Estimation interval (±15-20%),8.9219,Estimated,Estimation interval (±15-20%),,Missing,Not available,,Missing,Not available,64.4311,Derived,Estimation interval (±15-20%),,Missing,Not available,,Missing,Not available,9.1428
MKT-010_D017,MKT-010,Hyderabad,HITEC City,Commercial Office,Established,C,17,20260919,2026-09-19,68.5668,Reported,Estimation interval (±15-20%),7659.143,Estimated,Estimation interval (±15-20%),5.3589,Estimated,Estimation interval (±15-20%),8.4583,Estimated,Estimation interval (±15-20%),,Missing,Not available,,Missing,Not available,70.7088,Derived,Estimation interval (±15-20%),,Missing,Not available,,Missing,Not available,10.7427
MKT-010_D018,MKT-010,Hyderabad,HITEC City,Commercial Office,Established,C,18,20260919,2026-09-19,72.9089,Reported,Estimation interval (±15-20%),8830.8515,Estimated,Estimation interval (±15-20%),6.6003,Estimated,Estimation interval (±15-20%),7.5656,Estimated,Estimation interval (±15-20%),,Missing,Not available,,Missing,Not available,67.08,Derived,Estimation interval (±15-20%),,Missing,Not available,,Missing,Not available,9.9074
MKT-010_D019,MKT-010,Hyderabad,HITEC City,Commercial Office,Established,C,19,20260919,2026-09-19,80.2079,Reported,Estimation interval (±15-20%),10487.5575,Estimated,Estimation interval (±15-20%),6.1726,Estimated,Estimation interval (±15-20%),7.3869,Estimated,Estimation interval (±15-20%),,Missing,Not available,,Missing,Not available,71.8122,Derived,Estimation interval (±15-20%),,Missing,Not available,,Missing,Not available,9.1775
MKT-010_D020,MKT-010,Hyderabad,HITEC City,Commercial Office,Established,C,20,20260919,2026-09-19,68.7785,Reported,Estimation interval (±15-20%),6943.6298,Estimated,Estimation interval (±15-20%),5.7807,Estimated,Estimation interval (±15-20%),8.3103,Estimated,Estimation interval (±15-20%),,Missing,Not available,,Missing,Not available,69.4364,Derived,Estimation interval (±15-20%),,Missing,Not available,,Missing,Not available,11.8863
MKT-010_D021,MKT-010,Hyderabad,HITEC City,Commercial Office,Established,C,21,20260919,2026-09-19,65.3633,Reported,Estimation interval (±15-20%),9600.853,Estimated,Estimation interval (±15-20%),4.3826,Estimated,Estimation interval (±15-20%),8.3885,Estimated,Estimation interval (±15-20%),,Missing,Not available,,Missing,Not available,67.9542,Derived,Estimation interval (±15-20%),,Missing,Not available,,Missing,Not available,8.1697
MKT-010_D022,MKT-010,Hyderabad,HITEC City,Commercial Office,Established,C,22,20260919,2026-09-19,79.6755,Reported,Estimation interval (±15-20%),8465.9024,Estimated,Estimation interval (±15-20%),6.198,Estimated,Estimation interval (±15-20%),7.5284,Estimated,Estimation interval (±15-20%),,Missing,Not available,,Missing,Not available,60.879,Derived,Estimation interval (±15-20%),,Missing,Not available,,Missing,Not available,11.2936
MKT-010_D023,MKT-010,Hyderabad,HITEC City,Commercial Office,Established,C,23,20260919,2026-09-19,66.3314,Reported,Estimation interval (±15-20%),9587.4651,Estimated,Estimation interval (±15-20%),5.4835,Estimated,Estimation interval (±15-20%),5.1872,Estimated,Estimation interval (±15-20%),,Missing,Not available,,Missing,Not available,67.0196,Derived,Estimation interval (±15-20%),,Missing,Not available,,Missing,Not available,8.3023
MKT-010_D024,MKT-010,Hyderabad,HITEC City,Commercial Office,Established,C,24,20260919,2026-09-19,73.3466,Reported,Estimation interval (±15-20%),7258.2107,Estimated,Estimation interval (±15-20%),6.4982,Estimated,Estimation interval (±15-20%),9.7412,Estimated,Estimation interval (±15-20%),,Missing,Not available,,Missing,Not available,65.3494,Derived,Estimation interval (±15-20%),,Missing,Not available,,Missing,Not available,12.1264
MKT-010_D025,MKT-010,Hyderabad,HITEC City,Commercial Office,Established,C,25,20260919,2026-09-19,69.3047,Reported,Estimation interval (±15-20%),8037.1613,Estimated,Estimation interval (±15-20%),5.7695,Estimated,Estimation interval (±15-20%),6.0276,Estimated,Estimation interval (±15-20%),,Missing,Not available,,Missing,Not available,66.7991,Derived,Estimation interval (±15-20%),,Missing,Not available,,Missing,Not available,10.3476
MKT-010_D026,MKT-010,Hyderabad,HITEC City,Commercial Office,Established,C,26,20260919,2026-09-19,72.1687,Reported,Estimation interval (±15-20%),9519.0559,Estimated,Estimation interval (±15-20%),5.0989,Estimated,Estimation interval (±15-20%),7.3958,Estimated,Estimation interval (±15-20%),,Missing,Not available,,Missing,Not available,72.4875,Derived,Estimation interval (±15-20%),,Missing,Not available,,Missing,Not available,9.0978
MKT-010_D027,MKT-010,Hyderabad,HITEC City,Commercial Office,Established,C,27,20260919,2026-09-19,76.8678,Reported,Estimation interval (±15-20%),7813.3815,Estimated,Estimation interval (±15-20%),6.9008,Estimated,Estimation interval (±15-20%),5.2063,Estimated,Estimation interval (±15-20%),,Missing,Not available,,Missing,Not available,68.9371,Derived,Estimation interval (±15-20%),,Missing,Not available,,Missing,Not available,11.8056
MKT-010_D028,MKT-010,Hyderabad,HITEC City,Commercial Office,Established,C,28,20260919,2026-09-19,69.496,Reported,Estimation interval (±15-20%),9382.1036,Estimated,Estimation interval (±15-20%),4.6256,Estimated,Estimation interval (±15-20%),8.8756,Estimated,Estimation interval (±15-20%),,Missing,Not available,,Missing,Not available,68.9381,Derived,Estimation interval (±15-20%),,Missing,Not available,,Missing,Not available,8.8888
MKT-010_D029,MKT-010,Hyderabad,HITEC City,Commercial Office,Established,C,29,20260919,2026-09-19,65.8543,Reported,Estimation interval (±15-20%),8026.0201,Estimated,Estimation interval (±15-20%),6.833,Estimated,Estimation interval (±15-20%),5.7513,Estimated,Estimation interval (±15-20%),,Missing,Not available,,Missing,Not available,72.9227,Derived,Estimation interval (±15-20%),,Missing,Not available,,Missing,Not available,9.8461
MKT-010_D030,MKT-010,Hyderabad,HITEC City,Commercial Office,Established,C,30,20260919,2026-09-19,72.3588,Reported,Estimation interval (±15-20%),8729.8395,Estimated,Estimation interval (±15-20%),6.6297,Estimated,Estimation interval (±15-20%),5.9984,Estimated,Estimation interval (±15-20%),,Missing,Not available,,Missing,Not available,66.7031,Derived,Estimation interval (±15-20%),,Missing,Not available,,Missing,Not available,9.9464
MKT-010_D031,MKT-010,Hyderabad,HITEC City,Commercial Office,Established,C,31,20260919,2026-09-19,76.0171,Reported,Estimation interval (±15-20%),11638.8973,Estimated,Estimation interval (±15-20%),6.5835,Estimated,Estimation interval (±15-20%),9.8934,Estimated,Estimation interval (±15-20%),,Missing,Not available,,Missing,Not available,62.2378,Derived,Estimation interval (±15-20%),,Missing,Not available,,Missing,Not available,7.8376
MKT-010_D032,MKT-010,Hyderabad,HITEC City,Commercial Office,Established,C,32,20260919,2026-09-19,74.2832,Reported,Estimation interval (±15-20%),11360.8532,Estimated,Estimation interval (±15-20%),5.6399,Estimated,Estimation interval (±15-20%),7.1367,Estimated,Estimation interval (±15-20%),,Missing,Not available,,Missing,Not available,58.6683,Derived,Estimation interval (±15-20%),,Missing,Not available,,Missing,Not available,7.8462
MKT-010_D033,MKT-010,Hyderabad,HITEC City,Commercial Office,Established,C,33,20260919,2026-09-19,62.5641,Reported,Estimation interval (±15-20%),12464.5835,Estimated,Estimation interval (±15-20%),8.2419,Estimated,Estimation interval (±15-20%),6.7108,Estimated,Estimation interval (±15-20%),,Missing,Not available,,Missing,Not available,63.1889,Derived,Estimation interval (±15-20%),,Missing,Not available,,Missing,Not available,6.0232
MKT-010_D034,MKT-010,Hyderabad,HITEC City,Commercial Office,Established,C,34,20260919,2026-09-19,74.2535,Reported,Estimation interval (±15-20%),12170.0214,Estimated,Estimation interval (±15-20%),7.0342,Estimated,Estimation interval (±15-20%),8.6881,Estimated,Estimation interval (±15-20%),,Missing,Not available,,Missing,Not available,67.6796,Derived,Estimation interval (±15-20%),,Missing,Not available,,Missing,Not available,7.3216
MKT-010_D035,MKT-010,Hyderabad,HITEC City,Commercial Office,Established,C,35,20260919,2026-09-19,71.8445,Reported,Estimation interval (±15-20%),9802.2643,Estimated,Estimation interval (±15-20%),6.5866,Estimated,Estimation interval (±15-20%),9.9569,Estimated,Estimation interval (±15-20%),,Missing,Not available,,Missing,Not available,61.8012,Derived,Estimation interval (±15-20%),,Missing,Not available,,Missing,Not available,8.7953
MKT-010_D036,MKT-010,Hyderabad,HITEC City,Commercial Office,Established,C,36,20260919,2026-09-19,65.1608,Reported,Estimation interval (±15-20%),10086.0102,Estimated,Estimation interval (±15-20%),6.3777,Estimated,Estimation interval (±15-20%),7.2745,Estimated,Estimation interval (±15-20%),,Missing,Not available,,Missing,Not available,74.4279,Derived,Estimation interval (±15-20%),,Missing,Not available,,Missing,Not available,7.7526
MKT-010_D037,MKT-010,Hyderabad,HITEC City,Commercial Office,Established,C,37,20260919,2026-09-19,70.7482,Reported,Estimation interval (±15-20%),7546.5658,Estimated,Estimation interval (±15-20%),5.9071,Estimated,Estimation interval (±15-20%),7.1907,Estimated,Estimation interval (±15-20%),,Missing,Not available,,Missing,Not available,69.4526,Derived,Estimation interval (±15-20%),,Missing,Not available,,Missing,Not available,11.2499
MKT-010_D038,MKT-010,Hyderabad,HITEC City,Commercial Office,Established,C,38,20260919,2026-09-19,72.4726,Reported,Estimation interval (±15-20%),8405.7668,Estimated,Estimation interval (±15-20%),5.8463,Estimated,Estimation interval (±15-20%),6.9857,Estimated,Estimation interval (±15-20%),,Missing,Not available,,Missing,Not available,70.3032,Derived,Estimation interval (±15-20%),,Missing,Not available,,Missing,Not available,10.3461
MKT-010_D039,MKT-010,Hyderabad,HITEC City,Commercial Office,Established,C,39,20260919,2026-09-19,79.502,Reported,Estimation interval (±15-20%),7491.1171,Estimated,Estimation interval (±15-20%),4.2393,Estimated,Estimation interval (±15-20%),6.8658,Estimated,Estimation interval (±15-20%),,Missing,Not available,,Missing,Not available,65.2636,Derived,Estimation interval (±15-20%),,Missing,Not available,,Missing,Not available,12.7354
MKT-010_D040,MKT-010,Hyderabad,HITEC City,Commercial Office,Established,C,40,20260919,2026-09-19,80.283,Reported,Estimation interval (±15-20%),8516.0135,Estimated,Estimation interval (±15-20%),6.352,Estimated,Estimation interval (±15-20%),6.2428,Estimated,Estimation interval (±15-20%),,Missing,Not available,,Missing,Not available,62.2179,Derived,Estimation interval (±15-20%),,Missing,Not available,,Missing,Not available,11.3128
MKT-011_D001,MKT-011,Hyderabad,Gachibowli,Residential,Established,C,1,20260919,2026-09-19,27.4203,Reported,Estimation interval (±15-20%),7993.3398,Estimated,Estimation interval (±15-20%),7.5845,Estimated,Estimation interval (±15-20%),8.1222,Estimated,Estimation interval (±15-20%),,Missing,Not available,,Missing,Not available,74.2364,Derived,Estimation interval (±15-20%),,Missing,Not available,,Missing,Not available,4.1165
MKT-011_D002,MKT-011,Hyderabad,Gachibowli,Residential,Established,C,2,20260919,2026-09-19,33.9991,Reported,Estimation interval (±15-20%),7625.946,Estimated,Estimation interval (±15-20%),7.1881,Estimated,Estimation interval (±15-20%),10.536,Estimated,Estimation interval (±15-20%),,Missing,Not available,,Missing,Not available,66.4683,Derived,Estimation interval (±15-20%),,Missing,Not available,,Missing,Not available,5.35
MKT-011_D003,MKT-011,Hyderabad,Gachibowli,Residential,Established,C,3,20260919,2026-09-19,29.2473,Reported,Estimation interval (±15-20%),10602.5653,Estimated,Estimation interval (±15-20%),8.5535,Estimated,Estimation interval (±15-20%),6.3647,Estimated,Estimation interval (±15-20%),,Missing,Not available,,Missing,Not available,76.3609,Derived,Estimation interval (±15-20%),,Missing,Not available,,Missing,Not available,3.3102
MKT-011_D004,MKT-011,Hyderabad,Gachibowli,Residential,Established,C,4,20260919,2026-09-19,25.9925,Reported,Estimation interval (±15-20%),8812.6899,Estimated,Estimation interval (±15-20%),6.5898,Estimated,Estimation interval (±15-20%),5.1775,Estimated,Estimation interval (±15-20%),,Missing,Not available,,Missing,Not available,61.594,Derived,Estimation interval (±15-20%),,Missing,Not available,,Missing,Not available,3.5393
MKT-011_D005,MKT-011,Hyderabad,Gachibowli,Residential,Established,C,5,20260919,2026-09-19,29.4866,Reported,Estimation interval (±15-20%),9063.7848,Estimated,Estimation interval (±15-20%),4.8675,Estimated,Estimation interval (±15-20%),11.3916,Estimated,Estimation interval (±15-20%),,Missing,Not available,,Missing,Not available,74.147,Derived,Estimation interval (±15-20%),,Missing,Not available,,Missing,Not available,3.9039
MKT-011_D006,MKT-011,Hyderabad,Gachibowli,Residential,Established,C,6,20260919,2026-09-19,36.3521,Reported,Estimation interval (±15-20%),9121.2911,Estimated,Estimation interval (±15-20%),7.4152,Estimated,Estimation interval (±15-20%),10.1746,Estimated,Estimation interval (±15-20%),,Missing,Not available,,Missing,Not available,67.6124,Derived,Estimation interval (±15-20%),,Missing,Not available,,Missing,Not available,4.7825
MKT-011_D007,MKT-011,Hyderabad,Gachibowli,Residential,Established,C,7,20260919,2026-09-19,33.3838,Reported,Estimation interval (±15-20%),8714.6166,Estimated,Estimation interval (±15-20%),8.2448,Estimated,Estimation interval (±15-20%),7.9395,Estimated,Estimation interval (±15-20%),,Missing,Not available,,Missing,Not available,64.888,Derived,Estimation interval (±15-20%),,Missing,Not available,,Missing,Not available,4.5969
MKT-011_D008,MKT-011,Hyderabad,Gachibowli,Residential,Established,C,8,20260919,2026-09-19,31.9872,Reported,Estimation interval (±15-20%),7649.2389,Estimated,Estimation interval (±15-20%),7.3118,Estimated,Estimation interval (±15-20%),11.3856,Estimated,Estimation interval (±15-20%),,Missing,Not available,,Missing,Not available,69.0513,Derived,Estimation interval (±15-20%),,Missing,Not available,,Missing,Not available,5.0181
MKT-011_D009,MKT-011,Hyderabad,Gachibowli,Residential,Established,C,9,20260919,2026-09-19,25.7769,Reported,Estimation interval (±15-20%),6648.3019,Estimated,Estimation interval (±15-20%),7.9664,Estimated,Estimation interval (±15-20%),9.1097,Estimated,Estimation interval (±15-20%),,Missing,Not available,,Missing,Not available,70.6387,Derived,Estimation interval (±15-20%),,Missing,Not available,,Missing,Not available,4.6527
MKT-011_D010,MKT-011,Hyderabad,Gachibowli,Residential,Established,C,10,20260919,2026-09-19,27.4499,Reported,Estimation interval (±15-20%),10873.4913,Estimated,Estimation interval (±15-20%),5.648,Estimated,Estimation interval (±15-20%),9.4479,Estimated,Estimation interval (±15-20%),,Missing,Not available,,Missing,Not available,74.7575,Derived,Estimation interval (±15-20%),,Missing,Not available,,Missing,Not available,3.0294
MKT-011_D011,MKT-011,Hyderabad,Gachibowli,Residential,Established,C,11,20260919,2026-09-19,36.5285,Reported,Estimation interval (±15-20%),7801.1886,Estimated,Estimation interval (±15-20%),5.3254,Estimated,Estimation interval (±15-20%),7.4297,Estimated,Estimation interval (±15-20%),,Missing,Not available,,Missing,Not available,69.3793,Derived,Estimation interval (±15-20%),,Missing,Not available,,Missing,Not available,5.6189
MKT-011_D012,MKT-011,Hyderabad,Gachibowli,Residential,Established,C,12,20260919,2026-09-19,31.6954,Reported,Estimation interval (±15-20%),12055.4244,Estimated,Estimation interval (±15-20%),6.5752,Estimated,Estimation interval (±15-20%),9.3902,Estimated,Estimation interval (±15-20%),,Missing,Not available,,Missing,Not available,63.2095,Derived,Estimation interval (±15-20%),,Missing,Not available,,Missing,Not available,3.155
MKT-011_D013,MKT-011,Hyderabad,Gachibowli,Residential,Established,C,13,20260919,2026-09-19,37.214,Reported,Estimation interval (±15-20%),10013.7708,Estimated,Estimation interval (±15-20%),8.3419,Estimated,Estimation interval (±15-20%),8.5552,Estimated,Estimation interval (±15-20%),,Missing,Not available,,Missing,Not available,68.2846,Derived,Estimation interval (±15-20%),,Missing,Not available,,Missing,Not available,4.4595
MKT-011_D014,MKT-011,Hyderabad,Gachibowli,Residential,Established,C,14,20260919,2026-09-19,28.0596,Reported,Estimation interval (±15-20%),9934.9327,Estimated,Estimation interval (±15-20%),6.4365,Estimated,Estimation interval (±15-20%),8.4148,Estimated,Estimation interval (±15-20%),,Missing,Not available,,Missing,Not available,67.1175,Derived,Estimation interval (±15-20%),,Missing,Not available,,Missing,Not available,3.3892
MKT-011_D015,MKT-011,Hyderabad,Gachibowli,Residential,Established,C,15,20260919,2026-09-19,32.4452,Reported,Estimation interval (±15-20%),11551.9581,Estimated,Estimation interval (±15-20%),8.0296,Estimated,Estimation interval (±15-20%),11.5933,Estimated,Estimation interval (±15-20%),,Missing,Not available,,Missing,Not available,65.7098,Derived,Estimation interval (±15-20%),,Missing,Not available,,Missing,Not available,3.3704
MKT-011_D016,MKT-011,Hyderabad,Gachibowli,Residential,Established,C,16,20260919,2026-09-19,37.5105,Reported,Estimation interval (±15-20%),10480.1751,Estimated,Estimation interval (±15-20%),5.7872,Estimated,Estimation interval (±15-20%),11.3836,Estimated,Estimation interval (±15-20%),,Missing,Not available,,Missing,Not available,67.1461,Derived,Estimation interval (±15-20%),,Missing,Not available,,Missing,Not available,4.295
MKT-011_D017,MKT-011,Hyderabad,Gachibowli,Residential,Established,C,17,20260919,2026-09-19,38.4573,Reported,Estimation interval (±15-20%),11224.6763,Estimated,Estimation interval (±15-20%),5.3146,Estimated,Estimation interval (±15-20%),7.6301,Estimated,Estimation interval (±15-20%),,Missing,Not available,,Missing,Not available,65.53,Derived,Estimation interval (±15-20%),,Missing,Not available,,Missing,Not available,4.1114
MKT-011_D018,MKT-011,Hyderabad,Gachibowli,Residential,Established,C,18,20260919,2026-09-19,32.2032,Reported,Estimation interval (±15-20%),11442.5842,Estimated,Estimation interval (±15-20%),7.0252,Estimated,Estimation interval (±15-20%),7.9822,Estimated,Estimation interval (±15-20%),,Missing,Not available,,Missing,Not available,76.4059,Derived,Estimation interval (±15-20%),,Missing,Not available,,Missing,Not available,3.3772
MKT-011_D019,MKT-011,Hyderabad,Gachibowli,Residential,Established,C,19,20260919,2026-09-19,31.5796,Reported,Estimation interval (±15-20%),8640.5734,Estimated,Estimation interval (±15-20%),5.611,Estimated,Estimation interval (±15-20%),6.7744,Estimated,Estimation interval (±15-20%),,Missing,Not available,,Missing,Not available,68.5112,Derived,Estimation interval (±15-20%),,Missing,Not available,,Missing,Not available,4.3858
MKT-011_D020,MKT-011,Hyderabad,Gachibowli,Residential,Established,C,20,20260919,2026-09-19,25.4334,Reported,Estimation interval (±15-20%),9911.4897,Estimated,Estimation interval (±15-20%),6.629,Estimated,Estimation interval (±15-20%),11.5562,Estimated,Estimation interval (±15-20%),,Missing,Not available,,Missing,Not available,69.5514,Derived,Estimation interval (±15-20%),,Missing,Not available,,Missing,Not available,3.0793
MKT-011_D021,MKT-011,Hyderabad,Gachibowli,Residential,Established,C,21,20260919,2026-09-19,26.9541,Reported,Estimation interval (±15-20%),10879.352,Estimated,Estimation interval (±15-20%),9.3461,Estimated,Estimation interval (±15-20%),7.9446,Estimated,Estimation interval (±15-20%),,Missing,Not available,,Missing,Not available,71.769,Derived,Estimation interval (±15-20%),,Missing,Not available,,Missing,Not available,2.9731
MKT-011_D022,MKT-011,Hyderabad,Gachibowli,Residential,Established,C,22,20260919,2026-09-19,31.9094,Reported,Estimation interval (±15-20%),8341.8265,Estimated,Estimation interval (±15-20%),9.362,Estimated,Estimation interval (±15-20%),12.6305,Estimated,Estimation interval (±15-20%),,Missing,Not available,,Missing,Not available,72.4809,Derived,Estimation interval (±15-20%),,Missing,Not available,,Missing,Not available,4.5903
MKT-011_D023,MKT-011,Hyderabad,Gachibowli,Residential,Established,C,23,20260919,2026-09-19,33.7889,Reported,Estimation interval (±15-20%),8639.1892,Estimated,Estimation interval (±15-20%),7.5712,Estimated,Estimation interval (±15-20%),6.5766,Estimated,Estimation interval (±15-20%),,Missing,Not available,,Missing,Not available,75.1876,Derived,Estimation interval (±15-20%),,Missing,Not available,,Missing,Not available,4.6933
MKT-011_D024,MKT-011,Hyderabad,Gachibowli,Residential,Established,C,24,20260919,2026-09-19,25.3108,Reported,Estimation interval (±15-20%),8585.4486,Estimated,Estimation interval (±15-20%),5.8192,Estimated,Estimation interval (±15-20%),7.9158,Estimated,Estimation interval (±15-20%),,Missing,Not available,,Missing,Not available,66.2838,Derived,Estimation interval (±15-20%),,Missing,Not available,,Missing,Not available,3.5377
MKT-011_D025,MKT-011,Hyderabad,Gachibowli,Residential,Established,C,25,20260919,2026-09-19,30.8547,Reported,Estimation interval (±15-20%),8791.4799,Estimated,Estimation interval (±15-20%),7.0118,Estimated,Estimation interval (±15-20%),8.8828,Estimated,Estimation interval (±15-20%),,Missing,Not available,,Missing,Not available,71.8646,Derived,Estimation interval (±15-20%),,Missing,Not available,,Missing,Not available,4.2115
MKT-011_D026,MKT-011,Hyderabad,Gachibowli,Residential,Established,C,26,20260919,2026-09-19,28.2536,Reported,Estimation interval (±15-20%),12467.7124,Estimated,Estimation interval (±15-20%),6.8152,Estimated,Estimation interval (±15-20%),10.2701,Estimated,Estimation interval (±15-20%),,Missing,Not available,,Missing,Not available,64.5405,Derived,Estimation interval (±15-20%),,Missing,Not available,,Missing,Not available,2.7194
MKT-011_D027,MKT-011,Hyderabad,Gachibowli,Residential,Established,C,27,20260919,2026-09-19,29.3844,Reported,Estimation interval (±15-20%),11005.8491,Estimated,Estimation interval (±15-20%),8.5631,Estimated,Estimation interval (±15-20%),7.9116,Estimated,Estimation interval (±15-20%),,Missing,Not available,,Missing,Not available,64.1018,Derived,Estimation interval (±15-20%),,Missing,Not available,,Missing,Not available,3.2039
MKT-011_D028,MKT-011,Hyderabad,Gachibowli,Residential,Established,C,28,20260919,2026-09-19,24.0148,Reported,Estimation interval (±15-20%),9450.6297,Estimated,Estimation interval (±15-20%),8.2496,Estimated,Estimation interval (±15-20%),6.1424,Estimated,Estimation interval (±15-20%),,Missing,Not available,,Missing,Not available,67.6994,Derived,Estimation interval (±15-20%),,Missing,Not available,,Missing,Not available,3.0493
MKT-011_D029,MKT-011,Hyderabad,Gachibowli,Residential,Established,C,29,20260919,2026-09-19,29.489,Reported,Estimation interval (±15-20%),8261.6682,Estimated,Estimation interval (±15-20%),6.7224,Estimated,Estimation interval (±15-20%),7.2503,Estimated,Estimation interval (±15-20%),,Missing,Not available,,Missing,Not available,68.3181,Derived,Estimation interval (±15-20%),,Missing,Not available,,Missing,Not available,4.2833
MKT-011_D030,MKT-011,Hyderabad,Gachibowli,Residential,Established,C,30,20260919,2026-09-19,34.9483,Reported,Estimation interval (±15-20%),9592.8707,Estimated,Estimation interval (±15-20%),6.9349,Estimated,Estimation interval (±15-20%),6.5907,Estimated,Estimation interval (±15-20%),,Missing,Not available,,Missing,Not available,70.9054,Derived,Estimation interval (±15-20%),,Missing,Not available,,Missing,Not available,4.3718
MKT-011_D031,MKT-011,Hyderabad,Gachibowli,Residential,Established,C,31,20260919,2026-09-19,32.5422,Reported,Estimation interval (±15-20%),11565.5391,Estimated,Estimation interval (±15-20%),5.8975,Estimated,Estimation interval (±15-20%),10.0226,Estimated,Estimation interval (±15-20%),,Missing,Not available,,Missing,Not available,64.0005,Derived,Estimation interval (±15-20%),,Missing,Not available,,Missing,Not available,3.3765
MKT-011_D032,MKT-011,Hyderabad,Gachibowli,Residential,Established,C,32,20260919,2026-09-19,31.3892,Reported,Estimation interval (±15-20%),10325.5751,Estimated,Estimation interval (±15-20%),7.9587,Estimated,Estimation interval (±15-20%),8.7173,Estimated,Estimation interval (±15-20%),,Missing,Not available,,Missing,Not available,73.5226,Derived,Estimation interval (±15-20%),,Missing,Not available,,Missing,Not available,3.6479
MKT-011_D033,MKT-011,Hyderabad,Gachibowli,Residential,Established,C,33,20260919,2026-09-19,32.1007,Reported,Estimation interval (±15-20%),6943.0634,Estimated,Estimation interval (±15-20%),7.4819,Estimated,Estimation interval (±15-20%),7.1695,Estimated,Estimation interval (±15-20%),,Missing,Not available,,Missing,Not available,73.182,Derived,Estimation interval (±15-20%),,Missing,Not available,,Missing,Not available,5.5481
MKT-011_D034,MKT-011,Hyderabad,Gachibowli,Residential,Established,C,34,20260919,2026-09-19,29.8722,Reported,Estimation interval (±15-20%),6734.2955,Estimated,Estimation interval (±15-20%),7.1291,Estimated,Estimation interval (±15-20%),8.0331,Estimated,Estimation interval (±15-20%),,Missing,Not available,,Missing,Not available,73.8616,Derived,Estimation interval (±15-20%),,Missing,Not available,,Missing,Not available,5.323
MKT-011_D035,MKT-011,Hyderabad,Gachibowli,Residential,Established,C,35,20260919,2026-09-19,28.9593,Reported,Estimation interval (±15-20%),6648.3471,Estimated,Estimation interval (±15-20%),8.9421,Estimated,Estimation interval (±15-20%),7.764,Estimated,Estimation interval (±15-20%),,Missing,Not available,,Missing,Not available,70.415,Derived,Estimation interval (±15-20%),,Missing,Not available,,Missing,Not available,5.227
MKT-011_D036,MKT-011,Hyderabad,Gachibowli,Residential,Established,C,36,20260919,2026-09-19,32.8358,Reported,Estimation interval (±15-20%),10236.6111,Estimated,Estimation interval (±15-20%),4.9866,Estimated,Estimation interval (±15-20%),10.038,Estimated,Estimation interval (±15-20%),,Missing,Not available,,Missing,Not available,66.774,Derived,Estimation interval (±15-20%),,Missing,Not available,,Missing,Not available,3.8492
MKT-011_D037,MKT-011,Hyderabad,Gachibowli,Residential,Established,C,37,20260919,2026-09-19,33.8071,Reported,Estimation interval (±15-20%),9646.3593,Estimated,Estimation interval (±15-20%),5.7971,Estimated,Estimation interval (±15-20%),6.3254,Estimated,Estimation interval (±15-20%),,Missing,Not available,,Missing,Not available,69.586,Derived,Estimation interval (±15-20%),,Missing,Not available,,Missing,Not available,4.2056
MKT-011_D038,MKT-011,Hyderabad,Gachibowli,Residential,Established,C,38,20260919,2026-09-19,29.1251,Reported,Estimation interval (±15-20%),8755.477,Estimated,Estimation interval (±15-20%),5.2143,Estimated,Estimation interval (±15-20%),6.2636,Estimated,Estimation interval (±15-20%),,Missing,Not available,,Missing,Not available,69.0025,Derived,Estimation interval (±15-20%),,Missing,Not available,,Missing,Not available,3.9918
MKT-011_D039,MKT-011,Hyderabad,Gachibowli,Residential,Established,C,39,20260919,2026-09-19,34.1794,Reported,Estimation interval (±15-20%),10090.0423,Estimated,Estimation interval (±15-20%),6.4164,Estimated,Estimation interval (±15-20%),8.8162,Estimated,Estimation interval (±15-20%),,Missing,Not available,,Missing,Not available,72.1207,Derived,Estimation interval (±15-20%),,Missing,Not available,,Missing,Not available,4.0649
MKT-011_D040,MKT-011,Hyderabad,Gachibowli,Residential,Established,C,40,20260919,2026-09-19,38.2229,Reported,Estimation interval (±15-20%),8682.8315,Estimated,Estimation interval (±15-20%),7.5708,Estimated,Estimation interval (±15-20%),7.5149,Estimated,Estimation interval (±15-20%),,Missing,Not available,,Missing,Not available,77.3523,Derived,Estimation interval (±15-20%),,Missing,Not available,,Missing,Not available,5.2825
MKT-012_D001,MKT-012,Hyderabad,Banjara Hills,Residential,Premium,D,1,20260919,2026-09-19,33.7666,Estimated,Estimation interval (±20-30%),9126.5561,Estimated,Estimation interval (±20-30%),5.8465,Estimated,Estimation interval (±20-30%),11.0953,Estimated,Estimation interval (±20-30%),,Missing,Not available,,Missing,Not available,87.745,Derived,Estimation interval (±20-30%),,Missing,Not available,,Missing,Not available,4.4398
MKT-012_D002,MKT-012,Hyderabad,Banjara Hills,Residential,Premium,D,2,20260919,2026-09-19,42.3338,Estimated,Estimation interval (±20-30%),11455.159,Estimated,Estimation interval (±20-30%),7.1193,Estimated,Estimation interval (±20-30%),10.0739,Estimated,Estimation interval (±20-30%),,Missing,Not available,,Missing,Not available,72.0781,Derived,Estimation interval (±20-30%),,Missing,Not available,,Missing,Not available,4.4347
MKT-012_D003,MKT-012,Hyderabad,Banjara Hills,Residential,Premium,D,3,20260919,2026-09-19,46.2224,Estimated,Estimation interval (±20-30%),11596.395,Estimated,Estimation interval (±20-30%),8.4369,Estimated,Estimation interval (±20-30%),9.4543,Estimated,Estimation interval (±20-30%),,Missing,Not available,,Missing,Not available,71.6719,Derived,Estimation interval (±20-30%),,Missing,Not available,,Missing,Not available,4.7831
MKT-012_D004,MKT-012,Hyderabad,Banjara Hills,Residential,Premium,D,4,20260919,2026-09-19,42.0612,Estimated,Estimation interval (±20-30%),10185.5334,Estimated,Estimation interval (±20-30%),6.3512,Estimated,Estimation interval (±20-30%),10.6132,Estimated,Estimation interval (±20-30%),,Missing,Not available,,Missing,Not available,65.4105,Derived,Estimation interval (±20-30%),,Missing,Not available,,Missing,Not available,4.9554
MKT-012_D005,MKT-012,Hyderabad,Banjara Hills,Residential,Premium,D,5,20260919,2026-09-19,42.8382,Estimated,Estimation interval (±20-30%),10063.6924,Estimated,Estimation interval (±20-30%),8.0919,Estimated,Estimation interval (±20-30%),12.757,Estimated,Estimation interval (±20-30%),,Missing,Not available,,Missing,Not available,77.9538,Derived,Estimation interval (±20-30%),,Missing,Not available,,Missing,Not available,5.108
MKT-012_D006,MKT-012,Hyderabad,Banjara Hills,Residential,Premium,D,6,20260919,2026-09-19,43.2267,Estimated,Estimation interval (±20-30%),10294.9339,Estimated,Estimation interval (±20-30%),6.5833,Estimated,Estimation interval (±20-30%),9.3191,Estimated,Estimation interval (±20-30%),,Missing,Not available,,Missing,Not available,77.6304,Derived,Estimation interval (±20-30%),,Missing,Not available,,Missing,Not available,5.0386
MKT-012_D007,MKT-012,Hyderabad,Banjara Hills,Residential,Premium,D,7,20260919,2026-09-19,35.6202,Estimated,Estimation interval (±20-30%),14115.4051,Estimated,Estimation interval (±20-30%),7.7578,Estimated,Estimation interval (±20-30%),9.3781,Estimated,Estimation interval (±20-30%),,Missing,Not available,,Missing,Not available,75.9732,Derived,Estimation interval (±20-30%),,Missing,Not available,,Missing,Not available,3.0282
MKT-012_D008,MKT-012,Hyderabad,Banjara Hills,Residential,Premium,D,8,20260919,2026-09-19,33.3233,Estimated,Estimation interval (±20-30%),9130.5037,Estimated,Estimation interval (±20-30%),7.5993,Estimated,Estimation interval (±20-30%),9.9689,Estimated,Estimation interval (±20-30%),,Missing,Not available,,Missing,Not available,79.0045,Derived,Estimation interval (±20-30%),,Missing,Not available,,Missing,Not available,4.3796
MKT-012_D009,MKT-012,Hyderabad,Banjara Hills,Residential,Premium,D,9,20260919,2026-09-19,48.3814,Estimated,Estimation interval (±20-30%),11248.0244,Estimated,Estimation interval (±20-30%),8.8767,Estimated,Estimation interval (±20-30%),10.4129,Estimated,Estimation interval (±20-30%),,Missing,Not available,,Missing,Not available,85.0592,Derived,Estimation interval (±20-30%),,Missing,Not available,,Missing,Not available,5.1616
MKT-012_D010,MKT-012,Hyderabad,Banjara Hills,Residential,Premium,D,10,20260919,2026-09-19,38.699,Estimated,Estimation interval (±20-30%),14206.2176,Estimated,Estimation interval (±20-30%),8.7915,Estimated,Estimation interval (±20-30%),11.2013,Estimated,Estimation interval (±20-30%),,Missing,Not available,,Missing,Not available,75.6503,Derived,Estimation interval (±20-30%),,Missing,Not available,,Missing,Not available,3.2689
MKT-012_D011,MKT-012,Hyderabad,Banjara Hills,Residential,Premium,D,11,20260919,2026-09-19,39.1896,Estimated,Estimation interval (±20-30%),11248.1311,Estimated,Estimation interval (±20-30%),6.3865,Estimated,Estimation interval (±20-30%),10.4774,Estimated,Estimation interval (±20-30%),,Missing,Not available,,Missing,Not available,74.5701,Derived,Estimation interval (±20-30%),,Missing,Not available,,Missing,Not available,4.1809
MKT-012_D012,MKT-012,Hyderabad,Banjara Hills,Residential,Premium,D,12,20260919,2026-09-19,40.1169,Estimated,Estimation interval (±20-30%),12187.3049,Estimated,Estimation interval (±20-30%),7.2081,Estimated,Estimation interval (±20-30%),8.2326,Estimated,Estimation interval (±20-30%),,Missing,Not available,,Missing,Not available,85.9712,Derived,Estimation interval (±20-30%),,Missing,Not available,,Missing,Not available,3.95
MKT-012_D013,MKT-012,Hyderabad,Banjara Hills,Residential,Premium,D,13,20260919,2026-09-19,32.6434,Estimated,Estimation interval (±20-30%),12606.8923,Estimated,Estimation interval (±20-30%),10.2286,Estimated,Estimation interval (±20-30%),10.7777,Estimated,Estimation interval (±20-30%),,Missing,Not available,,Missing,Not available,65.969,Derived,Estimation interval (±20-30%),,Missing,Not available,,Missing,Not available,3.1072
MKT-012_D014,MKT-012,Hyderabad,Banjara Hills,Residential,Premium,D,14,20260919,2026-09-19,43.8366,Estimated,Estimation interval (±20-30%),14396.1177,Estimated,Estimation interval (±20-30%),6.7715,Estimated,Estimation interval (±20-30%),9.6203,Estimated,Estimation interval (±20-30%),,Missing,Not available,,Missing,Not available,76.317,Derived,Estimation interval (±20-30%),,Missing,Not available,,Missing,Not available,3.654
MKT-012_D015,MKT-012,Hyderabad,Banjara Hills,Residential,Premium,D,15,20260919,2026-09-19,41.9234,Estimated,Estimation interval (±20-30%),13399.6853,Estimated,Estimation interval (±20-30%),6.2572,Estimated,Estimation interval (±20-30%),8.2403,Estimated,Estimation interval (±20-30%),,Missing,Not available,,Missing,Not available,72.0459,Derived,Estimation interval (±20-30%),,Missing,Not available,,Missing,Not available,3.7544
MKT-012_D016,MKT-012,Hyderabad,Banjara Hills,Residential,Premium,D,16,20260919,2026-09-19,42.2298,Estimated,Estimation interval (±20-30%),14979.7154,Estimated,Estimation interval (±20-30%),7.5406,Estimated,Estimation interval (±20-30%),11.0618,Estimated,Estimation interval (±20-30%),,Missing,Not available,,Missing,Not available,80.9968,Derived,Estimation interval (±20-30%),,Missing,Not available,,Missing,Not available,3.383
MKT-012_D017,MKT-012,Hyderabad,Banjara Hills,Residential,Premium,D,17,20260919,2026-09-19,40.611,Estimated,Estimation interval (±20-30%),10776.9624,Estimated,Estimation interval (±20-30%),8.5943,Estimated,Estimation interval (±20-30%),10.3787,Estimated,Estimation interval (±20-30%),,Missing,Not available,,Missing,Not available,75.5993,Derived,Estimation interval (±20-30%),,Missing,Not available,,Missing,Not available,4.522
MKT-012_D018,MKT-012,Hyderabad,Banjara Hills,Residential,Premium,D,18,20260919,2026-09-19,39.0984,Estimated,Estimation interval (±20-30%),10920.6276,Estimated,Estimation interval (±20-30%),8.7529,Estimated,Estimation interval (±20-30%),10.1953,Estimated,Estimation interval (±20-30%),,Missing,Not available,,Missing,Not available,83.1593,Derived,Estimation interval (±20-30%),,Missing,Not available,,Missing,Not available,4.2963
MKT-012_D019,MKT-012,Hyderabad,Banjara Hills,Residential,Premium,D,19,20260919,2026-09-19,34.3084,Estimated,Estimation interval (±20-30%),15802.8227,Estimated,Estimation interval (±20-30%),8.0916,Estimated,Estimation interval (±20-30%),8.8259,Estimated,Estimation interval (±20-30%),,Missing,Not available,,Missing,Not available,72.1441,Derived,Estimation interval (±20-30%),,Missing,Not available,,Missing,Not available,2.6052
MKT-012_D020,MKT-012,Hyderabad,Banjara Hills,Residential,Premium,D,20,20260919,2026-09-19,43.5299,Estimated,Estimation interval (±20-30%),14122.0532,Estimated,Estimation interval (±20-30%),7.3436,Estimated,Estimation interval (±20-30%),9.6038,Estimated,Estimation interval (±20-30%),,Missing,Not available,,Missing,Not available,74.9449,Derived,Estimation interval (±20-30%),,Missing,Not available,,Missing,Not available,3.6989
MKT-012_D021,MKT-012,Hyderabad,Banjara Hills,Residential,Premium,D,21,20260919,2026-09-19,31.5641,Estimated,Estimation interval (±20-30%),13092.1325,Estimated,Estimation interval (±20-30%),8.5572,Estimated,Estimation interval (±20-30%),7.8236,Estimated,Estimation interval (±20-30%),,Missing,Not available,,Missing,Not available,82.0844,Derived,Estimation interval (±20-30%),,Missing,Not available,,Missing,Not available,2.8931
MKT-012_D022,MKT-012,Hyderabad,Banjara Hills,Residential,Premium,D,22,20260919,2026-09-19,43.6433,Estimated,Estimation interval (±20-30%),9968.5163,Estimated,Estimation interval (±20-30%),11.0296,Estimated,Estimation interval (±20-30%),7.8899,Estimated,Estimation interval (±20-30%),,Missing,Not available,,Missing,Not available,77.2944,Derived,Estimation interval (±20-30%),,Missing,Not available,,Missing,Not available,5.2537
MKT-012_D023,MKT-012,Hyderabad,Banjara Hills,Residential,Premium,D,23,20260919,2026-09-19,32.281,Estimated,Estimation interval (±20-30%),14714.3675,Estimated,Estimation interval (±20-30%),8.62,Estimated,Estimation interval (±20-30%),10.7501,Estimated,Estimation interval (±20-30%),,Missing,Not available,,Missing,Not available,77.7168,Derived,Estimation interval (±20-30%),,Missing,Not available,,Missing,Not available,2.6326
MKT-012_D024,MKT-012,Hyderabad,Banjara Hills,Residential,Premium,D,24,20260919,2026-09-19,42.8521,Estimated,Estimation interval (±20-30%),13238.6908,Estimated,Estimation interval (±20-30%),8.6292,Estimated,Estimation interval (±20-30%),9.9671,Estimated,Estimation interval (±20-30%),,Missing,Not available,,Missing,Not available,74.4581,Derived,Estimation interval (±20-30%),,Missing,Not available,,Missing,Not available,3.8843
MKT-012_D025,MKT-012,Hyderabad,Banjara Hills,Residential,Premium,D,25,20260919,2026-09-19,39.1717,Estimated,Estimation interval (±20-30%),14588.7447,Estimated,Estimation interval (±20-30%),6.3929,Estimated,Estimation interval (±20-30%),13.5913,Estimated,Estimation interval (±20-30%),,Missing,Not available,,Missing,Not available,75.0867,Derived,Estimation interval (±20-30%),,Missing,Not available,,Missing,Not available,3.2221
MKT-012_D026,MKT-012,Hyderabad,Banjara Hills,Residential,Premium,D,26,20260919,2026-09-19,42.51,Estimated,Estimation interval (±20-30%),10013.2615,Estimated,Estimation interval (±20-30%),9.0593,Estimated,Estimation interval (±20-30%),10.5459,Estimated,Estimation interval (±20-30%),,Missing,Not available,,Missing,Not available,78.1527,Derived,Estimation interval (±20-30%),,Missing,Not available,,Missing,Not available,5.0944
MKT-012_D027,MKT-012,Hyderabad,Banjara Hills,Residential,Premium,D,27,20260919,2026-09-19,39.7439,Estimated,Estimation interval (±20-30%),8795.19,Estimated,Estimation interval (±20-30%),10.2977,Estimated,Estimation interval (±20-30%),8.2668,Estimated,Estimation interval (±20-30%),,Missing,Not available,,Missing,Not available,75.344,Derived,Estimation interval (±20-30%),,Missing,Not available,,Missing,Not available,5.4226
MKT-012_D028,MKT-012,Hyderabad,Banjara Hills,Residential,Premium,D,28,20260919,2026-09-19,33.7504,Estimated,Estimation interval (±20-30%),10702.0776,Estimated,Estimation interval (±20-30%),7.2844,Estimated,Estimation interval (±20-30%),9.8725,Estimated,Estimation interval (±20-30%),,Missing,Not available,,Missing,Not available,77.5035,Derived,Estimation interval (±20-30%),,Missing,Not available,,Missing,Not available,3.7844
MKT-012_D029,MKT-012,Hyderabad,Banjara Hills,Residential,Premium,D,29,20260919,2026-09-19,32.5525,Estimated,Estimation interval (±20-30%),12212.7638,Estimated,Estimation interval (±20-30%),6.6544,Estimated,Estimation interval (±20-30%),11.3789,Estimated,Estimation interval (±20-30%),,Missing,Not available,,Missing,Not available,86.6087,Derived,Estimation interval (±20-30%),,Missing,Not available,,Missing,Not available,3.1985
MKT-012_D030,MKT-012,Hyderabad,Banjara Hills,Residential,Premium,D,30,20260919,2026-09-19,39.4341,Estimated,Estimation interval (±20-30%),9047.3823,Estimated,Estimation interval (±20-30%),9.5992,Estimated,Estimation interval (±20-30%),10.0255,Estimated,Estimation interval (±20-30%),,Missing,Not available,,Missing,Not available,80.1766,Derived,Estimation interval (±20-30%),,Missing,Not available,,Missing,Not available,5.2303
MKT-012_D031,MKT-012,Hyderabad,Banjara Hills,Residential,Premium,D,31,20260919,2026-09-19,40.9516,Estimated,Estimation interval (±20-30%),8590.3868,Estimated,Estimation interval (±20-30%),7.7592,Estimated,Estimation interval (±20-30%),11.7203,Estimated,Estimation interval (±20-30%),,Missing,Not available,,Missing,Not available,85.7792,Derived,Estimation interval (±20-30%),,Missing,Not available,,Missing,Not available,5.7206
MKT-012_D032,MKT-012,Hyderabad,Banjara Hills,Residential,Premium,D,32,20260919,2026-09-19,46.7929,Estimated,Estimation interval (±20-30%),13592.5254,Estimated,Estimation interval (±20-30%),7.2727,Estimated,Estimation interval (±20-30%),9.4383,Estimated,Estimation interval (±20-30%),,Missing,Not available,,Missing,Not available,82.4102,Derived,Estimation interval (±20-30%),,Missing,Not available,,Missing,Not available,4.1311
MKT-012_D033,MKT-012,Hyderabad,Banjara Hills,Residential,Premium,D,33,20260919,2026-09-19,40.2292,Estimated,Estimation interval (±20-30%),9327.8896,Estimated,Estimation interval (±20-30%),9.5741,Estimated,Estimation interval (±20-30%),12.4047,Estimated,Estimation interval (±20-30%),,Missing,Not available,,Missing,Not available,76.0185,Derived,Estimation interval (±20-30%),,Missing,Not available,,Missing,Not available,5.1753
MKT-012_D034,MKT-012,Hyderabad,Banjara Hills,Residential,Premium,D,34,20260919,2026-09-19,37.3658,Estimated,Estimation interval (±20-30%),13171.2153,Estimated,Estimation interval (±20-30%),8.5221,Estimated,Estimation interval (±20-30%),9.7038,Estimated,Estimation interval (±20-30%),,Missing,Not available,,Missing,Not available,79.9605,Derived,Estimation interval (±20-30%),,Missing,Not available,,Missing,Not available,3.4043
MKT-012_D035,MKT-012,Hyderabad,Banjara Hills,Residential,Premium,D,35,20260919,2026-09-19,35.3503,Estimated,Estimation interval (±20-30%),14010.9733,Estimated,Estimation interval (±20-30%),6.6809,Estimated,Estimation interval (±20-30%),8.9083,Estimated,Estimation interval (±20-30%),,Missing,Not available,,Missing,Not available,72.9314,Derived,Estimation interval (±20-30%),,Missing,Not available,,Missing,Not available,3.0277
MKT-012_D036,MKT-012,Hyderabad,Banjara Hills,Residential,Premium,D,36,20260919,2026-09-19,40.069,Estimated,Estimation interval (±20-30%),14195.3917,Estimated,Estimation interval (±20-30%),6.4315,Estimated,Estimation interval (±20-30%),10.4038,Estimated,Estimation interval (±20-30%),,Missing,Not available,,Missing,Not available,76.0474,Derived,Estimation interval (±20-30%),,Missing,Not available,,Missing,Not available,3.3872
MKT-012_D037,MKT-012,Hyderabad,Banjara Hills,Residential,Premium,D,37,20260919,2026-09-19,36.3457,Estimated,Estimation interval (±20-30%),8992.7981,Estimated,Estimation interval (±20-30%),9.086,Estimated,Estimation interval (±20-30%),12.0148,Estimated,Estimation interval (±20-30%),,Missing,Not available,,Missing,Not available,75.9563,Derived,Estimation interval (±20-30%),,Missing,Not available,,Missing,Not available,4.85
MKT-012_D038,MKT-012,Hyderabad,Banjara Hills,Residential,Premium,D,38,20260919,2026-09-19,38.855,Estimated,Estimation interval (±20-30%),10405.4919,Estimated,Estimation interval (±20-30%),6.1548,Estimated,Estimation interval (±20-30%),10.2069,Estimated,Estimation interval (±20-30%),,Missing,Not available,,Missing,Not available,86.5587,Derived,Estimation interval (±20-30%),,Missing,Not available,,Missing,Not available,4.4809
MKT-012_D039,MKT-012,Hyderabad,Banjara Hills,Residential,Premium,D,39,20260919,2026-09-19,47.7012,Estimated,Estimation interval (±20-30%),8750.9794,Estimated,Estimation interval (±20-30%),6.6379,Estimated,Estimation interval (±20-30%),10.2647,Estimated,Estimation interval (±20-30%),,Missing,Not available,,Missing,Not available,75.8997,Derived,Estimation interval (±20-30%),,Missing,Not available,,Missing,Not available,6.5411
MKT-012_D040,MKT-012,Hyderabad,Banjara Hills,Residential,Premium,D,40,20260919,2026-09-19,46.2259,Estimated,Estimation interval (±20-30%),10816.1214,Estimated,Estimation interval (±20-30%),9.1382,Estimated,Estimation interval (±20-30%),11.3402,Estimated,Estimation interval (±20-30%),,Missing,Not available,,Missing,Not available,82.5529,Derived,Estimation interval (±20-30%),,Missing,Not available,,Missing,Not available,5.1286
MKT-013_D001,MKT-013,Chennai,Old Mahabalipuram Road (OMR),Commercial Office,Established,B,1,20260919,2026-09-19,67.4111,Reported,Plausible range (±10-12%),7820.8159,Estimated,Plausible range (±10-12%),3.5521,Estimated,Plausible range (±10-12%),10.2292,Estimated,Plausible range (±10-12%),,Missing,Not available,,Missing,Not available,67.6431,Derived,Plausible range (±10-12%),,Missing,Not available,,Missing,Not available,10.3433
MKT-013_D002,MKT-013,Chennai,Old Mahabalipuram Road (OMR),Commercial Office,Established,B,2,20260919,2026-09-19,60.9625,Reported,Plausible range (±10-12%),7352.3378,Estimated,Plausible range (±10-12%),6.9393,Estimated,Plausible range (±10-12%),6.1198,Estimated,Plausible range (±10-12%),,Missing,Not available,,Missing,Not available,73.3222,Derived,Plausible range (±10-12%),,Missing,Not available,,Missing,Not available,9.9499
MKT-013_D003,MKT-013,Chennai,Old Mahabalipuram Road (OMR),Commercial Office,Established,B,3,20260919,2026-09-19,58.7543,Reported,Plausible range (±10-12%),7426.3687,Estimated,Plausible range (±10-12%),7.7103,Estimated,Plausible range (±10-12%),7.8643,Estimated,Plausible range (±10-12%),,Missing,Not available,,Missing,Not available,61.0872,Derived,Plausible range (±10-12%),,Missing,Not available,,Missing,Not available,9.4939
MKT-013_D004,MKT-013,Chennai,Old Mahabalipuram Road (OMR),Commercial Office,Established,B,4,20260919,2026-09-19,62.1261,Reported,Plausible range (±10-12%),7570.5736,Estimated,Plausible range (±10-12%),5.8597,Estimated,Plausible range (±10-12%),8.3913,Estimated,Plausible range (±10-12%),,Missing,Not available,,Missing,Not available,63.8089,Derived,Plausible range (±10-12%),,Missing,Not available,,Missing,Not available,9.8475
MKT-013_D005,MKT-013,Chennai,Old Mahabalipuram Road (OMR),Commercial Office,Established,B,5,20260919,2026-09-19,59.7135,Reported,Plausible range (±10-12%),9454.4339,Estimated,Plausible range (±10-12%),8.8433,Estimated,Plausible range (±10-12%),6.9303,Estimated,Plausible range (±10-12%),,Missing,Not available,,Missing,Not available,62.1417,Derived,Plausible range (±10-12%),,Missing,Not available,,Missing,Not available,7.5791
MKT-013_D006,MKT-013,Chennai,Old Mahabalipuram Road (OMR),Commercial Office,Established,B,6,20260919,2026-09-19,62.2964,Reported,Plausible range (±10-12%),8946.0279,Estimated,Plausible range (±10-12%),8.5123,Estimated,Plausible range (±10-12%),6.7783,Estimated,Plausible range (±10-12%),,Missing,Not available,,Missing,Not available,68.7352,Derived,Plausible range (±10-12%),,Missing,Not available,,Missing,Not available,8.3563
MKT-013_D007,MKT-013,Chennai,Old Mahabalipuram Road (OMR),Commercial Office,Established,B,7,20260919,2026-09-19,64.8434,Reported,Plausible range (±10-12%),7288.754,Estimated,Plausible range (±10-12%),6.5214,Estimated,Plausible range (±10-12%),8.9696,Estimated,Plausible range (±10-12%),,Missing,Not available,,Missing,Not available,68.7568,Derived,Plausible range (±10-12%),,Missing,Not available,,Missing,Not available,10.6756
MKT-013_D008,MKT-013,Chennai,Old Mahabalipuram Road (OMR),Commercial Office,Established,B,8,20260919,2026-09-19,59.1237,Reported,Plausible range (±10-12%),6965.7327,Estimated,Plausible range (±10-12%),4.6398,Estimated,Plausible range (±10-12%),6.8779,Estimated,Plausible range (±10-12%),,Missing,Not available,,Missing,Not available,70.7835,Derived,Plausible range (±10-12%),,Missing,Not available,,Missing,Not available,10.1854
MKT-013_D009,MKT-013,Chennai,Old Mahabalipuram Road (OMR),Commercial Office,Established,B,9,20260919,2026-09-19,57.8299,Reported,Plausible range (±10-12%),7565.9031,Estimated,Plausible range (±10-12%),5.3738,Estimated,Plausible range (±10-12%),8.0674,Estimated,Plausible range (±10-12%),,Missing,Not available,,Missing,Not available,63.9839,Derived,Plausible range (±10-12%),,Missing,Not available,,Missing,Not available,9.1722
MKT-013_D010,MKT-013,Chennai,Old Mahabalipuram Road (OMR),Commercial Office,Established,B,10,20260919,2026-09-19,61.0019,Reported,Plausible range (±10-12%),9583.367,Estimated,Plausible range (±10-12%),4.3918,Estimated,Plausible range (±10-12%),7.7924,Estimated,Plausible range (±10-12%),,Missing,Not available,,Missing,Not available,64.005,Derived,Plausible range (±10-12%),,Missing,Not available,,Missing,Not available,7.6385
MKT-013_D011,MKT-013,Chennai,Old Mahabalipuram Road (OMR),Commercial Office,Established,B,11,20260919,2026-09-19,61.379,Reported,Plausible range (±10-12%),10003.0487,Estimated,Plausible range (±10-12%),8.3925,Estimated,Plausible range (±10-12%),9.3173,Estimated,Plausible range (±10-12%),,Missing,Not available,,Missing,Not available,64.378,Derived,Plausible range (±10-12%),,Missing,Not available,,Missing,Not available,7.3632
MKT-013_D012,MKT-013,Chennai,Old Mahabalipuram Road (OMR),Commercial Office,Established,B,12,20260919,2026-09-19,66.0089,Reported,Plausible range (±10-12%),8132.8365,Estimated,Plausible range (±10-12%),5.4321,Estimated,Plausible range (±10-12%),6.7956,Estimated,Plausible range (±10-12%),,Missing,Not available,,Missing,Not available,69.5306,Derived,Plausible range (±10-12%),,Missing,Not available,,Missing,Not available,9.7396
MKT-013_D013,MKT-013,Chennai,Old Mahabalipuram Road (OMR),Commercial Office,Established,B,13,20260919,2026-09-19,58.8925,Reported,Plausible range (±10-12%),9395.2271,Estimated,Plausible range (±10-12%),6.7842,Estimated,Plausible range (±10-12%),8.8008,Estimated,Plausible range (±10-12%),,Missing,Not available,,Missing,Not available,61.7451,Derived,Plausible range (±10-12%),,Missing,Not available,,Missing,Not available,7.522
MKT-013_D014,MKT-013,Chennai,Old Mahabalipuram Road (OMR),Commercial Office,Established,B,14,20260919,2026-09-19,63.7429,Reported,Plausible range (±10-12%),7786.8762,Estimated,Plausible range (±10-12%),7.7879,Estimated,Plausible range (±10-12%),7.517,Estimated,Plausible range (±10-12%),,Missing,Not available,,Missing,Not available,63.3848,Derived,Plausible range (±10-12%),,Missing,Not available,,Missing,Not available,9.8231
MKT-013_D015,MKT-013,Chennai,Old Mahabalipuram Road (OMR),Commercial Office,Established,B,15,20260919,2026-09-19,64.718,Reported,Plausible range (±10-12%),8539.9427,Estimated,Plausible range (±10-12%),7.6748,Estimated,Plausible range (±10-12%),4.5632,Estimated,Plausible range (±10-12%),,Missing,Not available,,Missing,Not available,72.4882,Derived,Plausible range (±10-12%),,Missing,Not available,,Missing,Not available,9.0939
MKT-013_D016,MKT-013,Chennai,Old Mahabalipuram Road (OMR),Commercial Office,Established,B,16,20260919,2026-09-19,59.4328,Reported,Plausible range (±10-12%),8741.9175,Estimated,Plausible range (±10-12%),7.76,Estimated,Plausible range (±10-12%),4.2876,Estimated,Plausible range (±10-12%),,Missing,Not available,,Missing,Not available,68.4534,Derived,Plausible range (±10-12%),,Missing,Not available,,Missing,Not available,8.1583
MKT-013_D017,MKT-013,Chennai,Old Mahabalipuram Road (OMR),Commercial Office,Established,B,17,20260919,2026-09-19,60.5606,Reported,Plausible range (±10-12%),5820.7257,Estimated,Plausible range (±10-12%),7.968,Estimated,Plausible range (±10-12%),7.3307,Estimated,Plausible range (±10-12%),,Missing,Not available,,Missing,Not available,65.6543,Derived,Plausible range (±10-12%),,Missing,Not available,,Missing,Not available,12.4852
MKT-013_D018,MKT-013,Chennai,Old Mahabalipuram Road (OMR),Commercial Office,Established,B,18,20260919,2026-09-19,68.1752,Reported,Plausible range (±10-12%),9659.6209,Estimated,Plausible range (±10-12%),5.3594,Estimated,Plausible range (±10-12%),8.5919,Estimated,Plausible range (±10-12%),,Missing,Not available,,Missing,Not available,65.0104,Derived,Plausible range (±10-12%),,Missing,Not available,,Missing,Not available,8.4693
MKT-013_D019,MKT-013,Chennai,Old Mahabalipuram Road (OMR),Commercial Office,Established,B,19,20260919,2026-09-19,69.5112,Reported,Plausible range (±10-12%),7648.5198,Estimated,Plausible range (±10-12%),6.9275,Estimated,Plausible range (±10-12%),5.338,Estimated,Plausible range (±10-12%),,Missing,Not available,,Missing,Not available,75.5727,Derived,Plausible range (±10-12%),,Missing,Not available,,Missing,Not available,10.9058
MKT-013_D020,MKT-013,Chennai,Old Mahabalipuram Road (OMR),Commercial Office,Established,B,20,20260919,2026-09-19,67.2563,Reported,Plausible range (±10-12%),7104.8041,Estimated,Plausible range (±10-12%),4.8454,Estimated,Plausible range (±10-12%),4.9258,Estimated,Plausible range (±10-12%),,Missing,Not available,,Missing,Not available,70.8244,Derived,Plausible range (±10-12%),,Missing,Not available,,Missing,Not available,11.3596
MKT-013_D021,MKT-013,Chennai,Old Mahabalipuram Road (OMR),Commercial Office,Established,B,21,20260919,2026-09-19,61.257,Reported,Plausible range (±10-12%),8368.3248,Estimated,Plausible range (±10-12%),6.2545,Estimated,Plausible range (±10-12%),7.276,Estimated,Plausible range (±10-12%),,Missing,Not available,,Missing,Not available,68.6044,Derived,Plausible range (±10-12%),,Missing,Not available,,Missing,Not available,8.7841
MKT-013_D022,MKT-013,Chennai,Old Mahabalipuram Road (OMR),Commercial Office,Established,B,22,20260919,2026-09-19,66.3922,Reported,Plausible range (±10-12%),9629.4323,Estimated,Plausible range (±10-12%),7.9248,Estimated,Plausible range (±10-12%),6.5958,Estimated,Plausible range (±10-12%),,Missing,Not available,,Missing,Not available,66.6571,Derived,Plausible range (±10-12%),,Missing,Not available,,Missing,Not available,8.2737
MKT-013_D023,MKT-013,Chennai,Old Mahabalipuram Road (OMR),Commercial Office,Established,B,23,20260919,2026-09-19,62.4589,Reported,Plausible range (±10-12%),7082.2642,Estimated,Plausible range (±10-12%),4.1126,Estimated,Plausible range (±10-12%),8.237,Estimated,Plausible range (±10-12%),,Missing,Not available,,Missing,Not available,63.7827,Derived,Plausible range (±10-12%),,Missing,Not available,,Missing,Not available,10.5829
MKT-013_D024,MKT-013,Chennai,Old Mahabalipuram Road (OMR),Commercial Office,Established,B,24,20260919,2026-09-19,66.4303,Reported,Plausible range (±10-12%),10158.6173,Estimated,Plausible range (±10-12%),4.4183,Estimated,Plausible range (±10-12%),7.4816,Estimated,Plausible range (±10-12%),,Missing,Not available,,Missing,Not available,62.587,Derived,Plausible range (±10-12%),,Missing,Not available,,Missing,Not available,7.8472
MKT-013_D025,MKT-013,Chennai,Old Mahabalipuram Road (OMR),Commercial Office,Established,B,25,20260919,2026-09-19,62.4528,Reported,Plausible range (±10-12%),7890.0794,Estimated,Plausible range (±10-12%),5.0854,Estimated,Plausible range (±10-12%),7.0871,Estimated,Plausible range (±10-12%),,Missing,Not available,,Missing,Not available,64.0747,Derived,Plausible range (±10-12%),,Missing,Not available,,Missing,Not available,9.4984
MKT-013_D026,MKT-013,Chennai,Old Mahabalipuram Road (OMR),Commercial Office,Established,B,26,20260919,2026-09-19,57.394,Reported,Plausible range (±10-12%),6749.3649,Estimated,Plausible range (±10-12%),7.0554,Estimated,Plausible range (±10-12%),7.7922,Estimated,Plausible range (±10-12%),,Missing,Not available,,Missing,Not available,59.6358,Derived,Plausible range (±10-12%),,Missing,Not available,,Missing,Not available,10.2043
MKT-013_D027,MKT-013,Chennai,Old Mahabalipuram Road (OMR),Commercial Office,Established,B,27,20260919,2026-09-19,54.2421,Reported,Plausible range (±10-12%),8359.4435,Estimated,Plausible range (±10-12%),5.9141,Estimated,Plausible range (±10-12%),9.5769,Estimated,Plausible range (±10-12%),,Missing,Not available,,Missing,Not available,67.0098,Derived,Plausible range (±10-12%),,Missing,Not available,,Missing,Not available,7.7865
MKT-013_D028,MKT-013,Chennai,Old Mahabalipuram Road (OMR),Commercial Office,Established,B,28,20260919,2026-09-19,56.9477,Reported,Plausible range (±10-12%),6427.1625,Estimated,Plausible range (±10-12%),3.0765,Estimated,Plausible range (±10-12%),8.9966,Estimated,Plausible range (±10-12%),,Missing,Not available,,Missing,Not available,64.7218,Derived,Plausible range (±10-12%),,Missing,Not available,,Missing,Not available,10.6326
MKT-013_D029,MKT-013,Chennai,Old Mahabalipuram Road (OMR),Commercial Office,Established,B,29,20260919,2026-09-19,70.5395,Reported,Plausible range (±10-12%),7307.2861,Estimated,Plausible range (±10-12%),5.2997,Estimated,Plausible range (±10-12%),8.1622,Estimated,Plausible range (±10-12%),,Missing,Not available,,Missing,Not available,64.9369,Derived,Plausible range (±10-12%),,Missing,Not available,,Missing,Not available,11.584
MKT-013_D030,MKT-013,Chennai,Old Mahabalipuram Road (OMR),Commercial Office,Established,B,30,20260919,2026-09-19,67.7793,Reported,Plausible range (±10-12%),7644.5496,Estimated,Plausible range (±10-12%),6.5422,Estimated,Plausible range (±10-12%),8.0513,Estimated,Plausible range (±10-12%),,Missing,Not available,,Missing,Not available,68.9808,Derived,Plausible range (±10-12%),,Missing,Not available,,Missing,Not available,10.6396
MKT-013_D031,MKT-013,Chennai,Old Mahabalipuram Road (OMR),Commercial Office,Established,B,31,20260919,2026-09-19,59.5111,Reported,Plausible range (±10-12%),8150.9163,Estimated,Plausible range (±10-12%),7.5507,Estimated,Plausible range (±10-12%),9.1896,Estimated,Plausible range (±10-12%),,Missing,Not available,,Missing,Not available,58.3531,Derived,Plausible range (±10-12%),,Missing,Not available,,Missing,Not available,8.7614
MKT-013_D032,MKT-013,Chennai,Old Mahabalipuram Road (OMR),Commercial Office,Established,B,32,20260919,2026-09-19,61.0514,Reported,Plausible range (±10-12%),7807.7274,Estimated,Plausible range (±10-12%),4.8017,Estimated,Plausible range (±10-12%),5.9919,Estimated,Plausible range (±10-12%),,Missing,Not available,,Missing,Not available,61.0218,Derived,Plausible range (±10-12%),,Missing,Not available,,Missing,Not available,9.3832
MKT-013_D033,MKT-013,Chennai,Old Mahabalipuram Road (OMR),Commercial Office,Established,B,33,20260919,2026-09-19,55.685,Reported,Plausible range (±10-12%),8192.7792,Estimated,Plausible range (±10-12%),5.8175,Estimated,Plausible range (±10-12%),7.1097,Estimated,Plausible range (±10-12%),,Missing,Not available,,Missing,Not available,60.4217,Derived,Plausible range (±10-12%),,Missing,Not available,,Missing,Not available,8.1562
MKT-013_D034,MKT-013,Chennai,Old Mahabalipuram Road (OMR),Commercial Office,Established,B,34,20260919,2026-09-19,64.0466,Reported,Plausible range (±10-12%),7675.7654,Estimated,Plausible range (±10-12%),4.9761,Estimated,Plausible range (±10-12%),7.3262,Estimated,Plausible range (±10-12%),,Missing,Not available,,Missing,Not available,68.2006,Derived,Plausible range (±10-12%),,Missing,Not available,,Missing,Not available,10.0128
MKT-013_D035,MKT-013,Chennai,Old Mahabalipuram Road (OMR),Commercial Office,Established,B,35,20260919,2026-09-19,55.4765,Reported,Plausible range (±10-12%),9159.7198,Estimated,Plausible range (±10-12%),8.4176,Estimated,Plausible range (±10-12%),8.3622,Estimated,Plausible range (±10-12%),,Missing,Not available,,Missing,Not available,71.9017,Derived,Plausible range (±10-12%),,Missing,Not available,,Missing,Not available,7.2679
MKT-013_D036,MKT-013,Chennai,Old Mahabalipuram Road (OMR),Commercial Office,Established,B,36,20260919,2026-09-19,69.6593,Reported,Plausible range (±10-12%),9781.1558,Estimated,Plausible range (±10-12%),5.4685,Estimated,Plausible range (±10-12%),5.0544,Estimated,Plausible range (±10-12%),,Missing,Not available,,Missing,Not available,65.8199,Derived,Plausible range (±10-12%),,Missing,Not available,,Missing,Not available,8.5461
MKT-013_D037,MKT-013,Chennai,Old Mahabalipuram Road (OMR),Commercial Office,Established,B,37,20260919,2026-09-19,64.4216,Reported,Plausible range (±10-12%),8747.6106,Estimated,Plausible range (±10-12%),7.6635,Estimated,Plausible range (±10-12%),8.6985,Estimated,Plausible range (±10-12%),,Missing,Not available,,Missing,Not available,61.6979,Derived,Plausible range (±10-12%),,Missing,Not available,,Missing,Not available,8.8374
MKT-013_D038,MKT-013,Chennai,Old Mahabalipuram Road (OMR),Commercial Office,Established,B,38,20260919,2026-09-19,61.0965,Reported,Plausible range (±10-12%),8037.2238,Estimated,Plausible range (±10-12%),6.7331,Estimated,Plausible range (±10-12%),4.4141,Estimated,Plausible range (±10-12%),,Missing,Not available,,Missing,Not available,69.5123,Derived,Plausible range (±10-12%),,Missing,Not available,,Missing,Not available,9.122
MKT-013_D039,MKT-013,Chennai,Old Mahabalipuram Road (OMR),Commercial Office,Established,B,39,20260919,2026-09-19,66.5295,Reported,Plausible range (±10-12%),9238.7754,Estimated,Plausible range (±10-12%),6.3004,Estimated,Plausible range (±10-12%),4.848,Estimated,Plausible range (±10-12%),,Missing,Not available,,Missing,Not available,65.5032,Derived,Plausible range (±10-12%),,Missing,Not available,,Missing,Not available,8.6413
MKT-013_D040,MKT-013,Chennai,Old Mahabalipuram Road (OMR),Commercial Office,Established,B,40,20260919,2026-09-19,61.9206,Reported,Plausible range (±10-12%),6448.2187,Estimated,Plausible range (±10-12%),7.4195,Estimated,Plausible range (±10-12%),6.0966,Estimated,Plausible range (±10-12%),,Missing,Not available,,Missing,Not available,70.5002,Derived,Plausible range (±10-12%),,Missing,Not available,,Missing,Not available,11.5233
MKT-014_D001,MKT-014,Chennai,T Nagar,Retail,Premium,B,1,20260919,2026-09-19,226.7288,Estimated,Plausible range (±10-12%),27805.5441,Estimated,Plausible range (±10-12%),8.2122,Estimated,Plausible range (±10-12%),5.756,Estimated,Plausible range (±10-12%),,Missing,Not available,,Missing,Not available,67.7358,Derived,Plausible range (±10-12%),,Missing,Not available,,Missing,Not available,9.7849
MKT-014_D002,MKT-014,Chennai,T Nagar,Retail,Premium,B,2,20260919,2026-09-19,184.9327,Estimated,Plausible range (±10-12%),23024.2193,Estimated,Plausible range (±10-12%),8.1448,Estimated,Plausible range (±10-12%),7.6838,Estimated,Plausible range (±10-12%),,Missing,Not available,,Missing,Not available,79.8837,Derived,Plausible range (±10-12%),,Missing,Not available,,Missing,Not available,9.6385
MKT-014_D003,MKT-014,Chennai,T Nagar,Retail,Premium,B,3,20260919,2026-09-19,168.1137,Estimated,Plausible range (±10-12%),14189.5154,Estimated,Plausible range (±10-12%),6.6045,Estimated,Plausible range (±10-12%),6.3525,Estimated,Plausible range (±10-12%),,Missing,Not available,,Missing,Not available,69.0749,Derived,Plausible range (±10-12%),,Missing,Not available,,Missing,Not available,14.2173
MKT-014_D004,MKT-014,Chennai,T Nagar,Retail,Premium,B,4,20260919,2026-09-19,219.9634,Estimated,Plausible range (±10-12%),19347.1622,Estimated,Plausible range (±10-12%),6.052,Estimated,Plausible range (±10-12%),8.4217,Estimated,Plausible range (±10-12%),,Missing,Not available,,Missing,Not available,73.417,Derived,Plausible range (±10-12%),,Missing,Not available,,Missing,Not available,13.6431
MKT-014_D005,MKT-014,Chennai,T Nagar,Retail,Premium,B,5,20260919,2026-09-19,218.914,Estimated,Plausible range (±10-12%),21504.5013,Estimated,Plausible range (±10-12%),4.6337,Estimated,Plausible range (±10-12%),4.645,Estimated,Plausible range (±10-12%),,Missing,Not available,,Missing,Not available,78.453,Derived,Plausible range (±10-12%),,Missing,Not available,,Missing,Not available,12.2159
MKT-014_D006,MKT-014,Chennai,T Nagar,Retail,Premium,B,6,20260919,2026-09-19,218.5628,Estimated,Plausible range (±10-12%),20407.2581,Estimated,Plausible range (±10-12%),4.668,Estimated,Plausible range (±10-12%),6.5018,Estimated,Plausible range (±10-12%),,Missing,Not available,,Missing,Not available,77.0859,Derived,Plausible range (±10-12%),,Missing,Not available,,Missing,Not available,12.8521
MKT-014_D007,MKT-014,Chennai,T Nagar,Retail,Premium,B,7,20260919,2026-09-19,205.6023,Estimated,Plausible range (±10-12%),19411.5891,Estimated,Plausible range (±10-12%),5.9344,Estimated,Plausible range (±10-12%),3.466,Estimated,Plausible range (±10-12%),,Missing,Not available,,Missing,Not available,72.4247,Derived,Plausible range (±10-12%),,Missing,Not available,,Missing,Not available,12.7101
MKT-014_D008,MKT-014,Chennai,T Nagar,Retail,Premium,B,8,20260919,2026-09-19,188.6546,Estimated,Plausible range (±10-12%),18730.1383,Estimated,Plausible range (±10-12%),6.6628,Estimated,Plausible range (±10-12%),7.4469,Estimated,Plausible range (±10-12%),,Missing,Not available,,Missing,Not available,67.9593,Derived,Plausible range (±10-12%),,Missing,Not available,,Missing,Not available,12.0867
MKT-014_D009,MKT-014,Chennai,T Nagar,Retail,Premium,B,9,20260919,2026-09-19,217.6393,Estimated,Plausible range (±10-12%),23060.0492,Estimated,Plausible range (±10-12%),5.0057,Estimated,Plausible range (±10-12%),9.2861,Estimated,Plausible range (±10-12%),,Missing,Not available,,Missing,Not available,70.4864,Derived,Plausible range (±10-12%),,Missing,Not available,,Missing,Not available,11.3255
MKT-014_D010,MKT-014,Chennai,T Nagar,Retail,Premium,B,10,20260919,2026-09-19,217.0785,Estimated,Plausible range (±10-12%),24255.8428,Estimated,Plausible range (±10-12%),4.3622,Estimated,Plausible range (±10-12%),6.9664,Estimated,Plausible range (±10-12%),,Missing,Not available,,Missing,Not available,64.5623,Derived,Plausible range (±10-12%),,Missing,Not available,,Missing,Not available,10.7394
MKT-014_D011,MKT-014,Chennai,T Nagar,Retail,Premium,B,11,20260919,2026-09-19,184.7262,Estimated,Plausible range (±10-12%),21006.4045,Estimated,Plausible range (±10-12%),4.7009,Estimated,Plausible range (±10-12%),7.8746,Estimated,Plausible range (±10-12%),,Missing,Not available,,Missing,Not available,77.8734,Derived,Plausible range (±10-12%),,Missing,Not available,,Missing,Not available,10.5526
MKT-014_D012,MKT-014,Chennai,T Nagar,Retail,Premium,B,12,20260919,2026-09-19,198.0606,Estimated,Plausible range (±10-12%),17293.4071,Estimated,Plausible range (±10-12%),3.809,Estimated,Plausible range (±10-12%),8.7802,Estimated,Plausible range (±10-12%),,Missing,Not available,,Missing,Not available,71.1741,Derived,Plausible range (±10-12%),,Missing,Not available,,Missing,Not available,13.7435
MKT-014_D013,MKT-014,Chennai,T Nagar,Retail,Premium,B,13,20260919,2026-09-19,162.4337,Estimated,Plausible range (±10-12%),22783.2362,Estimated,Plausible range (±10-12%),3.6543,Estimated,Plausible range (±10-12%),4.2452,Estimated,Plausible range (±10-12%),,Missing,Not available,,Missing,Not available,72.2507,Derived,Plausible range (±10-12%),,Missing,Not available,,Missing,Not available,8.5554
MKT-014_D014,MKT-014,Chennai,T Nagar,Retail,Premium,B,14,20260919,2026-09-19,211.1223,Estimated,Plausible range (±10-12%),23130.2716,Estimated,Plausible range (±10-12%),6.8677,Estimated,Plausible range (±10-12%),7.1625,Estimated,Plausible range (±10-12%),,Missing,Not available,,Missing,Not available,70.7869,Derived,Plausible range (±10-12%),,Missing,Not available,,Missing,Not available,10.953
MKT-014_D015,MKT-014,Chennai,T Nagar,Retail,Premium,B,15,20260919,2026-09-19,195.7336,Estimated,Plausible range (±10-12%),20497.99,Estimated,Plausible range (±10-12%),5.6594,Estimated,Plausible range (±10-12%),7.8852,Estimated,Plausible range (±10-12%),,Missing,Not available,,Missing,Not available,73.1663,Derived,Plausible range (±10-12%),,Missing,Not available,,Missing,Not available,11.4587
MKT-014_D016,MKT-014,Chennai,T Nagar,Retail,Premium,B,16,20260919,2026-09-19,187.8307,Estimated,Plausible range (±10-12%),16124.42,Estimated,Plausible range (±10-12%),3.966,Estimated,Plausible range (±10-12%),9.0804,Estimated,Plausible range (±10-12%),,Missing,Not available,,Missing,Not available,71.8101,Derived,Plausible range (±10-12%),,Missing,Not available,,Missing,Not available,13.9786
MKT-014_D017,MKT-014,Chennai,T Nagar,Retail,Premium,B,17,20260919,2026-09-19,216.9048,Estimated,Plausible range (±10-12%),24166.3067,Estimated,Plausible range (±10-12%),7.522,Estimated,Plausible range (±10-12%),5.8431,Estimated,Plausible range (±10-12%),,Missing,Not available,,Missing,Not available,71.9529,Derived,Plausible range (±10-12%),,Missing,Not available,,Missing,Not available,10.7706
MKT-014_D018,MKT-014,Chennai,T Nagar,Retail,Premium,B,18,20260919,2026-09-19,219.0499,Estimated,Plausible range (±10-12%),23250.8291,Estimated,Plausible range (±10-12%),6.3997,Estimated,Plausible range (±10-12%),6.6684,Estimated,Plausible range (±10-12%),,Missing,Not available,,Missing,Not available,67.1555,Derived,Plausible range (±10-12%),,Missing,Not available,,Missing,Not available,11.3054
MKT-014_D019,MKT-014,Chennai,T Nagar,Retail,Premium,B,19,20260919,2026-09-19,238.5563,Estimated,Plausible range (±10-12%),22544.77,Estimated,Plausible range (±10-12%),6.4022,Estimated,Plausible range (±10-12%),7.6728,Estimated,Plausible range (±10-12%),,Missing,Not available,,Missing,Not available,71.4113,Derived,Plausible range (±10-12%),,Missing,Not available,,Missing,Not available,12.6977
MKT-014_D020,MKT-014,Chennai,T Nagar,Retail,Premium,B,20,20260919,2026-09-19,231.0479,Estimated,Plausible range (±10-12%),20738.4214,Estimated,Plausible range (±10-12%),5.0941,Estimated,Plausible range (±10-12%),5.9641,Estimated,Plausible range (±10-12%),,Missing,Not available,,Missing,Not available,69.5013,Derived,Plausible range (±10-12%),,Missing,Not available,,Missing,Not available,13.3693
MKT-014_D021,MKT-014,Chennai,T Nagar,Retail,Premium,B,21,20260919,2026-09-19,207.1782,Estimated,Plausible range (±10-12%),14469.1092,Estimated,Plausible range (±10-12%),5.3713,Estimated,Plausible range (±10-12%),6.0362,Estimated,Plausible range (±10-12%),,Missing,Not available,,Missing,Not available,73.7298,Derived,Plausible range (±10-12%),,Missing,Not available,,Missing,Not available,17.1824
MKT-014_D022,MKT-014,Chennai,T Nagar,Retail,Premium,B,22,20260919,2026-09-19,228.1347,Estimated,Plausible range (±10-12%),23895.3737,Estimated,Plausible range (±10-12%),4.6003,Estimated,Plausible range (±10-12%),5.3975,Estimated,Plausible range (±10-12%),,Missing,Not available,,Missing,Not available,75.9278,Derived,Plausible range (±10-12%),,Missing,Not available,,Missing,Not available,11.4567
MKT-014_D023,MKT-014,Chennai,T Nagar,Retail,Premium,B,23,20260919,2026-09-19,203.1583,Estimated,Plausible range (±10-12%),19779.7858,Estimated,Plausible range (±10-12%),4.3252,Estimated,Plausible range (±10-12%),9.235,Estimated,Plausible range (±10-12%),,Missing,Not available,,Missing,Not available,72.6731,Derived,Plausible range (±10-12%),,Missing,Not available,,Missing,Not available,12.3252
MKT-014_D024,MKT-014,Chennai,T Nagar,Retail,Premium,B,24,20260919,2026-09-19,236.51,Estimated,Plausible range (±10-12%),24791.4054,Estimated,Plausible range (±10-12%),6.1636,Estimated,Plausible range (±10-12%),6.1549,Estimated,Plausible range (±10-12%),,Missing,Not available,,Missing,Not available,71.5698,Derived,Plausible range (±10-12%),,Missing,Not available,,Missing,Not available,11.448
MKT-014_D025,MKT-014,Chennai,T Nagar,Retail,Premium,B,25,20260919,2026-09-19,164.8791,Estimated,Plausible range (±10-12%),21969.1562,Estimated,Plausible range (±10-12%),3.4323,Estimated,Plausible range (±10-12%),6.8945,Estimated,Plausible range (±10-12%),,Missing,Not available,,Missing,Not available,69.8379,Derived,Plausible range (±10-12%),,Missing,Not available,,Missing,Not available,9.006
MKT-014_D026,MKT-014,Chennai,T Nagar,Retail,Premium,B,26,20260919,2026-09-19,212.9214,Estimated,Plausible range (±10-12%),20473.1693,Estimated,Plausible range (±10-12%),5.2542,Estimated,Plausible range (±10-12%),4.0414,Estimated,Plausible range (±10-12%),,Missing,Not available,,Missing,Not available,73.8829,Derived,Plausible range (±10-12%),,Missing,Not available,,Missing,Not available,12.48
MKT-014_D027,MKT-014,Chennai,T Nagar,Retail,Premium,B,27,20260919,2026-09-19,178.5768,Estimated,Plausible range (±10-12%),23310.0332,Estimated,Plausible range (±10-12%),4.1951,Estimated,Plausible range (±10-12%),7.8346,Estimated,Plausible range (±10-12%),,Missing,Not available,,Missing,Not available,75.7738,Derived,Plausible range (±10-12%),,Missing,Not available,,Missing,Not available,9.1931
MKT-014_D028,MKT-014,Chennai,T Nagar,Retail,Premium,B,28,20260919,2026-09-19,201.0771,Estimated,Plausible range (±10-12%),21343.14,Estimated,Plausible range (±10-12%),3.9433,Estimated,Plausible range (±10-12%),8.4829,Estimated,Plausible range (±10-12%),,Missing,Not available,,Missing,Not available,65.3771,Derived,Plausible range (±10-12%),,Missing,Not available,,Missing,Not available,11.3054
MKT-014_D029,MKT-014,Chennai,T Nagar,Retail,Premium,B,29,20260919,2026-09-19,218.1014,Estimated,Plausible range (±10-12%),27758.0962,Estimated,Plausible range (±10-12%),5.483,Estimated,Plausible range (±10-12%),6.5652,Estimated,Plausible range (±10-12%),,Missing,Not available,,Missing,Not available,68.2042,Derived,Plausible range (±10-12%),,Missing,Not available,,Missing,Not available,9.4287
MKT-014_D030,MKT-014,Chennai,T Nagar,Retail,Premium,B,30,20260919,2026-09-19,186.8064,Estimated,Plausible range (±10-12%),17812.6342,Estimated,Plausible range (±10-12%),3.4662,Estimated,Plausible range (±10-12%),7.4421,Estimated,Plausible range (±10-12%),,Missing,Not available,,Missing,Not available,70.6779,Derived,Plausible range (±10-12%),,Missing,Not available,,Missing,Not available,12.5848
MKT-014_D031,MKT-014,Chennai,T Nagar,Retail,Premium,B,31,20260919,2026-09-19,180.5288,Estimated,Plausible range (±10-12%),20558.7571,Estimated,Plausible range (±10-12%),5.6497,Estimated,Plausible range (±10-12%),7.1472,Estimated,Plausible range (±10-12%),,Missing,Not available,,Missing,Not available,62.9932,Derived,Plausible range (±10-12%),,Missing,Not available,,Missing,Not available,10.5373
MKT-014_D032,MKT-014,Chennai,T Nagar,Retail,Premium,B,32,20260919,2026-09-19,227.1679,Estimated,Plausible range (±10-12%),24389.2431,Estimated,Plausible range (±10-12%),5.6026,Estimated,Plausible range (±10-12%),7.9574,Estimated,Plausible range (±10-12%),,Missing,Not available,,Missing,Not available,80.1862,Derived,Plausible range (±10-12%),,Missing,Not available,,Missing,Not available,11.1771
MKT-014_D033,MKT-014,Chennai,T Nagar,Retail,Premium,B,33,20260919,2026-09-19,210.9829,Estimated,Plausible range (±10-12%),24052.6763,Estimated,Plausible range (±10-12%),4.6845,Estimated,Plausible range (±10-12%),6.6534,Estimated,Plausible range (±10-12%),,Missing,Not available,,Missing,Not available,81.2572,Derived,Plausible range (±10-12%),,Missing,Not available,,Missing,Not available,10.526
MKT-014_D034,MKT-014,Chennai,T Nagar,Retail,Premium,B,34,20260919,2026-09-19,192.2244,Estimated,Plausible range (±10-12%),20014.9114,Estimated,Plausible range (±10-12%),7.1712,Estimated,Plausible range (±10-12%),6.8194,Estimated,Plausible range (±10-12%),,Missing,Not available,,Missing,Not available,76.7199,Derived,Plausible range (±10-12%),,Missing,Not available,,Missing,Not available,11.5249
MKT-014_D035,MKT-014,Chennai,T Nagar,Retail,Premium,B,35,20260919,2026-09-19,212.9051,Estimated,Plausible range (±10-12%),20269.3218,Estimated,Plausible range (±10-12%),3.6904,Estimated,Plausible range (±10-12%),3.3759,Estimated,Plausible range (±10-12%),,Missing,Not available,,Missing,Not available,68.6236,Derived,Plausible range (±10-12%),,Missing,Not available,,Missing,Not available,12.6046
MKT-014_D036,MKT-014,Chennai,T Nagar,Retail,Premium,B,36,20260919,2026-09-19,191.5931,Estimated,Plausible range (±10-12%),19874.2114,Estimated,Plausible range (±10-12%),6.5693,Estimated,Plausible range (±10-12%),6.5059,Estimated,Plausible range (±10-12%),,Missing,Not available,,Missing,Not available,72.433,Derived,Plausible range (±10-12%),,Missing,Not available,,Missing,Not available,11.5683
MKT-014_D037,MKT-014,Chennai,T Nagar,Retail,Premium,B,37,20260919,2026-09-19,186.3523,Estimated,Plausible range (±10-12%),22795.4031,Estimated,Plausible range (±10-12%),6.037,Estimated,Plausible range (±10-12%),5.6516,Estimated,Plausible range (±10-12%),,Missing,Not available,,Missing,Not available,79.3256,Derived,Plausible range (±10-12%),,Missing,Not available,,Missing,Not available,9.81
MKT-014_D038,MKT-014,Chennai,T Nagar,Retail,Premium,B,38,20260919,2026-09-19,199.2333,Estimated,Plausible range (±10-12%),20284.5382,Estimated,Plausible range (±10-12%),3.6042,Estimated,Plausible range (±10-12%),7.3281,Estimated,Plausible range (±10-12%),,Missing,Not available,,Missing,Not available,73.0233,Derived,Plausible range (±10-12%),,Missing,Not available,,Missing,Not available,11.7863
MKT-014_D039,MKT-014,Chennai,T Nagar,Retail,Premium,B,39,20260919,2026-09-19,206.155,Estimated,Plausible range (±10-12%),14893.0466,Estimated,Plausible range (±10-12%),6.255,Estimated,Plausible range (±10-12%),6.487,Estimated,Plausible range (±10-12%),,Missing,Not available,,Missing,Not available,76.9591,Derived,Plausible range (±10-12%),,Missing,Not available,,Missing,Not available,16.6108
MKT-014_D040,MKT-014,Chennai,T Nagar,Retail,Premium,B,40,20260919,2026-09-19,207.8453,Estimated,Plausible range (±10-12%),25307.1001,Estimated,Plausible range (±10-12%),7.0019,Estimated,Plausible range (±10-12%),5.1255,Estimated,Plausible range (±10-12%),,Missing,Not available,,Missing,Not available,74.8676,Derived,Plausible range (±10-12%),,Missing,Not available,,Missing,Not available,9.8555
MKT-015_D001,MKT-015,Chennai,Velachery,Residential,Established,C,1,20260919,2026-09-19,29.509,Estimated,Estimation interval (±15-20%),5865.3287,Estimated,Estimation interval (±15-20%),8.0095,Estimated,Estimation interval (±15-20%),8.1443,Estimated,Estimation interval (±15-20%),,Missing,Not available,,Missing,Not available,67.3921,Derived,Estimation interval (±15-20%),,Missing,Not available,,Missing,Not available,6.0373
MKT-015_D002,MKT-015,Chennai,Velachery,Residential,Established,C,2,20260919,2026-09-19,27.3835,Estimated,Estimation interval (±15-20%),7881.6013,Estimated,Estimation interval (±15-20%),6.7583,Estimated,Estimation interval (±15-20%),10.3608,Estimated,Estimation interval (±15-20%),,Missing,Not available,,Missing,Not available,69.781,Derived,Estimation interval (±15-20%),,Missing,Not available,,Missing,Not available,4.1692
MKT-015_D003,MKT-015,Chennai,Velachery,Residential,Established,C,3,20260919,2026-09-19,20.7499,Estimated,Estimation interval (±15-20%),6605.8357,Estimated,Estimation interval (±15-20%),10.0284,Estimated,Estimation interval (±15-20%),11.2809,Estimated,Estimation interval (±15-20%),,Missing,Not available,,Missing,Not available,70.8107,Derived,Estimation interval (±15-20%),,Missing,Not available,,Missing,Not available,3.7694
MKT-015_D004,MKT-015,Chennai,Velachery,Residential,Established,C,4,20260919,2026-09-19,21.2512,Estimated,Estimation interval (±15-20%),5756.5068,Estimated,Estimation interval (±15-20%),5.9157,Estimated,Estimation interval (±15-20%),7.5112,Estimated,Estimation interval (±15-20%),,Missing,Not available,,Missing,Not available,66.7845,Derived,Estimation interval (±15-20%),,Missing,Not available,,Missing,Not available,4.43
MKT-015_D005,MKT-015,Chennai,Velachery,Residential,Established,C,5,20260919,2026-09-19,22.0969,Estimated,Estimation interval (±15-20%),5339.5725,Estimated,Estimation interval (±15-20%),10.249,Estimated,Estimation interval (±15-20%),8.7138,Estimated,Estimation interval (±15-20%),,Missing,Not available,,Missing,Not available,77.0399,Derived,Estimation interval (±15-20%),,Missing,Not available,,Missing,Not available,4.966
MKT-015_D006,MKT-015,Chennai,Velachery,Residential,Established,C,6,20260919,2026-09-19,27.7211,Estimated,Estimation interval (±15-20%),5752.6542,Estimated,Estimation interval (±15-20%),7.8146,Estimated,Estimation interval (±15-20%),11.227,Estimated,Estimation interval (±15-20%),,Missing,Not available,,Missing,Not available,75.9825,Derived,Estimation interval (±15-20%),,Missing,Not available,,Missing,Not available,5.7826
MKT-015_D007,MKT-015,Chennai,Velachery,Residential,Established,C,7,20260919,2026-09-19,22.6737,Estimated,Estimation interval (±15-20%),7809.3444,Estimated,Estimation interval (±15-20%),6.7987,Estimated,Estimation interval (±15-20%),8.2507,Estimated,Estimation interval (±15-20%),,Missing,Not available,,Missing,Not available,69.6226,Derived,Estimation interval (±15-20%),,Missing,Not available,,Missing,Not available,3.4841
MKT-015_D008,MKT-015,Chennai,Velachery,Residential,Established,C,8,20260919,2026-09-19,29.9843,Estimated,Estimation interval (±15-20%),7136.9245,Estimated,Estimation interval (±15-20%),7.3788,Estimated,Estimation interval (±15-20%),8.8455,Estimated,Estimation interval (±15-20%),,Missing,Not available,,Missing,Not available,76.2078,Derived,Estimation interval (±15-20%),,Missing,Not available,,Missing,Not available,5.0415
MKT-015_D009,MKT-015,Chennai,Velachery,Residential,Established,C,9,20260919,2026-09-19,28.8044,Estimated,Estimation interval (±15-20%),8837.8006,Estimated,Estimation interval (±15-20%),9.5431,Estimated,Estimation interval (±15-20%),11.7241,Estimated,Estimation interval (±15-20%),,Missing,Not available,,Missing,Not available,68.571,Derived,Estimation interval (±15-20%),,Missing,Not available,,Missing,Not available,3.9111
MKT-015_D010,MKT-015,Chennai,Velachery,Residential,Established,C,10,20260919,2026-09-19,21.6574,Estimated,Estimation interval (±15-20%),5879.955,Estimated,Estimation interval (±15-20%),7.7338,Estimated,Estimation interval (±15-20%),7.8984,Estimated,Estimation interval (±15-20%),,Missing,Not available,,Missing,Not available,60.3745,Derived,Estimation interval (±15-20%),,Missing,Not available,,Missing,Not available,4.4199
MKT-015_D011,MKT-015,Chennai,Velachery,Residential,Established,C,11,20260919,2026-09-19,29.8599,Estimated,Estimation interval (±15-20%),4783.4827,Estimated,Estimation interval (±15-20%),6.1189,Estimated,Estimation interval (±15-20%),10.7246,Estimated,Estimation interval (±15-20%),,Missing,Not available,,Missing,Not available,64.8065,Derived,Estimation interval (±15-20%),,Missing,Not available,,Missing,Not available,7.4908
MKT-015_D012,MKT-015,Chennai,Velachery,Residential,Established,C,12,20260919,2026-09-19,19.267,Estimated,Estimation interval (±15-20%),5704.3406,Estimated,Estimation interval (±15-20%),5.0749,Estimated,Estimation interval (±15-20%),9.1695,Estimated,Estimation interval (±15-20%),,Missing,Not available,,Missing,Not available,64.7171,Derived,Estimation interval (±15-20%),,Missing,Not available,,Missing,Not available,4.0531
MKT-015_D013,MKT-015,Chennai,Velachery,Residential,Established,C,13,20260919,2026-09-19,28.0046,Estimated,Estimation interval (±15-20%),9111.7699,Estimated,Estimation interval (±15-20%),6.2182,Estimated,Estimation interval (±15-20%),10.4062,Estimated,Estimation interval (±15-20%),,Missing,Not available,,Missing,Not available,74.9118,Derived,Estimation interval (±15-20%),,Missing,Not available,,Missing,Not available,3.6881
MKT-015_D014,MKT-015,Chennai,Velachery,Residential,Established,C,14,20260919,2026-09-19,22.564,Estimated,Estimation interval (±15-20%),4762.3576,Estimated,Estimation interval (±15-20%),6.8624,Estimated,Estimation interval (±15-20%),10.3864,Estimated,Estimation interval (±15-20%),,Missing,Not available,,Missing,Not available,62.9782,Derived,Estimation interval (±15-20%),,Missing,Not available,,Missing,Not available,5.6856
MKT-015_D015,MKT-015,Chennai,Velachery,Residential,Established,C,15,20260919,2026-09-19,27.1786,Estimated,Estimation interval (±15-20%),8197.3224,Estimated,Estimation interval (±15-20%),7.7576,Estimated,Estimation interval (±15-20%),8.6955,Estimated,Estimation interval (±15-20%),,Missing,Not available,,Missing,Not available,71.9625,Derived,Estimation interval (±15-20%),,Missing,Not available,,Missing,Not available,3.9787
MKT-015_D016,MKT-015,Chennai,Velachery,Residential,Established,C,16,20260919,2026-09-19,24.2629,Estimated,Estimation interval (±15-20%),6712.8369,Estimated,Estimation interval (±15-20%),7.4092,Estimated,Estimation interval (±15-20%),9.9457,Estimated,Estimation interval (±15-20%),,Missing,Not available,,Missing,Not available,69.2539,Derived,Estimation interval (±15-20%),,Missing,Not available,,Missing,Not available,4.3373
MKT-015_D017,MKT-015,Chennai,Velachery,Residential,Established,C,17,20260919,2026-09-19,23.7553,Estimated,Estimation interval (±15-20%),5827.3424,Estimated,Estimation interval (±15-20%),6.1696,Estimated,Estimation interval (±15-20%),7.7288,Estimated,Estimation interval (±15-20%),,Missing,Not available,,Missing,Not available,67.2197,Derived,Estimation interval (±15-20%),,Missing,Not available,,Missing,Not available,4.8918
MKT-015_D018,MKT-015,Chennai,Velachery,Residential,Established,C,18,20260919,2026-09-19,20.5583,Estimated,Estimation interval (±15-20%),7361.1682,Estimated,Estimation interval (±15-20%),6.3818,Estimated,Estimation interval (±15-20%),6.7795,Estimated,Estimation interval (±15-20%),,Missing,Not available,,Missing,Not available,69.5511,Derived,Estimation interval (±15-20%),,Missing,Not available,,Missing,Not available,3.3514
MKT-015_D019,MKT-015,Chennai,Velachery,Residential,Established,C,19,20260919,2026-09-19,25.6605,Estimated,Estimation interval (±15-20%),7385.2437,Estimated,Estimation interval (±15-20%),9.4772,Estimated,Estimation interval (±15-20%),9.9227,Estimated,Estimation interval (±15-20%),,Missing,Not available,,Missing,Not available,68.7082,Derived,Estimation interval (±15-20%),,Missing,Not available,,Missing,Not available,4.1695
MKT-015_D020,MKT-015,Chennai,Velachery,Residential,Established,C,20,20260919,2026-09-19,19.9913,Estimated,Estimation interval (±15-20%),8593.6413,Estimated,Estimation interval (±15-20%),7.5634,Estimated,Estimation interval (±15-20%),9.0708,Estimated,Estimation interval (±15-20%),,Missing,Not available,,Missing,Not available,68.9787,Derived,Estimation interval (±15-20%),,Missing,Not available,,Missing,Not available,2.7915
MKT-015_D021,MKT-015,Chennai,Velachery,Residential,Established,C,21,20260919,2026-09-19,26.4366,Estimated,Estimation interval (±15-20%),7608.7122,Estimated,Estimation interval (±15-20%),7.2586,Estimated,Estimation interval (±15-20%),7.7791,Estimated,Estimation interval (±15-20%),,Missing,Not available,,Missing,Not available,74.3788,Derived,Estimation interval (±15-20%),,Missing,Not available,,Missing,Not available,4.1694
MKT-015_D022,MKT-015,Chennai,Velachery,Residential,Established,C,22,20260919,2026-09-19,27.2116,Estimated,Estimation interval (±15-20%),9647.6493,Estimated,Estimation interval (±15-20%),5.7362,Estimated,Estimation interval (±15-20%),9.3486,Estimated,Estimation interval (±15-20%),,Missing,Not available,,Missing,Not available,78.372,Derived,Estimation interval (±15-20%),,Missing,Not available,,Missing,Not available,3.3847
MKT-015_D023,MKT-015,Chennai,Velachery,Residential,Established,C,23,20260919,2026-09-19,20.2928,Estimated,Estimation interval (±15-20%),8868.0252,Estimated,Estimation interval (±15-20%),7.1185,Estimated,Estimation interval (±15-20%),8.7782,Estimated,Estimation interval (±15-20%),,Missing,Not available,,Missing,Not available,73.6563,Derived,Estimation interval (±15-20%),,Missing,Not available,,Missing,Not available,2.746
MKT-015_D024,MKT-015,Chennai,Velachery,Residential,Established,C,24,20260919,2026-09-19,21.7551,Estimated,Estimation interval (±15-20%),6336.1747,Estimated,Estimation interval (±15-20%),9.9436,Estimated,Estimation interval (±15-20%),8.7477,Estimated,Estimation interval (±15-20%),,Missing,Not available,,Missing,Not available,70.7811,Derived,Estimation interval (±15-20%),,Missing,Not available,,Missing,Not available,4.1202
MKT-015_D025,MKT-015,Chennai,Velachery,Residential,Established,C,25,20260919,2026-09-19,25.889,Estimated,Estimation interval (±15-20%),9580.0746,Estimated,Estimation interval (±15-20%),4.4991,Estimated,Estimation interval (±15-20%),7.739,Estimated,Estimation interval (±15-20%),,Missing,Not available,,Missing,Not available,68.4108,Derived,Estimation interval (±15-20%),,Missing,Not available,,Missing,Not available,3.2429
MKT-015_D026,MKT-015,Chennai,Velachery,Residential,Established,C,26,20260919,2026-09-19,26.3364,Estimated,Estimation interval (±15-20%),4864.9605,Estimated,Estimation interval (±15-20%),7.3021,Estimated,Estimation interval (±15-20%),7.1843,Estimated,Estimation interval (±15-20%),,Missing,Not available,,Missing,Not available,76.1089,Derived,Estimation interval (±15-20%),,Missing,Not available,,Missing,Not available,6.4962
MKT-015_D027,MKT-015,Chennai,Velachery,Residential,Established,C,27,20260919,2026-09-19,23.4453,Estimated,Estimation interval (±15-20%),8814.1019,Estimated,Estimation interval (±15-20%),7.808,Estimated,Estimation interval (±15-20%),11.7112,Estimated,Estimation interval (±15-20%),,Missing,Not available,,Missing,Not available,69.7857,Derived,Estimation interval (±15-20%),,Missing,Not available,,Missing,Not available,3.192
MKT-015_D028,MKT-015,Chennai,Velachery,Residential,Established,C,28,20260919,2026-09-19,29.5129,Estimated,Estimation interval (±15-20%),7681.5723,Estimated,Estimation interval (±15-20%),8.7845,Estimated,Estimation interval (±15-20%),10.5414,Estimated,Estimation interval (±15-20%),,Missing,Not available,,Missing,Not available,69.8997,Derived,Estimation interval (±15-20%),,Missing,Not available,,Missing,Not available,4.6104
MKT-015_D029,MKT-015,Chennai,Velachery,Residential,Established,C,29,20260919,2026-09-19,26.1467,Estimated,Estimation interval (±15-20%),4502.8582,Estimated,Estimation interval (±15-20%),7.3034,Estimated,Estimation interval (±15-20%),6.3742,Estimated,Estimation interval (±15-20%),,Missing,Not available,,Missing,Not available,68.9126,Derived,Estimation interval (±15-20%),,Missing,Not available,,Missing,Not available,6.968
MKT-015_D030,MKT-015,Chennai,Velachery,Residential,Established,C,30,20260919,2026-09-19,27.1441,Estimated,Estimation interval (±15-20%),7689.8378,Estimated,Estimation interval (±15-20%),8.7672,Estimated,Estimation interval (±15-20%),7.048,Estimated,Estimation interval (±15-20%),,Missing,Not available,,Missing,Not available,59.2829,Derived,Estimation interval (±15-20%),,Missing,Not available,,Missing,Not available,4.2358
MKT-015_D031,MKT-015,Chennai,Velachery,Residential,Established,C,31,20260919,2026-09-19,18.1538,Estimated,Estimation interval (±15-20%),7276.1807,Estimated,Estimation interval (±15-20%),5.3457,Estimated,Estimation interval (±15-20%),9.3561,Estimated,Estimation interval (±15-20%),,Missing,Not available,,Missing,Not available,71.0777,Derived,Estimation interval (±15-20%),,Missing,Not available,,Missing,Not available,2.994
MKT-015_D032,MKT-015,Chennai,Velachery,Residential,Established,C,32,20260919,2026-09-19,29.462,Estimated,Estimation interval (±15-20%),5973.3561,Estimated,Estimation interval (±15-20%),5.9374,Estimated,Estimation interval (±15-20%),10.0755,Estimated,Estimation interval (±15-20%),,Missing,Not available,,Missing,Not available,75.4277,Derived,Estimation interval (±15-20%),,Missing,Not available,,Missing,Not available,5.9187
MKT-015_D033,MKT-015,Chennai,Velachery,Residential,Established,C,33,20260919,2026-09-19,24.6548,Estimated,Estimation interval (±15-20%),9621.5472,Estimated,Estimation interval (±15-20%),8.4031,Estimated,Estimation interval (±15-20%),5.8575,Estimated,Estimation interval (±15-20%),,Missing,Not available,,Missing,Not available,66.4125,Derived,Estimation interval (±15-20%),,Missing,Not available,,Missing,Not available,3.0749
MKT-015_D034,MKT-015,Chennai,Velachery,Residential,Established,C,34,20260919,2026-09-19,30.2708,Estimated,Estimation interval (±15-20%),7749.5621,Estimated,Estimation interval (±15-20%),7.1409,Estimated,Estimation interval (±15-20%),6.0337,Estimated,Estimation interval (±15-20%),,Missing,Not available,,Missing,Not available,77.5305,Derived,Estimation interval (±15-20%),,Missing,Not available,,Missing,Not available,4.6874
MKT-015_D035,MKT-015,Chennai,Velachery,Residential,Established,C,35,20260919,2026-09-19,18.4136,Estimated,Estimation interval (±15-20%),6062.1335,Estimated,Estimation interval (±15-20%),7.7192,Estimated,Estimation interval (±15-20%),10.1866,Estimated,Estimation interval (±15-20%),,Missing,Not available,,Missing,Not available,72.5579,Derived,Estimation interval (±15-20%),,Missing,Not available,,Missing,Not available,3.645
MKT-015_D036,MKT-015,Chennai,Velachery,Residential,Established,C,36,20260919,2026-09-19,24.6168,Estimated,Estimation interval (±15-20%),7934.0775,Estimated,Estimation interval (±15-20%),7.0906,Estimated,Estimation interval (±15-20%),9.838,Estimated,Estimation interval (±15-20%),,Missing,Not available,,Missing,Not available,66.3071,Derived,Estimation interval (±15-20%),,Missing,Not available,,Missing,Not available,3.7232
MKT-015_D037,MKT-015,Chennai,Velachery,Residential,Established,C,37,20260919,2026-09-19,24.0414,Estimated,Estimation interval (±15-20%),9439.8464,Estimated,Estimation interval (±15-20%),7.1025,Estimated,Estimation interval (±15-20%),6.7499,Estimated,Estimation interval (±15-20%),,Missing,Not available,,Missing,Not available,63.7981,Derived,Estimation interval (±15-20%),,Missing,Not available,,Missing,Not available,3.0562
MKT-015_D038,MKT-015,Chennai,Velachery,Residential,Established,C,38,20260919,2026-09-19,24.6578,Estimated,Estimation interval (±15-20%),7810.9955,Estimated,Estimation interval (±15-20%),5.1999,Estimated,Estimation interval (±15-20%),5.9701,Estimated,Estimation interval (±15-20%),,Missing,Not available,,Missing,Not available,74.0963,Derived,Estimation interval (±15-20%),,Missing,Not available,,Missing,Not available,3.7882
MKT-015_D039,MKT-015,Chennai,Velachery,Residential,Established,C,39,20260919,2026-09-19,19.2118,Estimated,Estimation interval (±15-20%),8927.728,Estimated,Estimation interval (±15-20%),6.7442,Estimated,Estimation interval (±15-20%),8.3789,Estimated,Estimation interval (±15-20%),,Missing,Not available,,Missing,Not available,68.2624,Derived,Estimation interval (±15-20%),,Missing,Not available,,Missing,Not available,2.5823
MKT-015_D040,MKT-015,Chennai,Velachery,Residential,Established,C,40,20260919,2026-09-19,19.1213,Estimated,Estimation interval (±15-20%),6879.8652,Estimated,Estimation interval (±15-20%),7.5707,Estimated,Estimation interval (±15-20%),6.468,Estimated,Estimation interval (±15-20%),,Missing,Not available,,Missing,Not available,75.7159,Derived,Estimation interval (±15-20%),,Missing,Not available,,Missing,Not available,3.3352
MKT-016_D001,MKT-016,Delhi NCR,Gurugram — Cyber Hub,Commercial Office,Premium,B,1,20260919,2026-09-19,125.4168,Reported,Plausible range (±10-12%),17517.6039,Estimated,Plausible range (±10-12%),6.5786,Estimated,Plausible range (±10-12%),5.3606,Estimated,Plausible range (±10-12%),,Missing,Not available,,Missing,Not available,72.9013,Derived,Plausible range (±10-12%),,Missing,Not available,,Missing,Not available,8.5914
MKT-016_D002,MKT-016,Delhi NCR,Gurugram — Cyber Hub,Commercial Office,Premium,B,2,20260919,2026-09-19,119.3821,Reported,Plausible range (±10-12%),17814.3342,Estimated,Plausible range (±10-12%),8.1701,Estimated,Plausible range (±10-12%),6.5297,Estimated,Plausible range (±10-12%),,Missing,Not available,,Missing,Not available,80.7212,Derived,Plausible range (±10-12%),,Missing,Not available,,Missing,Not available,8.0418
MKT-016_D003,MKT-016,Delhi NCR,Gurugram — Cyber Hub,Commercial Office,Premium,B,3,20260919,2026-09-19,124.8554,Reported,Plausible range (±10-12%),16119.1924,Estimated,Plausible range (±10-12%),7.7134,Estimated,Plausible range (±10-12%),10.1029,Estimated,Plausible range (±10-12%),,Missing,Not available,,Missing,Not available,74.7649,Derived,Plausible range (±10-12%),,Missing,Not available,,Missing,Not available,9.2949
MKT-016_D004,MKT-016,Delhi NCR,Gurugram — Cyber Hub,Commercial Office,Premium,B,4,20260919,2026-09-19,106.2419,Reported,Plausible range (±10-12%),18178.201,Estimated,Plausible range (±10-12%),9.102,Estimated,Plausible range (±10-12%),8.4901,Estimated,Plausible range (±10-12%),,Missing,Not available,,Missing,Not available,80.4703,Derived,Plausible range (±10-12%),,Missing,Not available,,Missing,Not available,7.0134
MKT-016_D005,MKT-016,Delhi NCR,Gurugram — Cyber Hub,Commercial Office,Premium,B,5,20260919,2026-09-19,115.4079,Reported,Plausible range (±10-12%),16412.5458,Estimated,Plausible range (±10-12%),6.6888,Estimated,Plausible range (±10-12%),6.5876,Estimated,Plausible range (±10-12%),,Missing,Not available,,Missing,Not available,81.4172,Derived,Plausible range (±10-12%),,Missing,Not available,,Missing,Not available,8.438
MKT-016_D006,MKT-016,Delhi NCR,Gurugram — Cyber Hub,Commercial Office,Premium,B,6,20260919,2026-09-19,133.3597,Reported,Plausible range (±10-12%),18081.0706,Estimated,Plausible range (±10-12%),8.4318,Estimated,Plausible range (±10-12%),7.8654,Estimated,Plausible range (±10-12%),,Missing,Not available,,Missing,Not available,75.0492,Derived,Plausible range (±10-12%),,Missing,Not available,,Missing,Not available,8.8508
MKT-016_D007,MKT-016,Delhi NCR,Gurugram — Cyber Hub,Commercial Office,Premium,B,7,20260919,2026-09-19,119.3644,Reported,Plausible range (±10-12%),15212.4398,Estimated,Plausible range (±10-12%),6.4112,Estimated,Plausible range (±10-12%),6.4762,Estimated,Plausible range (±10-12%),,Missing,Not available,,Missing,Not available,73.5028,Derived,Plausible range (±10-12%),,Missing,Not available,,Missing,Not available,9.4158
MKT-016_D008,MKT-016,Delhi NCR,Gurugram — Cyber Hub,Commercial Office,Premium,B,8,20260919,2026-09-19,142.3781,Reported,Plausible range (±10-12%),18038.9828,Estimated,Plausible range (±10-12%),6.859,Estimated,Plausible range (±10-12%),10.7719,Estimated,Plausible range (±10-12%),,Missing,Not available,,Missing,Not available,77.3071,Derived,Plausible range (±10-12%),,Missing,Not available,,Missing,Not available,9.4714
MKT-016_D009,MKT-016,Delhi NCR,Gurugram — Cyber Hub,Commercial Office,Premium,B,9,20260919,2026-09-19,124.2451,Reported,Plausible range (±10-12%),15682.2905,Estimated,Plausible range (±10-12%),8.7931,Estimated,Plausible range (±10-12%),7.7155,Estimated,Plausible range (±10-12%),,Missing,Not available,,Missing,Not available,69.1091,Derived,Plausible range (±10-12%),,Missing,Not available,,Missing,Not available,9.5072
MKT-016_D010,MKT-016,Delhi NCR,Gurugram — Cyber Hub,Commercial Office,Premium,B,10,20260919,2026-09-19,139.7158,Reported,Plausible range (±10-12%),14647.9011,Estimated,Plausible range (±10-12%),9.1574,Estimated,Plausible range (±10-12%),8.8861,Estimated,Plausible range (±10-12%),,Missing,Not available,,Missing,Not available,71.1118,Derived,Plausible range (±10-12%),,Missing,Not available,,Missing,Not available,11.4459
MKT-016_D011,MKT-016,Delhi NCR,Gurugram — Cyber Hub,Commercial Office,Premium,B,11,20260919,2026-09-19,131.306,Reported,Plausible range (±10-12%),15131.2381,Estimated,Plausible range (±10-12%),5.697,Estimated,Plausible range (±10-12%),8.828,Estimated,Plausible range (±10-12%),,Missing,Not available,,Missing,Not available,73.4555,Derived,Plausible range (±10-12%),,Missing,Not available,,Missing,Not available,10.4134
MKT-016_D012,MKT-016,Delhi NCR,Gurugram — Cyber Hub,Commercial Office,Premium,B,12,20260919,2026-09-19,116.6599,Reported,Plausible range (±10-12%),14028.4277,Estimated,Plausible range (±10-12%),8.5351,Estimated,Plausible range (±10-12%),7.0126,Estimated,Plausible range (±10-12%),,Missing,Not available,,Missing,Not available,73.1217,Derived,Plausible range (±10-12%),,Missing,Not available,,Missing,Not available,9.9792
MKT-016_D013,MKT-016,Delhi NCR,Gurugram — Cyber Hub,Commercial Office,Premium,B,13,20260919,2026-09-19,123.7122,Reported,Plausible range (±10-12%),16381.2659,Estimated,Plausible range (±10-12%),6.3265,Estimated,Plausible range (±10-12%),9.642,Estimated,Plausible range (±10-12%),,Missing,Not available,,Missing,Not available,75.5293,Derived,Plausible range (±10-12%),,Missing,Not available,,Missing,Not available,9.0625
MKT-016_D014,MKT-016,Delhi NCR,Gurugram — Cyber Hub,Commercial Office,Premium,B,14,20260919,2026-09-19,129.3795,Reported,Plausible range (±10-12%),17491.1259,Estimated,Plausible range (±10-12%),7.1416,Estimated,Plausible range (±10-12%),7.4173,Estimated,Plausible range (±10-12%),,Missing,Not available,,Missing,Not available,78.034,Derived,Plausible range (±10-12%),,Missing,Not available,,Missing,Not available,8.8762
MKT-016_D015,MKT-016,Delhi NCR,Gurugram — Cyber Hub,Commercial Office,Premium,B,15,20260919,2026-09-19,134.1839,Reported,Plausible range (±10-12%),17090.5868,Estimated,Plausible range (±10-12%),7.2607,Estimated,Plausible range (±10-12%),9.158,Estimated,Plausible range (±10-12%),,Missing,Not available,,Missing,Not available,73.4142,Derived,Plausible range (±10-12%),,Missing,Not available,,Missing,Not available,9.4216
MKT-016_D016,MKT-016,Delhi NCR,Gurugram — Cyber Hub,Commercial Office,Premium,B,16,20260919,2026-09-19,129.6104,Reported,Plausible range (±10-12%),15324.2619,Estimated,Plausible range (±10-12%),7.9699,Estimated,Plausible range (±10-12%),8.5119,Estimated,Plausible range (±10-12%),,Missing,Not available,,Missing,Not available,79.6744,Derived,Plausible range (±10-12%),,Missing,Not available,,Missing,Not available,10.1494
MKT-016_D017,MKT-016,Delhi NCR,Gurugram — Cyber Hub,Commercial Office,Premium,B,17,20260919,2026-09-19,131.7997,Reported,Plausible range (±10-12%),19266.227,Estimated,Plausible range (±10-12%),9.7877,Estimated,Plausible range (±10-12%),8.3511,Estimated,Plausible range (±10-12%),,Missing,Not available,,Missing,Not available,73.9912,Derived,Plausible range (±10-12%),,Missing,Not available,,Missing,Not available,8.2092
MKT-016_D018,MKT-016,Delhi NCR,Gurugram — Cyber Hub,Commercial Office,Premium,B,18,20260919,2026-09-19,126.4296,Reported,Plausible range (±10-12%),21012.7635,Estimated,Plausible range (±10-12%),7.5677,Estimated,Plausible range (±10-12%),6.9715,Estimated,Plausible range (±10-12%),,Missing,Not available,,Missing,Not available,72.4261,Derived,Plausible range (±10-12%),,Missing,Not available,,Missing,Not available,7.2202
MKT-016_D019,MKT-016,Delhi NCR,Gurugram — Cyber Hub,Commercial Office,Premium,B,19,20260919,2026-09-19,110.4835,Reported,Plausible range (±10-12%),18398.5451,Estimated,Plausible range (±10-12%),6.0534,Estimated,Plausible range (±10-12%),9.2358,Estimated,Plausible range (±10-12%),,Missing,Not available,,Missing,Not available,77.4938,Derived,Plausible range (±10-12%),,Missing,Not available,,Missing,Not available,7.206
MKT-016_D020,MKT-016,Delhi NCR,Gurugram — Cyber Hub,Commercial Office,Premium,B,20,20260919,2026-09-19,122.4523,Reported,Plausible range (±10-12%),18684.9101,Estimated,Plausible range (±10-12%),9.2342,Estimated,Plausible range (±10-12%),7.7663,Estimated,Plausible range (±10-12%),,Missing,Not available,,Missing,Not available,80.3625,Derived,Plausible range (±10-12%),,Missing,Not available,,Missing,Not available,7.8642
MKT-016_D021,MKT-016,Delhi NCR,Gurugram — Cyber Hub,Commercial Office,Premium,B,21,20260919,2026-09-19,130.6901,Reported,Plausible range (±10-12%),15976.937,Estimated,Plausible range (±10-12%),7.3986,Estimated,Plausible range (±10-12%),8.8496,Estimated,Plausible range (±10-12%),,Missing,Not available,,Missing,Not available,75.2761,Derived,Plausible range (±10-12%),,Missing,Not available,,Missing,Not available,9.8159
MKT-016_D022,MKT-016,Delhi NCR,Gurugram — Cyber Hub,Commercial Office,Premium,B,22,20260919,2026-09-19,115.959,Reported,Plausible range (±10-12%),17747.5158,Estimated,Plausible range (±10-12%),6.8783,Estimated,Plausible range (±10-12%),7.7835,Estimated,Plausible range (±10-12%),,Missing,Not available,,Missing,Not available,74.6589,Derived,Plausible range (±10-12%),,Missing,Not available,,Missing,Not available,7.8406
MKT-016_D023,MKT-016,Delhi NCR,Gurugram — Cyber Hub,Commercial Office,Premium,B,23,20260919,2026-09-19,128.4326,Reported,Plausible range (±10-12%),18969.8601,Estimated,Plausible range (±10-12%),7.7205,Estimated,Plausible range (±10-12%),7.1656,Estimated,Plausible range (±10-12%),,Missing,Not available,,Missing,Not available,72.6453,Derived,Plausible range (±10-12%),,Missing,Not available,,Missing,Not available,8.1244
MKT-016_D024,MKT-016,Delhi NCR,Gurugram — Cyber Hub,Commercial Office,Premium,B,24,20260919,2026-09-19,121.958,Reported,Plausible range (±10-12%),17120.8481,Estimated,Plausible range (±10-12%),7.7357,Estimated,Plausible range (±10-12%),8.2346,Estimated,Plausible range (±10-12%),,Missing,Not available,,Missing,Not available,74.6972,Derived,Plausible range (±10-12%),,Missing,Not available,,Missing,Not available,8.548
MKT-016_D025,MKT-016,Delhi NCR,Gurugram — Cyber Hub,Commercial Office,Premium,B,25,20260919,2026-09-19,132.1125,Reported,Plausible range (±10-12%),16565.8327,Estimated,Plausible range (±10-12%),5.112,Estimated,Plausible range (±10-12%),11.1056,Estimated,Plausible range (±10-12%),,Missing,Not available,,Missing,Not available,79.0189,Derived,Plausible range (±10-12%),,Missing,Not available,,Missing,Not available,9.57
MKT-016_D026,MKT-016,Delhi NCR,Gurugram — Cyber Hub,Commercial Office,Premium,B,26,20260919,2026-09-19,126.7148,Reported,Plausible range (±10-12%),21067.0876,Estimated,Plausible range (±10-12%),6.9696,Estimated,Plausible range (±10-12%),11.3272,Estimated,Plausible range (±10-12%),,Missing,Not available,,Missing,Not available,68.9454,Derived,Plausible range (±10-12%),,Missing,Not available,,Missing,Not available,7.2178
MKT-016_D027,MKT-016,Delhi NCR,Gurugram — Cyber Hub,Commercial Office,Premium,B,27,20260919,2026-09-19,115.5507,Reported,Plausible range (±10-12%),18856.789,Estimated,Plausible range (±10-12%),6.9129,Estimated,Plausible range (±10-12%),7.0988,Estimated,Plausible range (±10-12%),,Missing,Not available,,Missing,Not available,69.2573,Derived,Plausible range (±10-12%),,Missing,Not available,,Missing,Not available,7.3534
MKT-016_D028,MKT-016,Delhi NCR,Gurugram — Cyber Hub,Commercial Office,Premium,B,28,20260919,2026-09-19,124.0466,Reported,Plausible range (±10-12%),21006.5948,Estimated,Plausible range (±10-12%),7.1268,Estimated,Plausible range (±10-12%),8.3873,Estimated,Plausible range (±10-12%),,Missing,Not available,,Missing,Not available,70.6624,Derived,Plausible range (±10-12%),,Missing,Not available,,Missing,Not available,7.0862
MKT-016_D029,MKT-016,Delhi NCR,Gurugram — Cyber Hub,Commercial Office,Premium,B,29,20260919,2026-09-19,112.6773,Reported,Plausible range (±10-12%),18088.5846,Estimated,Plausible range (±10-12%),6.6957,Estimated,Plausible range (±10-12%),7.7735,Estimated,Plausible range (±10-12%),,Missing,Not available,,Missing,Not available,72.0955,Derived,Plausible range (±10-12%),,Missing,Not available,,Missing,Not available,7.475
MKT-016_D030,MKT-016,Delhi NCR,Gurugram — Cyber Hub,Commercial Office,Premium,B,30,20260919,2026-09-19,133.0816,Reported,Plausible range (±10-12%),15443.8616,Estimated,Plausible range (±10-12%),7.4074,Estimated,Plausible range (±10-12%),7.2575,Estimated,Plausible range (±10-12%),,Missing,Not available,,Missing,Not available,74.4711,Derived,Plausible range (±10-12%),,Missing,Not available,,Missing,Not available,10.3405
MKT-016_D031,MKT-016,Delhi NCR,Gurugram — Cyber Hub,Commercial Office,Premium,B,31,20260919,2026-09-19,120.2934,Reported,Plausible range (±10-12%),17467.8831,Estimated,Plausible range (±10-12%),6.1311,Estimated,Plausible range (±10-12%),8.5906,Estimated,Plausible range (±10-12%),,Missing,Not available,,Missing,Not available,68.872,Derived,Plausible range (±10-12%),,Missing,Not available,,Missing,Not available,8.2639
MKT-016_D032,MKT-016,Delhi NCR,Gurugram — Cyber Hub,Commercial Office,Premium,B,32,20260919,2026-09-19,110.8103,Reported,Plausible range (±10-12%),16967.3449,Estimated,Plausible range (±10-12%),7.5223,Estimated,Plausible range (±10-12%),8.9021,Estimated,Plausible range (±10-12%),,Missing,Not available,,Missing,Not available,70.3521,Derived,Plausible range (±10-12%),,Missing,Not available,,Missing,Not available,7.837
MKT-016_D033,MKT-016,Delhi NCR,Gurugram — Cyber Hub,Commercial Office,Premium,B,33,20260919,2026-09-19,124.1472,Reported,Plausible range (±10-12%),16064.1402,Estimated,Plausible range (±10-12%),7.4774,Estimated,Plausible range (±10-12%),9.2686,Estimated,Plausible range (±10-12%),,Missing,Not available,,Missing,Not available,74.9086,Derived,Plausible range (±10-12%),,Missing,Not available,,Missing,Not available,9.2739
MKT-016_D034,MKT-016,Delhi NCR,Gurugram — Cyber Hub,Commercial Office,Premium,B,34,20260919,2026-09-19,138.8828,Reported,Plausible range (±10-12%),16943.664,Estimated,Plausible range (±10-12%),6.4685,Estimated,Plausible range (±10-12%),7.6659,Estimated,Plausible range (±10-12%),,Missing,Not available,,Missing,Not available,75.2529,Derived,Plausible range (±10-12%),,Missing,Not available,,Missing,Not available,9.8361
MKT-016_D035,MKT-016,Delhi NCR,Gurugram — Cyber Hub,Commercial Office,Premium,B,35,20260919,2026-09-19,114.2614,Reported,Plausible range (±10-12%),13812.2014,Estimated,Plausible range (±10-12%),4.746,Estimated,Plausible range (±10-12%),7.0455,Estimated,Plausible range (±10-12%),,Missing,Not available,,Missing,Not available,80.5327,Derived,Plausible range (±10-12%),,Missing,Not available,,Missing,Not available,9.927
MKT-016_D036,MKT-016,Delhi NCR,Gurugram — Cyber Hub,Commercial Office,Premium,B,36,20260919,2026-09-19,116.4103,Reported,Plausible range (±10-12%),17217.2728,Estimated,Plausible range (±10-12%),6.3118,Estimated,Plausible range (±10-12%),6.903,Estimated,Plausible range (±10-12%),,Missing,Not available,,Missing,Not available,67.0175,Derived,Plausible range (±10-12%),,Missing,Not available,,Missing,Not available,8.1135
MKT-016_D037,MKT-016,Delhi NCR,Gurugram — Cyber Hub,Commercial Office,Premium,B,37,20260919,2026-09-19,112.2726,Reported,Plausible range (±10-12%),15663.3837,Estimated,Plausible range (±10-12%),6.1758,Estimated,Plausible range (±10-12%),8.8075,Estimated,Plausible range (±10-12%),,Missing,Not available,,Missing,Not available,77.6048,Derived,Plausible range (±10-12%),,Missing,Not available,,Missing,Not available,8.6014
MKT-016_D038,MKT-016,Delhi NCR,Gurugram — Cyber Hub,Commercial Office,Premium,B,38,20260919,2026-09-19,131.3536,Reported,Plausible range (±10-12%),22975.9553,Estimated,Plausible range (±10-12%),7.9345,Estimated,Plausible range (±10-12%),8.5629,Estimated,Plausible range (±10-12%),,Missing,Not available,,Missing,Not available,69.3699,Derived,Plausible range (±10-12%),,Missing,Not available,,Missing,Not available,6.8604
MKT-016_D039,MKT-016,Delhi NCR,Gurugram — Cyber Hub,Commercial Office,Premium,B,39,20260919,2026-09-19,133.5332,Reported,Plausible range (±10-12%),18537.094,Estimated,Plausible range (±10-12%),8.5702,Estimated,Plausible range (±10-12%),8.7091,Estimated,Plausible range (±10-12%),,Missing,Not available,,Missing,Not available,75.5807,Derived,Plausible range (±10-12%),,Missing,Not available,,Missing,Not available,8.6443
MKT-016_D040,MKT-016,Delhi NCR,Gurugram — Cyber Hub,Commercial Office,Premium,B,40,20260919,2026-09-19,117.8408,Reported,Plausible range (±10-12%),17402.0173,Estimated,Plausible range (±10-12%),6.2426,Estimated,Plausible range (±10-12%),9.5766,Estimated,Plausible range (±10-12%),,Missing,Not available,,Missing,Not available,80.1445,Derived,Plausible range (±10-12%),,Missing,Not available,,Missing,Not available,8.126
MKT-017_D001,MKT-017,Delhi NCR,Noida — Sector 18,Retail,Established,C,1,20260919,2026-09-19,201.9827,Estimated,Estimation interval (±15-20%),26008.7173,Estimated,Estimation interval (±15-20%),6.393,Estimated,Estimation interval (±15-20%),6.8989,Estimated,Estimation interval (±15-20%),,Missing,Not available,,Missing,Not available,65.1724,Derived,Estimation interval (±15-20%),,Missing,Not available,,Missing,Not available,9.3192
MKT-017_D002,MKT-017,Delhi NCR,Noida — Sector 18,Retail,Established,C,2,20260919,2026-09-19,210.9385,Estimated,Estimation interval (±15-20%),15690.6421,Estimated,Estimation interval (±15-20%),7.5407,Estimated,Estimation interval (±15-20%),6.9486,Estimated,Estimation interval (±15-20%),,Missing,Not available,,Missing,Not available,67.6418,Derived,Estimation interval (±15-20%),,Missing,Not available,,Missing,Not available,16.1323
MKT-017_D003,MKT-017,Delhi NCR,Noida — Sector 18,Retail,Established,C,3,20260919,2026-09-19,196.7541,Estimated,Estimation interval (±15-20%),12991.925,Estimated,Estimation interval (±15-20%),7.3791,Estimated,Estimation interval (±15-20%),4.6981,Estimated,Estimation interval (±15-20%),,Missing,Not available,,Missing,Not available,66.1432,Derived,Estimation interval (±15-20%),,Missing,Not available,,Missing,Not available,18.1732
MKT-017_D004,MKT-017,Delhi NCR,Noida — Sector 18,Retail,Established,C,4,20260919,2026-09-19,201.3414,Estimated,Estimation interval (±15-20%),15185.5202,Estimated,Estimation interval (±15-20%),4.717,Estimated,Estimation interval (±15-20%),5.1547,Estimated,Estimation interval (±15-20%),,Missing,Not available,,Missing,Not available,57.9481,Derived,Estimation interval (±15-20%),,Missing,Not available,,Missing,Not available,15.9105
MKT-017_D005,MKT-017,Delhi NCR,Noida — Sector 18,Retail,Established,C,5,20260919,2026-09-19,181.9664,Estimated,Estimation interval (±15-20%),19937.3955,Estimated,Estimation interval (±15-20%),4.4713,Estimated,Estimation interval (±15-20%),7.1968,Estimated,Estimation interval (±15-20%),,Missing,Not available,,Missing,Not available,63.3015,Derived,Estimation interval (±15-20%),,Missing,Not available,,Missing,Not available,10.9523
MKT-017_D006,MKT-017,Delhi NCR,Noida — Sector 18,Retail,Established,C,6,20260919,2026-09-19,173.787,Estimated,Estimation interval (±15-20%),22133.161,Estimated,Estimation interval (±15-20%),4.4522,Estimated,Estimation interval (±15-20%),3.4028,Estimated,Estimation interval (±15-20%),,Missing,Not available,,Missing,Not available,56.995,Derived,Estimation interval (±15-20%),,Missing,Not available,,Missing,Not available,9.4223
MKT-017_D007,MKT-017,Delhi NCR,Noida — Sector 18,Retail,Established,C,7,20260919,2026-09-19,198.438,Estimated,Estimation interval (±15-20%),24526.8602,Estimated,Estimation interval (±15-20%),4.7446,Estimated,Estimation interval (±15-20%),5.0011,Estimated,Estimation interval (±15-20%),,Missing,Not available,,Missing,Not available,62.8427,Derived,Estimation interval (±15-20%),,Missing,Not available,,Missing,Not available,9.7088
MKT-017_D008,MKT-017,Delhi NCR,Noida — Sector 18,Retail,Established,C,8,20260919,2026-09-19,171.1889,Estimated,Estimation interval (±15-20%),20505.8625,Estimated,Estimation interval (±15-20%),6.5304,Estimated,Estimation interval (±15-20%),5.7486,Estimated,Estimation interval (±15-20%),,Missing,Not available,,Missing,Not available,64.4314,Derived,Estimation interval (±15-20%),,Missing,Not available,,Missing,Not available,10.0179
MKT-017_D009,MKT-017,Delhi NCR,Noida — Sector 18,Retail,Established,C,9,20260919,2026-09-19,174.6026,Estimated,Estimation interval (±15-20%),18238.2134,Estimated,Estimation interval (±15-20%),3.4229,Estimated,Estimation interval (±15-20%),6.5123,Estimated,Estimation interval (±15-20%),,Missing,Not available,,Missing,Not available,66.4335,Derived,Estimation interval (±15-20%),,Missing,Not available,,Missing,Not available,11.4881
MKT-017_D010,MKT-017,Delhi NCR,Noida — Sector 18,Retail,Established,C,10,20260919,2026-09-19,219.637,Estimated,Estimation interval (±15-20%),20332.6982,Estimated,Estimation interval (±15-20%),4.2269,Estimated,Estimation interval (±15-20%),3.8879,Estimated,Estimation interval (±15-20%),,Missing,Not available,,Missing,Not available,60.459,Derived,Estimation interval (±15-20%),,Missing,Not available,,Missing,Not available,12.9626
MKT-017_D011,MKT-017,Delhi NCR,Noida — Sector 18,Retail,Established,C,11,20260919,2026-09-19,173.2192,Estimated,Estimation interval (±15-20%),21567.3594,Estimated,Estimation interval (±15-20%),4.9912,Estimated,Estimation interval (±15-20%),4.4876,Estimated,Estimation interval (±15-20%),,Missing,Not available,,Missing,Not available,67.6163,Derived,Estimation interval (±15-20%),,Missing,Not available,,Missing,Not available,9.6379
MKT-017_D012,MKT-017,Delhi NCR,Noida — Sector 18,Retail,Established,C,12,20260919,2026-09-19,190.6514,Estimated,Estimation interval (±15-20%),19604.6437,Estimated,Estimation interval (±15-20%),4.2713,Estimated,Estimation interval (±15-20%),5.4064,Estimated,Estimation interval (±15-20%),,Missing,Not available,,Missing,Not available,69.7847,Derived,Estimation interval (±15-20%),,Missing,Not available,,Missing,Not available,11.6698
MKT-017_D013,MKT-017,Delhi NCR,Noida — Sector 18,Retail,Established,C,13,20260919,2026-09-19,164.7661,Estimated,Estimation interval (±15-20%),26227.6826,Estimated,Estimation interval (±15-20%),3.8644,Estimated,Estimation interval (±15-20%),3.9619,Estimated,Estimation interval (±15-20%),,Missing,Not available,,Missing,Not available,62.5206,Derived,Estimation interval (±15-20%),,Missing,Not available,,Missing,Not available,7.5386
MKT-017_D014,MKT-017,Delhi NCR,Noida — Sector 18,Retail,Established,C,14,20260919,2026-09-19,220.7731,Estimated,Estimation interval (±15-20%),17828.8938,Estimated,Estimation interval (±15-20%),6.2761,Estimated,Estimation interval (±15-20%),6.5018,Estimated,Estimation interval (±15-20%),,Missing,Not available,,Missing,Not available,61.1636,Derived,Estimation interval (±15-20%),,Missing,Not available,,Missing,Not available,14.8595
MKT-017_D015,MKT-017,Delhi NCR,Noida — Sector 18,Retail,Established,C,15,20260919,2026-09-19,190.6859,Estimated,Estimation interval (±15-20%),15553.3442,Estimated,Estimation interval (±15-20%),5.5874,Estimated,Estimation interval (±15-20%),7.3259,Estimated,Estimation interval (±15-20%),,Missing,Not available,,Missing,Not available,66.2834,Derived,Estimation interval (±15-20%),,Missing,Not available,,Missing,Not available,14.7121
MKT-017_D016,MKT-017,Delhi NCR,Noida — Sector 18,Retail,Established,C,16,20260919,2026-09-19,214.9057,Estimated,Estimation interval (±15-20%),15516.4845,Estimated,Estimation interval (±15-20%),6.4997,Estimated,Estimation interval (±15-20%),2.955,Estimated,Estimation interval (±15-20%),,Missing,Not available,,Missing,Not available,72.458,Derived,Estimation interval (±15-20%),,Missing,Not available,,Missing,Not available,16.6202
MKT-017_D017,MKT-017,Delhi NCR,Noida — Sector 18,Retail,Established,C,17,20260919,2026-09-19,182.9961,Estimated,Estimation interval (±15-20%),23195.9738,Estimated,Estimation interval (±15-20%),4.739,Estimated,Estimation interval (±15-20%),5.4201,Estimated,Estimation interval (±15-20%),,Missing,Not available,,Missing,Not available,72.3721,Derived,Estimation interval (±15-20%),,Missing,Not available,,Missing,Not available,9.467
MKT-017_D018,MKT-017,Delhi NCR,Noida — Sector 18,Retail,Established,C,18,20260919,2026-09-19,186.2927,Estimated,Estimation interval (±15-20%),23036.3296,Estimated,Estimation interval (±15-20%),6.9154,Estimated,Estimation interval (±15-20%),5.2878,Estimated,Estimation interval (±15-20%),,Missing,Not available,,Missing,Not available,68.7805,Derived,Estimation interval (±15-20%),,Missing,Not available,,Missing,Not available,9.7043
MKT-017_D019,MKT-017,Delhi NCR,Noida — Sector 18,Retail,Established,C,19,20260919,2026-09-19,153.2524,Estimated,Estimation interval (±15-20%),19780.2049,Estimated,Estimation interval (±15-20%),5.5377,Estimated,Estimation interval (±15-20%),6.0318,Estimated,Estimation interval (±15-20%),,Missing,Not available,,Missing,Not available,62.0859,Derived,Estimation interval (±15-20%),,Missing,Not available,,Missing,Not available,9.2973
MKT-017_D020,MKT-017,Delhi NCR,Noida — Sector 18,Retail,Established,C,20,20260919,2026-09-19,194.4202,Estimated,Estimation interval (±15-20%),14878.5532,Estimated,Estimation interval (±15-20%),5.0866,Estimated,Estimation interval (±15-20%),4.4175,Estimated,Estimation interval (±15-20%),,Missing,Not available,,Missing,Not available,65.624,Derived,Estimation interval (±15-20%),,Missing,Not available,,Missing,Not available,15.6806
MKT-017_D021,MKT-017,Delhi NCR,Noida — Sector 18,Retail,Established,C,21,20260919,2026-09-19,165.4444,Estimated,Estimation interval (±15-20%),16022.7346,Estimated,Estimation interval (±15-20%),5.3847,Estimated,Estimation interval (±15-20%),3.0969,Estimated,Estimation interval (±15-20%),,Missing,Not available,,Missing,Not available,61.1867,Derived,Estimation interval (±15-20%),,Missing,Not available,,Missing,Not available,12.3907
MKT-017_D022,MKT-017,Delhi NCR,Noida — Sector 18,Retail,Established,C,22,20260919,2026-09-19,216.3786,Estimated,Estimation interval (±15-20%),18625.6061,Estimated,Estimation interval (±15-20%),5.7926,Estimated,Estimation interval (±15-20%),6.3808,Estimated,Estimation interval (±15-20%),,Missing,Not available,,Missing,Not available,69.428,Derived,Estimation interval (±15-20%),,Missing,Not available,,Missing,Not available,13.9407
MKT-017_D023,MKT-017,Delhi NCR,Noida — Sector 18,Retail,Established,C,23,20260919,2026-09-19,184.1775,Estimated,Estimation interval (±15-20%),15585.206,Estimated,Estimation interval (±15-20%),5.824,Estimated,Estimation interval (±15-20%),4.2473,Estimated,Estimation interval (±15-20%),,Missing,Not available,,Missing,Not available,67.079,Derived,Estimation interval (±15-20%),,Missing,Not available,,Missing,Not available,14.1809
MKT-017_D024,MKT-017,Delhi NCR,Noida — Sector 18,Retail,Established,C,24,20260919,2026-09-19,207.8181,Estimated,Estimation interval (±15-20%),24490.1682,Estimated,Estimation interval (±15-20%),4.717,Estimated,Estimation interval (±15-20%),7.1602,Estimated,Estimation interval (±15-20%),,Missing,Not available,,Missing,Not available,66.4802,Derived,Estimation interval (±15-20%),,Missing,Not available,,Missing,Not available,10.1829
MKT-017_D025,MKT-017,Delhi NCR,Noida — Sector 18,Retail,Established,C,25,20260919,2026-09-19,185.5199,Estimated,Estimation interval (±15-20%),14561.0926,Estimated,Estimation interval (±15-20%),4.8503,Estimated,Estimation interval (±15-20%),6.9042,Estimated,Estimation interval (±15-20%),,Missing,Not available,,Missing,Not available,69.7963,Derived,Estimation interval (±15-20%),,Missing,Not available,,Missing,Not available,15.289
MKT-017_D026,MKT-017,Delhi NCR,Noida — Sector 18,Retail,Established,C,26,20260919,2026-09-19,187.0536,Estimated,Estimation interval (±15-20%),16604.9414,Estimated,Estimation interval (±15-20%),5.7311,Estimated,Estimation interval (±15-20%),2.7408,Estimated,Estimation interval (±15-20%),,Missing,Not available,,Missing,Not available,71.2755,Derived,Estimation interval (±15-20%),,Missing,Not available,,Missing,Not available,13.5179
MKT-017_D027,MKT-017,Delhi NCR,Noida — Sector 18,Retail,Established,C,27,20260919,2026-09-19,193.1839,Estimated,Estimation interval (±15-20%),23759.6972,Estimated,Estimation interval (±15-20%),7.1903,Estimated,Estimation interval (±15-20%),4.9088,Estimated,Estimation interval (±15-20%),,Missing,Not available,,Missing,Not available,62.8495,Derived,Estimation interval (±15-20%),,Missing,Not available,,Missing,Not available,9.7569
MKT-017_D028,MKT-017,Delhi NCR,Noida — Sector 18,Retail,Established,C,28,20260919,2026-09-19,168.6081,Estimated,Estimation interval (±15-20%),21683.5922,Estimated,Estimation interval (±15-20%),6.2644,Estimated,Estimation interval (±15-20%),3.9529,Estimated,Estimation interval (±15-20%),,Missing,Not available,,Missing,Not available,63.2158,Derived,Estimation interval (±15-20%),,Missing,Not available,,Missing,Not available,9.331
MKT-017_D029,MKT-017,Delhi NCR,Noida — Sector 18,Retail,Established,C,29,20260919,2026-09-19,204.277,Estimated,Estimation interval (±15-20%),27562.5907,Estimated,Estimation interval (±15-20%),4.8313,Estimated,Estimation interval (±15-20%),4.229,Estimated,Estimation interval (±15-20%),,Missing,Not available,,Missing,Not available,66.9184,Derived,Estimation interval (±15-20%),,Missing,Not available,,Missing,Not available,8.8937
MKT-017_D030,MKT-017,Delhi NCR,Noida — Sector 18,Retail,Established,C,30,20260919,2026-09-19,183.9667,Estimated,Estimation interval (±15-20%),27460.6954,Estimated,Estimation interval (±15-20%),6.984,Estimated,Estimation interval (±15-20%),6.0909,Estimated,Estimation interval (±15-20%),,Missing,Not available,,Missing,Not available,66.9465,Derived,Estimation interval (±15-20%),,Missing,Not available,,Missing,Not available,8.0391
MKT-017_D031,MKT-017,Delhi NCR,Noida — Sector 18,Retail,Established,C,31,20260919,2026-09-19,165.3355,Estimated,Estimation interval (±15-20%),18876.0987,Estimated,Estimation interval (±15-20%),7.1027,Estimated,Estimation interval (±15-20%),3.5183,Estimated,Estimation interval (±15-20%),,Missing,Not available,,Missing,Not available,64.3221,Derived,Estimation interval (±15-20%),,Missing,Not available,,Missing,Not available,10.5108
MKT-017_D032,MKT-017,Delhi NCR,Noida — Sector 18,Retail,Established,C,32,20260919,2026-09-19,196.4972,Estimated,Estimation interval (±15-20%),23302.6339,Estimated,Estimation interval (±15-20%),5.1852,Estimated,Estimation interval (±15-20%),3.8119,Estimated,Estimation interval (±15-20%),,Missing,Not available,,Missing,Not available,59.5671,Derived,Estimation interval (±15-20%),,Missing,Not available,,Missing,Not available,10.1189
MKT-017_D033,MKT-017,Delhi NCR,Noida — Sector 18,Retail,Established,C,33,20260919,2026-09-19,201.3002,Estimated,Estimation interval (±15-20%),15812.7928,Estimated,Estimation interval (±15-20%),4.3575,Estimated,Estimation interval (±15-20%),7.9615,Estimated,Estimation interval (±15-20%),,Missing,Not available,,Missing,Not available,60.1732,Derived,Estimation interval (±15-20%),,Missing,Not available,,Missing,Not available,15.2763
MKT-017_D034,MKT-017,Delhi NCR,Noida — Sector 18,Retail,Established,C,34,20260919,2026-09-19,165.583,Estimated,Estimation interval (±15-20%),18614.0304,Estimated,Estimation interval (±15-20%),7.6142,Estimated,Estimation interval (±15-20%),3.9183,Estimated,Estimation interval (±15-20%),,Missing,Not available,,Missing,Not available,64.3887,Derived,Estimation interval (±15-20%),,Missing,Not available,,Missing,Not available,10.6747
MKT-017_D035,MKT-017,Delhi NCR,Noida — Sector 18,Retail,Established,C,35,20260919,2026-09-19,187.2709,Estimated,Estimation interval (±15-20%),16560.4173,Estimated,Estimation interval (±15-20%),6.4842,Estimated,Estimation interval (±15-20%),3.6604,Estimated,Estimation interval (±15-20%),,Missing,Not available,,Missing,Not available,62.6547,Derived,Estimation interval (±15-20%),,Missing,Not available,,Missing,Not available,13.57
MKT-017_D036,MKT-017,Delhi NCR,Noida — Sector 18,Retail,Established,C,36,20260919,2026-09-19,209.6644,Estimated,Estimation interval (±15-20%),22260.6928,Estimated,Estimation interval (±15-20%),5.4392,Estimated,Estimation interval (±15-20%),5.5528,Estimated,Estimation interval (±15-20%),,Missing,Not available,,Missing,Not available,69.2422,Derived,Estimation interval (±15-20%),,Missing,Not available,,Missing,Not available,11.3023
MKT-017_D037,MKT-017,Delhi NCR,Noida — Sector 18,Retail,Established,C,37,20260919,2026-09-19,185.1969,Estimated,Estimation interval (±15-20%),23658.4578,Estimated,Estimation interval (±15-20%),4.9259,Estimated,Estimation interval (±15-20%),5.1773,Estimated,Estimation interval (±15-20%),,Missing,Not available,,Missing,Not available,64.2267,Derived,Estimation interval (±15-20%),,Missing,Not available,,Missing,Not available,9.3935
MKT-017_D038,MKT-017,Delhi NCR,Noida — Sector 18,Retail,Established,C,38,20260919,2026-09-19,204.9381,Estimated,Estimation interval (±15-20%),21221.2244,Estimated,Estimation interval (±15-20%),4.7865,Estimated,Estimation interval (±15-20%),4.9388,Estimated,Estimation interval (±15-20%),,Missing,Not available,,Missing,Not available,65.8156,Derived,Estimation interval (±15-20%),,Missing,Not available,,Missing,Not available,11.5887
MKT-017_D039,MKT-017,Delhi NCR,Noida — Sector 18,Retail,Established,C,39,20260919,2026-09-19,222.9539,Estimated,Estimation interval (±15-20%),24874.7171,Estimated,Estimation interval (±15-20%),2.7827,Estimated,Estimation interval (±15-20%),5.9943,Estimated,Estimation interval (±15-20%),,Missing,Not available,,Missing,Not available,68.17,Derived,Estimation interval (±15-20%),,Missing,Not available,,Missing,Not available,10.7557
MKT-017_D040,MKT-017,Delhi NCR,Noida — Sector 18,Retail,Established,C,40,20260919,2026-09-19,212.452,Estimated,Estimation interval (±15-20%),16220.7217,Estimated,Estimation interval (±15-20%),4.41,Estimated,Estimation interval (±15-20%),6.7298,Estimated,Estimation interval (±15-20%),,Missing,Not available,,Missing,Not available,60.5252,Derived,Estimation interval (±15-20%),,Missing,Not available,,Missing,Not available,15.7171
MKT-018_D001,MKT-018,Ahmedabad,SG Highway,Commercial Office,Established,C,1,20260919,2026-09-19,49.3761,Estimated,Estimation interval (±15-20%),7079.0699,Estimated,Estimation interval (±15-20%),5.9216,Estimated,Estimation interval (±15-20%),9.2516,Estimated,Estimation interval (±15-20%),,Missing,Not available,,Missing,Not available,72.7051,Derived,Estimation interval (±15-20%),,Missing,Not available,,Missing,Not available,8.3699
MKT-018_D002,MKT-018,Ahmedabad,SG Highway,Commercial Office,Established,C,2,20260919,2026-09-19,48.2266,Estimated,Estimation interval (±15-20%),5820.0068,Estimated,Estimation interval (±15-20%),7.0404,Estimated,Estimation interval (±15-20%),9.1952,Estimated,Estimation interval (±15-20%),,Missing,Not available,,Missing,Not available,74.8919,Derived,Estimation interval (±15-20%),,Missing,Not available,,Missing,Not available,9.9436
MKT-018_D003,MKT-018,Ahmedabad,SG Highway,Commercial Office,Established,C,3,20260919,2026-09-19,46.5511,Estimated,Estimation interval (±15-20%),4552.9489,Estimated,Estimation interval (±15-20%),5.9943,Estimated,Estimation interval (±15-20%),5.5865,Estimated,Estimation interval (±15-20%),,Missing,Not available,,Missing,Not available,68.9284,Derived,Estimation interval (±15-20%),,Missing,Not available,,Missing,Not available,12.2693
MKT-018_D004,MKT-018,Ahmedabad,SG Highway,Commercial Office,Established,C,4,20260919,2026-09-19,40.5747,Estimated,Estimation interval (±15-20%),6114.6387,Estimated,Estimation interval (±15-20%),6.1972,Estimated,Estimation interval (±15-20%),8.0866,Estimated,Estimation interval (±15-20%),,Missing,Not available,,Missing,Not available,66.6818,Derived,Estimation interval (±15-20%),,Missing,Not available,,Missing,Not available,7.9628
MKT-018_D005,MKT-018,Ahmedabad,SG Highway,Commercial Office,Established,C,5,20260919,2026-09-19,47.4344,Estimated,Estimation interval (±15-20%),7914.5076,Estimated,Estimation interval (±15-20%),6.5873,Estimated,Estimation interval (±15-20%),4.6424,Estimated,Estimation interval (±15-20%),,Missing,Not available,,Missing,Not available,64.7092,Derived,Estimation interval (±15-20%),,Missing,Not available,,Missing,Not available,7.192
MKT-018_D006,MKT-018,Ahmedabad,SG Highway,Commercial Office,Established,C,6,20260919,2026-09-19,43.7703,Estimated,Estimation interval (±15-20%),5927.7153,Estimated,Estimation interval (±15-20%),6.7126,Estimated,Estimation interval (±15-20%),7.5152,Estimated,Estimation interval (±15-20%),,Missing,Not available,,Missing,Not available,63.4552,Derived,Estimation interval (±15-20%),,Missing,Not available,,Missing,Not available,8.8608
MKT-018_D007,MKT-018,Ahmedabad,SG Highway,Commercial Office,Established,C,7,20260919,2026-09-19,53.855,Estimated,Estimation interval (±15-20%),5912.0069,Estimated,Estimation interval (±15-20%),7.1467,Estimated,Estimation interval (±15-20%),6.9359,Estimated,Estimation interval (±15-20%),,Missing,Not available,,Missing,Not available,68.1392,Derived,Estimation interval (±15-20%),,Missing,Not available,,Missing,Not available,10.9313
MKT-018_D008,MKT-018,Ahmedabad,SG Highway,Commercial Office,Established,C,8,20260919,2026-09-19,41.6578,Estimated,Estimation interval (±15-20%),6102.9451,Estimated,Estimation interval (±15-20%),5.7914,Estimated,Estimation interval (±15-20%),6.7622,Estimated,Estimation interval (±15-20%),,Missing,Not available,,Missing,Not available,65.1431,Derived,Estimation interval (±15-20%),,Missing,Not available,,Missing,Not available,8.191
MKT-018_D009,MKT-018,Ahmedabad,SG Highway,Commercial Office,Established,C,9,20260919,2026-09-19,46.0457,Estimated,Estimation interval (±15-20%),5331.0646,Estimated,Estimation interval (±15-20%),6.5107,Estimated,Estimation interval (±15-20%),8.909,Estimated,Estimation interval (±15-20%),,Missing,Not available,,Missing,Not available,67.282,Derived,Estimation interval (±15-20%),,Missing,Not available,,Missing,Not available,10.3647
MKT-018_D010,MKT-018,Ahmedabad,SG Highway,Commercial Office,Established,C,10,20260919,2026-09-19,50.9921,Estimated,Estimation interval (±15-20%),5070.8511,Estimated,Estimation interval (±15-20%),4.5417,Estimated,Estimation interval (±15-20%),9.5772,Estimated,Estimation interval (±15-20%),,Missing,Not available,,Missing,Not available,65.1081,Derived,Estimation interval (±15-20%),,Missing,Not available,,Missing,Not available,12.0671
MKT-018_D011,MKT-018,Ahmedabad,SG Highway,Commercial Office,Established,C,11,20260919,2026-09-19,43.8381,Estimated,Estimation interval (±15-20%),7223.6084,Estimated,Estimation interval (±15-20%),5.9221,Estimated,Estimation interval (±15-20%),9.1992,Estimated,Estimation interval (±15-20%),,Missing,Not available,,Missing,Not available,69.7689,Derived,Estimation interval (±15-20%),,Missing,Not available,,Missing,Not available,7.2825
MKT-018_D012,MKT-018,Ahmedabad,SG Highway,Commercial Office,Established,C,12,20260919,2026-09-19,41.5119,Estimated,Estimation interval (±15-20%),6711.5957,Estimated,Estimation interval (±15-20%),5.5685,Estimated,Estimation interval (±15-20%),4.6993,Estimated,Estimation interval (±15-20%),,Missing,Not available,,Missing,Not available,67.7602,Derived,Estimation interval (±15-20%),,Missing,Not available,,Missing,Not available,7.4221
MKT-018_D013,MKT-018,Ahmedabad,SG Highway,Commercial Office,Established,C,13,20260919,2026-09-19,39.1703,Estimated,Estimation interval (±15-20%),5448.2772,Estimated,Estimation interval (±15-20%),5.8229,Estimated,Estimation interval (±15-20%),6.3209,Estimated,Estimation interval (±15-20%),,Missing,Not available,,Missing,Not available,66.8357,Derived,Estimation interval (±15-20%),,Missing,Not available,,Missing,Not available,8.6274
MKT-018_D014,MKT-018,Ahmedabad,SG Highway,Commercial Office,Established,C,14,20260919,2026-09-19,50.002,Estimated,Estimation interval (±15-20%),5974.4463,Estimated,Estimation interval (±15-20%),6.0139,Estimated,Estimation interval (±15-20%),8.5665,Estimated,Estimation interval (±15-20%),,Missing,Not available,,Missing,Not available,72.7993,Derived,Estimation interval (±15-20%),,Missing,Not available,,Missing,Not available,10.0432
MKT-018_D015,MKT-018,Ahmedabad,SG Highway,Commercial Office,Established,C,15,20260919,2026-09-19,37.965,Estimated,Estimation interval (±15-20%),5165.8348,Estimated,Estimation interval (±15-20%),5.5056,Estimated,Estimation interval (±15-20%),5.1622,Estimated,Estimation interval (±15-20%),,Missing,Not available,,Missing,Not available,65.321,Derived,Estimation interval (±15-20%),,Missing,Not available,,Missing,Not available,8.8191
MKT-018_D016,MKT-018,Ahmedabad,SG Highway,Commercial Office,Established,C,16,20260919,2026-09-19,47.0988,Estimated,Estimation interval (±15-20%),6239.2819,Estimated,Estimation interval (±15-20%),3.7779,Estimated,Estimation interval (±15-20%),10.6525,Estimated,Estimation interval (±15-20%),,Missing,Not available,,Missing,Not available,66.3105,Derived,Estimation interval (±15-20%),,Missing,Not available,,Missing,Not available,9.0585
MKT-018_D017,MKT-018,Ahmedabad,SG Highway,Commercial Office,Established,C,17,20260919,2026-09-19,43.7907,Estimated,Estimation interval (±15-20%),5199.4912,Estimated,Estimation interval (±15-20%),5.4723,Estimated,Estimation interval (±15-20%),6.4649,Estimated,Estimation interval (±15-20%),,Missing,Not available,,Missing,Not available,67.2248,Derived,Estimation interval (±15-20%),,Missing,Not available,,Missing,Not available,10.1065
MKT-018_D018,MKT-018,Ahmedabad,SG Highway,Commercial Office,Established,C,18,20260919,2026-09-19,48.1706,Estimated,Estimation interval (±15-20%),6702.8247,Estimated,Estimation interval (±15-20%),5.3411,Estimated,Estimation interval (±15-20%),6.0483,Estimated,Estimation interval (±15-20%),,Missing,Not available,,Missing,Not available,67.4816,Derived,Estimation interval (±15-20%),,Missing,Not available,,Missing,Not available,8.6239
MKT-018_D019,MKT-018,Ahmedabad,SG Highway,Commercial Office,Established,C,19,20260919,2026-09-19,38.6593,Estimated,Estimation interval (±15-20%),4862.3013,Estimated,Estimation interval (±15-20%),6.0078,Estimated,Estimation interval (±15-20%),6.5879,Estimated,Estimation interval (±15-20%),,Missing,Not available,,Missing,Not available,70.1171,Derived,Estimation interval (±15-20%),,Missing,Not available,,Missing,Not available,9.541
MKT-018_D020,MKT-018,Ahmedabad,SG Highway,Commercial Office,Established,C,20,20260919,2026-09-19,40.2689,Estimated,Estimation interval (±15-20%),6036.3684,Estimated,Estimation interval (±15-20%),5.8447,Estimated,Estimation interval (±15-20%),9.3557,Estimated,Estimation interval (±15-20%),,Missing,Not available,,Missing,Not available,65.0387,Derived,Estimation interval (±15-20%),,Missing,Not available,,Missing,Not available,8.0053
MKT-018_D021,MKT-018,Ahmedabad,SG Highway,Commercial Office,Established,C,21,20260919,2026-09-19,45.4397,Estimated,Estimation interval (±15-20%),6946.7492,Estimated,Estimation interval (±15-20%),7.0756,Estimated,Estimation interval (±15-20%),6.1898,Estimated,Estimation interval (±15-20%),,Missing,Not available,,Missing,Not available,67.6292,Derived,Estimation interval (±15-20%),,Missing,Not available,,Missing,Not available,7.8494
MKT-018_D022,MKT-018,Ahmedabad,SG Highway,Commercial Office,Established,C,22,20260919,2026-09-19,53.7331,Estimated,Estimation interval (±15-20%),6735.6467,Estimated,Estimation interval (±15-20%),6.8576,Estimated,Estimation interval (±15-20%),7.4622,Estimated,Estimation interval (±15-20%),,Missing,Not available,,Missing,Not available,62.5295,Derived,Estimation interval (±15-20%),,Missing,Not available,,Missing,Not available,9.5729
MKT-018_D023,MKT-018,Ahmedabad,SG Highway,Commercial Office,Established,C,23,20260919,2026-09-19,41.9235,Estimated,Estimation interval (±15-20%),5794.812,Estimated,Estimation interval (±15-20%),7.2906,Estimated,Estimation interval (±15-20%),6.8906,Estimated,Estimation interval (±15-20%),,Missing,Not available,,Missing,Not available,72.748,Derived,Estimation interval (±15-20%),,Missing,Not available,,Missing,Not available,8.6816
MKT-018_D024,MKT-018,Ahmedabad,SG Highway,Commercial Office,Established,C,24,20260919,2026-09-19,47.2231,Estimated,Estimation interval (±15-20%),5209.5702,Estimated,Estimation interval (±15-20%),4.3701,Estimated,Estimation interval (±15-20%),8.3436,Estimated,Estimation interval (±15-20%),,Missing,Not available,,Missing,Not available,66.6195,Derived,Estimation interval (±15-20%),,Missing,Not available,,Missing,Not available,10.8776
MKT-018_D025,MKT-018,Ahmedabad,SG Highway,Commercial Office,Established,C,25,20260919,2026-09-19,48.7914,Estimated,Estimation interval (±15-20%),5415.4934,Estimated,Estimation interval (±15-20%),6.7297,Estimated,Estimation interval (±15-20%),7.1177,Estimated,Estimation interval (±15-20%),,Missing,Not available,,Missing,Not available,67.7094,Derived,Estimation interval (±15-20%),,Missing,Not available,,Missing,Not available,10.8115
MKT-018_D026,MKT-018,Ahmedabad,SG Highway,Commercial Office,Established,C,26,20260919,2026-09-19,47.9959,Estimated,Estimation interval (±15-20%),6378.2528,Estimated,Estimation interval (±15-20%),5.1903,Estimated,Estimation interval (±15-20%),9.5875,Estimated,Estimation interval (±15-20%),,Missing,Not available,,Missing,Not available,67.4436,Derived,Estimation interval (±15-20%),,Missing,Not available,,Missing,Not available,9.0299
MKT-018_D027,MKT-018,Ahmedabad,SG Highway,Commercial Office,Established,C,27,20260919,2026-09-19,43.6797,Estimated,Estimation interval (±15-20%),7015.9778,Estimated,Estimation interval (±15-20%),7.4084,Estimated,Estimation interval (±15-20%),7.2597,Estimated,Estimation interval (±15-20%),,Missing,Not available,,Missing,Not available,61.1935,Derived,Estimation interval (±15-20%),,Missing,Not available,,Missing,Not available,7.4709
MKT-018_D028,MKT-018,Ahmedabad,SG Highway,Commercial Office,Established,C,28,20260919,2026-09-19,43.7383,Estimated,Estimation interval (±15-20%),7081.6423,Estimated,Estimation interval (±15-20%),4.5331,Estimated,Estimation interval (±15-20%),8.6817,Estimated,Estimation interval (±15-20%),,Missing,Not available,,Missing,Not available,65.6275,Derived,Estimation interval (±15-20%),,Missing,Not available,,Missing,Not available,7.4116
MKT-018_D029,MKT-018,Ahmedabad,SG Highway,Commercial Office,Established,C,29,20260919,2026-09-19,41.8144,Estimated,Estimation interval (±15-20%),6841.19,Estimated,Estimation interval (±15-20%),7.841,Estimated,Estimation interval (±15-20%),7.3789,Estimated,Estimation interval (±15-20%),,Missing,Not available,,Missing,Not available,72.013,Derived,Estimation interval (±15-20%),,Missing,Not available,,Missing,Not available,7.3346
MKT-018_D030,MKT-018,Ahmedabad,SG Highway,Commercial Office,Established,C,30,20260919,2026-09-19,41.0661,Estimated,Estimation interval (±15-20%),6339.9155,Estimated,Estimation interval (±15-20%),7.4386,Estimated,Estimation interval (±15-20%),9.7873,Estimated,Estimation interval (±15-20%),,Missing,Not available,,Missing,Not available,68.4149,Derived,Estimation interval (±15-20%),,Missing,Not available,,Missing,Not available,7.7729
MKT-018_D031,MKT-018,Ahmedabad,SG Highway,Commercial Office,Established,C,31,20260919,2026-09-19,46.3655,Estimated,Estimation interval (±15-20%),6242.1255,Estimated,Estimation interval (±15-20%),5.1167,Estimated,Estimation interval (±15-20%),7.0957,Estimated,Estimation interval (±15-20%),,Missing,Not available,,Missing,Not available,66.731,Derived,Estimation interval (±15-20%),,Missing,Not available,,Missing,Not available,8.9134
MKT-018_D032,MKT-018,Ahmedabad,SG Highway,Commercial Office,Established,C,32,20260919,2026-09-19,46.488,Estimated,Estimation interval (±15-20%),5618.678,Estimated,Estimation interval (±15-20%),6.0741,Estimated,Estimation interval (±15-20%),8.9711,Estimated,Estimation interval (±15-20%),,Missing,Not available,,Missing,Not available,59.7446,Derived,Estimation interval (±15-20%),,Missing,Not available,,Missing,Not available,9.9286
MKT-018_D033,MKT-018,Ahmedabad,SG Highway,Commercial Office,Established,C,33,20260919,2026-09-19,50.5655,Estimated,Estimation interval (±15-20%),5851.5817,Estimated,Estimation interval (±15-20%),5.0614,Estimated,Estimation interval (±15-20%),6.6492,Estimated,Estimation interval (±15-20%),,Missing,Not available,,Missing,Not available,61.6909,Derived,Estimation interval (±15-20%),,Missing,Not available,,Missing,Not available,10.3696
MKT-018_D034,MKT-018,Ahmedabad,SG Highway,Commercial Office,Established,C,34,20260919,2026-09-19,44.131,Estimated,Estimation interval (±15-20%),6181.4389,Estimated,Estimation interval (±15-20%),6.1306,Estimated,Estimation interval (±15-20%),8.9678,Estimated,Estimation interval (±15-20%),,Missing,Not available,,Missing,Not available,68.9926,Derived,Estimation interval (±15-20%),,Missing,Not available,,Missing,Not available,8.5671
MKT-018_D035,MKT-018,Ahmedabad,SG Highway,Commercial Office,Established,C,35,20260919,2026-09-19,39.0946,Estimated,Estimation interval (±15-20%),7978.53,Estimated,Estimation interval (±15-20%),5.955,Estimated,Estimation interval (±15-20%),7.9218,Estimated,Estimation interval (±15-20%),,Missing,Not available,,Missing,Not available,70.363,Derived,Estimation interval (±15-20%),,Missing,Not available,,Missing,Not available,5.88
MKT-018_D036,MKT-018,Ahmedabad,SG Highway,Commercial Office,Established,C,36,20260919,2026-09-19,38.927,Estimated,Estimation interval (±15-20%),5471.771,Estimated,Estimation interval (±15-20%),3.654,Estimated,Estimation interval (±15-20%),10.1079,Estimated,Estimation interval (±15-20%),,Missing,Not available,,Missing,Not available,68.2017,Derived,Estimation interval (±15-20%),,Missing,Not available,,Missing,Not available,8.537
MKT-018_D037,MKT-018,Ahmedabad,SG Highway,Commercial Office,Established,C,37,20260919,2026-09-19,49.9879,Estimated,Estimation interval (±15-20%),5133.8155,Estimated,Estimation interval (±15-20%),4.5629,Estimated,Estimation interval (±15-20%),10.7105,Estimated,Estimation interval (±15-20%),,Missing,Not available,,Missing,Not available,69.2395,Derived,Estimation interval (±15-20%),,Missing,Not available,,Missing,Not available,11.6844
MKT-018_D038,MKT-018,Ahmedabad,SG Highway,Commercial Office,Established,C,38,20260919,2026-09-19,48.1645,Estimated,Estimation interval (±15-20%),7074.7783,Estimated,Estimation interval (±15-20%),5.5884,Estimated,Estimation interval (±15-20%),5.4461,Estimated,Estimation interval (±15-20%),,Missing,Not available,,Missing,Not available,70.4614,Derived,Estimation interval (±15-20%),,Missing,Not available,,Missing,Not available,8.1695
MKT-018_D039,MKT-018,Ahmedabad,SG Highway,Commercial Office,Established,C,39,20260919,2026-09-19,43.5508,Estimated,Estimation interval (±15-20%),5099.3003,Estimated,Estimation interval (±15-20%),4.8452,Estimated,Estimation interval (±15-20%),7.659,Estimated,Estimation interval (±15-20%),,Missing,Not available,,Missing,Not available,72.5252,Derived,Estimation interval (±15-20%),,Missing,Not available,,Missing,Not available,10.2487
MKT-018_D040,MKT-018,Ahmedabad,SG Highway,Commercial Office,Established,C,40,20260919,2026-09-19,44.2596,Estimated,Estimation interval (±15-20%),6831.0352,Estimated,Estimation interval (±15-20%),3.8731,Estimated,Estimation interval (±15-20%),8.0693,Estimated,Estimation interval (±15-20%),,Missing,Not available,,Missing,Not available,72.223,Derived,Estimation interval (±15-20%),,Missing,Not available,,Missing,Not available,7.775
MKT-019_D001,MKT-019,Mumbai,Navi Mumbai — Mahape,Commercial Office,Growth,D,1,20260919,2026-09-19,76.7689,Estimated,Estimation interval (±20-30%),8549.2126,Estimated,Estimation interval (±20-30%),8.2125,Estimated,Estimation interval (±20-30%),13.1105,Estimated,Estimation interval (±20-30%),,Missing,Not available,,Missing,Not available,66.6912,Derived,Estimation interval (±20-30%),,Missing,Not available,,Missing,Not available,10.7756
MKT-019_D002,MKT-019,Mumbai,Navi Mumbai — Mahape,Commercial Office,Growth,D,2,20260919,2026-09-19,74.6507,Estimated,Estimation interval (±20-30%),8561.2005,Estimated,Estimation interval (±20-30%),8.6534,Estimated,Estimation interval (±20-30%),9.6431,Estimated,Estimation interval (±20-30%),,Missing,Not available,,Missing,Not available,57.1991,Derived,Estimation interval (±20-30%),,Missing,Not available,,Missing,Not available,10.4636
MKT-019_D003,MKT-019,Mumbai,Navi Mumbai — Mahape,Commercial Office,Growth,D,3,20260919,2026-09-19,66.207,Estimated,Estimation interval (±20-30%),5968.4584,Estimated,Estimation interval (±20-30%),11.3602,Estimated,Estimation interval (±20-30%),10.8035,Estimated,Estimation interval (±20-30%),,Missing,Not available,,Missing,Not available,67.1886,Derived,Estimation interval (±20-30%),,Missing,Not available,,Missing,Not available,13.3114
MKT-019_D004,MKT-019,Mumbai,Navi Mumbai — Mahape,Commercial Office,Growth,D,4,20260919,2026-09-19,69.1945,Estimated,Estimation interval (±20-30%),6825.9823,Estimated,Estimation interval (±20-30%),9.5334,Estimated,Estimation interval (±20-30%),10.9375,Estimated,Estimation interval (±20-30%),,Missing,Not available,,Missing,Not available,65.0463,Derived,Estimation interval (±20-30%),,Missing,Not available,,Missing,Not available,12.1643
MKT-019_D005,MKT-019,Mumbai,Navi Mumbai — Mahape,Commercial Office,Growth,D,5,20260919,2026-09-19,78.021,Estimated,Estimation interval (±20-30%),8380.7929,Estimated,Estimation interval (±20-30%),9.4652,Estimated,Estimation interval (±20-30%),9.7091,Estimated,Estimation interval (±20-30%),,Missing,Not available,,Missing,Not available,61.8549,Derived,Estimation interval (±20-30%),,Missing,Not available,,Missing,Not available,11.1714
MKT-019_D006,MKT-019,Mumbai,Navi Mumbai — Mahape,Commercial Office,Growth,D,6,20260919,2026-09-19,69.0076,Estimated,Estimation interval (±20-30%),8265.8272,Estimated,Estimation interval (±20-30%),10.9495,Estimated,Estimation interval (±20-30%),11.9418,Estimated,Estimation interval (±20-30%),,Missing,Not available,,Missing,Not available,71.4506,Derived,Estimation interval (±20-30%),,Missing,Not available,,Missing,Not available,10.0182
MKT-019_D007,MKT-019,Mumbai,Navi Mumbai — Mahape,Commercial Office,Growth,D,7,20260919,2026-09-19,61.4701,Estimated,Estimation interval (±20-30%),9043.8936,Estimated,Estimation interval (±20-30%),9.7946,Estimated,Estimation interval (±20-30%),9.1014,Estimated,Estimation interval (±20-30%),,Missing,Not available,,Missing,Not available,61.7704,Derived,Estimation interval (±20-30%),,Missing,Not available,,Missing,Not available,8.1562
MKT-019_D008,MKT-019,Mumbai,Navi Mumbai — Mahape,Commercial Office,Growth,D,8,20260919,2026-09-19,68.9745,Estimated,Estimation interval (±20-30%),8039.096,Estimated,Estimation interval (±20-30%),7.8833,Estimated,Estimation interval (±20-30%),7.8843,Estimated,Estimation interval (±20-30%),,Missing,Not available,,Missing,Not available,69.1566,Derived,Estimation interval (±20-30%),,Missing,Not available,,Missing,Not available,10.2959
MKT-019_D009,MKT-019,Mumbai,Navi Mumbai — Mahape,Commercial Office,Growth,D,9,20260919,2026-09-19,69.6993,Estimated,Estimation interval (±20-30%),7348.242,Estimated,Estimation interval (±20-30%),9.6384,Estimated,Estimation interval (±20-30%),7.0802,Estimated,Estimation interval (±20-30%),,Missing,Not available,,Missing,Not available,65.5624,Derived,Estimation interval (±20-30%),,Missing,Not available,,Missing,Not available,11.3822
MKT-019_D010,MKT-019,Mumbai,Navi Mumbai — Mahape,Commercial Office,Growth,D,10,20260919,2026-09-19,59.1129,Estimated,Estimation interval (±20-30%),8940.612,Estimated,Estimation interval (±20-30%),7.9165,Estimated,Estimation interval (±20-30%),6.7766,Estimated,Estimation interval (±20-30%),,Missing,Not available,,Missing,Not available,75.0207,Derived,Estimation interval (±20-30%),,Missing,Not available,,Missing,Not available,7.9341
MKT-019_D011,MKT-019,Mumbai,Navi Mumbai — Mahape,Commercial Office,Growth,D,11,20260919,2026-09-19,63.3051,Estimated,Estimation interval (±20-30%),8608.0642,Estimated,Estimation interval (±20-30%),9.1603,Estimated,Estimation interval (±20-30%),11.8176,Estimated,Estimation interval (±20-30%),,Missing,Not available,,Missing,Not available,59.7604,Derived,Estimation interval (±20-30%),,Missing,Not available,,Missing,Not available,8.825
MKT-019_D012,MKT-019,Mumbai,Navi Mumbai — Mahape,Commercial Office,Growth,D,12,20260919,2026-09-19,75.2374,Estimated,Estimation interval (±20-30%),9624.1193,Estimated,Estimation interval (±20-30%),9.682,Estimated,Estimation interval (±20-30%),8.2921,Estimated,Estimation interval (±20-30%),,Missing,Not available,,Missing,Not available,65.062,Derived,Estimation interval (±20-30%),,Missing,Not available,,Missing,Not available,9.3811
MKT-019_D013,MKT-019,Mumbai,Navi Mumbai — Mahape,Commercial Office,Growth,D,13,20260919,2026-09-19,70.0062,Estimated,Estimation interval (±20-30%),9395.415,Estimated,Estimation interval (±20-30%),7.4582,Estimated,Estimation interval (±20-30%),9.2892,Estimated,Estimation interval (±20-30%),,Missing,Not available,,Missing,Not available,62.2324,Derived,Estimation interval (±20-30%),,Missing,Not available,,Missing,Not available,8.9413
MKT-019_D014,MKT-019,Mumbai,Navi Mumbai — Mahape,Commercial Office,Growth,D,14,20260919,2026-09-19,70.828,Estimated,Estimation interval (±20-30%),7272.6327,Estimated,Estimation interval (±20-30%),8.1734,Estimated,Estimation interval (±20-30%),7.5547,Estimated,Estimation interval (±20-30%),,Missing,Not available,,Missing,Not available,57.8172,Derived,Estimation interval (±20-30%),,Missing,Not available,,Missing,Not available,11.6868
MKT-019_D015,MKT-019,Mumbai,Navi Mumbai — Mahape,Commercial Office,Growth,D,15,20260919,2026-09-19,66.9883,Estimated,Estimation interval (±20-30%),9909.8866,Estimated,Estimation interval (±20-30%),8.5201,Estimated,Estimation interval (±20-30%),9.2394,Estimated,Estimation interval (±20-30%),,Missing,Not available,,Missing,Not available,62.9191,Derived,Estimation interval (±20-30%),,Missing,Not available,,Missing,Not available,8.1117
MKT-019_D016,MKT-019,Mumbai,Navi Mumbai — Mahape,Commercial Office,Growth,D,16,20260919,2026-09-19,69.7533,Estimated,Estimation interval (±20-30%),10969.3422,Estimated,Estimation interval (±20-30%),8.6451,Estimated,Estimation interval (±20-30%),8.8337,Estimated,Estimation interval (±20-30%),,Missing,Not available,,Missing,Not available,68.5704,Derived,Estimation interval (±20-30%),,Missing,Not available,,Missing,Not available,7.6307
MKT-019_D017,MKT-019,Mumbai,Navi Mumbai — Mahape,Commercial Office,Growth,D,17,20260919,2026-09-19,71.3731,Estimated,Estimation interval (±20-30%),8431.2296,Estimated,Estimation interval (±20-30%),9.6946,Estimated,Estimation interval (±20-30%),11.1544,Estimated,Estimation interval (±20-30%),,Missing,Not available,,Missing,Not available,71.8329,Derived,Estimation interval (±20-30%),,Missing,Not available,,Missing,Not available,10.1584
MKT-019_D018,MKT-019,Mumbai,Navi Mumbai — Mahape,Commercial Office,Growth,D,18,20260919,2026-09-19,57.5996,Estimated,Estimation interval (±20-30%),7794.2406,Estimated,Estimation interval (±20-30%),6.8357,Estimated,Estimation interval (±20-30%),8.4048,Estimated,Estimation interval (±20-30%),,Missing,Not available,,Missing,Not available,58.5703,Derived,Estimation interval (±20-30%),,Missing,Not available,,Missing,Not available,8.868
MKT-019_D019,MKT-019,Mumbai,Navi Mumbai — Mahape,Commercial Office,Growth,D,19,20260919,2026-09-19,72.4078,Estimated,Estimation interval (±20-30%),8871.7196,Estimated,Estimation interval (±20-30%),11.5771,Estimated,Estimation interval (±20-30%),9.9388,Estimated,Estimation interval (±20-30%),,Missing,Not available,,Missing,Not available,70.8445,Derived,Estimation interval (±20-30%),,Missing,Not available,,Missing,Not available,9.794
MKT-019_D020,MKT-019,Mumbai,Navi Mumbai — Mahape,Commercial Office,Growth,D,20,20260919,2026-09-19,74.9541,Estimated,Estimation interval (±20-30%),8753.7883,Estimated,Estimation interval (±20-30%),9.3497,Estimated,Estimation interval (±20-30%),9.0353,Estimated,Estimation interval (±20-30%),,Missing,Not available,,Missing,Not available,76.8247,Derived,Estimation interval (±20-30%),,Missing,Not available,,Missing,Not available,10.275
MKT-019_D021,MKT-019,Mumbai,Navi Mumbai — Mahape,Commercial Office,Growth,D,21,20260919,2026-09-19,70.1286,Estimated,Estimation interval (±20-30%),6833.7383,Estimated,Estimation interval (±20-30%),9.5387,Estimated,Estimation interval (±20-30%),9.1421,Estimated,Estimation interval (±20-30%),,Missing,Not available,,Missing,Not available,62.8265,Derived,Estimation interval (±20-30%),,Missing,Not available,,Missing,Not available,12.3145
MKT-019_D022,MKT-019,Mumbai,Navi Mumbai — Mahape,Commercial Office,Growth,D,22,20260919,2026-09-19,57.9675,Estimated,Estimation interval (±20-30%),8759.0102,Estimated,Estimation interval (±20-30%),7.3307,Estimated,Estimation interval (±20-30%),11.4716,Estimated,Estimation interval (±20-30%),,Missing,Not available,,Missing,Not available,74.6289,Derived,Estimation interval (±20-30%),,Missing,Not available,,Missing,Not available,7.9417
MKT-019_D023,MKT-019,Mumbai,Navi Mumbai — Mahape,Commercial Office,Growth,D,23,20260919,2026-09-19,61.4905,Estimated,Estimation interval (±20-30%),8328.0765,Estimated,Estimation interval (±20-30%),5.9555,Estimated,Estimation interval (±20-30%),11.0413,Estimated,Estimation interval (±20-30%),,Missing,Not available,,Missing,Not available,74.4551,Derived,Estimation interval (±20-30%),,Missing,Not available,,Missing,Not available,8.8602
MKT-019_D024,MKT-019,Mumbai,Navi Mumbai — Mahape,Commercial Office,Growth,D,24,20260919,2026-09-19,70.4812,Estimated,Estimation interval (±20-30%),7551.8319,Estimated,Estimation interval (±20-30%),5.9646,Estimated,Estimation interval (±20-30%),6.944,Estimated,Estimation interval (±20-30%),,Missing,Not available,,Missing,Not available,72.228,Derived,Estimation interval (±20-30%),,Missing,Not available,,Missing,Not available,11.1996
MKT-019_D025,MKT-019,Mumbai,Navi Mumbai — Mahape,Commercial Office,Growth,D,25,20260919,2026-09-19,67.322,Estimated,Estimation interval (±20-30%),6920.5751,Estimated,Estimation interval (±20-30%),8.5171,Estimated,Estimation interval (±20-30%),12.3026,Estimated,Estimation interval (±20-30%),,Missing,Not available,,Missing,Not available,68.6787,Derived,Estimation interval (±20-30%),,Missing,Not available,,Missing,Not available,11.6734
MKT-019_D026,MKT-019,Mumbai,Navi Mumbai — Mahape,Commercial Office,Growth,D,26,20260919,2026-09-19,64.573,Estimated,Estimation interval (±20-30%),7401.2269,Estimated,Estimation interval (±20-30%),9.3399,Estimated,Estimation interval (±20-30%),6.3424,Estimated,Estimation interval (±20-30%),,Missing,Not available,,Missing,Not available,60.263,Derived,Estimation interval (±20-30%),,Missing,Not available,,Missing,Not available,10.4696
MKT-019_D027,MKT-019,Mumbai,Navi Mumbai — Mahape,Commercial Office,Growth,D,27,20260919,2026-09-19,69.9759,Estimated,Estimation interval (±20-30%),10563.194,Estimated,Estimation interval (±20-30%),9.7691,Estimated,Estimation interval (±20-30%),8.1002,Estimated,Estimation interval (±20-30%),,Missing,Not available,,Missing,Not available,79.0706,Derived,Estimation interval (±20-30%),,Missing,Not available,,Missing,Not available,7.9494
MKT-019_D028,MKT-019,Mumbai,Navi Mumbai — Mahape,Commercial Office,Growth,D,28,20260919,2026-09-19,62.4208,Estimated,Estimation interval (±20-30%),8582.8116,Estimated,Estimation interval (±20-30%),6.6999,Estimated,Estimation interval (±20-30%),11.9679,Estimated,Estimation interval (±20-30%),,Missing,Not available,,Missing,Not available,72.8547,Derived,Estimation interval (±20-30%),,Missing,Not available,,Missing,Not available,8.7273
MKT-019_D029,MKT-019,Mumbai,Navi Mumbai — Mahape,Commercial Office,Growth,D,29,20260919,2026-09-19,72.7399,Estimated,Estimation interval (±20-30%),8541.5131,Estimated,Estimation interval (±20-30%),9.0899,Estimated,Estimation interval (±20-30%),9.3927,Estimated,Estimation interval (±20-30%),,Missing,Not available,,Missing,Not available,69.6203,Derived,Estimation interval (±20-30%),,Missing,Not available,,Missing,Not available,10.2193
MKT-019_D030,MKT-019,Mumbai,Navi Mumbai — Mahape,Commercial Office,Growth,D,30,20260919,2026-09-19,62.7094,Estimated,Estimation interval (±20-30%),10648.816,Estimated,Estimation interval (±20-30%),7.7577,Estimated,Estimation interval (±20-30%),9.6826,Estimated,Estimation interval (±20-30%),,Missing,Not available,,Missing,Not available,61.9189,Derived,Estimation interval (±20-30%),,Missing,Not available,,Missing,Not available,7.0666
MKT-019_D031,MKT-019,Mumbai,Navi Mumbai — Mahape,Commercial Office,Growth,D,31,20260919,2026-09-19,70.7464,Estimated,Estimation interval (±20-30%),9783.8728,Estimated,Estimation interval (±20-30%),9.7034,Estimated,Estimation interval (±20-30%),8.9573,Estimated,Estimation interval (±20-30%),,Missing,Not available,,Missing,Not available,64.2515,Derived,Estimation interval (±20-30%),,Missing,Not available,,Missing,Not available,8.6771
MKT-019_D032,MKT-019,Mumbai,Navi Mumbai — Mahape,Commercial Office,Growth,D,32,20260919,2026-09-19,56.5209,Estimated,Estimation interval (±20-30%),6911.6143,Estimated,Estimation interval (±20-30%),7.785,Estimated,Estimation interval (±20-30%),8.1087,Estimated,Estimation interval (±20-30%),,Missing,Not available,,Missing,Not available,56.8698,Derived,Estimation interval (±20-30%),,Missing,Not available,,Missing,Not available,9.8132
MKT-019_D033,MKT-019,Mumbai,Navi Mumbai — Mahape,Commercial Office,Growth,D,33,20260919,2026-09-19,67.9734,Estimated,Estimation interval (±20-30%),10078.2358,Estimated,Estimation interval (±20-30%),7.3348,Estimated,Estimation interval (±20-30%),7.4245,Estimated,Estimation interval (±20-30%),,Missing,Not available,,Missing,Not available,67.8694,Derived,Estimation interval (±20-30%),,Missing,Not available,,Missing,Not available,8.0935
MKT-019_D034,MKT-019,Mumbai,Navi Mumbai — Mahape,Commercial Office,Growth,D,34,20260919,2026-09-19,73.6449,Estimated,Estimation interval (±20-30%),7971.2866,Estimated,Estimation interval (±20-30%),9.4014,Estimated,Estimation interval (±20-30%),10.0358,Estimated,Estimation interval (±20-30%),,Missing,Not available,,Missing,Not available,68.0562,Derived,Estimation interval (±20-30%),,Missing,Not available,,Missing,Not available,11.0865
MKT-019_D035,MKT-019,Mumbai,Navi Mumbai — Mahape,Commercial Office,Growth,D,35,20260919,2026-09-19,72.5914,Estimated,Estimation interval (±20-30%),7889.7766,Estimated,Estimation interval (±20-30%),9.1064,Estimated,Estimation interval (±20-30%),10.4581,Estimated,Estimation interval (±20-30%),,Missing,Not available,,Missing,Not available,66.1635,Derived,Estimation interval (±20-30%),,Missing,Not available,,Missing,Not available,11.0408
MKT-019_D036,MKT-019,Mumbai,Navi Mumbai — Mahape,Commercial Office,Growth,D,36,20260919,2026-09-19,76.5007,Estimated,Estimation interval (±20-30%),7655.171,Estimated,Estimation interval (±20-30%),6.8024,Estimated,Estimation interval (±20-30%),8.3219,Estimated,Estimation interval (±20-30%),,Missing,Not available,,Missing,Not available,57.4142,Derived,Estimation interval (±20-30%),,Missing,Not available,,Missing,Not available,11.992
MKT-019_D037,MKT-019,Mumbai,Navi Mumbai — Mahape,Commercial Office,Growth,D,37,20260919,2026-09-19,64.5934,Estimated,Estimation interval (±20-30%),6748.9993,Estimated,Estimation interval (±20-30%),11.1518,Estimated,Estimation interval (±20-30%),10.376,Estimated,Estimation interval (±20-30%),,Missing,Not available,,Missing,Not available,64.1286,Derived,Estimation interval (±20-30%),,Missing,Not available,,Missing,Not available,11.485
MKT-019_D038,MKT-019,Mumbai,Navi Mumbai — Mahape,Commercial Office,Growth,D,38,20260919,2026-09-19,73.43,Estimated,Estimation interval (±20-30%),8699.9555,Estimated,Estimation interval (±20-30%),11.2223,Estimated,Estimation interval (±20-30%),9.3742,Estimated,Estimation interval (±20-30%),,Missing,Not available,,Missing,Not available,57.5061,Derived,Estimation interval (±20-30%),,Missing,Not available,,Missing,Not available,10.1283
MKT-019_D039,MKT-019,Mumbai,Navi Mumbai — Mahape,Commercial Office,Growth,D,39,20260919,2026-09-19,68.6291,Estimated,Estimation interval (±20-30%),9066.9459,Estimated,Estimation interval (±20-30%),5.9412,Estimated,Estimation interval (±20-30%),11.7445,Estimated,Estimation interval (±20-30%),,Missing,Not available,,Missing,Not available,54.9118,Derived,Estimation interval (±20-30%),,Missing,Not available,,Missing,Not available,9.083
MKT-019_D040,MKT-019,Mumbai,Navi Mumbai — Mahape,Commercial Office,Growth,D,40,20260919,2026-09-19,69.194,Estimated,Estimation interval (±20-30%),6979.1176,Estimated,Estimation interval (±20-30%),5.9319,Estimated,Estimation interval (±20-30%),13.5319,Estimated,Estimation interval (±20-30%),,Missing,Not available,,Missing,Not available,73.4541,Derived,Estimation interval (±20-30%),,Missing,Not available,,Missing,Not available,11.8973
MKT-020_D001,MKT-020,Mumbai,Thane — Wagle Estate,Commercial Office,Established,D,1,20260919,2026-09-19,109.2553,Estimated,Estimation interval (±20-30%),13960.8317,Estimated,Estimation interval (±20-30%),7.1568,Estimated,Estimation interval (±20-30%),7.3498,Estimated,Estimation interval (±20-30%),,Missing,Not available,,Missing,Not available,66.2289,Derived,Estimation interval (±20-30%),,Missing,Not available,,Missing,Not available,9.391
MKT-020_D002,MKT-020,Mumbai,Thane — Wagle Estate,Commercial Office,Established,D,2,20260919,2026-09-19,105.6666,Estimated,Estimation interval (±20-30%),11667.8441,Estimated,Estimation interval (±20-30%),5.2614,Estimated,Estimation interval (±20-30%),9.7708,Estimated,Estimation interval (±20-30%),,Missing,Not available,,Missing,Not available,65.6351,Derived,Estimation interval (±20-30%),,Missing,Not available,,Missing,Not available,10.8675
MKT-020_D003,MKT-020,Mumbai,Thane — Wagle Estate,Commercial Office,Established,D,3,20260919,2026-09-19,101.94,Estimated,Estimation interval (±20-30%),11040.5188,Estimated,Estimation interval (±20-30%),7.1085,Estimated,Estimation interval (±20-30%),7.3247,Estimated,Estimation interval (±20-30%),,Missing,Not available,,Missing,Not available,65.311,Derived,Estimation interval (±20-30%),,Missing,Not available,,Missing,Not available,11.0799
MKT-020_D004,MKT-020,Mumbai,Thane — Wagle Estate,Commercial Office,Established,D,4,20260919,2026-09-19,99.4419,Estimated,Estimation interval (±20-30%),9532.6568,Estimated,Estimation interval (±20-30%),4.114,Estimated,Estimation interval (±20-30%),9.1373,Estimated,Estimation interval (±20-30%),,Missing,Not available,,Missing,Not available,67.8169,Derived,Estimation interval (±20-30%),,Missing,Not available,,Missing,Not available,12.5181
MKT-020_D005,MKT-020,Mumbai,Thane — Wagle Estate,Commercial Office,Established,D,5,20260919,2026-09-19,101.8477,Estimated,Estimation interval (±20-30%),13385.3141,Estimated,Estimation interval (±20-30%),7.1378,Estimated,Estimation interval (±20-30%),9.2564,Estimated,Estimation interval (±20-30%),,Missing,Not available,,Missing,Not available,62.8899,Derived,Estimation interval (±20-30%),,Missing,Not available,,Missing,Not available,9.1307
MKT-020_D006,MKT-020,Mumbai,Thane — Wagle Estate,Commercial Office,Established,D,6,20260919,2026-09-19,104.4015,Estimated,Estimation interval (±20-30%),12623.1818,Estimated,Estimation interval (±20-30%),5.3048,Estimated,Estimation interval (±20-30%),9.1842,Estimated,Estimation interval (±20-30%),,Missing,Not available,,Missing,Not available,72.3626,Derived,Estimation interval (±20-30%),,Missing,Not available,,Missing,Not available,9.9247
MKT-020_D007,MKT-020,Mumbai,Thane — Wagle Estate,Commercial Office,Established,D,7,20260919,2026-09-19,100.6659,Estimated,Estimation interval (±20-30%),11794.2335,Estimated,Estimation interval (±20-30%),5.6372,Estimated,Estimation interval (±20-30%),6.9153,Estimated,Estimation interval (±20-30%),,Missing,Not available,,Missing,Not available,71.7665,Derived,Estimation interval (±20-30%),,Missing,Not available,,Missing,Not available,10.2422
MKT-020_D008,MKT-020,Mumbai,Thane — Wagle Estate,Commercial Office,Established,D,8,20260919,2026-09-19,99.8921,Estimated,Estimation interval (±20-30%),14321.01,Estimated,Estimation interval (±20-30%),4.9787,Estimated,Estimation interval (±20-30%),6.6937,Estimated,Estimation interval (±20-30%),,Missing,Not available,,Missing,Not available,66.4751,Derived,Estimation interval (±20-30%),,Missing,Not available,,Missing,Not available,8.3703
MKT-020_D009,MKT-020,Mumbai,Thane — Wagle Estate,Commercial Office,Established,D,9,20260919,2026-09-19,95.9786,Estimated,Estimation interval (±20-30%),13031.0997,Estimated,Estimation interval (±20-30%),7.5174,Estimated,Estimation interval (±20-30%),5.6893,Estimated,Estimation interval (±20-30%),,Missing,Not available,,Missing,Not available,69.4173,Derived,Estimation interval (±20-30%),,Missing,Not available,,Missing,Not available,8.8384
MKT-020_D010,MKT-020,Mumbai,Thane — Wagle Estate,Commercial Office,Established,D,10,20260919,2026-09-19,95.1633,Estimated,Estimation interval (±20-30%),13633.7137,Estimated,Estimation interval (±20-30%),3.6184,Estimated,Estimation interval (±20-30%),7.2974,Estimated,Estimation interval (±20-30%),,Missing,Not available,,Missing,Not available,67.729,Derived,Estimation interval (±20-30%),,Missing,Not available,,Missing,Not available,8.376
MKT-020_D011,MKT-020,Mumbai,Thane — Wagle Estate,Commercial Office,Established,D,11,20260919,2026-09-19,94.8013,Estimated,Estimation interval (±20-30%),10707.5548,Estimated,Estimation interval (±20-30%),4.0259,Estimated,Estimation interval (±20-30%),5.1254,Estimated,Estimation interval (±20-30%),,Missing,Not available,,Missing,Not available,66.2426,Derived,Estimation interval (±20-30%),,Missing,Not available,,Missing,Not available,10.6244
MKT-020_D012,MKT-020,Mumbai,Thane — Wagle Estate,Commercial Office,Established,D,12,20260919,2026-09-19,86.2537,Estimated,Estimation interval (±20-30%),9868.8518,Estimated,Estimation interval (±20-30%),4.2025,Estimated,Estimation interval (±20-30%),8.3265,Estimated,Estimation interval (±20-30%),,Missing,Not available,,Missing,Not available,69.7778,Derived,Estimation interval (±20-30%),,Missing,Not available,,Missing,Not available,10.488
MKT-020_D013,MKT-020,Mumbai,Thane — Wagle Estate,Commercial Office,Established,D,13,20260919,2026-09-19,102.7272,Estimated,Estimation interval (±20-30%),14530.8763,Estimated,Estimation interval (±20-30%),5.0859,Estimated,Estimation interval (±20-30%),7.0882,Estimated,Estimation interval (±20-30%),,Missing,Not available,,Missing,Not available,71.9991,Derived,Estimation interval (±20-30%),,Missing,Not available,,Missing,Not available,8.4835
MKT-020_D014,MKT-020,Mumbai,Thane — Wagle Estate,Commercial Office,Established,D,14,20260919,2026-09-19,101.1501,Estimated,Estimation interval (±20-30%),15345.2052,Estimated,Estimation interval (±20-30%),6.0602,Estimated,Estimation interval (±20-30%),8.7404,Estimated,Estimation interval (±20-30%),,Missing,Not available,,Missing,Not available,63.9345,Derived,Estimation interval (±20-30%),,Missing,Not available,,Missing,Not available,7.91
MKT-020_D015,MKT-020,Mumbai,Thane — Wagle Estate,Commercial Office,Established,D,15,20260919,2026-09-19,96.3757,Estimated,Estimation interval (±20-30%),14225.4332,Estimated,Estimation interval (±20-30%),6.4893,Estimated,Estimation interval (±20-30%),5.7833,Estimated,Estimation interval (±20-30%),,Missing,Not available,,Missing,Not available,66.9279,Derived,Estimation interval (±20-30%),,Missing,Not available,,Missing,Not available,8.1299
MKT-020_D016,MKT-020,Mumbai,Thane — Wagle Estate,Commercial Office,Established,D,16,20260919,2026-09-19,110.7311,Estimated,Estimation interval (±20-30%),12169.8646,Estimated,Estimation interval (±20-30%),6.0502,Estimated,Estimation interval (±20-30%),6.1521,Estimated,Estimation interval (±20-30%),,Missing,Not available,,Missing,Not available,65.4664,Derived,Estimation interval (±20-30%),,Missing,Not available,,Missing,Not available,10.9186
MKT-020_D017,MKT-020,Mumbai,Thane — Wagle Estate,Commercial Office,Established,D,17,20260919,2026-09-19,106.2693,Estimated,Estimation interval (±20-30%),12721.3514,Estimated,Estimation interval (±20-30%),6.4672,Estimated,Estimation interval (±20-30%),8.9061,Estimated,Estimation interval (±20-30%),,Missing,Not available,,Missing,Not available,69.3394,Derived,Estimation interval (±20-30%),,Missing,Not available,,Missing,Not available,10.0243
MKT-020_D018,MKT-020,Mumbai,Thane — Wagle Estate,Commercial Office,Established,D,18,20260919,2026-09-19,96.7487,Estimated,Estimation interval (±20-30%),14291.5967,Estimated,Estimation interval (±20-30%),5.5703,Estimated,Estimation interval (±20-30%),6.6047,Estimated,Estimation interval (±20-30%),,Missing,Not available,,Missing,Not available,57.2622,Derived,Estimation interval (±20-30%),,Missing,Not available,,Missing,Not available,8.1235
MKT-020_D019,MKT-020,Mumbai,Thane — Wagle Estate,Commercial Office,Established,D,19,20260919,2026-09-19,91.8169,Estimated,Estimation interval (±20-30%),13023.85,Estimated,Estimation interval (±20-30%),5.6436,Estimated,Estimation interval (±20-30%),6.8677,Estimated,Estimation interval (±20-30%),,Missing,Not available,,Missing,Not available,65.5558,Derived,Estimation interval (±20-30%),,Missing,Not available,,Missing,Not available,8.4599
MKT-020_D020,MKT-020,Mumbai,Thane — Wagle Estate,Commercial Office,Established,D,20,20260919,2026-09-19,94.3195,Estimated,Estimation interval (±20-30%),12512.089,Estimated,Estimation interval (±20-30%),7.5068,Estimated,Estimation interval (±20-30%),10.3552,Estimated,Estimation interval (±20-30%),,Missing,Not available,,Missing,Not available,70.3142,Derived,Estimation interval (±20-30%),,Missing,Not available,,Missing,Not available,9.0459
MKT-020_D021,MKT-020,Mumbai,Thane — Wagle Estate,Commercial Office,Established,D,21,20260919,2026-09-19,82.5664,Estimated,Estimation interval (±20-30%),10637.6798,Estimated,Estimation interval (±20-30%),7.2353,Estimated,Estimation interval (±20-30%),10.5957,Estimated,Estimation interval (±20-30%),,Missing,Not available,,Missing,Not available,69.1832,Derived,Estimation interval (±20-30%),,Missing,Not available,,Missing,Not available,9.314
MKT-020_D022,MKT-020,Mumbai,Thane — Wagle Estate,Commercial Office,Established,D,22,20260919,2026-09-19,100.7806,Estimated,Estimation interval (±20-30%),13483.4165,Estimated,Estimation interval (±20-30%),7.4789,Estimated,Estimation interval (±20-30%),6.7367,Estimated,Estimation interval (±20-30%),,Missing,Not available,,Missing,Not available,67.3588,Derived,Estimation interval (±20-30%),,Missing,Not available,,Missing,Not available,8.9693
MKT-020_D023,MKT-020,Mumbai,Thane — Wagle Estate,Commercial Office,Established,D,23,20260919,2026-09-19,91.747,Estimated,Estimation interval (±20-30%),10136.5051,Estimated,Estimation interval (±20-30%),5.433,Estimated,Estimation interval (±20-30%),6.811,Estimated,Estimation interval (±20-30%),,Missing,Not available,,Missing,Not available,71.1751,Derived,Estimation interval (±20-30%),,Missing,Not available,,Missing,Not available,10.8614
MKT-020_D024,MKT-020,Mumbai,Thane — Wagle Estate,Commercial Office,Established,D,24,20260919,2026-09-19,104.2235,Estimated,Estimation interval (±20-30%),13089.3454,Estimated,Estimation interval (±20-30%),5.2298,Estimated,Estimation interval (±20-30%),6.7236,Estimated,Estimation interval (±20-30%),,Missing,Not available,,Missing,Not available,71.5925,Derived,Estimation interval (±20-30%),,Missing,Not available,,Missing,Not available,9.555
MKT-020_D025,MKT-020,Mumbai,Thane — Wagle Estate,Commercial Office,Established,D,25,20260919,2026-09-19,103.2643,Estimated,Estimation interval (±20-30%),15892.559,Estimated,Estimation interval (±20-30%),7.6625,Estimated,Estimation interval (±20-30%),8.3995,Estimated,Estimation interval (±20-30%),,Missing,Not available,,Missing,Not available,68.5671,Derived,Estimation interval (±20-30%),,Missing,Not available,,Missing,Not available,7.7972
MKT-020_D026,MKT-020,Mumbai,Thane — Wagle Estate,Commercial Office,Established,D,26,20260919,2026-09-19,89.4106,Estimated,Estimation interval (±20-30%),11267.1887,Estimated,Estimation interval (±20-30%),3.4271,Estimated,Estimation interval (±20-30%),6.8068,Estimated,Estimation interval (±20-30%),,Missing,Not available,,Missing,Not available,66.0481,Derived,Estimation interval (±20-30%),,Missing,Not available,,Missing,Not available,9.5226
MKT-020_D027,MKT-020,Mumbai,Thane — Wagle Estate,Commercial Office,Established,D,27,20260919,2026-09-19,103.4696,Estimated,Estimation interval (±20-30%),10607.6968,Estimated,Estimation interval (±20-30%),4.3711,Estimated,Estimation interval (±20-30%),8.5721,Estimated,Estimation interval (±20-30%),,Missing,Not available,,Missing,Not available,69.2995,Derived,Estimation interval (±20-30%),,Missing,Not available,,Missing,Not available,11.705
MKT-020_D028,MKT-020,Mumbai,Thane — Wagle Estate,Commercial Office,Established,D,28,20260919,2026-09-19,103.4823,Estimated,Estimation interval (±20-30%),12058.9337,Estimated,Estimation interval (±20-30%),7.7663,Estimated,Estimation interval (±20-30%),4.6079,Estimated,Estimation interval (±20-30%),,Missing,Not available,,Missing,Not available,69.2469,Derived,Estimation interval (±20-30%),,Missing,Not available,,Missing,Not available,10.2977
MKT-020_D029,MKT-020,Mumbai,Thane — Wagle Estate,Commercial Office,Established,D,29,20260919,2026-09-19,93.9958,Estimated,Estimation interval (±20-30%),10162.167,Estimated,Estimation interval (±20-30%),4.1415,Estimated,Estimation interval (±20-30%),7.3388,Estimated,Estimation interval (±20-30%),,Missing,Not available,,Missing,Not available,67.6581,Derived,Estimation interval (±20-30%),,Missing,Not available,,Missing,Not available,11.0995
MKT-020_D030,MKT-020,Mumbai,Thane — Wagle Estate,Commercial Office,Established,D,30,20260919,2026-09-19,94.337,Estimated,Estimation interval (±20-30%),9697.27,Estimated,Estimation interval (±20-30%),5.2912,Estimated,Estimation interval (±20-30%),8.1721,Estimated,Estimation interval (±20-30%),,Missing,Not available,,Missing,Not available,66.2903,Derived,Estimation interval (±20-30%),,Missing,Not available,,Missing,Not available,11.6738
MKT-020_D031,MKT-020,Mumbai,Thane — Wagle Estate,Commercial Office,Established,D,31,20260919,2026-09-19,99.1799,Estimated,Estimation interval (±20-30%),14555.9355,Estimated,Estimation interval (±20-30%),5.0681,Estimated,Estimation interval (±20-30%),9.1395,Estimated,Estimation interval (±20-30%),,Missing,Not available,,Missing,Not available,61.305,Derived,Estimation interval (±20-30%),,Missing,Not available,,Missing,Not available,8.1765
MKT-020_D032,MKT-020,Mumbai,Thane — Wagle Estate,Commercial Office,Established,D,32,20260919,2026-09-19,95.6457,Estimated,Estimation interval (±20-30%),12121.6425,Estimated,Estimation interval (±20-30%),6.4442,Estimated,Estimation interval (±20-30%),7.1442,Estimated,Estimation interval (±20-30%),,Missing,Not available,,Missing,Not available,71.6555,Derived,Estimation interval (±20-30%),,Missing,Not available,,Missing,Not available,9.4686
MKT-020_D033,MKT-020,Mumbai,Thane — Wagle Estate,Commercial Office,Established,D,33,20260919,2026-09-19,96.4421,Estimated,Estimation interval (±20-30%),11110.3744,Estimated,Estimation interval (±20-30%),7.0061,Estimated,Estimation interval (±20-30%),7.8467,Estimated,Estimation interval (±20-30%),,Missing,Not available,,Missing,Not available,74.0972,Derived,Estimation interval (±20-30%),,Missing,Not available,,Missing,Not available,10.4164
MKT-020_D034,MKT-020,Mumbai,Thane — Wagle Estate,Commercial Office,Established,D,34,20260919,2026-09-19,94.6534,Estimated,Estimation interval (±20-30%),12812.2373,Estimated,Estimation interval (±20-30%),6.9277,Estimated,Estimation interval (±20-30%),7.3265,Estimated,Estimation interval (±20-30%),,Missing,Not available,,Missing,Not available,69.5868,Derived,Estimation interval (±20-30%),,Missing,Not available,,Missing,Not available,8.8653
MKT-020_D035,MKT-020,Mumbai,Thane — Wagle Estate,Commercial Office,Established,D,35,20260919,2026-09-19,98.8122,Estimated,Estimation interval (±20-30%),13484.4391,Estimated,Estimation interval (±20-30%),5.6205,Estimated,Estimation interval (±20-30%),8.5974,Estimated,Estimation interval (±20-30%),,Missing,Not available,,Missing,Not available,64.2846,Derived,Estimation interval (±20-30%),,Missing,Not available,,Missing,Not available,8.7934
MKT-020_D036,MKT-020,Mumbai,Thane — Wagle Estate,Commercial Office,Established,D,36,20260919,2026-09-19,91.2277,Estimated,Estimation interval (±20-30%),14706.5476,Estimated,Estimation interval (±20-30%),8.0669,Estimated,Estimation interval (±20-30%),9.1107,Estimated,Estimation interval (±20-30%),,Missing,Not available,,Missing,Not available,59.1804,Derived,Estimation interval (±20-30%),,Missing,Not available,,Missing,Not available,7.4438
MKT-020_D037,MKT-020,Mumbai,Thane — Wagle Estate,Commercial Office,Established,D,37,20260919,2026-09-19,93.8904,Estimated,Estimation interval (±20-30%),15013.4381,Estimated,Estimation interval (±20-30%),7.4083,Estimated,Estimation interval (±20-30%),5.3209,Estimated,Estimation interval (±20-30%),,Missing,Not available,,Missing,Not available,61.3253,Derived,Estimation interval (±20-30%),,Missing,Not available,,Missing,Not available,7.5045
MKT-020_D038,MKT-020,Mumbai,Thane — Wagle Estate,Commercial Office,Established,D,38,20260919,2026-09-19,105.2858,Estimated,Estimation interval (±20-30%),14704.4308,Estimated,Estimation interval (±20-30%),4.3512,Estimated,Estimation interval (±20-30%),7.4246,Estimated,Estimation interval (±20-30%),,Missing,Not available,,Missing,Not available,65.7833,Derived,Estimation interval (±20-30%),,Missing,Not available,,Missing,Not available,8.5922
MKT-020_D039,MKT-020,Mumbai,Thane — Wagle Estate,Commercial Office,Established,D,39,20260919,2026-09-19,85.3694,Estimated,Estimation interval (±20-30%),12740.213,Estimated,Estimation interval (±20-30%),4.2213,Estimated,Estimation interval (±20-30%),5.8299,Estimated,Estimation interval (±20-30%),,Missing,Not available,,Missing,Not available,57.4942,Derived,Estimation interval (±20-30%),,Missing,Not available,,Missing,Not available,8.0409
MKT-020_D040,MKT-020,Mumbai,Thane — Wagle Estate,Commercial Office,Established,D,40,20260919,2026-09-19,95.7989,Estimated,Estimation interval (±20-30%),13655.2134,Estimated,Estimation interval (±20-30%),7.1211,Estimated,Estimation interval (±20-30%),8.2667,Estimated,Estimation interval (±20-30%),,Missing,Not available,,Missing,Not available,67.9581,Derived,Estimation interval (±20-30%),,Missing,Not available,,Missing,Not available,8.4187
MKT-021_D001,MKT-021,Mumbai,Malad — Mindspace,Commercial Office,Established,C,1,20260919,2026-09-19,105.2225,Estimated,Estimation interval (±15-20%),14602.0969,Estimated,Estimation interval (±15-20%),7.7871,Estimated,Estimation interval (±15-20%),4.6026,Estimated,Estimation interval (±15-20%),,Missing,Not available,,Missing,Not available,74.5799,Derived,Estimation interval (±15-20%),,Missing,Not available,,Missing,Not available,8.6472
MKT-021_D002,MKT-021,Mumbai,Malad — Mindspace,Commercial Office,Established,C,2,20260919,2026-09-19,104.321,Estimated,Estimation interval (±15-20%),11741.535,Estimated,Estimation interval (±15-20%),7.0063,Estimated,Estimation interval (±15-20%),7.4689,Estimated,Estimation interval (±15-20%),,Missing,Not available,,Missing,Not available,73.7571,Derived,Estimation interval (±15-20%),,Missing,Not available,,Missing,Not available,10.6617
MKT-021_D003,MKT-021,Mumbai,Malad — Mindspace,Commercial Office,Established,C,3,20260919,2026-09-19,88.1391,Estimated,Estimation interval (±15-20%),13192.1316,Estimated,Estimation interval (±15-20%),4.9756,Estimated,Estimation interval (±15-20%),5.7403,Estimated,Estimation interval (±15-20%),,Missing,Not available,,Missing,Not available,73.8965,Derived,Estimation interval (±15-20%),,Missing,Not available,,Missing,Not available,8.0174
MKT-021_D004,MKT-021,Mumbai,Malad — Mindspace,Commercial Office,Established,C,4,20260919,2026-09-19,93.0903,Estimated,Estimation interval (±15-20%),13314.8779,Estimated,Estimation interval (±15-20%),6.2304,Estimated,Estimation interval (±15-20%),6.5707,Estimated,Estimation interval (±15-20%),,Missing,Not available,,Missing,Not available,73.3945,Derived,Estimation interval (±15-20%),,Missing,Not available,,Missing,Not available,8.3897
MKT-021_D005,MKT-021,Mumbai,Malad — Mindspace,Commercial Office,Established,C,5,20260919,2026-09-19,92.8348,Estimated,Estimation interval (±15-20%),12206.4698,Estimated,Estimation interval (±15-20%),5.6097,Estimated,Estimation interval (±15-20%),6.6684,Estimated,Estimation interval (±15-20%),,Missing,Not available,,Missing,Not available,67.8238,Derived,Estimation interval (±15-20%),,Missing,Not available,,Missing,Not available,9.1265
MKT-021_D006,MKT-021,Mumbai,Malad — Mindspace,Commercial Office,Established,C,6,20260919,2026-09-19,99.2517,Estimated,Estimation interval (±15-20%),14831.4271,Estimated,Estimation interval (±15-20%),5.1579,Estimated,Estimation interval (±15-20%),8.6271,Estimated,Estimation interval (±15-20%),,Missing,Not available,,Missing,Not available,66.166,Derived,Estimation interval (±15-20%),,Missing,Not available,,Missing,Not available,8.0304
MKT-021_D007,MKT-021,Mumbai,Malad — Mindspace,Commercial Office,Established,C,7,20260919,2026-09-19,87.9749,Estimated,Estimation interval (±15-20%),9686.0188,Estimated,Estimation interval (±15-20%),6.3139,Estimated,Estimation interval (±15-20%),7.422,Estimated,Estimation interval (±15-20%),,Missing,Not available,,Missing,Not available,67.0012,Derived,Estimation interval (±15-20%),,Missing,Not available,,Missing,Not available,10.8992
MKT-021_D008,MKT-021,Mumbai,Malad — Mindspace,Commercial Office,Established,C,8,20260919,2026-09-19,100.1905,Estimated,Estimation interval (±15-20%),14160.7855,Estimated,Estimation interval (±15-20%),7.3151,Estimated,Estimation interval (±15-20%),7.8227,Estimated,Estimation interval (±15-20%),,Missing,Not available,,Missing,Not available,60.7439,Derived,Estimation interval (±15-20%),,Missing,Not available,,Missing,Not available,8.4902
MKT-021_D009,MKT-021,Mumbai,Malad — Mindspace,Commercial Office,Established,C,9,20260919,2026-09-19,100.8616,Estimated,Estimation interval (±15-20%),12082.3618,Estimated,Estimation interval (±15-20%),7.0621,Estimated,Estimation interval (±15-20%),6.9915,Estimated,Estimation interval (±15-20%),,Missing,Not available,,Missing,Not available,66.7795,Derived,Estimation interval (±15-20%),,Missing,Not available,,Missing,Not available,10.0174
MKT-021_D010,MKT-021,Mumbai,Malad — Mindspace,Commercial Office,Established,C,10,20260919,2026-09-19,113.3728,Estimated,Estimation interval (±15-20%),12743.5756,Estimated,Estimation interval (±15-20%),5.1888,Estimated,Estimation interval (±15-20%),7.3404,Estimated,Estimation interval (±15-20%),,Missing,Not available,,Missing,Not available,69.9776,Derived,Estimation interval (±15-20%),,Missing,Not available,,Missing,Not available,10.6758
MKT-021_D011,MKT-021,Mumbai,Malad — Mindspace,Commercial Office,Established,C,11,20260919,2026-09-19,93.8774,Estimated,Estimation interval (±15-20%),15764.6902,Estimated,Estimation interval (±15-20%),7.1053,Estimated,Estimation interval (±15-20%),7.8441,Estimated,Estimation interval (±15-20%),,Missing,Not available,,Missing,Not available,60.6838,Derived,Estimation interval (±15-20%),,Missing,Not available,,Missing,Not available,7.1459
MKT-021_D012,MKT-021,Mumbai,Malad — Mindspace,Commercial Office,Established,C,12,20260919,2026-09-19,103.4358,Estimated,Estimation interval (±15-20%),11403.7835,Estimated,Estimation interval (±15-20%),5.6595,Estimated,Estimation interval (±15-20%),7.4199,Estimated,Estimation interval (±15-20%),,Missing,Not available,,Missing,Not available,73.1806,Derived,Estimation interval (±15-20%),,Missing,Not available,,Missing,Not available,10.8844
MKT-021_D013,MKT-021,Mumbai,Malad — Mindspace,Commercial Office,Established,C,13,20260919,2026-09-19,108.5108,Estimated,Estimation interval (±15-20%),12498.8741,Estimated,Estimation interval (±15-20%),8.0999,Estimated,Estimation interval (±15-20%),9.8078,Estimated,Estimation interval (±15-20%),,Missing,Not available,,Missing,Not available,63.0323,Derived,Estimation interval (±15-20%),,Missing,Not available,,Missing,Not available,10.418
MKT-021_D014,MKT-021,Mumbai,Malad — Mindspace,Commercial Office,Established,C,14,20260919,2026-09-19,92.371,Estimated,Estimation interval (±15-20%),14292.1279,Estimated,Estimation interval (±15-20%),4.1018,Estimated,Estimation interval (±15-20%),9.0688,Estimated,Estimation interval (±15-20%),,Missing,Not available,,Missing,Not available,69.6318,Derived,Estimation interval (±15-20%),,Missing,Not available,,Missing,Not available,7.7557
MKT-021_D015,MKT-021,Mumbai,Malad — Mindspace,Commercial Office,Established,C,15,20260919,2026-09-19,102.6846,Estimated,Estimation interval (±15-20%),9551.9097,Estimated,Estimation interval (±15-20%),5.7292,Estimated,Estimation interval (±15-20%),4.9234,Estimated,Estimation interval (±15-20%),,Missing,Not available,,Missing,Not available,70.9547,Derived,Estimation interval (±15-20%),,Missing,Not available,,Missing,Not available,12.9002
MKT-021_D016,MKT-021,Mumbai,Malad — Mindspace,Commercial Office,Established,C,16,20260919,2026-09-19,105.882,Estimated,Estimation interval (±15-20%),12307.3887,Estimated,Estimation interval (±15-20%),6.016,Estimated,Estimation interval (±15-20%),9.2463,Estimated,Estimation interval (±15-20%),,Missing,Not available,,Missing,Not available,66.0374,Derived,Estimation interval (±15-20%),,Missing,Not available,,Missing,Not available,10.3237
MKT-021_D017,MKT-021,Mumbai,Malad — Mindspace,Commercial Office,Established,C,17,20260919,2026-09-19,93.708,Estimated,Estimation interval (±15-20%),13166.0711,Estimated,Estimation interval (±15-20%),3.8244,Estimated,Estimation interval (±15-20%),9.1307,Estimated,Estimation interval (±15-20%),,Missing,Not available,,Missing,Not available,66.1897,Derived,Estimation interval (±15-20%),,Missing,Not available,,Missing,Not available,8.5409
MKT-021_D018,MKT-021,Mumbai,Malad — Mindspace,Commercial Office,Established,C,18,20260919,2026-09-19,93.3217,Estimated,Estimation interval (±15-20%),12111.6785,Estimated,Estimation interval (±15-20%),4.7818,Estimated,Estimation interval (±15-20%),8.5538,Estimated,Estimation interval (±15-20%),,Missing,Not available,,Missing,Not available,73.3223,Derived,Estimation interval (±15-20%),,Missing,Not available,,Missing,Not available,9.2461
MKT-021_D019,MKT-021,Mumbai,Malad — Mindspace,Commercial Office,Established,C,19,20260919,2026-09-19,87.4053,Estimated,Estimation interval (±15-20%),10497.2492,Estimated,Estimation interval (±15-20%),4.4479,Estimated,Estimation interval (±15-20%),5.9444,Estimated,Estimation interval (±15-20%),,Missing,Not available,,Missing,Not available,72.2253,Derived,Estimation interval (±15-20%),,Missing,Not available,,Missing,Not available,9.9918
MKT-021_D020,MKT-021,Mumbai,Malad — Mindspace,Commercial Office,Established,C,20,20260919,2026-09-19,94.7754,Estimated,Estimation interval (±15-20%),16451.2666,Estimated,Estimation interval (±15-20%),7.5796,Estimated,Estimation interval (±15-20%),9.9035,Estimated,Estimation interval (±15-20%),,Missing,Not available,,Missing,Not available,66.7508,Derived,Estimation interval (±15-20%),,Missing,Not available,,Missing,Not available,6.9132
MKT-021_D021,MKT-021,Mumbai,Malad — Mindspace,Commercial Office,Established,C,21,20260919,2026-09-19,98.0351,Estimated,Estimation interval (±15-20%),12709.8292,Estimated,Estimation interval (±15-20%),4.4485,Estimated,Estimation interval (±15-20%),7.3716,Estimated,Estimation interval (±15-20%),,Missing,Not available,,Missing,Not available,68.9932,Derived,Estimation interval (±15-20%),,Missing,Not available,,Missing,Not available,9.256
MKT-021_D022,MKT-021,Mumbai,Malad — Mindspace,Commercial Office,Established,C,22,20260919,2026-09-19,102.6525,Estimated,Estimation interval (±15-20%),15309.927,Estimated,Estimation interval (±15-20%),6.9989,Estimated,Estimation interval (±15-20%),6.7055,Estimated,Estimation interval (±15-20%),,Missing,Not available,,Missing,Not available,63.2188,Derived,Estimation interval (±15-20%),,Missing,Not available,,Missing,Not available,8.046
MKT-021_D023,MKT-021,Mumbai,Malad — Mindspace,Commercial Office,Established,C,23,20260919,2026-09-19,100.3733,Estimated,Estimation interval (±15-20%),10474.204,Estimated,Estimation interval (±15-20%),4.1212,Estimated,Estimation interval (±15-20%),5.721,Estimated,Estimation interval (±15-20%),,Missing,Not available,,Missing,Not available,70.2188,Derived,Estimation interval (±15-20%),,Missing,Not available,,Missing,Not available,11.4995
MKT-021_D024,MKT-021,Mumbai,Malad — Mindspace,Commercial Office,Established,C,24,20260919,2026-09-19,89.5094,Estimated,Estimation interval (±15-20%),11940.8624,Estimated,Estimation interval (±15-20%),4.3021,Estimated,Estimation interval (±15-20%),6.2322,Estimated,Estimation interval (±15-20%),,Missing,Not available,,Missing,Not available,64.1193,Derived,Estimation interval (±15-20%),,Missing,Not available,,Missing,Not available,8.9953
MKT-021_D025,MKT-021,Mumbai,Malad — Mindspace,Commercial Office,Established,C,25,20260919,2026-09-19,88.3399,Estimated,Estimation interval (±15-20%),14435.682,Estimated,Estimation interval (±15-20%),6.5173,Estimated,Estimation interval (±15-20%),9.8627,Estimated,Estimation interval (±15-20%),,Missing,Not available,,Missing,Not available,70.214,Derived,Estimation interval (±15-20%),,Missing,Not available,,Missing,Not available,7.3435
MKT-021_D026,MKT-021,Mumbai,Malad — Mindspace,Commercial Office,Established,C,26,20260919,2026-09-19,101.2843,Estimated,Estimation interval (±15-20%),13455.1825,Estimated,Estimation interval (±15-20%),8.0398,Estimated,Estimation interval (±15-20%),8.4386,Estimated,Estimation interval (±15-20%),,Missing,Not available,,Missing,Not available,65.1914,Derived,Estimation interval (±15-20%),,Missing,Not available,,Missing,Not available,9.033
MKT-021_D027,MKT-021,Mumbai,Malad — Mindspace,Commercial Office,Established,C,27,20260919,2026-09-19,87.5378,Estimated,Estimation interval (±15-20%),14890.4874,Estimated,Estimation interval (±15-20%),5.7535,Estimated,Estimation interval (±15-20%),8.8908,Estimated,Estimation interval (±15-20%),,Missing,Not available,,Missing,Not available,74.6501,Derived,Estimation interval (±15-20%),,Missing,Not available,,Missing,Not available,7.0545
MKT-021_D028,MKT-021,Mumbai,Malad — Mindspace,Commercial Office,Established,C,28,20260919,2026-09-19,105.9579,Estimated,Estimation interval (±15-20%),12567.7969,Estimated,Estimation interval (±15-20%),8.3135,Estimated,Estimation interval (±15-20%),4.9127,Estimated,Estimation interval (±15-20%),,Missing,Not available,,Missing,Not available,68.4165,Derived,Estimation interval (±15-20%),,Missing,Not available,,Missing,Not available,10.1171
MKT-021_D029,MKT-021,Mumbai,Malad — Mindspace,Commercial Office,Established,C,29,20260919,2026-09-19,95.0235,Estimated,Estimation interval (±15-20%),13955.0685,Estimated,Estimation interval (±15-20%),5.042,Estimated,Estimation interval (±15-20%),7.0866,Estimated,Estimation interval (±15-20%),,Missing,Not available,,Missing,Not available,68.3414,Derived,Estimation interval (±15-20%),,Missing,Not available,,Missing,Not available,8.1711
MKT-021_D030,MKT-021,Mumbai,Malad — Mindspace,Commercial Office,Established,C,30,20260919,2026-09-19,90.2356,Estimated,Estimation interval (±15-20%),13376.7864,Estimated,Estimation interval (±15-20%),7.1029,Estimated,Estimation interval (±15-20%),6.5053,Estimated,Estimation interval (±15-20%),,Missing,Not available,,Missing,Not available,64.1126,Derived,Estimation interval (±15-20%),,Missing,Not available,,Missing,Not available,8.0948
MKT-021_D031,MKT-021,Mumbai,Malad — Mindspace,Commercial Office,Established,C,31,20260919,2026-09-19,99.4929,Estimated,Estimation interval (±15-20%),15791.7781,Estimated,Estimation interval (±15-20%),7.1441,Estimated,Estimation interval (±15-20%),8.9884,Estimated,Estimation interval (±15-20%),,Missing,Not available,,Missing,Not available,72.806,Derived,Estimation interval (±15-20%),,Missing,Not available,,Missing,Not available,7.5604
MKT-021_D032,MKT-021,Mumbai,Malad — Mindspace,Commercial Office,Established,C,32,20260919,2026-09-19,107.7487,Estimated,Estimation interval (±15-20%),13734.9655,Estimated,Estimation interval (±15-20%),6.6167,Estimated,Estimation interval (±15-20%),8.5107,Estimated,Estimation interval (±15-20%),,Missing,Not available,,Missing,Not available,70.3826,Derived,Estimation interval (±15-20%),,Missing,Not available,,Missing,Not available,9.4138
MKT-021_D033,MKT-021,Mumbai,Malad — Mindspace,Commercial Office,Established,C,33,20260919,2026-09-19,101.5191,Estimated,Estimation interval (±15-20%),14874.6292,Estimated,Estimation interval (±15-20%),6.5145,Estimated,Estimation interval (±15-20%),10.21,Estimated,Estimation interval (±15-20%),,Missing,Not available,,Missing,Not available,68.9277,Derived,Estimation interval (±15-20%),,Missing,Not available,,Missing,Not available,8.19
MKT-021_D034,MKT-021,Mumbai,Malad — Mindspace,Commercial Office,Established,C,34,20260919,2026-09-19,85.8368,Estimated,Estimation interval (±15-20%),12911.9857,Estimated,Estimation interval (±15-20%),6.8785,Estimated,Estimation interval (±15-20%),6.9488,Estimated,Estimation interval (±15-20%),,Missing,Not available,,Missing,Not available,68.9936,Derived,Estimation interval (±15-20%),,Missing,Not available,,Missing,Not available,7.9774
MKT-021_D035,MKT-021,Mumbai,Malad — Mindspace,Commercial Office,Established,C,35,20260919,2026-09-19,101.0024,Estimated,Estimation interval (±15-20%),13750.1716,Estimated,Estimation interval (±15-20%),6.8578,Estimated,Estimation interval (±15-20%),7.2017,Estimated,Estimation interval (±15-20%),,Missing,Not available,,Missing,Not available,68.4092,Derived,Estimation interval (±15-20%),,Missing,Not available,,Missing,Not available,8.8146
MKT-021_D036,MKT-021,Mumbai,Malad — Mindspace,Commercial Office,Established,C,36,20260919,2026-09-19,102.5483,Estimated,Estimation interval (±15-20%),13968.9744,Estimated,Estimation interval (±15-20%),6.0053,Estimated,Estimation interval (±15-20%),8.5067,Estimated,Estimation interval (±15-20%),,Missing,Not available,,Missing,Not available,69.5518,Derived,Estimation interval (±15-20%),,Missing,Not available,,Missing,Not available,8.8094
MKT-021_D037,MKT-021,Mumbai,Malad — Mindspace,Commercial Office,Established,C,37,20260919,2026-09-19,100.9663,Estimated,Estimation interval (±15-20%),9580.7406,Estimated,Estimation interval (±15-20%),6.0391,Estimated,Estimation interval (±15-20%),5.5974,Estimated,Estimation interval (±15-20%),,Missing,Not available,,Missing,Not available,72.8818,Derived,Estimation interval (±15-20%),,Missing,Not available,,Missing,Not available,12.6462
MKT-021_D038,MKT-021,Mumbai,Malad — Mindspace,Commercial Office,Established,C,38,20260919,2026-09-19,95.5378,Estimated,Estimation interval (±15-20%),12429.3623,Estimated,Estimation interval (±15-20%),5.3648,Estimated,Estimation interval (±15-20%),6.8249,Estimated,Estimation interval (±15-20%),,Missing,Not available,,Missing,Not available,67.9361,Derived,Estimation interval (±15-20%),,Missing,Not available,,Missing,Not available,9.2238
MKT-021_D039,MKT-021,Mumbai,Malad — Mindspace,Commercial Office,Established,C,39,20260919,2026-09-19,96.1743,Estimated,Estimation interval (±15-20%),13605.1149,Estimated,Estimation interval (±15-20%),6.0916,Estimated,Estimation interval (±15-20%),7.4291,Estimated,Estimation interval (±15-20%),,Missing,Not available,,Missing,Not available,60.2127,Derived,Estimation interval (±15-20%),,Missing,Not available,,Missing,Not available,8.4828
MKT-021_D040,MKT-021,Mumbai,Malad — Mindspace,Commercial Office,Established,C,40,20260919,2026-09-19,82.7849,Estimated,Estimation interval (±15-20%),12592.0237,Estimated,Estimation interval (±15-20%),5.7169,Estimated,Estimation interval (±15-20%),4.7174,Estimated,Estimation interval (±15-20%),,Missing,Not available,,Missing,Not available,68.5623,Derived,Estimation interval (±15-20%),,Missing,Not available,,Missing,Not available,7.8893
MKT-022_D001,MKT-022,Delhi NCR,Gurugram — Golf Course Road,Commercial Office,Premium,C,1,20260919,2026-09-19,121.0543,Estimated,Estimation interval (±15-20%),14070.203,Estimated,Estimation interval (±15-20%),6.6587,Estimated,Estimation interval (±15-20%),10.2196,Estimated,Estimation interval (±15-20%),,Missing,Not available,,Missing,Not available,78.8694,Derived,Estimation interval (±15-20%),,Missing,Not available,,Missing,Not available,10.3243
MKT-022_D002,MKT-022,Delhi NCR,Gurugram — Golf Course Road,Commercial Office,Premium,C,2,20260919,2026-09-19,112.8457,Estimated,Estimation interval (±15-20%),20529.2107,Estimated,Estimation interval (±15-20%),7.9678,Estimated,Estimation interval (±15-20%),5.6943,Estimated,Estimation interval (±15-20%),,Missing,Not available,,Missing,Not available,76.2075,Derived,Estimation interval (±15-20%),,Missing,Not available,,Missing,Not available,6.5962
MKT-022_D003,MKT-022,Delhi NCR,Gurugram — Golf Course Road,Commercial Office,Premium,C,3,20260919,2026-09-19,129.4691,Estimated,Estimation interval (±15-20%),18130.1369,Estimated,Estimation interval (±15-20%),8.5559,Estimated,Estimation interval (±15-20%),10.6855,Estimated,Estimation interval (±15-20%),,Missing,Not available,,Missing,Not available,78.6999,Derived,Estimation interval (±15-20%),,Missing,Not available,,Missing,Not available,8.5693
MKT-022_D004,MKT-022,Delhi NCR,Gurugram — Golf Course Road,Commercial Office,Premium,C,4,20260919,2026-09-19,133.6107,Estimated,Estimation interval (±15-20%),15973.4855,Estimated,Estimation interval (±15-20%),7.5536,Estimated,Estimation interval (±15-20%),10.4668,Estimated,Estimation interval (±15-20%),,Missing,Not available,,Missing,Not available,73.684,Derived,Estimation interval (±15-20%),,Missing,Not available,,Missing,Not available,10.0374
MKT-022_D005,MKT-022,Delhi NCR,Gurugram — Golf Course Road,Commercial Office,Premium,C,5,20260919,2026-09-19,125.3092,Estimated,Estimation interval (±15-20%),20810.0613,Estimated,Estimation interval (±15-20%),7.5437,Estimated,Estimation interval (±15-20%),9.9192,Estimated,Estimation interval (±15-20%),,Missing,Not available,,Missing,Not available,68.1524,Derived,Estimation interval (±15-20%),,Missing,Not available,,Missing,Not available,7.2259
MKT-022_D006,MKT-022,Delhi NCR,Gurugram — Golf Course Road,Commercial Office,Premium,C,6,20260919,2026-09-19,128.5431,Estimated,Estimation interval (±15-20%),17413.863,Estimated,Estimation interval (±15-20%),6.2027,Estimated,Estimation interval (±15-20%),10.7698,Estimated,Estimation interval (±15-20%),,Missing,Not available,,Missing,Not available,74.1556,Derived,Estimation interval (±15-20%),,Missing,Not available,,Missing,Not available,8.858
MKT-022_D007,MKT-022,Delhi NCR,Gurugram — Golf Course Road,Commercial Office,Premium,C,7,20260919,2026-09-19,130.3908,Estimated,Estimation interval (±15-20%),22357.8477,Estimated,Estimation interval (±15-20%),7.3772,Estimated,Estimation interval (±15-20%),6.9488,Estimated,Estimation interval (±15-20%),,Missing,Not available,,Missing,Not available,79.627,Derived,Estimation interval (±15-20%),,Missing,Not available,,Missing,Not available,6.9984
MKT-022_D008,MKT-022,Delhi NCR,Gurugram — Golf Course Road,Commercial Office,Premium,C,8,20260919,2026-09-19,122.4293,Estimated,Estimation interval (±15-20%),21187.2547,Estimated,Estimation interval (±15-20%),8.347,Estimated,Estimation interval (±15-20%),8.1914,Estimated,Estimation interval (±15-20%),,Missing,Not available,,Missing,Not available,76.8118,Derived,Estimation interval (±15-20%),,Missing,Not available,,Missing,Not available,6.9341
MKT-022_D009,MKT-022,Delhi NCR,Gurugram — Golf Course Road,Commercial Office,Premium,C,9,20260919,2026-09-19,142.383,Estimated,Estimation interval (±15-20%),16241.2551,Estimated,Estimation interval (±15-20%),8.8017,Estimated,Estimation interval (±15-20%),7.3386,Estimated,Estimation interval (±15-20%),,Missing,Not available,,Missing,Not available,76.7418,Derived,Estimation interval (±15-20%),,Missing,Not available,,Missing,Not available,10.5201
MKT-022_D010,MKT-022,Delhi NCR,Gurugram — Golf Course Road,Commercial Office,Premium,C,10,20260919,2026-09-19,131.1386,Estimated,Estimation interval (±15-20%),18945.6283,Estimated,Estimation interval (±15-20%),4.9221,Estimated,Estimation interval (±15-20%),8.7151,Estimated,Estimation interval (±15-20%),,Missing,Not available,,Missing,Not available,78.0353,Derived,Estimation interval (±15-20%),,Missing,Not available,,Missing,Not available,8.3062
MKT-022_D011,MKT-022,Delhi NCR,Gurugram — Golf Course Road,Commercial Office,Premium,C,11,20260919,2026-09-19,131.2745,Estimated,Estimation interval (±15-20%),17149.9133,Estimated,Estimation interval (±15-20%),5.763,Estimated,Estimation interval (±15-20%),10.9699,Estimated,Estimation interval (±15-20%),,Missing,Not available,,Missing,Not available,78.913,Derived,Estimation interval (±15-20%),,Missing,Not available,,Missing,Not available,9.1854
MKT-022_D012,MKT-022,Delhi NCR,Gurugram — Golf Course Road,Commercial Office,Premium,C,12,20260919,2026-09-19,132.9168,Estimated,Estimation interval (±15-20%),16959.1402,Estimated,Estimation interval (±15-20%),5.5202,Estimated,Estimation interval (±15-20%),10.6345,Estimated,Estimation interval (±15-20%),,Missing,Not available,,Missing,Not available,71.7616,Derived,Estimation interval (±15-20%),,Missing,Not available,,Missing,Not available,9.405
MKT-022_D013,MKT-022,Delhi NCR,Gurugram — Golf Course Road,Commercial Office,Premium,C,13,20260919,2026-09-19,120.7572,Estimated,Estimation interval (±15-20%),18850.2822,Estimated,Estimation interval (±15-20%),7.8836,Estimated,Estimation interval (±15-20%),11.3346,Estimated,Estimation interval (±15-20%),,Missing,Not available,,Missing,Not available,75.6707,Derived,Estimation interval (±15-20%),,Missing,Not available,,Missing,Not available,7.6873
MKT-022_D014,MKT-022,Delhi NCR,Gurugram — Golf Course Road,Commercial Office,Premium,C,14,20260919,2026-09-19,112.1633,Estimated,Estimation interval (±15-20%),17681.8508,Estimated,Estimation interval (±15-20%),8.1877,Estimated,Estimation interval (±15-20%),8.2723,Estimated,Estimation interval (±15-20%),,Missing,Not available,,Missing,Not available,74.7987,Derived,Estimation interval (±15-20%),,Missing,Not available,,Missing,Not available,7.6121
MKT-022_D015,MKT-022,Delhi NCR,Gurugram — Golf Course Road,Commercial Office,Premium,C,15,20260919,2026-09-19,111.1953,Estimated,Estimation interval (±15-20%),14770.1998,Estimated,Estimation interval (±15-20%),5.1428,Estimated,Estimation interval (±15-20%),9.8636,Estimated,Estimation interval (±15-20%),,Missing,Not available,,Missing,Not available,73.4431,Derived,Estimation interval (±15-20%),,Missing,Not available,,Missing,Not available,9.034
MKT-022_D016,MKT-022,Delhi NCR,Gurugram — Golf Course Road,Commercial Office,Premium,C,16,20260919,2026-09-19,138.845,Estimated,Estimation interval (±15-20%),13667.2895,Estimated,Estimation interval (±15-20%),8.2374,Estimated,Estimation interval (±15-20%),9.54,Estimated,Estimation interval (±15-20%),,Missing,Not available,,Missing,Not available,68.9118,Derived,Estimation interval (±15-20%),,Missing,Not available,,Missing,Not available,12.1907
MKT-022_D017,MKT-022,Delhi NCR,Gurugram — Golf Course Road,Commercial Office,Premium,C,17,20260919,2026-09-19,122.8024,Estimated,Estimation interval (±15-20%),17242.8237,Estimated,Estimation interval (±15-20%),7.8155,Estimated,Estimation interval (±15-20%),8.0501,Estimated,Estimation interval (±15-20%),,Missing,Not available,,Missing,Not available,82.5155,Derived,Estimation interval (±15-20%),,Missing,Not available,,Missing,Not available,8.5463
MKT-022_D018,MKT-022,Delhi NCR,Gurugram — Golf Course Road,Commercial Office,Premium,C,18,20260919,2026-09-19,129.5652,Estimated,Estimation interval (±15-20%),18872.4037,Estimated,Estimation interval (±15-20%),7.0898,Estimated,Estimation interval (±15-20%),10.9968,Estimated,Estimation interval (±15-20%),,Missing,Not available,,Missing,Not available,76.4581,Derived,Estimation interval (±15-20%),,Missing,Not available,,Missing,Not available,8.2384
MKT-022_D019,MKT-022,Delhi NCR,Gurugram — Golf Course Road,Commercial Office,Premium,C,19,20260919,2026-09-19,127.4306,Estimated,Estimation interval (±15-20%),17670.2028,Estimated,Estimation interval (±15-20%),6.2865,Estimated,Estimation interval (±15-20%),7.1528,Estimated,Estimation interval (±15-20%),,Missing,Not available,,Missing,Not available,77.214,Derived,Estimation interval (±15-20%),,Missing,Not available,,Missing,Not available,8.6539
MKT-022_D020,MKT-022,Delhi NCR,Gurugram — Golf Course Road,Commercial Office,Premium,C,20,20260919,2026-09-19,121.3996,Estimated,Estimation interval (±15-20%),19821.7845,Estimated,Estimation interval (±15-20%),5.8436,Estimated,Estimation interval (±15-20%),6.919,Estimated,Estimation interval (±15-20%),,Missing,Not available,,Missing,Not available,74.0516,Derived,Estimation interval (±15-20%),,Missing,Not available,,Missing,Not available,7.3495
MKT-022_D021,MKT-022,Delhi NCR,Gurugram — Golf Course Road,Commercial Office,Premium,C,21,20260919,2026-09-19,118.2667,Estimated,Estimation interval (±15-20%),17704.6588,Estimated,Estimation interval (±15-20%),7.873,Estimated,Estimation interval (±15-20%),8.636,Estimated,Estimation interval (±15-20%),,Missing,Not available,,Missing,Not available,75.5205,Derived,Estimation interval (±15-20%),,Missing,Not available,,Missing,Not available,8.016
MKT-022_D022,MKT-022,Delhi NCR,Gurugram — Golf Course Road,Commercial Office,Premium,C,22,20260919,2026-09-19,125.9752,Estimated,Estimation interval (±15-20%),15740.5916,Estimated,Estimation interval (±15-20%),5.8026,Estimated,Estimation interval (±15-20%),8.3469,Estimated,Estimation interval (±15-20%),,Missing,Not available,,Missing,Not available,76.5108,Derived,Estimation interval (±15-20%),,Missing,Not available,,Missing,Not available,9.6038
MKT-022_D023,MKT-022,Delhi NCR,Gurugram — Golf Course Road,Commercial Office,Premium,C,23,20260919,2026-09-19,127.7441,Estimated,Estimation interval (±15-20%),14454.8398,Estimated,Estimation interval (±15-20%),5.7574,Estimated,Estimation interval (±15-20%),8.2529,Estimated,Estimation interval (±15-20%),,Missing,Not available,,Missing,Not available,81.2592,Derived,Estimation interval (±15-20%),,Missing,Not available,,Missing,Not available,10.605
MKT-022_D024,MKT-022,Delhi NCR,Gurugram — Golf Course Road,Commercial Office,Premium,C,24,20260919,2026-09-19,124.7543,Estimated,Estimation interval (±15-20%),18343.3181,Estimated,Estimation interval (±15-20%),6.2702,Estimated,Estimation interval (±15-20%),8.6093,Estimated,Estimation interval (±15-20%),,Missing,Not available,,Missing,Not available,77.7231,Derived,Estimation interval (±15-20%),,Missing,Not available,,Missing,Not available,8.1613
MKT-022_D025,MKT-022,Delhi NCR,Gurugram — Golf Course Road,Commercial Office,Premium,C,25,20260919,2026-09-19,120.2059,Estimated,Estimation interval (±15-20%),17362.329,Estimated,Estimation interval (±15-20%),6.5153,Estimated,Estimation interval (±15-20%),7.8444,Estimated,Estimation interval (±15-20%),,Missing,Not available,,Missing,Not available,77.3925,Derived,Estimation interval (±15-20%),,Missing,Not available,,Missing,Not available,8.308
MKT-022_D026,MKT-022,Delhi NCR,Gurugram — Golf Course Road,Commercial Office,Premium,C,26,20260919,2026-09-19,138.5151,Estimated,Estimation interval (±15-20%),15053.9461,Estimated,Estimation interval (±15-20%),7.6464,Estimated,Estimation interval (±15-20%),8.4746,Estimated,Estimation interval (±15-20%),,Missing,Not available,,Missing,Not available,77.3454,Derived,Estimation interval (±15-20%),,Missing,Not available,,Missing,Not available,11.0415
MKT-022_D027,MKT-022,Delhi NCR,Gurugram — Golf Course Road,Commercial Office,Premium,C,27,20260919,2026-09-19,128.5612,Estimated,Estimation interval (±15-20%),19170.8554,Estimated,Estimation interval (±15-20%),6.5154,Estimated,Estimation interval (±15-20%),7.5176,Estimated,Estimation interval (±15-20%),,Missing,Not available,,Missing,Not available,70.0413,Derived,Estimation interval (±15-20%),,Missing,Not available,,Missing,Not available,8.0473
MKT-022_D028,MKT-022,Delhi NCR,Gurugram — Golf Course Road,Commercial Office,Premium,C,28,20260919,2026-09-19,140.1968,Estimated,Estimation interval (±15-20%),15947.6524,Estimated,Estimation interval (±15-20%),5.4353,Estimated,Estimation interval (±15-20%),9.4045,Estimated,Estimation interval (±15-20%),,Missing,Not available,,Missing,Not available,72.6449,Derived,Estimation interval (±15-20%),,Missing,Not available,,Missing,Not available,10.5493
MKT-022_D029,MKT-022,Delhi NCR,Gurugram — Golf Course Road,Commercial Office,Premium,C,29,20260919,2026-09-19,121.3484,Estimated,Estimation interval (±15-20%),16309.4054,Estimated,Estimation interval (±15-20%),5.3208,Estimated,Estimation interval (±15-20%),11.7796,Estimated,Estimation interval (±15-20%),,Missing,Not available,,Missing,Not available,79.6796,Derived,Estimation interval (±15-20%),,Missing,Not available,,Missing,Not available,8.9285
MKT-022_D030,MKT-022,Delhi NCR,Gurugram — Golf Course Road,Commercial Office,Premium,C,30,20260919,2026-09-19,135.4241,Estimated,Estimation interval (±15-20%),18240.0451,Estimated,Estimation interval (±15-20%),4.8844,Estimated,Estimation interval (±15-20%),9.4039,Estimated,Estimation interval (±15-20%),,Missing,Not available,,Missing,Not available,79.7441,Derived,Estimation interval (±15-20%),,Missing,Not available,,Missing,Not available,8.9095
MKT-022_D031,MKT-022,Delhi NCR,Gurugram — Golf Course Road,Commercial Office,Premium,C,31,20260919,2026-09-19,129.2945,Estimated,Estimation interval (±15-20%),21576.1836,Estimated,Estimation interval (±15-20%),8.36,Estimated,Estimation interval (±15-20%),7.2019,Estimated,Estimation interval (±15-20%),,Missing,Not available,,Missing,Not available,74.0909,Derived,Estimation interval (±15-20%),,Missing,Not available,,Missing,Not available,7.191
MKT-022_D032,MKT-022,Delhi NCR,Gurugram — Golf Course Road,Commercial Office,Premium,C,32,20260919,2026-09-19,130.8512,Estimated,Estimation interval (±15-20%),22117.4734,Estimated,Estimation interval (±15-20%),8.1776,Estimated,Estimation interval (±15-20%),6.1487,Estimated,Estimation interval (±15-20%),,Missing,Not available,,Missing,Not available,70.8667,Derived,Estimation interval (±15-20%),,Missing,Not available,,Missing,Not available,7.0994
MKT-022_D033,MKT-022,Delhi NCR,Gurugram — Golf Course Road,Commercial Office,Premium,C,33,20260919,2026-09-19,138.8864,Estimated,Estimation interval (±15-20%),20478.7247,Estimated,Estimation interval (±15-20%),6.7194,Estimated,Estimation interval (±15-20%),8.4197,Estimated,Estimation interval (±15-20%),,Missing,Not available,,Missing,Not available,77.3259,Derived,Estimation interval (±15-20%),,Missing,Not available,,Missing,Not available,8.1384
MKT-022_D034,MKT-022,Delhi NCR,Gurugram — Golf Course Road,Commercial Office,Premium,C,34,20260919,2026-09-19,130.429,Estimated,Estimation interval (±15-20%),16353.7014,Estimated,Estimation interval (±15-20%),7.7622,Estimated,Estimation interval (±15-20%),7.9729,Estimated,Estimation interval (±15-20%),,Missing,Not available,,Missing,Not available,71.6967,Derived,Estimation interval (±15-20%),,Missing,Not available,,Missing,Not available,9.5706
MKT-022_D035,MKT-022,Delhi NCR,Gurugram — Golf Course Road,Commercial Office,Premium,C,35,20260919,2026-09-19,137.5898,Estimated,Estimation interval (±15-20%),20839.4907,Estimated,Estimation interval (±15-20%),7.61,Estimated,Estimation interval (±15-20%),9.8453,Estimated,Estimation interval (±15-20%),,Missing,Not available,,Missing,Not available,73.4613,Derived,Estimation interval (±15-20%),,Missing,Not available,,Missing,Not available,7.9228
MKT-022_D036,MKT-022,Delhi NCR,Gurugram — Golf Course Road,Commercial Office,Premium,C,36,20260919,2026-09-19,124.7615,Estimated,Estimation interval (±15-20%),19762.5718,Estimated,Estimation interval (±15-20%),7.7696,Estimated,Estimation interval (±15-20%),6.7949,Estimated,Estimation interval (±15-20%),,Missing,Not available,,Missing,Not available,75.4088,Derived,Estimation interval (±15-20%),,Missing,Not available,,Missing,Not available,7.5756
MKT-022_D037,MKT-022,Delhi NCR,Gurugram — Golf Course Road,Commercial Office,Premium,C,37,20260919,2026-09-19,137.55,Estimated,Estimation interval (±15-20%),15449.8133,Estimated,Estimation interval (±15-20%),6.2219,Estimated,Estimation interval (±15-20%),7.1191,Estimated,Estimation interval (±15-20%),,Missing,Not available,,Missing,Not available,73.5916,Derived,Estimation interval (±15-20%),,Missing,Not available,,Missing,Not available,10.6836
MKT-022_D038,MKT-022,Delhi NCR,Gurugram — Golf Course Road,Commercial Office,Premium,C,38,20260919,2026-09-19,116.8831,Estimated,Estimation interval (±15-20%),15470.8815,Estimated,Estimation interval (±15-20%),8.0003,Estimated,Estimation interval (±15-20%),6.7927,Estimated,Estimation interval (±15-20%),,Missing,Not available,,Missing,Not available,78.0484,Derived,Estimation interval (±15-20%),,Missing,Not available,,Missing,Not available,9.066
MKT-022_D039,MKT-022,Delhi NCR,Gurugram — Golf Course Road,Commercial Office,Premium,C,39,20260919,2026-09-19,128.5154,Estimated,Estimation interval (±15-20%),19982.0897,Estimated,Estimation interval (±15-20%),7.4192,Estimated,Estimation interval (±15-20%),8.5764,Estimated,Estimation interval (±15-20%),,Missing,Not available,,Missing,Not available,81.7632,Derived,Estimation interval (±15-20%),,Missing,Not available,,Missing,Not available,7.7178
MKT-022_D040,MKT-022,Delhi NCR,Gurugram — Golf Course Road,Commercial Office,Premium,C,40,20260919,2026-09-19,116.2426,Estimated,Estimation interval (±15-20%),18293.1278,Estimated,Estimation interval (±15-20%),7.2759,Estimated,Estimation interval (±15-20%),7.4388,Estimated,Estimation interval (±15-20%),,Missing,Not available,,Missing,Not available,66.5949,Derived,Estimation interval (±15-20%),,Missing,Not available,,Missing,Not available,7.6253
MKT-023_D001,MKT-023,Delhi NCR,Noida — Sector 62,Commercial Office,Growth,D,1,20260919,2026-09-19,66.4321,Estimated,Estimation interval (±20-30%),5030.0687,Estimated,Estimation interval (±20-30%),8.2768,Estimated,Estimation interval (±20-30%),9.0446,Estimated,Estimation interval (±20-30%),,Missing,Not available,,Missing,Not available,54.7757,Derived,Estimation interval (±20-30%),,Missing,Not available,,Missing,Not available,15.8484
MKT-023_D002,MKT-023,Delhi NCR,Noida — Sector 62,Commercial Office,Growth,D,2,20260919,2026-09-19,66.5324,Estimated,Estimation interval (±20-30%),7028.4281,Estimated,Estimation interval (±20-30%),5.7481,Estimated,Estimation interval (±20-30%),9.4855,Estimated,Estimation interval (±20-30%),,Missing,Not available,,Missing,Not available,66.0275,Derived,Estimation interval (±20-30%),,Missing,Not available,,Missing,Not available,11.3594
MKT-023_D003,MKT-023,Delhi NCR,Noida — Sector 62,Commercial Office,Growth,D,3,20260919,2026-09-19,59.9749,Estimated,Estimation interval (±20-30%),6663.9709,Estimated,Estimation interval (±20-30%),6.4542,Estimated,Estimation interval (±20-30%),9.567,Estimated,Estimation interval (±20-30%),,Missing,Not available,,Missing,Not available,65.0149,Derived,Estimation interval (±20-30%),,Missing,Not available,,Missing,Not available,10.7998
MKT-023_D004,MKT-023,Delhi NCR,Noida — Sector 62,Commercial Office,Growth,D,4,20260919,2026-09-19,57.595,Estimated,Estimation interval (±20-30%),6126.7508,Estimated,Estimation interval (±20-30%),5.1393,Estimated,Estimation interval (±20-30%),12.4289,Estimated,Estimation interval (±20-30%),,Missing,Not available,,Missing,Not available,57.1697,Derived,Estimation interval (±20-30%),,Missing,Not available,,Missing,Not available,11.2807
MKT-023_D005,MKT-023,Delhi NCR,Noida — Sector 62,Commercial Office,Growth,D,5,20260919,2026-09-19,59.0078,Estimated,Estimation interval (±20-30%),8468.2876,Estimated,Estimation interval (±20-30%),8.5836,Estimated,Estimation interval (±20-30%),12.2861,Estimated,Estimation interval (±20-30%),,Missing,Not available,,Missing,Not available,68.6456,Derived,Estimation interval (±20-30%),,Missing,Not available,,Missing,Not available,8.3617
MKT-023_D006,MKT-023,Delhi NCR,Noida — Sector 62,Commercial Office,Growth,D,6,20260919,2026-09-19,50.7392,Estimated,Estimation interval (±20-30%),7631.4652,Estimated,Estimation interval (±20-30%),8.5756,Estimated,Estimation interval (±20-30%),11.6183,Estimated,Estimation interval (±20-30%),,Missing,Not available,,Missing,Not available,58.295,Derived,Estimation interval (±20-30%),,Missing,Not available,,Missing,Not available,7.9784
MKT-023_D007,MKT-023,Delhi NCR,Noida — Sector 62,Commercial Office,Growth,D,7,20260919,2026-09-19,62.3417,Estimated,Estimation interval (±20-30%),6829.5015,Estimated,Estimation interval (±20-30%),11.6394,Estimated,Estimation interval (±20-30%),11.7131,Estimated,Estimation interval (±20-30%),,Missing,Not available,,Missing,Not available,61.3274,Derived,Estimation interval (±20-30%),,Missing,Not available,,Missing,Not available,10.954
MKT-023_D008,MKT-023,Delhi NCR,Noida — Sector 62,Commercial Office,Growth,D,8,20260919,2026-09-19,62.9256,Estimated,Estimation interval (±20-30%),5572.1316,Estimated,Estimation interval (±20-30%),10.6549,Estimated,Estimation interval (±20-30%),7.7227,Estimated,Estimation interval (±20-30%),,Missing,Not available,,Missing,Not available,59.2278,Derived,Estimation interval (±20-30%),,Missing,Not available,,Missing,Not available,13.5515
MKT-023_D009,MKT-023,Delhi NCR,Noida — Sector 62,Commercial Office,Growth,D,9,20260919,2026-09-19,56.3778,Estimated,Estimation interval (±20-30%),7264.0798,Estimated,Estimation interval (±20-30%),8.6432,Estimated,Estimation interval (±20-30%),4.5265,Estimated,Estimation interval (±20-30%),,Missing,Not available,,Missing,Not available,71.0321,Derived,Estimation interval (±20-30%),,Missing,Not available,,Missing,Not available,9.3134
MKT-023_D010,MKT-023,Delhi NCR,Noida — Sector 62,Commercial Office,Growth,D,10,20260919,2026-09-19,62.3051,Estimated,Estimation interval (±20-30%),6845.1647,Estimated,Estimation interval (±20-30%),8.7,Estimated,Estimation interval (±20-30%),9.4225,Estimated,Estimation interval (±20-30%),,Missing,Not available,,Missing,Not available,68.7894,Derived,Estimation interval (±20-30%),,Missing,Not available,,Missing,Not available,10.9225
MKT-023_D011,MKT-023,Delhi NCR,Noida — Sector 62,Commercial Office,Growth,D,11,20260919,2026-09-19,64.9464,Estimated,Estimation interval (±20-30%),6692.6549,Estimated,Estimation interval (±20-30%),10.7689,Estimated,Estimation interval (±20-30%),10.0001,Estimated,Estimation interval (±20-30%),,Missing,Not available,,Missing,Not available,74.6771,Derived,Estimation interval (±20-30%),,Missing,Not available,,Missing,Not available,11.645
MKT-023_D012,MKT-023,Delhi NCR,Noida — Sector 62,Commercial Office,Growth,D,12,20260919,2026-09-19,64.4583,Estimated,Estimation interval (±20-30%),6065.7878,Estimated,Estimation interval (±20-30%),11.1843,Estimated,Estimation interval (±20-30%),8.355,Estimated,Estimation interval (±20-30%),,Missing,Not available,,Missing,Not available,73.3133,Derived,Estimation interval (±20-30%),,Missing,Not available,,Missing,Not available,12.7518
MKT-023_D013,MKT-023,Delhi NCR,Noida — Sector 62,Commercial Office,Growth,D,13,20260919,2026-09-19,59.5873,Estimated,Estimation interval (±20-30%),7256.8748,Estimated,Estimation interval (±20-30%),9.9956,Estimated,Estimation interval (±20-30%),8.9166,Estimated,Estimation interval (±20-30%),,Missing,Not available,,Missing,Not available,63.3728,Derived,Estimation interval (±20-30%),,Missing,Not available,,Missing,Not available,9.8534
MKT-023_D014,MKT-023,Delhi NCR,Noida — Sector 62,Commercial Office,Growth,D,14,20260919,2026-09-19,59.4037,Estimated,Estimation interval (±20-30%),6506.9649,Estimated,Estimation interval (±20-30%),10.1637,Estimated,Estimation interval (±20-30%),9.8755,Estimated,Estimation interval (±20-30%),,Missing,Not available,,Missing,Not available,58.7556,Derived,Estimation interval (±20-30%),,Missing,Not available,,Missing,Not available,10.9551
MKT-023_D015,MKT-023,Delhi NCR,Noida — Sector 62,Commercial Office,Growth,D,15,20260919,2026-09-19,58.4449,Estimated,Estimation interval (±20-30%),8012.36,Estimated,Estimation interval (±20-30%),6.9317,Estimated,Estimation interval (±20-30%),11.1133,Estimated,Estimation interval (±20-30%),,Missing,Not available,,Missing,Not available,63.7046,Derived,Estimation interval (±20-30%),,Missing,Not available,,Missing,Not available,8.7532
MKT-023_D016,MKT-023,Delhi NCR,Noida — Sector 62,Commercial Office,Growth,D,16,20260919,2026-09-19,53.3525,Estimated,Estimation interval (±20-30%),5903.1714,Estimated,Estimation interval (±20-30%),8.6358,Estimated,Estimation interval (±20-30%),11.5855,Estimated,Estimation interval (±20-30%),,Missing,Not available,,Missing,Not available,58.9578,Derived,Estimation interval (±20-30%),,Missing,Not available,,Missing,Not available,10.8455
MKT-023_D017,MKT-023,Delhi NCR,Noida — Sector 62,Commercial Office,Growth,D,17,20260919,2026-09-19,62.4491,Estimated,Estimation interval (±20-30%),9140.0051,Estimated,Estimation interval (±20-30%),11.0443,Estimated,Estimation interval (±20-30%),11.3567,Estimated,Estimation interval (±20-30%),,Missing,Not available,,Missing,Not available,61.7524,Derived,Estimation interval (±20-30%),,Missing,Not available,,Missing,Not available,8.199
MKT-023_D018,MKT-023,Delhi NCR,Noida — Sector 62,Commercial Office,Growth,D,18,20260919,2026-09-19,57.3175,Estimated,Estimation interval (±20-30%),7777.4994,Estimated,Estimation interval (±20-30%),8.7185,Estimated,Estimation interval (±20-30%),8.5737,Estimated,Estimation interval (±20-30%),,Missing,Not available,,Missing,Not available,75.4141,Derived,Estimation interval (±20-30%),,Missing,Not available,,Missing,Not available,8.8436
MKT-023_D019,MKT-023,Delhi NCR,Noida — Sector 62,Commercial Office,Growth,D,19,20260919,2026-09-19,63.0776,Estimated,Estimation interval (±20-30%),8497.0592,Estimated,Estimation interval (±20-30%),9.3397,Estimated,Estimation interval (±20-30%),8.1688,Estimated,Estimation interval (±20-30%),,Missing,Not available,,Missing,Not available,77.1596,Derived,Estimation interval (±20-30%),,Missing,Not available,,Missing,Not available,8.9082
MKT-023_D020,MKT-023,Delhi NCR,Noida — Sector 62,Commercial Office,Growth,D,20,20260919,2026-09-19,56.4741,Estimated,Estimation interval (±20-30%),6705.0582,Estimated,Estimation interval (±20-30%),8.168,Estimated,Estimation interval (±20-30%),7.0914,Estimated,Estimation interval (±20-30%),,Missing,Not available,,Missing,Not available,67.7048,Derived,Estimation interval (±20-30%),,Missing,Not available,,Missing,Not available,10.1071
MKT-023_D021,MKT-023,Delhi NCR,Noida — Sector 62,Commercial Office,Growth,D,21,20260919,2026-09-19,52.2477,Estimated,Estimation interval (±20-30%),5528.0752,Estimated,Estimation interval (±20-30%),6.3634,Estimated,Estimation interval (±20-30%),9.9264,Estimated,Estimation interval (±20-30%),,Missing,Not available,,Missing,Not available,61.3487,Derived,Estimation interval (±20-30%),,Missing,Not available,,Missing,Not available,11.3416
MKT-023_D022,MKT-023,Delhi NCR,Noida — Sector 62,Commercial Office,Growth,D,22,20260919,2026-09-19,52.2277,Estimated,Estimation interval (±20-30%),7335.7206,Estimated,Estimation interval (±20-30%),8.5551,Estimated,Estimation interval (±20-30%),7.6524,Estimated,Estimation interval (±20-30%),,Missing,Not available,,Missing,Not available,56.6314,Derived,Estimation interval (±20-30%),,Missing,Not available,,Missing,Not available,8.5436
MKT-023_D023,MKT-023,Delhi NCR,Noida — Sector 62,Commercial Office,Growth,D,23,20260919,2026-09-19,62.9149,Estimated,Estimation interval (±20-30%),5467.0842,Estimated,Estimation interval (±20-30%),7.1888,Estimated,Estimation interval (±20-30%),11.4011,Estimated,Estimation interval (±20-30%),,Missing,Not available,,Missing,Not available,69.3313,Derived,Estimation interval (±20-30%),,Missing,Not available,,Missing,Not available,13.8095
MKT-023_D024,MKT-023,Delhi NCR,Noida — Sector 62,Commercial Office,Growth,D,24,20260919,2026-09-19,51.9859,Estimated,Estimation interval (±20-30%),7718.2347,Estimated,Estimation interval (±20-30%),6.7347,Estimated,Estimation interval (±20-30%),8.4727,Estimated,Estimation interval (±20-30%),,Missing,Not available,,Missing,Not available,75.449,Derived,Estimation interval (±20-30%),,Missing,Not available,,Missing,Not available,8.0826
MKT-023_D025,MKT-023,Delhi NCR,Noida — Sector 62,Commercial Office,Growth,D,25,20260919,2026-09-19,53.7571,Estimated,Estimation interval (±20-30%),5509.7224,Estimated,Estimation interval (±20-30%),8.6162,Estimated,Estimation interval (±20-30%),12.6877,Estimated,Estimation interval (±20-30%),,Missing,Not available,,Missing,Not available,56.77,Derived,Estimation interval (±20-30%),,Missing,Not available,,Missing,Not available,11.7081
MKT-023_D026,MKT-023,Delhi NCR,Noida — Sector 62,Commercial Office,Growth,D,26,20260919,2026-09-19,56.0741,Estimated,Estimation interval (±20-30%),9048.342,Estimated,Estimation interval (±20-30%),8.7969,Estimated,Estimation interval (±20-30%),9.5177,Estimated,Estimation interval (±20-30%),,Missing,Not available,,Missing,Not available,63.2687,Derived,Estimation interval (±20-30%),,Missing,Not available,,Missing,Not available,7.4366
MKT-023_D027,MKT-023,Delhi NCR,Noida — Sector 62,Commercial Office,Growth,D,27,20260919,2026-09-19,56.7104,Estimated,Estimation interval (±20-30%),7603.4115,Estimated,Estimation interval (±20-30%),7.8934,Estimated,Estimation interval (±20-30%),8.8136,Estimated,Estimation interval (±20-30%),,Missing,Not available,,Missing,Not available,63.9368,Derived,Estimation interval (±20-30%),,Missing,Not available,,Missing,Not available,8.9503
MKT-023_D028,MKT-023,Delhi NCR,Noida — Sector 62,Commercial Office,Growth,D,28,20260919,2026-09-19,49.5634,Estimated,Estimation interval (±20-30%),5879.845,Estimated,Estimation interval (±20-30%),9.9175,Estimated,Estimation interval (±20-30%),10.1262,Estimated,Estimation interval (±20-30%),,Missing,Not available,,Missing,Not available,53.6246,Derived,Estimation interval (±20-30%),,Missing,Not available,,Missing,Not available,10.1152
MKT-023_D029,MKT-023,Delhi NCR,Noida — Sector 62,Commercial Office,Growth,D,29,20260919,2026-09-19,55.0394,Estimated,Estimation interval (±20-30%),6353.9577,Estimated,Estimation interval (±20-30%),8.1909,Estimated,Estimation interval (±20-30%),11.3888,Estimated,Estimation interval (±20-30%),,Missing,Not available,,Missing,Not available,53.3829,Derived,Estimation interval (±20-30%),,Missing,Not available,,Missing,Not available,10.3947
MKT-023_D030,MKT-023,Delhi NCR,Noida — Sector 62,Commercial Office,Growth,D,30,20260919,2026-09-19,64.0684,Estimated,Estimation interval (±20-30%),4872.2412,Estimated,Estimation interval (±20-30%),7.7543,Estimated,Estimation interval (±20-30%),9.3776,Estimated,Estimation interval (±20-30%),,Missing,Not available,,Missing,Not available,62.4273,Derived,Estimation interval (±20-30%),,Missing,Not available,,Missing,Not available,15.7796
MKT-023_D031,MKT-023,Delhi NCR,Noida — Sector 62,Commercial Office,Growth,D,31,20260919,2026-09-19,69.1391,Estimated,Estimation interval (±20-30%),5851.9883,Estimated,Estimation interval (±20-30%),8.1609,Estimated,Estimation interval (±20-30%),6.1461,Estimated,Estimation interval (±20-30%),,Missing,Not available,,Missing,Not available,70.8502,Derived,Estimation interval (±20-30%),,Missing,Not available,,Missing,Not available,14.1776
MKT-023_D032,MKT-023,Delhi NCR,Noida — Sector 62,Commercial Office,Growth,D,32,20260919,2026-09-19,67.462,Estimated,Estimation interval (±20-30%),7517.3549,Estimated,Estimation interval (±20-30%),8.5514,Estimated,Estimation interval (±20-30%),8.7517,Estimated,Estimation interval (±20-30%),,Missing,Not available,,Missing,Not available,67.7122,Derived,Estimation interval (±20-30%),,Missing,Not available,,Missing,Not available,10.769
MKT-023_D033,MKT-023,Delhi NCR,Noida — Sector 62,Commercial Office,Growth,D,33,20260919,2026-09-19,65.6764,Estimated,Estimation interval (±20-30%),6180.2824,Estimated,Estimation interval (±20-30%),8.0162,Estimated,Estimation interval (±20-30%),6.3549,Estimated,Estimation interval (±20-30%),,Missing,Not available,,Missing,Not available,60.4646,Derived,Estimation interval (±20-30%),,Missing,Not available,,Missing,Not available,12.7521
MKT-023_D034,MKT-023,Delhi NCR,Noida — Sector 62,Commercial Office,Growth,D,34,20260919,2026-09-19,60.1648,Estimated,Estimation interval (±20-30%),6428.8432,Estimated,Estimation interval (±20-30%),6.9963,Estimated,Estimation interval (±20-30%),5.1926,Estimated,Estimation interval (±20-30%),,Missing,Not available,,Missing,Not available,66.0334,Derived,Estimation interval (±20-30%),,Missing,Not available,,Missing,Not available,11.2303
MKT-023_D035,MKT-023,Delhi NCR,Noida — Sector 62,Commercial Office,Growth,D,35,20260919,2026-09-19,56.4808,Estimated,Estimation interval (±20-30%),5802.5863,Estimated,Estimation interval (±20-30%),5.7529,Estimated,Estimation interval (±20-30%),8.2293,Estimated,Estimation interval (±20-30%),,Missing,Not available,,Missing,Not available,66.3434,Derived,Estimation interval (±20-30%),,Missing,Not available,,Missing,Not available,11.6805
MKT-023_D036,MKT-023,Delhi NCR,Noida — Sector 62,Commercial Office,Growth,D,36,20260919,2026-09-19,58.8237,Estimated,Estimation interval (±20-30%),6028.4688,Estimated,Estimation interval (±20-30%),7.735,Estimated,Estimation interval (±20-30%),11.0063,Estimated,Estimation interval (±20-30%),,Missing,Not available,,Missing,Not available,64.8879,Derived,Estimation interval (±20-30%),,Missing,Not available,,Missing,Not available,11.7092
MKT-023_D037,MKT-023,Delhi NCR,Noida — Sector 62,Commercial Office,Growth,D,37,20260919,2026-09-19,66.4489,Estimated,Estimation interval (±20-30%),6519.8795,Estimated,Estimation interval (±20-30%),12.8111,Estimated,Estimation interval (±20-30%),12.1895,Estimated,Estimation interval (±20-30%),,Missing,Not available,,Missing,Not available,65.3533,Derived,Estimation interval (±20-30%),,Missing,Not available,,Missing,Not available,12.2301
MKT-023_D038,MKT-023,Delhi NCR,Noida — Sector 62,Commercial Office,Growth,D,38,20260919,2026-09-19,66.0978,Estimated,Estimation interval (±20-30%),6813.264,Estimated,Estimation interval (±20-30%),7.9295,Estimated,Estimation interval (±20-30%),8.6067,Estimated,Estimation interval (±20-30%),,Missing,Not available,,Missing,Not available,60.447,Derived,Estimation interval (±20-30%),,Missing,Not available,,Missing,Not available,11.6416
MKT-023_D039,MKT-023,Delhi NCR,Noida — Sector 62,Commercial Office,Growth,D,39,20260919,2026-09-19,56.4989,Estimated,Estimation interval (±20-30%),6452.3824,Estimated,Estimation interval (±20-30%),8.0961,Estimated,Estimation interval (±20-30%),9.8218,Estimated,Estimation interval (±20-30%),,Missing,Not available,,Missing,Not available,58.8744,Derived,Estimation interval (±20-30%),,Missing,Not available,,Missing,Not available,10.5075
MKT-023_D040,MKT-023,Delhi NCR,Noida — Sector 62,Commercial Office,Growth,D,40,20260919,2026-09-19,60.9993,Estimated,Estimation interval (±20-30%),9168.7267,Estimated,Estimation interval (±20-30%),5.8643,Estimated,Estimation interval (±20-30%),6.3888,Estimated,Estimation interval (±20-30%),,Missing,Not available,,Missing,Not available,62.5907,Derived,Estimation interval (±20-30%),,Missing,Not available,,Missing,Not available,7.9836
MKT-024_D001,MKT-024,Delhi NCR,Aerocity,Commercial Office,Premium,C,1,20260919,2026-09-19,130.7934,Estimated,Estimation interval (±15-20%),17520.253,Estimated,Estimation interval (±15-20%),5.9413,Estimated,Estimation interval (±15-20%),6.536,Estimated,Estimation interval (±15-20%),,Missing,Not available,,Missing,Not available,75.189,Derived,Estimation interval (±15-20%),,Missing,Not available,,Missing,Not available,8.9583
MKT-024_D002,MKT-024,Delhi NCR,Aerocity,Commercial Office,Premium,C,2,20260919,2026-09-19,108.2162,Estimated,Estimation interval (±15-20%),14847.7563,Estimated,Estimation interval (±15-20%),9.2901,Estimated,Estimation interval (±15-20%),5.2128,Estimated,Estimation interval (±15-20%),,Missing,Not available,,Missing,Not available,72.241,Derived,Estimation interval (±15-20%),,Missing,Not available,,Missing,Not available,8.7461
MKT-024_D003,MKT-024,Delhi NCR,Aerocity,Commercial Office,Premium,C,3,20260919,2026-09-19,123.0809,Estimated,Estimation interval (±15-20%),20820.9352,Estimated,Estimation interval (±15-20%),4.475,Estimated,Estimation interval (±15-20%),8.2175,Estimated,Estimation interval (±15-20%),,Missing,Not available,,Missing,Not available,72.9833,Derived,Estimation interval (±15-20%),,Missing,Not available,,Missing,Not available,7.0937
MKT-024_D004,MKT-024,Delhi NCR,Aerocity,Commercial Office,Premium,C,4,20260919,2026-09-19,122.9369,Estimated,Estimation interval (±15-20%),20580.9016,Estimated,Estimation interval (±15-20%),5.2241,Estimated,Estimation interval (±15-20%),8.8446,Estimated,Estimation interval (±15-20%),,Missing,Not available,,Missing,Not available,77.1584,Derived,Estimation interval (±15-20%),,Missing,Not available,,Missing,Not available,7.168
MKT-024_D005,MKT-024,Delhi NCR,Aerocity,Commercial Office,Premium,C,5,20260919,2026-09-19,124.981,Estimated,Estimation interval (±15-20%),20077.8767,Estimated,Estimation interval (±15-20%),8.0746,Estimated,Estimation interval (±15-20%),8.778,Estimated,Estimation interval (±15-20%),,Missing,Not available,,Missing,Not available,83.3161,Derived,Estimation interval (±15-20%),,Missing,Not available,,Missing,Not available,7.4698
MKT-024_D006,MKT-024,Delhi NCR,Aerocity,Commercial Office,Premium,C,6,20260919,2026-09-19,130.6736,Estimated,Estimation interval (±15-20%),20765.3371,Estimated,Estimation interval (±15-20%),5.637,Estimated,Estimation interval (±15-20%),7.2117,Estimated,Estimation interval (±15-20%),,Missing,Not available,,Missing,Not available,79.4028,Derived,Estimation interval (±15-20%),,Missing,Not available,,Missing,Not available,7.5514
MKT-024_D007,MKT-024,Delhi NCR,Aerocity,Commercial Office,Premium,C,7,20260919,2026-09-19,130.1027,Estimated,Estimation interval (±15-20%),14879.3981,Estimated,Estimation interval (±15-20%),6.9244,Estimated,Estimation interval (±15-20%),10.2564,Estimated,Estimation interval (±15-20%),,Missing,Not available,,Missing,Not available,72.1414,Derived,Estimation interval (±15-20%),,Missing,Not available,,Missing,Not available,10.4926
MKT-024_D008,MKT-024,Delhi NCR,Aerocity,Commercial Office,Premium,C,8,20260919,2026-09-19,120.8281,Estimated,Estimation interval (±15-20%),20813.3407,Estimated,Estimation interval (±15-20%),5.2767,Estimated,Estimation interval (±15-20%),7.7379,Estimated,Estimation interval (±15-20%),,Missing,Not available,,Missing,Not available,81.7397,Derived,Estimation interval (±15-20%),,Missing,Not available,,Missing,Not available,6.9664
MKT-024_D009,MKT-024,Delhi NCR,Aerocity,Commercial Office,Premium,C,9,20260919,2026-09-19,133.3925,Estimated,Estimation interval (±15-20%),16302.4684,Estimated,Estimation interval (±15-20%),4.9626,Estimated,Estimation interval (±15-20%),8.8105,Estimated,Estimation interval (±15-20%),,Missing,Not available,,Missing,Not available,81.2918,Derived,Estimation interval (±15-20%),,Missing,Not available,,Missing,Not available,9.8188
MKT-024_D010,MKT-024,Delhi NCR,Aerocity,Commercial Office,Premium,C,10,20260919,2026-09-19,133.8728,Estimated,Estimation interval (±15-20%),14076.7632,Estimated,Estimation interval (±15-20%),6.0373,Estimated,Estimation interval (±15-20%),9.1773,Estimated,Estimation interval (±15-20%),,Missing,Not available,,Missing,Not available,67.8521,Derived,Estimation interval (±15-20%),,Missing,Not available,,Missing,Not available,11.4122
MKT-024_D011,MKT-024,Delhi NCR,Aerocity,Commercial Office,Premium,C,11,20260919,2026-09-19,125.6327,Estimated,Estimation interval (±15-20%),16659.6334,Estimated,Estimation interval (±15-20%),7.5047,Estimated,Estimation interval (±15-20%),9.6387,Estimated,Estimation interval (±15-20%),,Missing,Not available,,Missing,Not available,82.2745,Derived,Estimation interval (±15-20%),,Missing,Not available,,Missing,Not available,9.0494
MKT-024_D012,MKT-024,Delhi NCR,Aerocity,Commercial Office,Premium,C,12,20260919,2026-09-19,129.7182,Estimated,Estimation interval (±15-20%),13131.2453,Estimated,Estimation interval (±15-20%),7.3652,Estimated,Estimation interval (±15-20%),11.0399,Estimated,Estimation interval (±15-20%),,Missing,Not available,,Missing,Not available,82.3776,Derived,Estimation interval (±15-20%),,Missing,Not available,,Missing,Not available,11.8543
MKT-024_D013,MKT-024,Delhi NCR,Aerocity,Commercial Office,Premium,C,13,20260919,2026-09-19,126.159,Estimated,Estimation interval (±15-20%),19528.9306,Estimated,Estimation interval (±15-20%),6.7989,Estimated,Estimation interval (±15-20%),9.2823,Estimated,Estimation interval (±15-20%),,Missing,Not available,,Missing,Not available,74.2049,Derived,Estimation interval (±15-20%),,Missing,Not available,,Missing,Not available,7.7521
MKT-024_D014,MKT-024,Delhi NCR,Aerocity,Commercial Office,Premium,C,14,20260919,2026-09-19,120.9613,Estimated,Estimation interval (±15-20%),15791.5728,Estimated,Estimation interval (±15-20%),8.9415,Estimated,Estimation interval (±15-20%),5.3084,Estimated,Estimation interval (±15-20%),,Missing,Not available,,Missing,Not available,76.3404,Derived,Estimation interval (±15-20%),,Missing,Not available,,Missing,Not available,9.1918
MKT-024_D015,MKT-024,Delhi NCR,Aerocity,Commercial Office,Premium,C,15,20260919,2026-09-19,128.4631,Estimated,Estimation interval (±15-20%),18611.4653,Estimated,Estimation interval (±15-20%),7.0983,Estimated,Estimation interval (±15-20%),6.8793,Estimated,Estimation interval (±15-20%),,Missing,Not available,,Missing,Not available,74.8511,Derived,Estimation interval (±15-20%),,Missing,Not available,,Missing,Not available,8.2828
MKT-024_D016,MKT-024,Delhi NCR,Aerocity,Commercial Office,Premium,C,16,20260919,2026-09-19,121.347,Estimated,Estimation interval (±15-20%),17875.8219,Estimated,Estimation interval (±15-20%),7.5623,Estimated,Estimation interval (±15-20%),8.5984,Estimated,Estimation interval (±15-20%),,Missing,Not available,,Missing,Not available,79.7536,Derived,Estimation interval (±15-20%),,Missing,Not available,,Missing,Not available,8.146
MKT-024_D017,MKT-024,Delhi NCR,Aerocity,Commercial Office,Premium,C,17,20260919,2026-09-19,136.0583,Estimated,Estimation interval (±15-20%),21023.4877,Estimated,Estimation interval (±15-20%),7.4232,Estimated,Estimation interval (±15-20%),7.6438,Estimated,Estimation interval (±15-20%),,Missing,Not available,,Missing,Not available,72.8713,Derived,Estimation interval (±15-20%),,Missing,Not available,,Missing,Not available,7.7661
MKT-024_D018,MKT-024,Delhi NCR,Aerocity,Commercial Office,Premium,C,18,20260919,2026-09-19,116.1685,Estimated,Estimation interval (±15-20%),20113.5278,Estimated,Estimation interval (±15-20%),8.9766,Estimated,Estimation interval (±15-20%),8.4122,Estimated,Estimation interval (±15-20%),,Missing,Not available,,Missing,Not available,73.136,Derived,Estimation interval (±15-20%),,Missing,Not available,,Missing,Not available,6.9308
MKT-024_D019,MKT-024,Delhi NCR,Aerocity,Commercial Office,Premium,C,19,20260919,2026-09-19,129.5799,Estimated,Estimation interval (±15-20%),16762.6591,Estimated,Estimation interval (±15-20%),9.7977,Estimated,Estimation interval (±15-20%),8.0194,Estimated,Estimation interval (±15-20%),,Missing,Not available,,Missing,Not available,76.339,Derived,Estimation interval (±15-20%),,Missing,Not available,,Missing,Not available,9.2763
MKT-024_D020,MKT-024,Delhi NCR,Aerocity,Commercial Office,Premium,C,20,20260919,2026-09-19,135.5545,Estimated,Estimation interval (±15-20%),21650.767,Estimated,Estimation interval (±15-20%),5.2658,Estimated,Estimation interval (±15-20%),8.2817,Estimated,Estimation interval (±15-20%),,Missing,Not available,,Missing,Not available,78.8049,Derived,Estimation interval (±15-20%),,Missing,Not available,,Missing,Not available,7.5131
MKT-024_D021,MKT-024,Delhi NCR,Aerocity,Commercial Office,Premium,C,21,20260919,2026-09-19,121.9389,Estimated,Estimation interval (±15-20%),14173.0736,Estimated,Estimation interval (±15-20%),8.6429,Estimated,Estimation interval (±15-20%),6.9748,Estimated,Estimation interval (±15-20%),,Missing,Not available,,Missing,Not available,80.6019,Derived,Estimation interval (±15-20%),,Missing,Not available,,Missing,Not available,10.3243
MKT-024_D022,MKT-024,Delhi NCR,Aerocity,Commercial Office,Premium,C,22,20260919,2026-09-19,110.2837,Estimated,Estimation interval (±15-20%),13581.7557,Estimated,Estimation interval (±15-20%),7.2128,Estimated,Estimation interval (±15-20%),7.3493,Estimated,Estimation interval (±15-20%),,Missing,Not available,,Missing,Not available,68.4892,Derived,Estimation interval (±15-20%),,Missing,Not available,,Missing,Not available,9.744
MKT-024_D023,MKT-024,Delhi NCR,Aerocity,Commercial Office,Premium,C,23,20260919,2026-09-19,139.147,Estimated,Estimation interval (±15-20%),14972.2547,Estimated,Estimation interval (±15-20%),7.4005,Estimated,Estimation interval (±15-20%),8.6341,Estimated,Estimation interval (±15-20%),,Missing,Not available,,Missing,Not available,74.8584,Derived,Estimation interval (±15-20%),,Missing,Not available,,Missing,Not available,11.1524
MKT-024_D024,MKT-024,Delhi NCR,Aerocity,Commercial Office,Premium,C,24,20260919,2026-09-19,138.0666,Estimated,Estimation interval (±15-20%),17377.5987,Estimated,Estimation interval (±15-20%),8.3337,Estimated,Estimation interval (±15-20%),6.441,Estimated,Estimation interval (±15-20%),,Missing,Not available,,Missing,Not available,78.4465,Derived,Estimation interval (±15-20%),,Missing,Not available,,Missing,Not available,9.5341
MKT-024_D025,MKT-024,Delhi NCR,Aerocity,Commercial Office,Premium,C,25,20260919,2026-09-19,114.8244,Estimated,Estimation interval (±15-20%),17071.9327,Estimated,Estimation interval (±15-20%),8.4976,Estimated,Estimation interval (±15-20%),10.0419,Estimated,Estimation interval (±15-20%),,Missing,Not available,,Missing,Not available,78.1629,Derived,Estimation interval (±15-20%),,Missing,Not available,,Missing,Not available,8.0711
MKT-024_D026,MKT-024,Delhi NCR,Aerocity,Commercial Office,Premium,C,26,20260919,2026-09-19,123.0907,Estimated,Estimation interval (±15-20%),17124.8326,Estimated,Estimation interval (±15-20%),7.324,Estimated,Estimation interval (±15-20%),7.3519,Estimated,Estimation interval (±15-20%),,Missing,Not available,,Missing,Not available,74.318,Derived,Estimation interval (±15-20%),,Missing,Not available,,Missing,Not available,8.6254
MKT-024_D027,MKT-024,Delhi NCR,Aerocity,Commercial Office,Premium,C,27,20260919,2026-09-19,124.8728,Estimated,Estimation interval (±15-20%),17984.8492,Estimated,Estimation interval (±15-20%),6.7135,Estimated,Estimation interval (±15-20%),9.0419,Estimated,Estimation interval (±15-20%),,Missing,Not available,,Missing,Not available,78.2531,Derived,Estimation interval (±15-20%),,Missing,Not available,,Missing,Not available,8.3319
MKT-024_D028,MKT-024,Delhi NCR,Aerocity,Commercial Office,Premium,C,28,20260919,2026-09-19,130.1974,Estimated,Estimation interval (±15-20%),15338.3161,Estimated,Estimation interval (±15-20%),6.5478,Estimated,Estimation interval (±15-20%),6.2427,Estimated,Estimation interval (±15-20%),,Missing,Not available,,Missing,Not available,78.3863,Derived,Estimation interval (±15-20%),,Missing,Not available,,Missing,Not available,10.1861
MKT-024_D029,MKT-024,Delhi NCR,Aerocity,Commercial Office,Premium,C,29,20260919,2026-09-19,109.4758,Estimated,Estimation interval (±15-20%),15970.3214,Estimated,Estimation interval (±15-20%),8.4037,Estimated,Estimation interval (±15-20%),9.3856,Estimated,Estimation interval (±15-20%),,Missing,Not available,,Missing,Not available,68.4766,Derived,Estimation interval (±15-20%),,Missing,Not available,,Missing,Not available,8.2259
MKT-024_D030,MKT-024,Delhi NCR,Aerocity,Commercial Office,Premium,C,30,20260919,2026-09-19,120.4693,Estimated,Estimation interval (±15-20%),16981.3983,Estimated,Estimation interval (±15-20%),6.8552,Estimated,Estimation interval (±15-20%),7.8456,Estimated,Estimation interval (±15-20%),,Missing,Not available,,Missing,Not available,73.1027,Derived,Estimation interval (±15-20%),,Missing,Not available,,Missing,Not available,8.513
MKT-024_D031,MKT-024,Delhi NCR,Aerocity,Commercial Office,Premium,C,31,20260919,2026-09-19,128.9154,Estimated,Estimation interval (±15-20%),21134.8407,Estimated,Estimation interval (±15-20%),6.5302,Estimated,Estimation interval (±15-20%),5.3631,Estimated,Estimation interval (±15-20%),,Missing,Not available,,Missing,Not available,68.5638,Derived,Estimation interval (±15-20%),,Missing,Not available,,Missing,Not available,7.3196
MKT-024_D032,MKT-024,Delhi NCR,Aerocity,Commercial Office,Premium,C,32,20260919,2026-09-19,121.1562,Estimated,Estimation interval (±15-20%),21051.7714,Estimated,Estimation interval (±15-20%),6.5757,Estimated,Estimation interval (±15-20%),8.3516,Estimated,Estimation interval (±15-20%),,Missing,Not available,,Missing,Not available,77.3721,Derived,Estimation interval (±15-20%),,Missing,Not available,,Missing,Not available,6.9062
MKT-024_D033,MKT-024,Delhi NCR,Aerocity,Commercial Office,Premium,C,33,20260919,2026-09-19,118.3157,Estimated,Estimation interval (±15-20%),18577.396,Estimated,Estimation interval (±15-20%),8.6924,Estimated,Estimation interval (±15-20%),7.9702,Estimated,Estimation interval (±15-20%),,Missing,Not available,,Missing,Not available,72.5168,Derived,Estimation interval (±15-20%),,Missing,Not available,,Missing,Not available,7.6426
MKT-024_D034,MKT-024,Delhi NCR,Aerocity,Commercial Office,Premium,C,34,20260919,2026-09-19,125.109,Estimated,Estimation interval (±15-20%),15283.2306,Estimated,Estimation interval (±15-20%),6.5344,Estimated,Estimation interval (±15-20%),7.9584,Estimated,Estimation interval (±15-20%),,Missing,Not available,,Missing,Not available,80.6809,Derived,Estimation interval (±15-20%),,Missing,Not available,,Missing,Not available,9.8232
MKT-024_D035,MKT-024,Delhi NCR,Aerocity,Commercial Office,Premium,C,35,20260919,2026-09-19,113.1201,Estimated,Estimation interval (±15-20%),18453.1339,Estimated,Estimation interval (±15-20%),7.8321,Estimated,Estimation interval (±15-20%),8.0672,Estimated,Estimation interval (±15-20%),,Missing,Not available,,Missing,Not available,74.3626,Derived,Estimation interval (±15-20%),,Missing,Not available,,Missing,Not available,7.3562
MKT-024_D036,MKT-024,Delhi NCR,Aerocity,Commercial Office,Premium,C,36,20260919,2026-09-19,129.367,Estimated,Estimation interval (±15-20%),20392.0327,Estimated,Estimation interval (±15-20%),8.3525,Estimated,Estimation interval (±15-20%),7,Estimated,Estimation interval (±15-20%),,Missing,Not available,,Missing,Not available,76.0766,Derived,Estimation interval (±15-20%),,Missing,Not available,,Missing,Not available,7.6128
MKT-024_D037,MKT-024,Delhi NCR,Aerocity,Commercial Office,Premium,C,37,20260919,2026-09-19,134.7975,Estimated,Estimation interval (±15-20%),19027.2909,Estimated,Estimation interval (±15-20%),7.0397,Estimated,Estimation interval (±15-20%),7.2218,Estimated,Estimation interval (±15-20%),,Missing,Not available,,Missing,Not available,74.7348,Derived,Estimation interval (±15-20%),,Missing,Not available,,Missing,Not available,8.5013
MKT-024_D038,MKT-024,Delhi NCR,Aerocity,Commercial Office,Premium,C,38,20260919,2026-09-19,128.8703,Estimated,Estimation interval (±15-20%),15446.9479,Estimated,Estimation interval (±15-20%),4.3108,Estimated,Estimation interval (±15-20%),8.5566,Estimated,Estimation interval (±15-20%),,Missing,Not available,,Missing,Not available,76.9575,Derived,Estimation interval (±15-20%),,Missing,Not available,,Missing,Not available,10.0113
MKT-024_D039,MKT-024,Delhi NCR,Aerocity,Commercial Office,Premium,C,39,20260919,2026-09-19,113.2009,Estimated,Estimation interval (±15-20%),16602.8419,Estimated,Estimation interval (±15-20%),6.2053,Estimated,Estimation interval (±15-20%),10.6233,Estimated,Estimation interval (±15-20%),,Missing,Not available,,Missing,Not available,78.0268,Derived,Estimation interval (±15-20%),,Missing,Not available,,Missing,Not available,8.1818
MKT-024_D040,MKT-024,Delhi NCR,Aerocity,Commercial Office,Premium,C,40,20260919,2026-09-19,118.4612,Estimated,Estimation interval (±15-20%),12858.9028,Estimated,Estimation interval (±15-20%),4.2856,Estimated,Estimation interval (±15-20%),9.8301,Estimated,Estimation interval (±15-20%),,Missing,Not available,,Missing,Not available,81.5062,Derived,Estimation interval (±15-20%),,Missing,Not available,,Missing,Not available,11.0549
MKT-025_D001,MKT-025,Delhi NCR,Gurugram — Sector 44,Commercial Office,Established,D,1,20260919,2026-09-19,81.9101,Estimated,Estimation interval (±20-30%),10922.672,Estimated,Estimation interval (±20-30%),6.0461,Estimated,Estimation interval (±20-30%),7.1404,Estimated,Estimation interval (±20-30%),,Missing,Not available,,Missing,Not available,66.6635,Derived,Estimation interval (±20-30%),,Missing,Not available,,Missing,Not available,8.9989
MKT-025_D002,MKT-025,Delhi NCR,Gurugram — Sector 44,Commercial Office,Established,D,2,20260919,2026-09-19,83.019,Estimated,Estimation interval (±20-30%),11208.9907,Estimated,Estimation interval (±20-30%),7.3392,Estimated,Estimation interval (±20-30%),9.2634,Estimated,Estimation interval (±20-30%),,Missing,Not available,,Missing,Not available,60.2807,Derived,Estimation interval (±20-30%),,Missing,Not available,,Missing,Not available,8.8878
MKT-025_D003,MKT-025,Delhi NCR,Gurugram — Sector 44,Commercial Office,Established,D,3,20260919,2026-09-19,86.351,Estimated,Estimation interval (±20-30%),13254.5099,Estimated,Estimation interval (±20-30%),6.5136,Estimated,Estimation interval (±20-30%),8.714,Estimated,Estimation interval (±20-30%),,Missing,Not available,,Missing,Not available,73.5937,Derived,Estimation interval (±20-30%),,Missing,Not available,,Missing,Not available,7.8178
MKT-025_D004,MKT-025,Delhi NCR,Gurugram — Sector 44,Commercial Office,Established,D,4,20260919,2026-09-19,78.8467,Estimated,Estimation interval (±20-30%),12661.5263,Estimated,Estimation interval (±20-30%),7.4298,Estimated,Estimation interval (±20-30%),9.1959,Estimated,Estimation interval (±20-30%),,Missing,Not available,,Missing,Not available,64.073,Derived,Estimation interval (±20-30%),,Missing,Not available,,Missing,Not available,7.4727
MKT-025_D005,MKT-025,Delhi NCR,Gurugram — Sector 44,Commercial Office,Established,D,5,20260919,2026-09-19,78.1608,Estimated,Estimation interval (±20-30%),10663.0737,Estimated,Estimation interval (±20-30%),5.2135,Estimated,Estimation interval (±20-30%),8.615,Estimated,Estimation interval (±20-30%),,Missing,Not available,,Missing,Not available,66.8212,Derived,Estimation interval (±20-30%),,Missing,Not available,,Missing,Not available,8.7961
MKT-025_D006,MKT-025,Delhi NCR,Gurugram — Sector 44,Commercial Office,Established,D,6,20260919,2026-09-19,88.278,Estimated,Estimation interval (±20-30%),12046.3747,Estimated,Estimation interval (±20-30%),7.208,Estimated,Estimation interval (±20-30%),8.0299,Estimated,Estimation interval (±20-30%),,Missing,Not available,,Missing,Not available,72.5626,Derived,Estimation interval (±20-30%),,Missing,Not available,,Missing,Not available,8.7938
MKT-025_D007,MKT-025,Delhi NCR,Gurugram — Sector 44,Commercial Office,Established,D,7,20260919,2026-09-19,98.4665,Estimated,Estimation interval (±20-30%),10979.3218,Estimated,Estimation interval (±20-30%),6.3127,Estimated,Estimation interval (±20-30%),5.8694,Estimated,Estimation interval (±20-30%),,Missing,Not available,,Missing,Not available,68.9472,Derived,Estimation interval (±20-30%),,Missing,Not available,,Missing,Not available,10.762
MKT-025_D008,MKT-025,Delhi NCR,Gurugram — Sector 44,Commercial Office,Established,D,8,20260919,2026-09-19,84.1549,Estimated,Estimation interval (±20-30%),10052.5133,Estimated,Estimation interval (±20-30%),6.0957,Estimated,Estimation interval (±20-30%),6.2598,Estimated,Estimation interval (±20-30%),,Missing,Not available,,Missing,Not available,63.687,Derived,Estimation interval (±20-30%),,Missing,Not available,,Missing,Not available,10.0458
MKT-025_D009,MKT-025,Delhi NCR,Gurugram — Sector 44,Commercial Office,Established,D,9,20260919,2026-09-19,88.0669,Estimated,Estimation interval (±20-30%),10009.6257,Estimated,Estimation interval (±20-30%),5.8015,Estimated,Estimation interval (±20-30%),7.9599,Estimated,Estimation interval (±20-30%),,Missing,Not available,,Missing,Not available,65.4838,Derived,Estimation interval (±20-30%),,Missing,Not available,,Missing,Not available,10.5579
MKT-025_D010,MKT-025,Delhi NCR,Gurugram — Sector 44,Commercial Office,Established,D,10,20260919,2026-09-19,88.6984,Estimated,Estimation interval (±20-30%),9830.6072,Estimated,Estimation interval (±20-30%),5.3521,Estimated,Estimation interval (±20-30%),7.7605,Estimated,Estimation interval (±20-30%),,Missing,Not available,,Missing,Not available,68.4528,Derived,Estimation interval (±20-30%),,Missing,Not available,,Missing,Not available,10.8272
MKT-025_D011,MKT-025,Delhi NCR,Gurugram — Sector 44,Commercial Office,Established,D,11,20260919,2026-09-19,86.1361,Estimated,Estimation interval (±20-30%),12944.9751,Estimated,Estimation interval (±20-30%),5.6806,Estimated,Estimation interval (±20-30%),6.8404,Estimated,Estimation interval (±20-30%),,Missing,Not available,,Missing,Not available,74.747,Derived,Estimation interval (±20-30%),,Missing,Not available,,Missing,Not available,7.9848
MKT-025_D012,MKT-025,Delhi NCR,Gurugram — Sector 44,Commercial Office,Established,D,12,20260919,2026-09-19,95.8977,Estimated,Estimation interval (±20-30%),9551.9589,Estimated,Estimation interval (±20-30%),6.8203,Estimated,Estimation interval (±20-30%),7.8437,Estimated,Estimation interval (±20-30%),,Missing,Not available,,Missing,Not available,69.6089,Derived,Estimation interval (±20-30%),,Missing,Not available,,Missing,Not available,12.0475
MKT-025_D013,MKT-025,Delhi NCR,Gurugram — Sector 44,Commercial Office,Established,D,13,20260919,2026-09-19,92.8495,Estimated,Estimation interval (±20-30%),13159.0246,Estimated,Estimation interval (±20-30%),6.6171,Estimated,Estimation interval (±20-30%),9.9241,Estimated,Estimation interval (±20-30%),,Missing,Not available,,Missing,Not available,61.6382,Derived,Estimation interval (±20-30%),,Missing,Not available,,Missing,Not available,8.4671
MKT-025_D014,MKT-025,Delhi NCR,Gurugram — Sector 44,Commercial Office,Established,D,14,20260919,2026-09-19,87.1643,Estimated,Estimation interval (±20-30%),13819.6132,Estimated,Estimation interval (±20-30%),7.5709,Estimated,Estimation interval (±20-30%),8.4936,Estimated,Estimation interval (±20-30%),,Missing,Not available,,Missing,Not available,64.7881,Derived,Estimation interval (±20-30%),,Missing,Not available,,Missing,Not available,7.5687
MKT-025_D015,MKT-025,Delhi NCR,Gurugram — Sector 44,Commercial Office,Established,D,15,20260919,2026-09-19,98.5057,Estimated,Estimation interval (±20-30%),9868.4144,Estimated,Estimation interval (±20-30%),7.1124,Estimated,Estimation interval (±20-30%),8.0818,Estimated,Estimation interval (±20-30%),,Missing,Not available,,Missing,Not available,70.1043,Derived,Estimation interval (±20-30%),,Missing,Not available,,Missing,Not available,11.9783
MKT-025_D016,MKT-025,Delhi NCR,Gurugram — Sector 44,Commercial Office,Established,D,16,20260919,2026-09-19,87.2118,Estimated,Estimation interval (±20-30%),15273.7857,Estimated,Estimation interval (±20-30%),8.4623,Estimated,Estimation interval (±20-30%),7.4643,Estimated,Estimation interval (±20-30%),,Missing,Not available,,Missing,Not available,62.0284,Derived,Estimation interval (±20-30%),,Missing,Not available,,Missing,Not available,6.8519
MKT-025_D017,MKT-025,Delhi NCR,Gurugram — Sector 44,Commercial Office,Established,D,17,20260919,2026-09-19,92.3588,Estimated,Estimation interval (±20-30%),11913.8066,Estimated,Estimation interval (±20-30%),5.7335,Estimated,Estimation interval (±20-30%),10.289,Estimated,Estimation interval (±20-30%),,Missing,Not available,,Missing,Not available,67.0895,Derived,Estimation interval (±20-30%),,Missing,Not available,,Missing,Not available,9.3027
MKT-025_D018,MKT-025,Delhi NCR,Gurugram — Sector 44,Commercial Office,Established,D,18,20260919,2026-09-19,94.2228,Estimated,Estimation interval (±20-30%),10911.8662,Estimated,Estimation interval (±20-30%),4.429,Estimated,Estimation interval (±20-30%),8.1344,Estimated,Estimation interval (±20-30%),,Missing,Not available,,Missing,Not available,72.2353,Derived,Estimation interval (±20-30%),,Missing,Not available,,Missing,Not available,10.3619
MKT-025_D019,MKT-025,Delhi NCR,Gurugram — Sector 44,Commercial Office,Established,D,19,20260919,2026-09-19,84.4982,Estimated,Estimation interval (±20-30%),11176.0776,Estimated,Estimation interval (±20-30%),6.86,Estimated,Estimation interval (±20-30%),8.4422,Estimated,Estimation interval (±20-30%),,Missing,Not available,,Missing,Not available,63.4551,Derived,Estimation interval (±20-30%),,Missing,Not available,,Missing,Not available,9.0728
MKT-025_D020,MKT-025,Delhi NCR,Gurugram — Sector 44,Commercial Office,Established,D,20,20260919,2026-09-19,86.3003,Estimated,Estimation interval (±20-30%),12276.7099,Estimated,Estimation interval (±20-30%),6.867,Estimated,Estimation interval (±20-30%),7.4586,Estimated,Estimation interval (±20-30%),,Missing,Not available,,Missing,Not available,62.0893,Derived,Estimation interval (±20-30%),,Missing,Not available,,Missing,Not available,8.4355
MKT-025_D021,MKT-025,Delhi NCR,Gurugram — Sector 44,Commercial Office,Established,D,21,20260919,2026-09-19,83.1085,Estimated,Estimation interval (±20-30%),9973.117,Estimated,Estimation interval (±20-30%),6.1684,Estimated,Estimation interval (±20-30%),10.2787,Estimated,Estimation interval (±20-30%),,Missing,Not available,,Missing,Not available,65.6427,Derived,Estimation interval (±20-30%),,Missing,Not available,,Missing,Not available,9.9999
MKT-025_D022,MKT-025,Delhi NCR,Gurugram — Sector 44,Commercial Office,Established,D,22,20260919,2026-09-19,95.4097,Estimated,Estimation interval (±20-30%),8370.9395,Estimated,Estimation interval (±20-30%),6.103,Estimated,Estimation interval (±20-30%),6.3523,Estimated,Estimation interval (±20-30%),,Missing,Not available,,Missing,Not available,70.3816,Derived,Estimation interval (±20-30%),,Missing,Not available,,Missing,Not available,13.6773
MKT-025_D023,MKT-025,Delhi NCR,Gurugram — Sector 44,Commercial Office,Established,D,23,20260919,2026-09-19,87.2477,Estimated,Estimation interval (±20-30%),8663.4457,Estimated,Estimation interval (±20-30%),5.0038,Estimated,Estimation interval (±20-30%),4.9014,Estimated,Estimation interval (±20-30%),,Missing,Not available,,Missing,Not available,61.3441,Derived,Estimation interval (±20-30%),,Missing,Not available,,Missing,Not available,12.0849
MKT-025_D024,MKT-025,Delhi NCR,Gurugram — Sector 44,Commercial Office,Established,D,24,20260919,2026-09-19,90.5155,Estimated,Estimation interval (±20-30%),14293.4307,Estimated,Estimation interval (±20-30%),7.6913,Estimated,Estimation interval (±20-30%),9.2106,Estimated,Estimation interval (±20-30%),,Missing,Not available,,Missing,Not available,62.48,Derived,Estimation interval (±20-30%),,Missing,Not available,,Missing,Not available,7.5992
MKT-025_D025,MKT-025,Delhi NCR,Gurugram — Sector 44,Commercial Office,Established,D,25,20260919,2026-09-19,84.9572,Estimated,Estimation interval (±20-30%),11163.7287,Estimated,Estimation interval (±20-30%),6.2813,Estimated,Estimation interval (±20-30%),7.271,Estimated,Estimation interval (±20-30%),,Missing,Not available,,Missing,Not available,63.5815,Derived,Estimation interval (±20-30%),,Missing,Not available,,Missing,Not available,9.1321
MKT-025_D026,MKT-025,Delhi NCR,Gurugram — Sector 44,Commercial Office,Established,D,26,20260919,2026-09-19,81.3985,Estimated,Estimation interval (±20-30%),7983.9027,Estimated,Estimation interval (±20-30%),7.4979,Estimated,Estimation interval (±20-30%),8.25,Estimated,Estimation interval (±20-30%),,Missing,Not available,,Missing,Not available,59.9836,Derived,Estimation interval (±20-30%),,Missing,Not available,,Missing,Not available,12.2344
MKT-025_D027,MKT-025,Delhi NCR,Gurugram — Sector 44,Commercial Office,Established,D,27,20260919,2026-09-19,97.4471,Estimated,Estimation interval (±20-30%),12834.6507,Estimated,Estimation interval (±20-30%),8.188,Estimated,Estimation interval (±20-30%),7.6876,Estimated,Estimation interval (±20-30%),,Missing,Not available,,Missing,Not available,63.7762,Derived,Estimation interval (±20-30%),,Missing,Not available,,Missing,Not available,9.111
MKT-025_D028,MKT-025,Delhi NCR,Gurugram — Sector 44,Commercial Office,Established,D,28,20260919,2026-09-19,102.8008,Estimated,Estimation interval (±20-30%),10773.7945,Estimated,Estimation interval (±20-30%),7.5565,Estimated,Estimation interval (±20-30%),7.4179,Estimated,Estimation interval (±20-30%),,Missing,Not available,,Missing,Not available,63.7501,Derived,Estimation interval (±20-30%),,Missing,Not available,,Missing,Not available,11.4501
MKT-025_D029,MKT-025,Delhi NCR,Gurugram — Sector 44,Commercial Office,Established,D,29,20260919,2026-09-19,93.0301,Estimated,Estimation interval (±20-30%),12862.4895,Estimated,Estimation interval (±20-30%),5.8685,Estimated,Estimation interval (±20-30%),6.9934,Estimated,Estimation interval (±20-30%),,Missing,Not available,,Missing,Not available,69.8483,Derived,Estimation interval (±20-30%),,Missing,Not available,,Missing,Not available,8.6792
MKT-025_D030,MKT-025,Delhi NCR,Gurugram — Sector 44,Commercial Office,Established,D,30,20260919,2026-09-19,85.5425,Estimated,Estimation interval (±20-30%),13127.06,Estimated,Estimation interval (±20-30%),5.5469,Estimated,Estimation interval (±20-30%),10.1393,Estimated,Estimation interval (±20-30%),,Missing,Not available,,Missing,Not available,63.5393,Derived,Estimation interval (±20-30%),,Missing,Not available,,Missing,Not available,7.8198
MKT-025_D031,MKT-025,Delhi NCR,Gurugram — Sector 44,Commercial Office,Established,D,31,20260919,2026-09-19,83.3819,Estimated,Estimation interval (±20-30%),12962.0329,Estimated,Estimation interval (±20-30%),5.5853,Estimated,Estimation interval (±20-30%),5.1813,Estimated,Estimation interval (±20-30%),,Missing,Not available,,Missing,Not available,74.4501,Derived,Estimation interval (±20-30%),,Missing,Not available,,Missing,Not available,7.7193
MKT-025_D032,MKT-025,Delhi NCR,Gurugram — Sector 44,Commercial Office,Established,D,32,20260919,2026-09-19,87.64,Estimated,Estimation interval (±20-30%),11460.8216,Estimated,Estimation interval (±20-30%),8.4865,Estimated,Estimation interval (±20-30%),6.9423,Estimated,Estimation interval (±20-30%),,Missing,Not available,,Missing,Not available,65.3508,Derived,Estimation interval (±20-30%),,Missing,Not available,,Missing,Not available,9.1763
MKT-025_D033,MKT-025,Delhi NCR,Gurugram — Sector 44,Commercial Office,Established,D,33,20260919,2026-09-19,78.7856,Estimated,Estimation interval (±20-30%),13041.4724,Estimated,Estimation interval (±20-30%),4.0619,Estimated,Estimation interval (±20-30%),6.1653,Estimated,Estimation interval (±20-30%),,Missing,Not available,,Missing,Not available,66.417,Derived,Estimation interval (±20-30%),,Missing,Not available,,Missing,Not available,7.2494
MKT-025_D034,MKT-025,Delhi NCR,Gurugram — Sector 44,Commercial Office,Established,D,34,20260919,2026-09-19,93.1266,Estimated,Estimation interval (±20-30%),9603.6171,Estimated,Estimation interval (±20-30%),6.6321,Estimated,Estimation interval (±20-30%),8.2331,Estimated,Estimation interval (±20-30%),,Missing,Not available,,Missing,Not available,70.0184,Derived,Estimation interval (±20-30%),,Missing,Not available,,Missing,Not available,11.6364
MKT-025_D035,MKT-025,Delhi NCR,Gurugram — Sector 44,Commercial Office,Established,D,35,20260919,2026-09-19,91.1418,Estimated,Estimation interval (±20-30%),9200.5606,Estimated,Estimation interval (±20-30%),5.0851,Estimated,Estimation interval (±20-30%),7.7753,Estimated,Estimation interval (±20-30%),,Missing,Not available,,Missing,Not available,59.934,Derived,Estimation interval (±20-30%),,Missing,Not available,,Missing,Not available,11.8873
MKT-025_D036,MKT-025,Delhi NCR,Gurugram — Sector 44,Commercial Office,Established,D,36,20260919,2026-09-19,79.7871,Estimated,Estimation interval (±20-30%),11440.5601,Estimated,Estimation interval (±20-30%),6.793,Estimated,Estimation interval (±20-30%),6.0009,Estimated,Estimation interval (±20-30%),,Missing,Not available,,Missing,Not available,66.2328,Derived,Estimation interval (±20-30%),,Missing,Not available,,Missing,Not available,8.3689
MKT-025_D037,MKT-025,Delhi NCR,Gurugram — Sector 44,Commercial Office,Established,D,37,20260919,2026-09-19,98.6087,Estimated,Estimation interval (±20-30%),8512.2155,Estimated,Estimation interval (±20-30%),6.2574,Estimated,Estimation interval (±20-30%),10.5604,Estimated,Estimation interval (±20-30%),,Missing,Not available,,Missing,Not available,65.6092,Derived,Estimation interval (±20-30%),,Missing,Not available,,Missing,Not available,13.9013
MKT-025_D038,MKT-025,Delhi NCR,Gurugram — Sector 44,Commercial Office,Established,D,38,20260919,2026-09-19,95.6412,Estimated,Estimation interval (±20-30%),10933.7044,Estimated,Estimation interval (±20-30%),7.9023,Estimated,Estimation interval (±20-30%),7.5152,Estimated,Estimation interval (±20-30%),,Missing,Not available,,Missing,Not available,66.2674,Derived,Estimation interval (±20-30%),,Missing,Not available,,Missing,Not available,10.4968
MKT-025_D039,MKT-025,Delhi NCR,Gurugram — Sector 44,Commercial Office,Established,D,39,20260919,2026-09-19,88.3476,Estimated,Estimation interval (±20-30%),11655.8052,Estimated,Estimation interval (±20-30%),5.7761,Estimated,Estimation interval (±20-30%),6.4241,Estimated,Estimation interval (±20-30%),,Missing,Not available,,Missing,Not available,75.7695,Derived,Estimation interval (±20-30%),,Missing,Not available,,Missing,Not available,9.0956
MKT-025_D040,MKT-025,Delhi NCR,Gurugram — Sector 44,Commercial Office,Established,D,40,20260919,2026-09-19,83.5961,Estimated,Estimation interval (±20-30%),10143.0615,Estimated,Estimation interval (±20-30%),7.7935,Estimated,Estimation interval (±20-30%),4.4196,Estimated,Estimation interval (±20-30%),,Missing,Not available,,Missing,Not available,73.0549,Derived,Estimation interval (±20-30%),,Missing,Not available,,Missing,Not available,9.89
MKT-026_D001,MKT-026,Bengaluru,Outer Ring Road,Commercial Office,Premium,B,1,20260919,2026-09-19,108.2639,Reported,Plausible range (±10-12%),18925.2012,Estimated,Plausible range (±10-12%),7.6181,Estimated,Plausible range (±10-12%),9.3275,Estimated,Plausible range (±10-12%),,Missing,Not available,,Missing,Not available,81.4168,Derived,Plausible range (±10-12%),,Missing,Not available,,Missing,Not available,6.8647
MKT-026_D002,MKT-026,Bengaluru,Outer Ring Road,Commercial Office,Premium,B,2,20260919,2026-09-19,108.2874,Reported,Plausible range (±10-12%),14577.3656,Estimated,Plausible range (±10-12%),5.2956,Estimated,Plausible range (±10-12%),9.3621,Estimated,Plausible range (±10-12%),,Missing,Not available,,Missing,Not available,82.4662,Derived,Plausible range (±10-12%),,Missing,Not available,,Missing,Not available,8.9142
MKT-026_D003,MKT-026,Bengaluru,Outer Ring Road,Commercial Office,Premium,B,3,20260919,2026-09-19,101.7102,Reported,Plausible range (±10-12%),13189.3267,Estimated,Plausible range (±10-12%),6.1402,Estimated,Plausible range (±10-12%),7.1066,Estimated,Plausible range (±10-12%),,Missing,Not available,,Missing,Not available,75.2879,Derived,Plausible range (±10-12%),,Missing,Not available,,Missing,Not available,9.2539
MKT-026_D004,MKT-026,Bengaluru,Outer Ring Road,Commercial Office,Premium,B,4,20260919,2026-09-19,115.7014,Reported,Plausible range (±10-12%),17550.7488,Estimated,Plausible range (±10-12%),7.1667,Estimated,Plausible range (±10-12%),6.9574,Estimated,Plausible range (±10-12%),,Missing,Not available,,Missing,Not available,79.4783,Derived,Plausible range (±10-12%),,Missing,Not available,,Missing,Not available,7.9109
MKT-026_D005,MKT-026,Bengaluru,Outer Ring Road,Commercial Office,Premium,B,5,20260919,2026-09-19,111.8731,Reported,Plausible range (±10-12%),13481.2329,Estimated,Plausible range (±10-12%),6.6715,Estimated,Plausible range (±10-12%),9.6192,Estimated,Plausible range (±10-12%),,Missing,Not available,,Missing,Not available,73.26,Derived,Plausible range (±10-12%),,Missing,Not available,,Missing,Not available,9.9581
MKT-026_D006,MKT-026,Bengaluru,Outer Ring Road,Commercial Office,Premium,B,6,20260919,2026-09-19,105.2018,Reported,Plausible range (±10-12%),17680.8004,Estimated,Plausible range (±10-12%),5.6968,Estimated,Plausible range (±10-12%),8.2517,Estimated,Plausible range (±10-12%),,Missing,Not available,,Missing,Not available,67.205,Derived,Plausible range (±10-12%),,Missing,Not available,,Missing,Not available,7.1401
MKT-026_D007,MKT-026,Bengaluru,Outer Ring Road,Commercial Office,Premium,B,7,20260919,2026-09-19,109.6044,Reported,Plausible range (±10-12%),14055.0045,Estimated,Plausible range (±10-12%),6.9721,Estimated,Plausible range (±10-12%),9.3241,Estimated,Plausible range (±10-12%),,Missing,Not available,,Missing,Not available,69.7297,Derived,Plausible range (±10-12%),,Missing,Not available,,Missing,Not available,9.3579
MKT-026_D008,MKT-026,Bengaluru,Outer Ring Road,Commercial Office,Premium,B,8,20260919,2026-09-19,104.1853,Reported,Plausible range (±10-12%),18401.911,Estimated,Plausible range (±10-12%),6.6023,Estimated,Plausible range (±10-12%),8.6604,Estimated,Plausible range (±10-12%),,Missing,Not available,,Missing,Not available,76.4523,Derived,Plausible range (±10-12%),,Missing,Not available,,Missing,Not available,6.794
MKT-026_D009,MKT-026,Bengaluru,Outer Ring Road,Commercial Office,Premium,B,9,20260919,2026-09-19,110.5805,Reported,Plausible range (±10-12%),14783.9741,Estimated,Plausible range (±10-12%),8.9691,Estimated,Plausible range (±10-12%),7.9368,Estimated,Plausible range (±10-12%),,Missing,Not available,,Missing,Not available,69.3692,Derived,Plausible range (±10-12%),,Missing,Not available,,Missing,Not available,8.9757
MKT-026_D010,MKT-026,Bengaluru,Outer Ring Road,Commercial Office,Premium,B,10,20260919,2026-09-19,96.1931,Reported,Plausible range (±10-12%),16148.6079,Estimated,Plausible range (±10-12%),7.4798,Estimated,Plausible range (±10-12%),7.6087,Estimated,Plausible range (±10-12%),,Missing,Not available,,Missing,Not available,78.2819,Derived,Plausible range (±10-12%),,Missing,Not available,,Missing,Not available,7.1481
MKT-026_D011,MKT-026,Bengaluru,Outer Ring Road,Commercial Office,Premium,B,11,20260919,2026-09-19,103.8719,Reported,Plausible range (±10-12%),15847.4041,Estimated,Plausible range (±10-12%),7.8871,Estimated,Plausible range (±10-12%),10.7046,Estimated,Plausible range (±10-12%),,Missing,Not available,,Missing,Not available,75.8487,Derived,Plausible range (±10-12%),,Missing,Not available,,Missing,Not available,7.8654
MKT-026_D012,MKT-026,Bengaluru,Outer Ring Road,Commercial Office,Premium,B,12,20260919,2026-09-19,104.9081,Reported,Plausible range (±10-12%),15606.9173,Estimated,Plausible range (±10-12%),7.6697,Estimated,Plausible range (±10-12%),10.395,Estimated,Plausible range (±10-12%),,Missing,Not available,,Missing,Not available,73.1323,Derived,Plausible range (±10-12%),,Missing,Not available,,Missing,Not available,8.0663
MKT-026_D013,MKT-026,Bengaluru,Outer Ring Road,Commercial Office,Premium,B,13,20260919,2026-09-19,120.6348,Reported,Plausible range (±10-12%),13442.3573,Estimated,Plausible range (±10-12%),6.4822,Estimated,Plausible range (±10-12%),11.269,Estimated,Plausible range (±10-12%),,Missing,Not available,,Missing,Not available,76.8693,Derived,Plausible range (±10-12%),,Missing,Not available,,Missing,Not available,10.7691
MKT-026_D014,MKT-026,Bengaluru,Outer Ring Road,Commercial Office,Premium,B,14,20260919,2026-09-19,113.3584,Reported,Plausible range (±10-12%),14832.989,Estimated,Plausible range (±10-12%),6.2485,Estimated,Plausible range (±10-12%),10.4296,Estimated,Plausible range (±10-12%),,Missing,Not available,,Missing,Not available,67.8165,Derived,Plausible range (±10-12%),,Missing,Not available,,Missing,Not available,9.1708
MKT-026_D015,MKT-026,Bengaluru,Outer Ring Road,Commercial Office,Premium,B,15,20260919,2026-09-19,110.5859,Reported,Plausible range (±10-12%),16568.1637,Estimated,Plausible range (±10-12%),6.7368,Estimated,Plausible range (±10-12%),7.5319,Estimated,Plausible range (±10-12%),,Missing,Not available,,Missing,Not available,76.8016,Derived,Plausible range (±10-12%),,Missing,Not available,,Missing,Not available,8.0095
MKT-026_D016,MKT-026,Bengaluru,Outer Ring Road,Commercial Office,Premium,B,16,20260919,2026-09-19,106.88,Reported,Plausible range (±10-12%),16386.6043,Estimated,Plausible range (±10-12%),6.8047,Estimated,Plausible range (±10-12%),8.1961,Estimated,Plausible range (±10-12%),,Missing,Not available,,Missing,Not available,67.5914,Derived,Plausible range (±10-12%),,Missing,Not available,,Missing,Not available,7.8269
MKT-026_D017,MKT-026,Bengaluru,Outer Ring Road,Commercial Office,Premium,B,17,20260919,2026-09-19,103.4193,Reported,Plausible range (±10-12%),15590.1902,Estimated,Plausible range (±10-12%),6.1115,Estimated,Plausible range (±10-12%),10.7252,Estimated,Plausible range (±10-12%),,Missing,Not available,,Missing,Not available,77.781,Derived,Plausible range (±10-12%),,Missing,Not available,,Missing,Not available,7.9603
MKT-026_D018,MKT-026,Bengaluru,Outer Ring Road,Commercial Office,Premium,B,18,20260919,2026-09-19,105.7765,Reported,Plausible range (±10-12%),14485.4407,Estimated,Plausible range (±10-12%),7.4125,Estimated,Plausible range (±10-12%),6.6093,Estimated,Plausible range (±10-12%),,Missing,Not available,,Missing,Not available,70.7431,Derived,Plausible range (±10-12%),,Missing,Not available,,Missing,Not available,8.7627
MKT-026_D019,MKT-026,Bengaluru,Outer Ring Road,Commercial Office,Premium,B,19,20260919,2026-09-19,106.3085,Reported,Plausible range (±10-12%),15736.4114,Estimated,Plausible range (±10-12%),7.2198,Estimated,Plausible range (±10-12%),10.7491,Estimated,Plausible range (±10-12%),,Missing,Not available,,Missing,Not available,71.2134,Derived,Plausible range (±10-12%),,Missing,Not available,,Missing,Not available,8.1067
MKT-026_D020,MKT-026,Bengaluru,Outer Ring Road,Commercial Office,Premium,B,20,20260919,2026-09-19,111.7087,Reported,Plausible range (±10-12%),15099.802,Estimated,Plausible range (±10-12%),7.2741,Estimated,Plausible range (±10-12%),6.8938,Estimated,Plausible range (±10-12%),,Missing,Not available,,Missing,Not available,79.0392,Derived,Plausible range (±10-12%),,Missing,Not available,,Missing,Not available,8.8776
MKT-026_D021,MKT-026,Bengaluru,Outer Ring Road,Commercial Office,Premium,B,21,20260919,2026-09-19,97.6261,Reported,Plausible range (±10-12%),17467.0443,Estimated,Plausible range (±10-12%),6.4486,Estimated,Plausible range (±10-12%),9.4529,Estimated,Plausible range (±10-12%),,Missing,Not available,,Missing,Not available,78.8252,Derived,Plausible range (±10-12%),,Missing,Not available,,Missing,Not available,6.707
MKT-026_D022,MKT-026,Bengaluru,Outer Ring Road,Commercial Office,Premium,B,22,20260919,2026-09-19,116.4859,Reported,Plausible range (±10-12%),16338.1784,Estimated,Plausible range (±10-12%),8.2262,Estimated,Plausible range (±10-12%),7.6738,Estimated,Plausible range (±10-12%),,Missing,Not available,,Missing,Not available,75.6459,Derived,Plausible range (±10-12%),,Missing,Not available,,Missing,Not available,8.5556
MKT-026_D023,MKT-026,Bengaluru,Outer Ring Road,Commercial Office,Premium,B,23,20260919,2026-09-19,98.9245,Reported,Plausible range (±10-12%),16441.6627,Estimated,Plausible range (±10-12%),6.5474,Estimated,Plausible range (±10-12%),9.3878,Estimated,Plausible range (±10-12%),,Missing,Not available,,Missing,Not available,75.54,Derived,Plausible range (±10-12%),,Missing,Not available,,Missing,Not available,7.22
MKT-026_D024,MKT-026,Bengaluru,Outer Ring Road,Commercial Office,Premium,B,24,20260919,2026-09-19,118.3354,Reported,Plausible range (±10-12%),14280.0835,Estimated,Plausible range (±10-12%),5.4406,Estimated,Plausible range (±10-12%),8.0444,Estimated,Plausible range (±10-12%),,Missing,Not available,,Missing,Not available,75.8932,Derived,Plausible range (±10-12%),,Missing,Not available,,Missing,Not available,9.9441
MKT-026_D025,MKT-026,Bengaluru,Outer Ring Road,Commercial Office,Premium,B,25,20260919,2026-09-19,115.1753,Reported,Plausible range (±10-12%),15254.4105,Estimated,Plausible range (±10-12%),8.3713,Estimated,Plausible range (±10-12%),7.8917,Estimated,Plausible range (±10-12%),,Missing,Not available,,Missing,Not available,79.4344,Derived,Plausible range (±10-12%),,Missing,Not available,,Missing,Not available,9.0604
MKT-026_D026,MKT-026,Bengaluru,Outer Ring Road,Commercial Office,Premium,B,26,20260919,2026-09-19,107.7864,Reported,Plausible range (±10-12%),12960.8686,Estimated,Plausible range (±10-12%),7.9368,Estimated,Plausible range (±10-12%),9.0643,Estimated,Plausible range (±10-12%),,Missing,Not available,,Missing,Not available,74.3519,Derived,Plausible range (±10-12%),,Missing,Not available,,Missing,Not available,9.9796
MKT-026_D027,MKT-026,Bengaluru,Outer Ring Road,Commercial Office,Premium,B,27,20260919,2026-09-19,98.576,Reported,Plausible range (±10-12%),15174.8476,Estimated,Plausible range (±10-12%),7.1259,Estimated,Plausible range (±10-12%),9.6131,Estimated,Plausible range (±10-12%),,Missing,Not available,,Missing,Not available,69.8618,Derived,Plausible range (±10-12%),,Missing,Not available,,Missing,Not available,7.7952
MKT-026_D028,MKT-026,Bengaluru,Outer Ring Road,Commercial Office,Premium,B,28,20260919,2026-09-19,114.8232,Reported,Plausible range (±10-12%),14636.5074,Estimated,Plausible range (±10-12%),6.9167,Estimated,Plausible range (±10-12%),6.5106,Estimated,Plausible range (±10-12%),,Missing,Not available,,Missing,Not available,80.8766,Derived,Plausible range (±10-12%),,Missing,Not available,,Missing,Not available,9.414
MKT-026_D029,MKT-026,Bengaluru,Outer Ring Road,Commercial Office,Premium,B,29,20260919,2026-09-19,111.3135,Reported,Plausible range (±10-12%),11894.6344,Estimated,Plausible range (±10-12%),6.4777,Estimated,Plausible range (±10-12%),9.6592,Estimated,Plausible range (±10-12%),,Missing,Not available,,Missing,Not available,69.2303,Derived,Plausible range (±10-12%),,Missing,Not available,,Missing,Not available,11.23
MKT-026_D030,MKT-026,Bengaluru,Outer Ring Road,Commercial Office,Premium,B,30,20260919,2026-09-19,111.8624,Reported,Plausible range (±10-12%),14992.4866,Estimated,Plausible range (±10-12%),5.5939,Estimated,Plausible range (±10-12%),10.1335,Estimated,Plausible range (±10-12%),,Missing,Not available,,Missing,Not available,73.513,Derived,Plausible range (±10-12%),,Missing,Not available,,Missing,Not available,8.9535
MKT-026_D031,MKT-026,Bengaluru,Outer Ring Road,Commercial Office,Premium,B,31,20260919,2026-09-19,109.8876,Reported,Plausible range (±10-12%),14557.2849,Estimated,Plausible range (±10-12%),6.428,Estimated,Plausible range (±10-12%),9.692,Estimated,Plausible range (±10-12%),,Missing,Not available,,Missing,Not available,76.739,Derived,Plausible range (±10-12%),,Missing,Not available,,Missing,Not available,9.0584
MKT-026_D032,MKT-026,Bengaluru,Outer Ring Road,Commercial Office,Premium,B,32,20260919,2026-09-19,106.7592,Reported,Plausible range (±10-12%),13859.4418,Estimated,Plausible range (±10-12%),4.8539,Estimated,Plausible range (±10-12%),7.5443,Estimated,Plausible range (±10-12%),,Missing,Not available,,Missing,Not available,72.7175,Derived,Plausible range (±10-12%),,Missing,Not available,,Missing,Not available,9.2436
MKT-026_D033,MKT-026,Bengaluru,Outer Ring Road,Commercial Office,Premium,B,33,20260919,2026-09-19,106.7878,Reported,Plausible range (±10-12%),15012.2997,Estimated,Plausible range (±10-12%),7.946,Estimated,Plausible range (±10-12%),7.3306,Estimated,Plausible range (±10-12%),,Missing,Not available,,Missing,Not available,77.0191,Derived,Plausible range (±10-12%),,Missing,Not available,,Missing,Not available,8.536
MKT-026_D034,MKT-026,Bengaluru,Outer Ring Road,Commercial Office,Premium,B,34,20260919,2026-09-19,100.1144,Reported,Plausible range (±10-12%),14986.674,Estimated,Plausible range (±10-12%),7.8212,Estimated,Plausible range (±10-12%),5.9005,Estimated,Plausible range (±10-12%),,Missing,Not available,,Missing,Not available,73.9571,Derived,Plausible range (±10-12%),,Missing,Not available,,Missing,Not available,8.0163
MKT-026_D035,MKT-026,Bengaluru,Outer Ring Road,Commercial Office,Premium,B,35,20260919,2026-09-19,113.996,Reported,Plausible range (±10-12%),15086.5126,Estimated,Plausible range (±10-12%),7.249,Estimated,Plausible range (±10-12%),8.7061,Estimated,Plausible range (±10-12%),,Missing,Not available,,Missing,Not available,79.5481,Derived,Plausible range (±10-12%),,Missing,Not available,,Missing,Not available,9.0674
MKT-026_D036,MKT-026,Bengaluru,Outer Ring Road,Commercial Office,Premium,B,36,20260919,2026-09-19,104.0017,Reported,Plausible range (±10-12%),15032.8861,Estimated,Plausible range (±10-12%),6.6705,Estimated,Plausible range (±10-12%),11.3911,Estimated,Plausible range (±10-12%),,Missing,Not available,,Missing,Not available,74.3651,Derived,Plausible range (±10-12%),,Missing,Not available,,Missing,Not available,8.3019
MKT-026_D037,MKT-026,Bengaluru,Outer Ring Road,Commercial Office,Premium,B,37,20260919,2026-09-19,115.8691,Reported,Plausible range (±10-12%),15361.9224,Estimated,Plausible range (±10-12%),7.8327,Estimated,Plausible range (±10-12%),9.6803,Estimated,Plausible range (±10-12%),,Missing,Not available,,Missing,Not available,79.3167,Derived,Plausible range (±10-12%),,Missing,Not available,,Missing,Not available,9.0511
MKT-026_D038,MKT-026,Bengaluru,Outer Ring Road,Commercial Office,Premium,B,38,20260919,2026-09-19,105.0307,Reported,Plausible range (±10-12%),14528.8355,Estimated,Plausible range (±10-12%),8.645,Estimated,Plausible range (±10-12%),9.8278,Estimated,Plausible range (±10-12%),,Missing,Not available,,Missing,Not available,75.4777,Derived,Plausible range (±10-12%),,Missing,Not available,,Missing,Not available,8.6749
MKT-026_D039,MKT-026,Bengaluru,Outer Ring Road,Commercial Office,Premium,B,39,20260919,2026-09-19,106.5597,Reported,Plausible range (±10-12%),15469.4707,Estimated,Plausible range (±10-12%),8.7932,Estimated,Plausible range (±10-12%),11.6032,Estimated,Plausible range (±10-12%),,Missing,Not available,,Missing,Not available,75.4474,Derived,Plausible range (±10-12%),,Missing,Not available,,Missing,Not available,8.2661
MKT-026_D040,MKT-026,Bengaluru,Outer Ring Road,Commercial Office,Premium,B,40,20260919,2026-09-19,101.0838,Reported,Plausible range (±10-12%),18165.7258,Estimated,Plausible range (±10-12%),6.8042,Estimated,Plausible range (±10-12%),10.2297,Estimated,Plausible range (±10-12%),,Missing,Not available,,Missing,Not available,82.873,Derived,Plausible range (±10-12%),,Missing,Not available,,Missing,Not available,6.6774
MKT-027_D001,MKT-027,Bengaluru,Electronic City Phase 1,Commercial Office,Growth,D,1,20260919,2026-09-19,80.3267,Estimated,Estimation interval (±20-30%),5974.0721,Estimated,Estimation interval (±20-30%),7.7242,Estimated,Estimation interval (±20-30%),11.2925,Estimated,Estimation interval (±20-30%),,Missing,Not available,,Missing,Not available,57.7101,Derived,Estimation interval (±20-30%),,Missing,Not available,,Missing,Not available,16.1351
MKT-027_D002,MKT-027,Bengaluru,Electronic City Phase 1,Commercial Office,Growth,D,2,20260919,2026-09-19,69.6686,Estimated,Estimation interval (±20-30%),10648.1214,Estimated,Estimation interval (±20-30%),6.3284,Estimated,Estimation interval (±20-30%),7.7384,Estimated,Estimation interval (±20-30%),,Missing,Not available,,Missing,Not available,59.7373,Derived,Estimation interval (±20-30%),,Missing,Not available,,Missing,Not available,7.8514
MKT-027_D003,MKT-027,Bengaluru,Electronic City Phase 1,Commercial Office,Growth,D,3,20260919,2026-09-19,78.6996,Estimated,Estimation interval (±20-30%),6427.0926,Estimated,Estimation interval (±20-30%),8.0483,Estimated,Estimation interval (±20-30%),9.2942,Estimated,Estimation interval (±20-30%),,Missing,Not available,,Missing,Not available,61.2953,Derived,Estimation interval (±20-30%),,Missing,Not available,,Missing,Not available,14.694
MKT-027_D004,MKT-027,Bengaluru,Electronic City Phase 1,Commercial Office,Growth,D,4,20260919,2026-09-19,71.762,Estimated,Estimation interval (±20-30%),7803.1708,Estimated,Estimation interval (±20-30%),9.5412,Estimated,Estimation interval (±20-30%),8.1712,Estimated,Estimation interval (±20-30%),,Missing,Not available,,Missing,Not available,56.1233,Derived,Estimation interval (±20-30%),,Missing,Not available,,Missing,Not available,11.0358
MKT-027_D005,MKT-027,Bengaluru,Electronic City Phase 1,Commercial Office,Growth,D,5,20260919,2026-09-19,70.0131,Estimated,Estimation interval (±20-30%),8690.6114,Estimated,Estimation interval (±20-30%),6.746,Estimated,Estimation interval (±20-30%),12.9005,Estimated,Estimation interval (±20-30%),,Missing,Not available,,Missing,Not available,64.6845,Derived,Estimation interval (±20-30%),,Missing,Not available,,Missing,Not available,9.6674
MKT-027_D006,MKT-027,Bengaluru,Electronic City Phase 1,Commercial Office,Growth,D,6,20260919,2026-09-19,67.8699,Estimated,Estimation interval (±20-30%),7759.1816,Estimated,Estimation interval (±20-30%),7.7501,Estimated,Estimation interval (±20-30%),12.9599,Estimated,Estimation interval (±20-30%),,Missing,Not available,,Missing,Not available,64.5098,Derived,Estimation interval (±20-30%),,Missing,Not available,,Missing,Not available,10.4965
MKT-027_D007,MKT-027,Bengaluru,Electronic City Phase 1,Commercial Office,Growth,D,7,20260919,2026-09-19,74.8539,Estimated,Estimation interval (±20-30%),7220.4157,Estimated,Estimation interval (±20-30%),11.1772,Estimated,Estimation interval (±20-30%),10.9765,Estimated,Estimation interval (±20-30%),,Missing,Not available,,Missing,Not available,57.462,Derived,Estimation interval (±20-30%),,Missing,Not available,,Missing,Not available,12.4404
MKT-027_D008,MKT-027,Bengaluru,Electronic City Phase 1,Commercial Office,Growth,D,8,20260919,2026-09-19,72.2241,Estimated,Estimation interval (±20-30%),8109.4571,Estimated,Estimation interval (±20-30%),8.1753,Estimated,Estimation interval (±20-30%),9.6369,Estimated,Estimation interval (±20-30%),,Missing,Not available,,Missing,Not available,64.1375,Derived,Estimation interval (±20-30%),,Missing,Not available,,Missing,Not available,10.6874
MKT-027_D009,MKT-027,Bengaluru,Electronic City Phase 1,Commercial Office,Growth,D,9,20260919,2026-09-19,78.2386,Estimated,Estimation interval (±20-30%),7771.8053,Estimated,Estimation interval (±20-30%),7.7021,Estimated,Estimation interval (±20-30%),11.386,Estimated,Estimation interval (±20-30%),,Missing,Not available,,Missing,Not available,57.3792,Derived,Estimation interval (±20-30%),,Missing,Not available,,Missing,Not available,12.0804
MKT-027_D010,MKT-027,Bengaluru,Electronic City Phase 1,Commercial Office,Growth,D,10,20260919,2026-09-19,74.3023,Estimated,Estimation interval (±20-30%),7984.3098,Estimated,Estimation interval (±20-30%),6.9316,Estimated,Estimation interval (±20-30%),9.2232,Estimated,Estimation interval (±20-30%),,Missing,Not available,,Missing,Not available,63.6332,Derived,Estimation interval (±20-30%),,Missing,Not available,,Missing,Not available,11.1672
MKT-027_D011,MKT-027,Bengaluru,Electronic City Phase 1,Commercial Office,Growth,D,11,20260919,2026-09-19,74.4926,Estimated,Estimation interval (±20-30%),8540.3048,Estimated,Estimation interval (±20-30%),9.0972,Estimated,Estimation interval (±20-30%),11.5621,Estimated,Estimation interval (±20-30%),,Missing,Not available,,Missing,Not available,61.085,Derived,Estimation interval (±20-30%),,Missing,Not available,,Missing,Not available,10.467
MKT-027_D012,MKT-027,Bengaluru,Electronic City Phase 1,Commercial Office,Growth,D,12,20260919,2026-09-19,68.1872,Estimated,Estimation interval (±20-30%),7191.6891,Estimated,Estimation interval (±20-30%),7.6551,Estimated,Estimation interval (±20-30%),10.1682,Estimated,Estimation interval (±20-30%),,Missing,Not available,,Missing,Not available,60.9253,Derived,Estimation interval (±20-30%),,Missing,Not available,,Missing,Not available,11.3777
MKT-027_D013,MKT-027,Bengaluru,Electronic City Phase 1,Commercial Office,Growth,D,13,20260919,2026-09-19,74.0334,Estimated,Estimation interval (±20-30%),6843.9238,Estimated,Estimation interval (±20-30%),10.9862,Estimated,Estimation interval (±20-30%),8.3905,Estimated,Estimation interval (±20-30%),,Missing,Not available,,Missing,Not available,51.9561,Derived,Estimation interval (±20-30%),,Missing,Not available,,Missing,Not available,12.9809
MKT-027_D014,MKT-027,Bengaluru,Electronic City Phase 1,Commercial Office,Growth,D,14,20260919,2026-09-19,63.7587,Estimated,Estimation interval (±20-30%),8558.9097,Estimated,Estimation interval (±20-30%),11.7686,Estimated,Estimation interval (±20-30%),11.7409,Estimated,Estimation interval (±20-30%),,Missing,Not available,,Missing,Not available,69.5066,Derived,Estimation interval (±20-30%),,Missing,Not available,,Missing,Not available,8.9393
MKT-027_D015,MKT-027,Bengaluru,Electronic City Phase 1,Commercial Office,Growth,D,15,20260919,2026-09-19,75.2039,Estimated,Estimation interval (±20-30%),10577.068,Estimated,Estimation interval (±20-30%),9.4501,Estimated,Estimation interval (±20-30%),7.9412,Estimated,Estimation interval (±20-30%),,Missing,Not available,,Missing,Not available,64.2282,Derived,Estimation interval (±20-30%),,Missing,Not available,,Missing,Not available,8.5321
MKT-027_D016,MKT-027,Bengaluru,Electronic City Phase 1,Commercial Office,Growth,D,16,20260919,2026-09-19,64.1515,Estimated,Estimation interval (±20-30%),8806.3616,Estimated,Estimation interval (±20-30%),9.1357,Estimated,Estimation interval (±20-30%),9.3074,Estimated,Estimation interval (±20-30%),,Missing,Not available,,Missing,Not available,68.8254,Derived,Estimation interval (±20-30%),,Missing,Not available,,Missing,Not available,8.7416
MKT-027_D017,MKT-027,Bengaluru,Electronic City Phase 1,Commercial Office,Growth,D,17,20260919,2026-09-19,70.0847,Estimated,Estimation interval (±20-30%),9016.3305,Estimated,Estimation interval (±20-30%),5.7133,Estimated,Estimation interval (±20-30%),9.5616,Estimated,Estimation interval (±20-30%),,Missing,Not available,,Missing,Not available,66.7315,Derived,Estimation interval (±20-30%),,Missing,Not available,,Missing,Not available,9.3277
MKT-027_D018,MKT-027,Bengaluru,Electronic City Phase 1,Commercial Office,Growth,D,18,20260919,2026-09-19,69.4621,Estimated,Estimation interval (±20-30%),7895.9416,Estimated,Estimation interval (±20-30%),10.5488,Estimated,Estimation interval (±20-30%),5.1076,Estimated,Estimation interval (±20-30%),,Missing,Not available,,Missing,Not available,68.6666,Derived,Estimation interval (±20-30%),,Missing,Not available,,Missing,Not available,10.5566
MKT-027_D019,MKT-027,Bengaluru,Electronic City Phase 1,Commercial Office,Growth,D,19,20260919,2026-09-19,68.6207,Estimated,Estimation interval (±20-30%),7658.0223,Estimated,Estimation interval (±20-30%),10.9673,Estimated,Estimation interval (±20-30%),8.7275,Estimated,Estimation interval (±20-30%),,Missing,Not available,,Missing,Not available,67.2789,Derived,Estimation interval (±20-30%),,Missing,Not available,,Missing,Not available,10.7528
MKT-027_D020,MKT-027,Bengaluru,Electronic City Phase 1,Commercial Office,Growth,D,20,20260919,2026-09-19,70.3713,Estimated,Estimation interval (±20-30%),7685.1526,Estimated,Estimation interval (±20-30%),7.0657,Estimated,Estimation interval (±20-30%),6.9695,Estimated,Estimation interval (±20-30%),,Missing,Not available,,Missing,Not available,68.7406,Derived,Estimation interval (±20-30%),,Missing,Not available,,Missing,Not available,10.9881
MKT-027_D021,MKT-027,Bengaluru,Electronic City Phase 1,Commercial Office,Growth,D,21,20260919,2026-09-19,60.46,Estimated,Estimation interval (±20-30%),9399.3247,Estimated,Estimation interval (±20-30%),8.1217,Estimated,Estimation interval (±20-30%),7.894,Estimated,Estimation interval (±20-30%),,Missing,Not available,,Missing,Not available,69.1082,Derived,Estimation interval (±20-30%),,Missing,Not available,,Missing,Not available,7.7189
MKT-027_D022,MKT-027,Bengaluru,Electronic City Phase 1,Commercial Office,Growth,D,22,20260919,2026-09-19,71.586,Estimated,Estimation interval (±20-30%),6391.3111,Estimated,Estimation interval (±20-30%),5.2799,Estimated,Estimation interval (±20-30%),8.2907,Estimated,Estimation interval (±20-30%),,Missing,Not available,,Missing,Not available,63.1007,Derived,Estimation interval (±20-30%),,Missing,Not available,,Missing,Not available,13.4406
MKT-027_D023,MKT-027,Bengaluru,Electronic City Phase 1,Commercial Office,Growth,D,23,20260919,2026-09-19,66.3112,Estimated,Estimation interval (±20-30%),8437.2714,Estimated,Estimation interval (±20-30%),6.1292,Estimated,Estimation interval (±20-30%),6.5607,Estimated,Estimation interval (±20-30%),,Missing,Not available,,Missing,Not available,70.7258,Derived,Estimation interval (±20-30%),,Missing,Not available,,Missing,Not available,9.4312
MKT-027_D024,MKT-027,Bengaluru,Electronic City Phase 1,Commercial Office,Growth,D,24,20260919,2026-09-19,68.076,Estimated,Estimation interval (±20-30%),8283.0567,Estimated,Estimation interval (±20-30%),10.6166,Estimated,Estimation interval (±20-30%),8.6731,Estimated,Estimation interval (±20-30%),,Missing,Not available,,Missing,Not available,71.6226,Derived,Estimation interval (±20-30%),,Missing,Not available,,Missing,Not available,9.8624
MKT-027_D025,MKT-027,Bengaluru,Electronic City Phase 1,Commercial Office,Growth,D,25,20260919,2026-09-19,72.4993,Estimated,Estimation interval (±20-30%),8387.321,Estimated,Estimation interval (±20-30%),11.6422,Estimated,Estimation interval (±20-30%),5.9444,Estimated,Estimation interval (±20-30%),,Missing,Not available,,Missing,Not available,67.3405,Derived,Estimation interval (±20-30%),,Missing,Not available,,Missing,Not available,10.3727
MKT-027_D026,MKT-027,Bengaluru,Electronic City Phase 1,Commercial Office,Growth,D,26,20260919,2026-09-19,66.9214,Estimated,Estimation interval (±20-30%),8013.9655,Estimated,Estimation interval (±20-30%),6.8683,Estimated,Estimation interval (±20-30%),10.7155,Estimated,Estimation interval (±20-30%),,Missing,Not available,,Missing,Not available,60.2176,Derived,Estimation interval (±20-30%),,Missing,Not available,,Missing,Not available,10.0207
MKT-027_D027,MKT-027,Bengaluru,Electronic City Phase 1,Commercial Office,Growth,D,27,20260919,2026-09-19,65.6597,Estimated,Estimation interval (±20-30%),9975.5802,Estimated,Estimation interval (±20-30%),11.0741,Estimated,Estimation interval (±20-30%),7.7144,Estimated,Estimation interval (±20-30%),,Missing,Not available,,Missing,Not available,70.3265,Derived,Estimation interval (±20-30%),,Missing,Not available,,Missing,Not available,7.8985
MKT-027_D028,MKT-027,Bengaluru,Electronic City Phase 1,Commercial Office,Growth,D,28,20260919,2026-09-19,59.8616,Estimated,Estimation interval (±20-30%),7775.9887,Estimated,Estimation interval (±20-30%),7.5788,Estimated,Estimation interval (±20-30%),8.5126,Estimated,Estimation interval (±20-30%),,Missing,Not available,,Missing,Not available,65.312,Derived,Estimation interval (±20-30%),,Missing,Not available,,Missing,Not available,9.2379
MKT-027_D029,MKT-027,Bengaluru,Electronic City Phase 1,Commercial Office,Growth,D,29,20260919,2026-09-19,68.0362,Estimated,Estimation interval (±20-30%),6683.987,Estimated,Estimation interval (±20-30%),6.9435,Estimated,Estimation interval (±20-30%),11.7189,Estimated,Estimation interval (±20-30%),,Missing,Not available,,Missing,Not available,72.9456,Derived,Estimation interval (±20-30%),,Missing,Not available,,Missing,Not available,12.2148
MKT-027_D030,MKT-027,Bengaluru,Electronic City Phase 1,Commercial Office,Growth,D,30,20260919,2026-09-19,66.0267,Estimated,Estimation interval (±20-30%),8765.9997,Estimated,Estimation interval (±20-30%),9.6369,Estimated,Estimation interval (±20-30%),7.4419,Estimated,Estimation interval (±20-30%),,Missing,Not available,,Missing,Not available,59.2511,Derived,Estimation interval (±20-30%),,Missing,Not available,,Missing,Not available,9.0386
MKT-027_D031,MKT-027,Bengaluru,Electronic City Phase 1,Commercial Office,Growth,D,31,20260919,2026-09-19,60.7753,Estimated,Estimation interval (±20-30%),6215.4549,Estimated,Estimation interval (±20-30%),10.0749,Estimated,Estimation interval (±20-30%),8.8692,Estimated,Estimation interval (±20-30%),,Missing,Not available,,Missing,Not available,61.0569,Derived,Estimation interval (±20-30%),,Missing,Not available,,Missing,Not available,11.7337
MKT-027_D032,MKT-027,Bengaluru,Electronic City Phase 1,Commercial Office,Growth,D,32,20260919,2026-09-19,67.4054,Estimated,Estimation interval (±20-30%),8590.698,Estimated,Estimation interval (±20-30%),12.2774,Estimated,Estimation interval (±20-30%),5.3187,Estimated,Estimation interval (±20-30%),,Missing,Not available,,Missing,Not available,55.0465,Derived,Estimation interval (±20-30%),,Missing,Not available,,Missing,Not available,9.4156
MKT-027_D033,MKT-027,Bengaluru,Electronic City Phase 1,Commercial Office,Growth,D,33,20260919,2026-09-19,63.7907,Estimated,Estimation interval (±20-30%),9179.0622,Estimated,Estimation interval (±20-30%),6.6239,Estimated,Estimation interval (±20-30%),5.2642,Estimated,Estimation interval (±20-30%),,Missing,Not available,,Missing,Not available,57.1226,Derived,Estimation interval (±20-30%),,Missing,Not available,,Missing,Not available,8.3395
MKT-027_D034,MKT-027,Bengaluru,Electronic City Phase 1,Commercial Office,Growth,D,34,20260919,2026-09-19,69.1366,Estimated,Estimation interval (±20-30%),6636.0667,Estimated,Estimation interval (±20-30%),7.5469,Estimated,Estimation interval (±20-30%),8.4558,Estimated,Estimation interval (±20-30%),,Missing,Not available,,Missing,Not available,65.6542,Derived,Estimation interval (±20-30%),,Missing,Not available,,Missing,Not available,12.502
MKT-027_D035,MKT-027,Bengaluru,Electronic City Phase 1,Commercial Office,Growth,D,35,20260919,2026-09-19,78.1919,Estimated,Estimation interval (±20-30%),9292.0189,Estimated,Estimation interval (±20-30%),12.0864,Estimated,Estimation interval (±20-30%),7.4021,Estimated,Estimation interval (±20-30%),,Missing,Not available,,Missing,Not available,61.2048,Derived,Estimation interval (±20-30%),,Missing,Not available,,Missing,Not available,10.0979
MKT-027_D036,MKT-027,Bengaluru,Electronic City Phase 1,Commercial Office,Growth,D,36,20260919,2026-09-19,64.6587,Estimated,Estimation interval (±20-30%),9754.6965,Estimated,Estimation interval (±20-30%),12.1976,Estimated,Estimation interval (±20-30%),9.5271,Estimated,Estimation interval (±20-30%),,Missing,Not available,,Missing,Not available,66.7972,Derived,Estimation interval (±20-30%),,Missing,Not available,,Missing,Not available,7.9542
MKT-027_D037,MKT-027,Bengaluru,Electronic City Phase 1,Commercial Office,Growth,D,37,20260919,2026-09-19,75.9492,Estimated,Estimation interval (±20-30%),8794.6285,Estimated,Estimation interval (±20-30%),8.7597,Estimated,Estimation interval (±20-30%),7.4941,Estimated,Estimation interval (±20-30%),,Missing,Not available,,Missing,Not available,68.5563,Derived,Estimation interval (±20-30%),,Missing,Not available,,Missing,Not available,10.363
MKT-027_D038,MKT-027,Bengaluru,Electronic City Phase 1,Commercial Office,Growth,D,38,20260919,2026-09-19,70.0389,Estimated,Estimation interval (±20-30%),7756.8988,Estimated,Estimation interval (±20-30%),6.534,Estimated,Estimation interval (±20-30%),6.9223,Estimated,Estimation interval (±20-30%),,Missing,Not available,,Missing,Not available,65.6549,Derived,Estimation interval (±20-30%),,Missing,Not available,,Missing,Not available,10.8351
MKT-027_D039,MKT-027,Bengaluru,Electronic City Phase 1,Commercial Office,Growth,D,39,20260919,2026-09-19,59.2339,Estimated,Estimation interval (±20-30%),6732.277,Estimated,Estimation interval (±20-30%),8.4831,Estimated,Estimation interval (±20-30%),10.2381,Estimated,Estimation interval (±20-30%),,Missing,Not available,,Missing,Not available,69.7611,Derived,Estimation interval (±20-30%),,Missing,Not available,,Missing,Not available,10.5582
MKT-027_D040,MKT-027,Bengaluru,Electronic City Phase 1,Commercial Office,Growth,D,40,20260919,2026-09-19,73.8377,Estimated,Estimation interval (±20-30%),7726.7704,Estimated,Estimation interval (±20-30%),8.6089,Estimated,Estimation interval (±20-30%),10.4462,Estimated,Estimation interval (±20-30%),,Missing,Not available,,Missing,Not available,65.4048,Derived,Estimation interval (±20-30%),,Missing,Not available,,Missing,Not available,11.4673
MKT-028_D001,MKT-028,Bengaluru,Hebbal,Commercial Office,Established,D,1,20260919,2026-09-19,93.9484,Estimated,Estimation interval (±20-30%),12030.1279,Estimated,Estimation interval (±20-30%),5.0519,Estimated,Estimation interval (±20-30%),7.1133,Estimated,Estimation interval (±20-30%),,Missing,Not available,,Missing,Not available,68.4914,Derived,Estimation interval (±20-30%),,Missing,Not available,,Missing,Not available,9.3713
MKT-028_D002,MKT-028,Bengaluru,Hebbal,Commercial Office,Established,D,2,20260919,2026-09-19,90.5569,Estimated,Estimation interval (±20-30%),11435.2201,Estimated,Estimation interval (±20-30%),6.5139,Estimated,Estimation interval (±20-30%),8.233,Estimated,Estimation interval (±20-30%),,Missing,Not available,,Missing,Not available,61.5833,Derived,Estimation interval (±20-30%),,Missing,Not available,,Missing,Not available,9.5029
MKT-028_D003,MKT-028,Bengaluru,Hebbal,Commercial Office,Established,D,3,20260919,2026-09-19,87.0545,Estimated,Estimation interval (±20-30%),10363.6186,Estimated,Estimation interval (±20-30%),6.3499,Estimated,Estimation interval (±20-30%),9.3791,Estimated,Estimation interval (±20-30%),,Missing,Not available,,Missing,Not available,72.3127,Derived,Estimation interval (±20-30%),,Missing,Not available,,Missing,Not available,10.08
MKT-028_D004,MKT-028,Bengaluru,Hebbal,Commercial Office,Established,D,4,20260919,2026-09-19,93.8449,Estimated,Estimation interval (±20-30%),9225.5298,Estimated,Estimation interval (±20-30%),6.8268,Estimated,Estimation interval (±20-30%),8.9414,Estimated,Estimation interval (±20-30%),,Missing,Not available,,Missing,Not available,67.5595,Derived,Estimation interval (±20-30%),,Missing,Not available,,Missing,Not available,12.2068
MKT-028_D005,MKT-028,Bengaluru,Hebbal,Commercial Office,Established,D,5,20260919,2026-09-19,85.9898,Estimated,Estimation interval (±20-30%),10329.5584,Estimated,Estimation interval (±20-30%),5.9271,Estimated,Estimation interval (±20-30%),8.9986,Estimated,Estimation interval (±20-30%),,Missing,Not available,,Missing,Not available,65.6275,Derived,Estimation interval (±20-30%),,Missing,Not available,,Missing,Not available,9.9896
MKT-028_D006,MKT-028,Bengaluru,Hebbal,Commercial Office,Established,D,6,20260919,2026-09-19,85.6539,Estimated,Estimation interval (±20-30%),13813.6511,Estimated,Estimation interval (±20-30%),4.7651,Estimated,Estimation interval (±20-30%),7.0194,Estimated,Estimation interval (±20-30%),,Missing,Not available,,Missing,Not available,64.0344,Derived,Estimation interval (±20-30%),,Missing,Not available,,Missing,Not available,7.4408
MKT-028_D007,MKT-028,Bengaluru,Hebbal,Commercial Office,Established,D,7,20260919,2026-09-19,92.0114,Estimated,Estimation interval (±20-30%),12416.6655,Estimated,Estimation interval (±20-30%),5.6861,Estimated,Estimation interval (±20-30%),8.4125,Estimated,Estimation interval (±20-30%),,Missing,Not available,,Missing,Not available,61.6376,Derived,Estimation interval (±20-30%),,Missing,Not available,,Missing,Not available,8.8924
MKT-028_D008,MKT-028,Bengaluru,Hebbal,Commercial Office,Established,D,8,20260919,2026-09-19,97.4893,Estimated,Estimation interval (±20-30%),11370.8077,Estimated,Estimation interval (±20-30%),7.2495,Estimated,Estimation interval (±20-30%),8.8143,Estimated,Estimation interval (±20-30%),,Missing,Not available,,Missing,Not available,69.4937,Derived,Estimation interval (±20-30%),,Missing,Not available,,Missing,Not available,10.2884
MKT-028_D009,MKT-028,Bengaluru,Hebbal,Commercial Office,Established,D,9,20260919,2026-09-19,89.0972,Estimated,Estimation interval (±20-30%),9826.3497,Estimated,Estimation interval (±20-30%),6.0786,Estimated,Estimation interval (±20-30%),6.4272,Estimated,Estimation interval (±20-30%),,Missing,Not available,,Missing,Not available,71.0956,Derived,Estimation interval (±20-30%),,Missing,Not available,,Missing,Not available,10.8806
MKT-028_D010,MKT-028,Bengaluru,Hebbal,Commercial Office,Established,D,10,20260919,2026-09-19,89.5783,Estimated,Estimation interval (±20-30%),12248.8027,Estimated,Estimation interval (±20-30%),5.9485,Estimated,Estimation interval (±20-30%),10.3532,Estimated,Estimation interval (±20-30%),,Missing,Not available,,Missing,Not available,71.8153,Derived,Estimation interval (±20-30%),,Missing,Not available,,Missing,Not available,8.7759
MKT-028_D011,MKT-028,Bengaluru,Hebbal,Commercial Office,Established,D,11,20260919,2026-09-19,93.2192,Estimated,Estimation interval (±20-30%),11334.3446,Estimated,Estimation interval (±20-30%),4.2184,Estimated,Estimation interval (±20-30%),7.8832,Estimated,Estimation interval (±20-30%),,Missing,Not available,,Missing,Not available,68.8233,Derived,Estimation interval (±20-30%),,Missing,Not available,,Missing,Not available,9.8694
MKT-028_D012,MKT-028,Bengaluru,Hebbal,Commercial Office,Established,D,12,20260919,2026-09-19,98.6177,Estimated,Estimation interval (±20-30%),14738.0829,Estimated,Estimation interval (±20-30%),6.9323,Estimated,Estimation interval (±20-30%),8.2699,Estimated,Estimation interval (±20-30%),,Missing,Not available,,Missing,Not available,65.1335,Derived,Estimation interval (±20-30%),,Missing,Not available,,Missing,Not available,8.0296
MKT-028_D013,MKT-028,Bengaluru,Hebbal,Commercial Office,Established,D,13,20260919,2026-09-19,91.5758,Estimated,Estimation interval (±20-30%),12133.2214,Estimated,Estimation interval (±20-30%),4.844,Estimated,Estimation interval (±20-30%),7.8727,Estimated,Estimation interval (±20-30%),,Missing,Not available,,Missing,Not available,65.3866,Derived,Estimation interval (±20-30%),,Missing,Not available,,Missing,Not available,9.057
MKT-028_D014,MKT-028,Bengaluru,Hebbal,Commercial Office,Established,D,14,20260919,2026-09-19,90.9219,Estimated,Estimation interval (±20-30%),12656.3981,Estimated,Estimation interval (±20-30%),3.5367,Estimated,Estimation interval (±20-30%),5.7201,Estimated,Estimation interval (±20-30%),,Missing,Not available,,Missing,Not available,74.042,Derived,Estimation interval (±20-30%),,Missing,Not available,,Missing,Not available,8.6206
MKT-028_D015,MKT-028,Bengaluru,Hebbal,Commercial Office,Established,D,15,20260919,2026-09-19,82.3074,Estimated,Estimation interval (±20-30%),11155.7683,Estimated,Estimation interval (±20-30%),3.4091,Estimated,Estimation interval (±20-30%),9.0489,Estimated,Estimation interval (±20-30%),,Missing,Not available,,Missing,Not available,74.605,Derived,Estimation interval (±20-30%),,Missing,Not available,,Missing,Not available,8.8536
MKT-028_D016,MKT-028,Bengaluru,Hebbal,Commercial Office,Established,D,16,20260919,2026-09-19,89.1274,Estimated,Estimation interval (±20-30%),11387.8124,Estimated,Estimation interval (±20-30%),5.9324,Estimated,Estimation interval (±20-30%),7.7763,Estimated,Estimation interval (±20-30%),,Missing,Not available,,Missing,Not available,70.5162,Derived,Estimation interval (±20-30%),,Missing,Not available,,Missing,Not available,9.3919
MKT-028_D017,MKT-028,Bengaluru,Hebbal,Commercial Office,Established,D,17,20260919,2026-09-19,96.949,Estimated,Estimation interval (±20-30%),14215.6284,Estimated,Estimation interval (±20-30%),8.1847,Estimated,Estimation interval (±20-30%),7.2982,Estimated,Estimation interval (±20-30%),,Missing,Not available,,Missing,Not available,67.6241,Derived,Estimation interval (±20-30%),,Missing,Not available,,Missing,Not available,8.1839
MKT-028_D018,MKT-028,Bengaluru,Hebbal,Commercial Office,Established,D,18,20260919,2026-09-19,92.7813,Estimated,Estimation interval (±20-30%),10852.1946,Estimated,Estimation interval (±20-30%),6.0048,Estimated,Estimation interval (±20-30%),6.6741,Estimated,Estimation interval (±20-30%),,Missing,Not available,,Missing,Not available,65.3277,Derived,Estimation interval (±20-30%),,Missing,Not available,,Missing,Not available,10.2595
MKT-028_D019,MKT-028,Bengaluru,Hebbal,Commercial Office,Established,D,19,20260919,2026-09-19,102.8126,Estimated,Estimation interval (±20-30%),11401.4274,Estimated,Estimation interval (±20-30%),5.0681,Estimated,Estimation interval (±20-30%),9.9989,Estimated,Estimation interval (±20-30%),,Missing,Not available,,Missing,Not available,61.0958,Derived,Estimation interval (±20-30%),,Missing,Not available,,Missing,Not available,10.821
MKT-028_D020,MKT-028,Bengaluru,Hebbal,Commercial Office,Established,D,20,20260919,2026-09-19,98.5684,Estimated,Estimation interval (±20-30%),11542.9107,Estimated,Estimation interval (±20-30%),3.3883,Estimated,Estimation interval (±20-30%),9.2643,Estimated,Estimation interval (±20-30%),,Missing,Not available,,Missing,Not available,72.3495,Derived,Estimation interval (±20-30%),,Missing,Not available,,Missing,Not available,10.2472
MKT-028_D021,MKT-028,Bengaluru,Hebbal,Commercial Office,Established,D,21,20260919,2026-09-19,94.1748,Estimated,Estimation interval (±20-30%),14097.3605,Estimated,Estimation interval (±20-30%),7.5613,Estimated,Estimation interval (±20-30%),8.1509,Estimated,Estimation interval (±20-30%),,Missing,Not available,,Missing,Not available,70.7848,Derived,Estimation interval (±20-30%),,Missing,Not available,,Missing,Not available,8.0164
MKT-028_D022,MKT-028,Bengaluru,Hebbal,Commercial Office,Established,D,22,20260919,2026-09-19,82.8761,Estimated,Estimation interval (±20-30%),10571.3186,Estimated,Estimation interval (±20-30%),3.9673,Estimated,Estimation interval (±20-30%),6.5915,Estimated,Estimation interval (±20-30%),,Missing,Not available,,Missing,Not available,64.1992,Derived,Estimation interval (±20-30%),,Missing,Not available,,Missing,Not available,9.4077
MKT-028_D023,MKT-028,Bengaluru,Hebbal,Commercial Office,Established,D,23,20260919,2026-09-19,83.0971,Estimated,Estimation interval (±20-30%),11923.4982,Estimated,Estimation interval (±20-30%),6.0117,Estimated,Estimation interval (±20-30%),10.3907,Estimated,Estimation interval (±20-30%),,Missing,Not available,,Missing,Not available,67.1697,Derived,Estimation interval (±20-30%),,Missing,Not available,,Missing,Not available,8.363
MKT-028_D024,MKT-028,Bengaluru,Hebbal,Commercial Office,Established,D,24,20260919,2026-09-19,86.1639,Estimated,Estimation interval (±20-30%),11282.3026,Estimated,Estimation interval (±20-30%),5.2607,Estimated,Estimation interval (±20-30%),5.0797,Estimated,Estimation interval (±20-30%),,Missing,Not available,,Missing,Not available,65.8805,Derived,Estimation interval (±20-30%),,Missing,Not available,,Missing,Not available,9.1645
MKT-028_D025,MKT-028,Bengaluru,Hebbal,Commercial Office,Established,D,25,20260919,2026-09-19,95.9054,Estimated,Estimation interval (±20-30%),13960.0858,Estimated,Estimation interval (±20-30%),5.7659,Estimated,Estimation interval (±20-30%),7.6489,Estimated,Estimation interval (±20-30%),,Missing,Not available,,Missing,Not available,69.3243,Derived,Estimation interval (±20-30%),,Missing,Not available,,Missing,Not available,8.244
MKT-028_D026,MKT-028,Bengaluru,Hebbal,Commercial Office,Established,D,26,20260919,2026-09-19,93.4912,Estimated,Estimation interval (±20-30%),12134.0651,Estimated,Estimation interval (±20-30%),5.9614,Estimated,Estimation interval (±20-30%),8.6365,Estimated,Estimation interval (±20-30%),,Missing,Not available,,Missing,Not available,71.0284,Derived,Estimation interval (±20-30%),,Missing,Not available,,Missing,Not available,9.2458
MKT-028_D027,MKT-028,Bengaluru,Hebbal,Commercial Office,Established,D,27,20260919,2026-09-19,87.7505,Estimated,Estimation interval (±20-30%),14383.5555,Estimated,Estimation interval (±20-30%),7.0763,Estimated,Estimation interval (±20-30%),5.8278,Estimated,Estimation interval (±20-30%),,Missing,Not available,,Missing,Not available,65.3675,Derived,Estimation interval (±20-30%),,Missing,Not available,,Missing,Not available,7.3209
MKT-028_D028,MKT-028,Bengaluru,Hebbal,Commercial Office,Established,D,28,20260919,2026-09-19,88.5749,Estimated,Estimation interval (±20-30%),10332.7542,Estimated,Estimation interval (±20-30%),4.8185,Estimated,Estimation interval (±20-30%),6.7934,Estimated,Estimation interval (±20-30%),,Missing,Not available,,Missing,Not available,65.8944,Derived,Estimation interval (±20-30%),,Missing,Not available,,Missing,Not available,10.2867
MKT-028_D029,MKT-028,Bengaluru,Hebbal,Commercial Office,Established,D,29,20260919,2026-09-19,85.2549,Estimated,Estimation interval (±20-30%),12308.798,Estimated,Estimation interval (±20-30%),8.0787,Estimated,Estimation interval (±20-30%),10.1406,Estimated,Estimation interval (±20-30%),,Missing,Not available,,Missing,Not available,67.8571,Derived,Estimation interval (±20-30%),,Missing,Not available,,Missing,Not available,8.3116
MKT-028_D030,MKT-028,Bengaluru,Hebbal,Commercial Office,Established,D,30,20260919,2026-09-19,90.6198,Estimated,Estimation interval (±20-30%),13785.9667,Estimated,Estimation interval (±20-30%),8.0611,Estimated,Estimation interval (±20-30%),7.6251,Estimated,Estimation interval (±20-30%),,Missing,Not available,,Missing,Not available,74.0946,Derived,Estimation interval (±20-30%),,Missing,Not available,,Missing,Not available,7.888
MKT-028_D031,MKT-028,Bengaluru,Hebbal,Commercial Office,Established,D,31,20260919,2026-09-19,98.4769,Estimated,Estimation interval (±20-30%),10115.4445,Estimated,Estimation interval (±20-30%),6.3509,Estimated,Estimation interval (±20-30%),6.58,Estimated,Estimation interval (±20-30%),,Missing,Not available,,Missing,Not available,59.8581,Derived,Estimation interval (±20-30%),,Missing,Not available,,Missing,Not available,11.6824
MKT-028_D032,MKT-028,Bengaluru,Hebbal,Commercial Office,Established,D,32,20260919,2026-09-19,98.7298,Estimated,Estimation interval (±20-30%),13294.4412,Estimated,Estimation interval (±20-30%),5.7995,Estimated,Estimation interval (±20-30%),6.3523,Estimated,Estimation interval (±20-30%),,Missing,Not available,,Missing,Not available,74.0532,Derived,Estimation interval (±20-30%),,Missing,Not available,,Missing,Not available,8.9117
MKT-028_D033,MKT-028,Bengaluru,Hebbal,Commercial Office,Established,D,33,20260919,2026-09-19,86.8175,Estimated,Estimation interval (±20-30%),11114.7856,Estimated,Estimation interval (±20-30%),6.0306,Estimated,Estimation interval (±20-30%),7.8064,Estimated,Estimation interval (±20-30%),,Missing,Not available,,Missing,Not available,60.2395,Derived,Estimation interval (±20-30%),,Missing,Not available,,Missing,Not available,9.3732
MKT-028_D034,MKT-028,Bengaluru,Hebbal,Commercial Office,Established,D,34,20260919,2026-09-19,85.0247,Estimated,Estimation interval (±20-30%),13710.2127,Estimated,Estimation interval (±20-30%),3.9919,Estimated,Estimation interval (±20-30%),8.0806,Estimated,Estimation interval (±20-30%),,Missing,Not available,,Missing,Not available,71.9764,Derived,Estimation interval (±20-30%),,Missing,Not available,,Missing,Not available,7.4419
MKT-028_D035,MKT-028,Bengaluru,Hebbal,Commercial Office,Established,D,35,20260919,2026-09-19,91.9531,Estimated,Estimation interval (±20-30%),10427.6747,Estimated,Estimation interval (±20-30%),5.2004,Estimated,Estimation interval (±20-30%),5.6283,Estimated,Estimation interval (±20-30%),,Missing,Not available,,Missing,Not available,69.3891,Derived,Estimation interval (±20-30%),,Missing,Not available,,Missing,Not available,10.5818
MKT-028_D036,MKT-028,Bengaluru,Hebbal,Commercial Office,Established,D,36,20260919,2026-09-19,92.226,Estimated,Estimation interval (±20-30%),11573.5017,Estimated,Estimation interval (±20-30%),8.0522,Estimated,Estimation interval (±20-30%),9.3162,Estimated,Estimation interval (±20-30%),,Missing,Not available,,Missing,Not available,75.5732,Derived,Estimation interval (±20-30%),,Missing,Not available,,Missing,Not available,9.5625
MKT-028_D037,MKT-028,Bengaluru,Hebbal,Commercial Office,Established,D,37,20260919,2026-09-19,86.9662,Estimated,Estimation interval (±20-30%),11347.3184,Estimated,Estimation interval (±20-30%),5.4566,Estimated,Estimation interval (±20-30%),8.051,Estimated,Estimation interval (±20-30%),,Missing,Not available,,Missing,Not available,66.2168,Derived,Estimation interval (±20-30%),,Missing,Not available,,Missing,Not available,9.1968
MKT-028_D038,MKT-028,Bengaluru,Hebbal,Commercial Office,Established,D,38,20260919,2026-09-19,84.1319,Estimated,Estimation interval (±20-30%),12356.5407,Estimated,Estimation interval (±20-30%),3.8839,Estimated,Estimation interval (±20-30%),6.0359,Estimated,Estimation interval (±20-30%),,Missing,Not available,,Missing,Not available,68.8975,Derived,Estimation interval (±20-30%),,Missing,Not available,,Missing,Not available,8.1704
MKT-028_D039,MKT-028,Bengaluru,Hebbal,Commercial Office,Established,D,39,20260919,2026-09-19,78.4304,Estimated,Estimation interval (±20-30%),10827.0019,Estimated,Estimation interval (±20-30%),8.0409,Estimated,Estimation interval (±20-30%),8.4524,Estimated,Estimation interval (±20-30%),,Missing,Not available,,Missing,Not available,64.9153,Derived,Estimation interval (±20-30%),,Missing,Not available,,Missing,Not available,8.6928
MKT-028_D040,MKT-028,Bengaluru,Hebbal,Commercial Office,Established,D,40,20260919,2026-09-19,93.1372,Estimated,Estimation interval (±20-30%),12208.0947,Estimated,Estimation interval (±20-30%),5.3992,Estimated,Estimation interval (±20-30%),8.6652,Estimated,Estimation interval (±20-30%),,Missing,Not available,,Missing,Not available,71.7818,Derived,Estimation interval (±20-30%),,Missing,Not available,,Missing,Not available,9.155
MKT-029_D001,MKT-029,Bengaluru,Manyata Tech Park,Commercial Office,Established,C,1,20260919,2026-09-19,84.3196,Estimated,Estimation interval (±15-20%),12524.6314,Estimated,Estimation interval (±15-20%),8.0205,Estimated,Estimation interval (±15-20%),7.3823,Estimated,Estimation interval (±15-20%),,Missing,Not available,,Missing,Not available,72.6445,Derived,Estimation interval (±15-20%),,Missing,Not available,,Missing,Not available,8.0788
MKT-029_D002,MKT-029,Bengaluru,Manyata Tech Park,Commercial Office,Established,C,2,20260919,2026-09-19,97.4845,Estimated,Estimation interval (±15-20%),9210.4651,Estimated,Estimation interval (±15-20%),5.9523,Estimated,Estimation interval (±15-20%),7.7222,Estimated,Estimation interval (±15-20%),,Missing,Not available,,Missing,Not available,72.2426,Derived,Estimation interval (±15-20%),,Missing,Not available,,Missing,Not available,12.7009
MKT-029_D003,MKT-029,Bengaluru,Manyata Tech Park,Commercial Office,Established,C,3,20260919,2026-09-19,99.6718,Estimated,Estimation interval (±15-20%),12318.6235,Estimated,Estimation interval (±15-20%),3.6013,Estimated,Estimation interval (±15-20%),8.6568,Estimated,Estimation interval (±15-20%),,Missing,Not available,,Missing,Not available,69.1175,Derived,Estimation interval (±15-20%),,Missing,Not available,,Missing,Not available,9.7094
MKT-029_D004,MKT-029,Bengaluru,Manyata Tech Park,Commercial Office,Established,C,4,20260919,2026-09-19,87.614,Estimated,Estimation interval (±15-20%),11552.9808,Estimated,Estimation interval (±15-20%),6.7158,Estimated,Estimation interval (±15-20%),6.9573,Estimated,Estimation interval (±15-20%),,Missing,Not available,,Missing,Not available,70.0395,Derived,Estimation interval (±15-20%),,Missing,Not available,,Missing,Not available,9.1004
MKT-029_D005,MKT-029,Bengaluru,Manyata Tech Park,Commercial Office,Established,C,5,20260919,2026-09-19,82.516,Estimated,Estimation interval (±15-20%),11879.4286,Estimated,Estimation interval (±15-20%),7.7668,Estimated,Estimation interval (±15-20%),6.706,Estimated,Estimation interval (±15-20%),,Missing,Not available,,Missing,Not available,62.8661,Derived,Estimation interval (±15-20%),,Missing,Not available,,Missing,Not available,8.3354
MKT-029_D006,MKT-029,Bengaluru,Manyata Tech Park,Commercial Office,Established,C,6,20260919,2026-09-19,87.3526,Estimated,Estimation interval (±15-20%),12595.4759,Estimated,Estimation interval (±15-20%),5.8688,Estimated,Estimation interval (±15-20%),8.116,Estimated,Estimation interval (±15-20%),,Missing,Not available,,Missing,Not available,65.8464,Derived,Estimation interval (±15-20%),,Missing,Not available,,Missing,Not available,8.3223
MKT-029_D007,MKT-029,Bengaluru,Manyata Tech Park,Commercial Office,Established,C,7,20260919,2026-09-19,86.0909,Estimated,Estimation interval (±15-20%),10403.292,Estimated,Estimation interval (±15-20%),6.4011,Estimated,Estimation interval (±15-20%),6.1281,Estimated,Estimation interval (±15-20%),,Missing,Not available,,Missing,Not available,71.044,Derived,Estimation interval (±15-20%),,Missing,Not available,,Missing,Not available,9.9304
MKT-029_D008,MKT-029,Bengaluru,Manyata Tech Park,Commercial Office,Established,C,8,20260919,2026-09-19,80.9648,Estimated,Estimation interval (±15-20%),12537.214,Estimated,Estimation interval (±15-20%),6.6162,Estimated,Estimation interval (±15-20%),9.4931,Estimated,Estimation interval (±15-20%),,Missing,Not available,,Missing,Not available,67.0638,Derived,Estimation interval (±15-20%),,Missing,Not available,,Missing,Not available,7.7495
MKT-029_D009,MKT-029,Bengaluru,Manyata Tech Park,Commercial Office,Established,C,9,20260919,2026-09-19,90.0708,Estimated,Estimation interval (±15-20%),13295.7575,Estimated,Estimation interval (±15-20%),6.8485,Estimated,Estimation interval (±15-20%),7.4687,Estimated,Estimation interval (±15-20%),,Missing,Not available,,Missing,Not available,64.1569,Derived,Estimation interval (±15-20%),,Missing,Not available,,Missing,Not available,8.1293
MKT-029_D010,MKT-029,Bengaluru,Manyata Tech Park,Commercial Office,Established,C,10,20260919,2026-09-19,96.619,Estimated,Estimation interval (±15-20%),12898.5727,Estimated,Estimation interval (±15-20%),5.0872,Estimated,Estimation interval (±15-20%),7.6793,Estimated,Estimation interval (±15-20%),,Missing,Not available,,Missing,Not available,66.4922,Derived,Estimation interval (±15-20%),,Missing,Not available,,Missing,Not available,8.9888
MKT-029_D011,MKT-029,Bengaluru,Manyata Tech Park,Commercial Office,Established,C,11,20260919,2026-09-19,81.1384,Estimated,Estimation interval (±15-20%),13362.3432,Estimated,Estimation interval (±15-20%),5.6146,Estimated,Estimation interval (±15-20%),8.4612,Estimated,Estimation interval (±15-20%),,Missing,Not available,,Missing,Not available,66.1056,Derived,Estimation interval (±15-20%),,Missing,Not available,,Missing,Not available,7.2866
MKT-029_D012,MKT-029,Bengaluru,Manyata Tech Park,Commercial Office,Established,C,12,20260919,2026-09-19,82.8718,Estimated,Estimation interval (±15-20%),12276.2507,Estimated,Estimation interval (±15-20%),6.7542,Estimated,Estimation interval (±15-20%),9.0263,Estimated,Estimation interval (±15-20%),,Missing,Not available,,Missing,Not available,66.2007,Derived,Estimation interval (±15-20%),,Missing,Not available,,Missing,Not available,8.1007
MKT-029_D013,MKT-029,Bengaluru,Manyata Tech Park,Commercial Office,Established,C,13,20260919,2026-09-19,92.8448,Estimated,Estimation interval (±15-20%),12042.6508,Estimated,Estimation interval (±15-20%),6.5639,Estimated,Estimation interval (±15-20%),9.3371,Estimated,Estimation interval (±15-20%),,Missing,Not available,,Missing,Not available,67.2643,Derived,Estimation interval (±15-20%),,Missing,Not available,,Missing,Not available,9.2516
MKT-029_D014,MKT-029,Bengaluru,Manyata Tech Park,Commercial Office,Established,C,14,20260919,2026-09-19,87.2235,Estimated,Estimation interval (±15-20%),8734.374,Estimated,Estimation interval (±15-20%),5.8146,Estimated,Estimation interval (±15-20%),8.2742,Estimated,Estimation interval (±15-20%),,Missing,Not available,,Missing,Not available,69.1446,Derived,Estimation interval (±15-20%),,Missing,Not available,,Missing,Not available,11.9835
MKT-029_D015,MKT-029,Bengaluru,Manyata Tech Park,Commercial Office,Established,C,15,20260919,2026-09-19,90.0978,Estimated,Estimation interval (±15-20%),14449.8771,Estimated,Estimation interval (±15-20%),5.6207,Estimated,Estimation interval (±15-20%),5.7007,Estimated,Estimation interval (±15-20%),,Missing,Not available,,Missing,Not available,69.164,Derived,Estimation interval (±15-20%),,Missing,Not available,,Missing,Not available,7.4822
MKT-029_D016,MKT-029,Bengaluru,Manyata Tech Park,Commercial Office,Established,C,16,20260919,2026-09-19,78.5015,Estimated,Estimation interval (±15-20%),11088.1631,Estimated,Estimation interval (±15-20%),6.6458,Estimated,Estimation interval (±15-20%),6.4298,Estimated,Estimation interval (±15-20%),,Missing,Not available,,Missing,Not available,64.8888,Derived,Estimation interval (±15-20%),,Missing,Not available,,Missing,Not available,8.4957
MKT-029_D017,MKT-029,Bengaluru,Manyata Tech Park,Commercial Office,Established,C,17,20260919,2026-09-19,95.0596,Estimated,Estimation interval (±15-20%),11620.8222,Estimated,Estimation interval (±15-20%),5.6544,Estimated,Estimation interval (±15-20%),6.0782,Estimated,Estimation interval (±15-20%),,Missing,Not available,,Missing,Not available,62.3886,Derived,Estimation interval (±15-20%),,Missing,Not available,,Missing,Not available,9.8161
MKT-029_D018,MKT-029,Bengaluru,Manyata Tech Park,Commercial Office,Established,C,18,20260919,2026-09-19,86.4446,Estimated,Estimation interval (±15-20%),11967.6502,Estimated,Estimation interval (±15-20%),6.4192,Estimated,Estimation interval (±15-20%),10.5376,Estimated,Estimation interval (±15-20%),,Missing,Not available,,Missing,Not available,68.4229,Derived,Estimation interval (±15-20%),,Missing,Not available,,Missing,Not available,8.6678
MKT-029_D019,MKT-029,Bengaluru,Manyata Tech Park,Commercial Office,Established,C,19,20260919,2026-09-19,82.5349,Estimated,Estimation interval (±15-20%),14746.0686,Estimated,Estimation interval (±15-20%),3.735,Estimated,Estimation interval (±15-20%),8.0062,Estimated,Estimation interval (±15-20%),,Missing,Not available,,Missing,Not available,65.9176,Derived,Estimation interval (±15-20%),,Missing,Not available,,Missing,Not available,6.7165
MKT-029_D020,MKT-029,Bengaluru,Manyata Tech Park,Commercial Office,Established,C,20,20260919,2026-09-19,100.7636,Estimated,Estimation interval (±15-20%),12972.9271,Estimated,Estimation interval (±15-20%),6.115,Estimated,Estimation interval (±15-20%),6.8795,Estimated,Estimation interval (±15-20%),,Missing,Not available,,Missing,Not available,64.8507,Derived,Estimation interval (±15-20%),,Missing,Not available,,Missing,Not available,9.3207
MKT-029_D021,MKT-029,Bengaluru,Manyata Tech Park,Commercial Office,Established,C,21,20260919,2026-09-19,87.0477,Estimated,Estimation interval (±15-20%),14445.9645,Estimated,Estimation interval (±15-20%),5.8974,Estimated,Estimation interval (±15-20%),8.5248,Estimated,Estimation interval (±15-20%),,Missing,Not available,,Missing,Not available,68.0002,Derived,Estimation interval (±15-20%),,Missing,Not available,,Missing,Not available,7.2309
MKT-029_D022,MKT-029,Bengaluru,Manyata Tech Park,Commercial Office,Established,C,22,20260919,2026-09-19,88.5652,Estimated,Estimation interval (±15-20%),11306.3929,Estimated,Estimation interval (±15-20%),4.6473,Estimated,Estimation interval (±15-20%),6.9479,Estimated,Estimation interval (±15-20%),,Missing,Not available,,Missing,Not available,66.692,Derived,Estimation interval (±15-20%),,Missing,Not available,,Missing,Not available,9.3998
MKT-029_D023,MKT-029,Bengaluru,Manyata Tech Park,Commercial Office,Established,C,23,20260919,2026-09-19,91.0808,Estimated,Estimation interval (±15-20%),15423.4781,Estimated,Estimation interval (±15-20%),3.9625,Estimated,Estimation interval (±15-20%),6.8617,Estimated,Estimation interval (±15-20%),,Missing,Not available,,Missing,Not available,63.0991,Derived,Estimation interval (±15-20%),,Missing,Not available,,Missing,Not available,7.0864
MKT-029_D024,MKT-029,Bengaluru,Manyata Tech Park,Commercial Office,Established,C,24,20260919,2026-09-19,80.5378,Estimated,Estimation interval (±15-20%),12402.0358,Estimated,Estimation interval (±15-20%),6.0961,Estimated,Estimation interval (±15-20%),7.9507,Estimated,Estimation interval (±15-20%),,Missing,Not available,,Missing,Not available,62.0144,Derived,Estimation interval (±15-20%),,Missing,Not available,,Missing,Not available,7.7927
MKT-029_D025,MKT-029,Bengaluru,Manyata Tech Park,Commercial Office,Established,C,25,20260919,2026-09-19,100.8486,Estimated,Estimation interval (±15-20%),11809.9664,Estimated,Estimation interval (±15-20%),4.9402,Estimated,Estimation interval (±15-20%),6.6769,Estimated,Estimation interval (±15-20%),,Missing,Not available,,Missing,Not available,68.1197,Derived,Estimation interval (±15-20%),,Missing,Not available,,Missing,Not available,10.2471
MKT-029_D026,MKT-029,Bengaluru,Manyata Tech Park,Commercial Office,Established,C,26,20260919,2026-09-19,87.9908,Estimated,Estimation interval (±15-20%),14970.6002,Estimated,Estimation interval (±15-20%),5.8361,Estimated,Estimation interval (±15-20%),6.283,Estimated,Estimation interval (±15-20%),,Missing,Not available,,Missing,Not available,65.6458,Derived,Estimation interval (±15-20%),,Missing,Not available,,Missing,Not available,7.0531
MKT-029_D027,MKT-029,Bengaluru,Manyata Tech Park,Commercial Office,Established,C,27,20260919,2026-09-19,97.3968,Estimated,Estimation interval (±15-20%),14611.0116,Estimated,Estimation interval (±15-20%),4.2545,Estimated,Estimation interval (±15-20%),5.7814,Estimated,Estimation interval (±15-20%),,Missing,Not available,,Missing,Not available,68.6368,Derived,Estimation interval (±15-20%),,Missing,Not available,,Missing,Not available,7.9992
MKT-029_D028,MKT-029,Bengaluru,Manyata Tech Park,Commercial Office,Established,C,28,20260919,2026-09-19,92.8302,Estimated,Estimation interval (±15-20%),13274.1522,Estimated,Estimation interval (±15-20%),4.2792,Estimated,Estimation interval (±15-20%),8.0291,Estimated,Estimation interval (±15-20%),,Missing,Not available,,Missing,Not available,68.4518,Derived,Estimation interval (±15-20%),,Missing,Not available,,Missing,Not available,8.392
MKT-029_D029,MKT-029,Bengaluru,Manyata Tech Park,Commercial Office,Established,C,29,20260919,2026-09-19,90.1861,Estimated,Estimation interval (±15-20%),9132.532,Estimated,Estimation interval (±15-20%),5.0772,Estimated,Estimation interval (±15-20%),8.4893,Estimated,Estimation interval (±15-20%),,Missing,Not available,,Missing,Not available,63.2707,Derived,Estimation interval (±15-20%),,Missing,Not available,,Missing,Not available,11.8503
MKT-029_D030,MKT-029,Bengaluru,Manyata Tech Park,Commercial Office,Established,C,30,20260919,2026-09-19,98.6288,Estimated,Estimation interval (±15-20%),12157.6054,Estimated,Estimation interval (±15-20%),7.4452,Estimated,Estimation interval (±15-20%),10.0366,Estimated,Estimation interval (±15-20%),,Missing,Not available,,Missing,Not available,60.7741,Derived,Estimation interval (±15-20%),,Missing,Not available,,Missing,Not available,9.735
MKT-029_D031,MKT-029,Bengaluru,Manyata Tech Park,Commercial Office,Established,C,31,20260919,2026-09-19,89.1753,Estimated,Estimation interval (±15-20%),12404.5702,Estimated,Estimation interval (±15-20%),4.3623,Estimated,Estimation interval (±15-20%),7.0613,Estimated,Estimation interval (±15-20%),,Missing,Not available,,Missing,Not available,74.7102,Derived,Estimation interval (±15-20%),,Missing,Not available,,Missing,Not available,8.6267
MKT-029_D032,MKT-029,Bengaluru,Manyata Tech Park,Commercial Office,Established,C,32,20260919,2026-09-19,77.1229,Estimated,Estimation interval (±15-20%),12343.6651,Estimated,Estimation interval (±15-20%),5.5425,Estimated,Estimation interval (±15-20%),8.1285,Estimated,Estimation interval (±15-20%),,Missing,Not available,,Missing,Not available,71.4003,Derived,Estimation interval (±15-20%),,Missing,Not available,,Missing,Not available,7.4976
MKT-029_D033,MKT-029,Bengaluru,Manyata Tech Park,Commercial Office,Established,C,33,20260919,2026-09-19,99.2432,Estimated,Estimation interval (±15-20%),12843.4633,Estimated,Estimation interval (±15-20%),7.7301,Estimated,Estimation interval (±15-20%),7.5077,Estimated,Estimation interval (±15-20%),,Missing,Not available,,Missing,Not available,74.4462,Derived,Estimation interval (±15-20%),,Missing,Not available,,Missing,Not available,9.2726
MKT-029_D034,MKT-029,Bengaluru,Manyata Tech Park,Commercial Office,Established,C,34,20260919,2026-09-19,89.7764,Estimated,Estimation interval (±15-20%),10298.9272,Estimated,Estimation interval (±15-20%),8.1187,Estimated,Estimation interval (±15-20%),5.6962,Estimated,Estimation interval (±15-20%),,Missing,Not available,,Missing,Not available,63.5251,Derived,Estimation interval (±15-20%),,Missing,Not available,,Missing,Not available,10.4605
MKT-029_D035,MKT-029,Bengaluru,Manyata Tech Park,Commercial Office,Established,C,35,20260919,2026-09-19,93.1048,Estimated,Estimation interval (±15-20%),9844.8519,Estimated,Estimation interval (±15-20%),4.981,Estimated,Estimation interval (±15-20%),8.5802,Estimated,Estimation interval (±15-20%),,Missing,Not available,,Missing,Not available,65.8229,Derived,Estimation interval (±15-20%),,Missing,Not available,,Missing,Not available,11.3486
MKT-029_D036,MKT-029,Bengaluru,Manyata Tech Park,Commercial Office,Established,C,36,20260919,2026-09-19,85.9711,Estimated,Estimation interval (±15-20%),15387.8264,Estimated,Estimation interval (±15-20%),7.2573,Estimated,Estimation interval (±15-20%),6.6357,Estimated,Estimation interval (±15-20%),,Missing,Not available,,Missing,Not available,68.9005,Derived,Estimation interval (±15-20%),,Missing,Not available,,Missing,Not available,6.7043
MKT-029_D037,MKT-029,Bengaluru,Manyata Tech Park,Commercial Office,Established,C,37,20260919,2026-09-19,82.612,Estimated,Estimation interval (±15-20%),13493.4218,Estimated,Estimation interval (±15-20%),6.1023,Estimated,Estimation interval (±15-20%),6.5605,Estimated,Estimation interval (±15-20%),,Missing,Not available,,Missing,Not available,69.6495,Derived,Estimation interval (±15-20%),,Missing,Not available,,Missing,Not available,7.3469
MKT-029_D038,MKT-029,Bengaluru,Manyata Tech Park,Commercial Office,Established,C,38,20260919,2026-09-19,94.9887,Estimated,Estimation interval (±15-20%),14698.6746,Estimated,Estimation interval (±15-20%),6.046,Estimated,Estimation interval (±15-20%),5.5776,Estimated,Estimation interval (±15-20%),,Missing,Not available,,Missing,Not available,73.55,Derived,Estimation interval (±15-20%),,Missing,Not available,,Missing,Not available,7.7549
MKT-029_D039,MKT-029,Bengaluru,Manyata Tech Park,Commercial Office,Established,C,39,20260919,2026-09-19,86.068,Estimated,Estimation interval (±15-20%),12481.2894,Estimated,Estimation interval (±15-20%),6.1678,Estimated,Estimation interval (±15-20%),5.6932,Estimated,Estimation interval (±15-20%),,Missing,Not available,,Missing,Not available,68.9953,Derived,Estimation interval (±15-20%),,Missing,Not available,,Missing,Not available,8.2749
MKT-029_D040,MKT-029,Bengaluru,Manyata Tech Park,Commercial Office,Established,C,40,20260919,2026-09-19,86.9444,Estimated,Estimation interval (±15-20%),10734.5428,Estimated,Estimation interval (±15-20%),5.0095,Estimated,Estimation interval (±15-20%),8.8608,Estimated,Estimation interval (±15-20%),,Missing,Not available,,Missing,Not available,69.2262,Derived,Estimation interval (±15-20%),,Missing,Not available,,Missing,Not available,9.7194
MKT-030_D001,MKT-030,Hyderabad,Financial District,Commercial Office,Established,D,1,20260919,2026-09-19,79.5841,Estimated,Estimation interval (±20-30%),11536.2781,Estimated,Estimation interval (±20-30%),6.6993,Estimated,Estimation interval (±20-30%),8.1862,Estimated,Estimation interval (±20-30%),,Missing,Not available,,Missing,Not available,66.6926,Derived,Estimation interval (±20-30%),,Missing,Not available,,Missing,Not available,8.2783
MKT-030_D002,MKT-030,Hyderabad,Financial District,Commercial Office,Established,D,2,20260919,2026-09-19,72.6857,Estimated,Estimation interval (±20-30%),10329.1377,Estimated,Estimation interval (±20-30%),5.9728,Estimated,Estimation interval (±20-30%),5.4178,Estimated,Estimation interval (±20-30%),,Missing,Not available,,Missing,Not available,71.1115,Derived,Estimation interval (±20-30%),,Missing,Not available,,Missing,Not available,8.4443
MKT-030_D003,MKT-030,Hyderabad,Financial District,Commercial Office,Established,D,3,20260919,2026-09-19,75.9825,Estimated,Estimation interval (±20-30%),8197.7136,Estimated,Estimation interval (±20-30%),7.1321,Estimated,Estimation interval (±20-30%),5.8638,Estimated,Estimation interval (±20-30%),,Missing,Not available,,Missing,Not available,69.8314,Derived,Estimation interval (±20-30%),,Missing,Not available,,Missing,Not available,11.1225
MKT-030_D004,MKT-030,Hyderabad,Financial District,Commercial Office,Established,D,4,20260919,2026-09-19,81.6248,Estimated,Estimation interval (±20-30%),8960.8843,Estimated,Estimation interval (±20-30%),6.7518,Estimated,Estimation interval (±20-30%),4.671,Estimated,Estimation interval (±20-30%),,Missing,Not available,,Missing,Not available,61.5914,Derived,Estimation interval (±20-30%),,Missing,Not available,,Missing,Not available,10.9308
MKT-030_D005,MKT-030,Hyderabad,Financial District,Commercial Office,Established,D,5,20260919,2026-09-19,74.6595,Estimated,Estimation interval (±20-30%),10032.2378,Estimated,Estimation interval (±20-30%),6.824,Estimated,Estimation interval (±20-30%),7.2481,Estimated,Estimation interval (±20-30%),,Missing,Not available,,Missing,Not available,59.668,Derived,Estimation interval (±20-30%),,Missing,Not available,,Missing,Not available,8.9304
MKT-030_D006,MKT-030,Hyderabad,Financial District,Commercial Office,Established,D,6,20260919,2026-09-19,66.964,Estimated,Estimation interval (±20-30%),8805.2778,Estimated,Estimation interval (±20-30%),6.8945,Estimated,Estimation interval (±20-30%),7.9684,Estimated,Estimation interval (±20-30%),,Missing,Not available,,Missing,Not available,64.4636,Derived,Estimation interval (±20-30%),,Missing,Not available,,Missing,Not available,9.126
MKT-030_D007,MKT-030,Hyderabad,Financial District,Commercial Office,Established,D,7,20260919,2026-09-19,73.7028,Estimated,Estimation interval (±20-30%),10651.9801,Estimated,Estimation interval (±20-30%),6.9261,Estimated,Estimation interval (±20-30%),9.4496,Estimated,Estimation interval (±20-30%),,Missing,Not available,,Missing,Not available,65.2348,Derived,Estimation interval (±20-30%),,Missing,Not available,,Missing,Not available,8.303
MKT-030_D008,MKT-030,Hyderabad,Financial District,Commercial Office,Established,D,8,20260919,2026-09-19,77.8537,Estimated,Estimation interval (±20-30%),10312.1174,Estimated,Estimation interval (±20-30%),6.282,Estimated,Estimation interval (±20-30%),7.6901,Estimated,Estimation interval (±20-30%),,Missing,Not available,,Missing,Not available,63.3724,Derived,Estimation interval (±20-30%),,Missing,Not available,,Missing,Not available,9.0597
MKT-030_D009,MKT-030,Hyderabad,Financial District,Commercial Office,Established,D,9,20260919,2026-09-19,64.4432,Estimated,Estimation interval (±20-30%),12018.7162,Estimated,Estimation interval (±20-30%),7.3677,Estimated,Estimation interval (±20-30%),7.5706,Estimated,Estimation interval (±20-30%),,Missing,Not available,,Missing,Not available,69.9425,Derived,Estimation interval (±20-30%),,Missing,Not available,,Missing,Not available,6.4343
MKT-030_D010,MKT-030,Hyderabad,Financial District,Commercial Office,Established,D,10,20260919,2026-09-19,78.6571,Estimated,Estimation interval (±20-30%),8930.9992,Estimated,Estimation interval (±20-30%),7.0896,Estimated,Estimation interval (±20-30%),5.6869,Estimated,Estimation interval (±20-30%),,Missing,Not available,,Missing,Not available,66.7763,Derived,Estimation interval (±20-30%),,Missing,Not available,,Missing,Not available,10.5686
MKT-030_D011,MKT-030,Hyderabad,Financial District,Commercial Office,Established,D,11,20260919,2026-09-19,75.5125,Estimated,Estimation interval (±20-30%),11190.4578,Estimated,Estimation interval (±20-30%),3.3431,Estimated,Estimation interval (±20-30%),9.6596,Estimated,Estimation interval (±20-30%),,Missing,Not available,,Missing,Not available,65.5538,Derived,Estimation interval (±20-30%),,Missing,Not available,,Missing,Not available,8.0975
MKT-030_D012,MKT-030,Hyderabad,Financial District,Commercial Office,Established,D,12,20260919,2026-09-19,61.1153,Estimated,Estimation interval (±20-30%),9585.5613,Estimated,Estimation interval (±20-30%),6.7873,Estimated,Estimation interval (±20-30%),7.6786,Estimated,Estimation interval (±20-30%),,Missing,Not available,,Missing,Not available,70.1009,Derived,Estimation interval (±20-30%),,Missing,Not available,,Missing,Not available,7.6509
MKT-030_D013,MKT-030,Hyderabad,Financial District,Commercial Office,Established,D,13,20260919,2026-09-19,74.1286,Estimated,Estimation interval (±20-30%),10413.2546,Estimated,Estimation interval (±20-30%),3.9531,Estimated,Estimation interval (±20-30%),7.0141,Estimated,Estimation interval (±20-30%),,Missing,Not available,,Missing,Not available,68.7738,Derived,Estimation interval (±20-30%),,Missing,Not available,,Missing,Not available,8.5424
MKT-030_D014,MKT-030,Hyderabad,Financial District,Commercial Office,Established,D,14,20260919,2026-09-19,77.4039,Estimated,Estimation interval (±20-30%),11443.0616,Estimated,Estimation interval (±20-30%),6.698,Estimated,Estimation interval (±20-30%),8.3699,Estimated,Estimation interval (±20-30%),,Missing,Not available,,Missing,Not available,69.1746,Derived,Estimation interval (±20-30%),,Missing,Not available,,Missing,Not available,8.1171
MKT-030_D015,MKT-030,Hyderabad,Financial District,Commercial Office,Established,D,15,20260919,2026-09-19,72.3189,Estimated,Estimation interval (±20-30%),7418.6697,Estimated,Estimation interval (±20-30%),4.8712,Estimated,Estimation interval (±20-30%),5.8264,Estimated,Estimation interval (±20-30%),,Missing,Not available,,Missing,Not available,60.0687,Derived,Estimation interval (±20-30%),,Missing,Not available,,Missing,Not available,11.6979
MKT-030_D016,MKT-030,Hyderabad,Financial District,Commercial Office,Established,D,16,20260919,2026-09-19,83.435,Estimated,Estimation interval (±20-30%),9898.8905,Estimated,Estimation interval (±20-30%),7.2924,Estimated,Estimation interval (±20-30%),6.475,Estimated,Estimation interval (±20-30%),,Missing,Not available,,Missing,Not available,71.3906,Derived,Estimation interval (±20-30%),,Missing,Not available,,Missing,Not available,10.1145
MKT-030_D017,MKT-030,Hyderabad,Financial District,Commercial Office,Established,D,17,20260919,2026-09-19,68.8945,Estimated,Estimation interval (±20-30%),11153.3049,Estimated,Estimation interval (±20-30%),5.4799,Estimated,Estimation interval (±20-30%),7.3619,Estimated,Estimation interval (±20-30%),,Missing,Not available,,Missing,Not available,58.7157,Derived,Estimation interval (±20-30%),,Missing,Not available,,Missing,Not available,7.4125
MKT-030_D018,MKT-030,Hyderabad,Financial District,Commercial Office,Established,D,18,20260919,2026-09-19,79.6964,Estimated,Estimation interval (±20-30%),9287.6179,Estimated,Estimation interval (±20-30%),3.5688,Estimated,Estimation interval (±20-30%),7.3971,Estimated,Estimation interval (±20-30%),,Missing,Not available,,Missing,Not available,72.1546,Derived,Estimation interval (±20-30%),,Missing,Not available,,Missing,Not available,10.2971
MKT-030_D019,MKT-030,Hyderabad,Financial District,Commercial Office,Established,D,19,20260919,2026-09-19,70.0238,Estimated,Estimation interval (±20-30%),8114.3975,Estimated,Estimation interval (±20-30%),3.6494,Estimated,Estimation interval (±20-30%),5.8802,Estimated,Estimation interval (±20-30%),,Missing,Not available,,Missing,Not available,70.8655,Derived,Estimation interval (±20-30%),,Missing,Not available,,Missing,Not available,10.3555
MKT-030_D020,MKT-030,Hyderabad,Financial District,Commercial Office,Established,D,20,20260919,2026-09-19,76.1577,Estimated,Estimation interval (±20-30%),8926.8347,Estimated,Estimation interval (±20-30%),4.2389,Estimated,Estimation interval (±20-30%),10.1845,Estimated,Estimation interval (±20-30%),,Missing,Not available,,Missing,Not available,64.6267,Derived,Estimation interval (±20-30%),,Missing,Not available,,Missing,Not available,10.2376
MKT-030_D021,MKT-030,Hyderabad,Financial District,Commercial Office,Established,D,21,20260919,2026-09-19,82.789,Estimated,Estimation interval (±20-30%),8093.6044,Estimated,Estimation interval (±20-30%),4.5909,Estimated,Estimation interval (±20-30%),7.8273,Estimated,Estimation interval (±20-30%),,Missing,Not available,,Missing,Not available,65.7819,Derived,Estimation interval (±20-30%),,Missing,Not available,,Missing,Not available,12.2747
MKT-030_D022,MKT-030,Hyderabad,Financial District,Commercial Office,Established,D,22,20260919,2026-09-19,79.1639,Estimated,Estimation interval (±20-30%),10020.5821,Estimated,Estimation interval (±20-30%),5.093,Estimated,Estimation interval (±20-30%),4.7811,Estimated,Estimation interval (±20-30%),,Missing,Not available,,Missing,Not available,65.519,Derived,Estimation interval (±20-30%),,Missing,Not available,,Missing,Not available,9.4802
MKT-030_D023,MKT-030,Hyderabad,Financial District,Commercial Office,Established,D,23,20260919,2026-09-19,74.3783,Estimated,Estimation interval (±20-30%),11205.7245,Estimated,Estimation interval (±20-30%),7.1981,Estimated,Estimation interval (±20-30%),10.3119,Estimated,Estimation interval (±20-30%),,Missing,Not available,,Missing,Not available,69.2429,Derived,Estimation interval (±20-30%),,Missing,Not available,,Missing,Not available,7.965
MKT-030_D024,MKT-030,Hyderabad,Financial District,Commercial Office,Established,D,24,20260919,2026-09-19,81.8063,Estimated,Estimation interval (±20-30%),8832.5527,Estimated,Estimation interval (±20-30%),5.1375,Estimated,Estimation interval (±20-30%),7.9466,Estimated,Estimation interval (±20-30%),,Missing,Not available,,Missing,Not available,69.954,Derived,Estimation interval (±20-30%),,Missing,Not available,,Missing,Not available,11.1143
MKT-030_D025,MKT-030,Hyderabad,Financial District,Commercial Office,Established,D,25,20260919,2026-09-19,79.6493,Estimated,Estimation interval (±20-30%),11948.6177,Estimated,Estimation interval (±20-30%),4.5986,Estimated,Estimation interval (±20-30%),7.2725,Estimated,Estimation interval (±20-30%),,Missing,Not available,,Missing,Not available,67.5014,Derived,Estimation interval (±20-30%),,Missing,Not available,,Missing,Not available,7.9992
MKT-030_D026,MKT-030,Hyderabad,Financial District,Commercial Office,Established,D,26,20260919,2026-09-19,65.9742,Estimated,Estimation interval (±20-30%),9620.7731,Estimated,Estimation interval (±20-30%),6.962,Estimated,Estimation interval (±20-30%),8.8041,Estimated,Estimation interval (±20-30%),,Missing,Not available,,Missing,Not available,60.9649,Derived,Estimation interval (±20-30%),,Missing,Not available,,Missing,Not available,8.229
MKT-030_D027,MKT-030,Hyderabad,Financial District,Commercial Office,Established,D,27,20260919,2026-09-19,79.6841,Estimated,Estimation interval (±20-30%),9611.9809,Estimated,Estimation interval (±20-30%),4.9562,Estimated,Estimation interval (±20-30%),6.1216,Estimated,Estimation interval (±20-30%),,Missing,Not available,,Missing,Not available,70.6233,Derived,Estimation interval (±20-30%),,Missing,Not available,,Missing,Not available,9.9481
MKT-030_D028,MKT-030,Hyderabad,Financial District,Commercial Office,Established,D,28,20260919,2026-09-19,67.1741,Estimated,Estimation interval (±20-30%),10911.1509,Estimated,Estimation interval (±20-30%),6.8886,Estimated,Estimation interval (±20-30%),6.7917,Estimated,Estimation interval (±20-30%),,Missing,Not available,,Missing,Not available,74.3383,Derived,Estimation interval (±20-30%),,Missing,Not available,,Missing,Not available,7.3878
MKT-030_D029,MKT-030,Hyderabad,Financial District,Commercial Office,Established,D,29,20260919,2026-09-19,76.3198,Estimated,Estimation interval (±20-30%),9724.1904,Estimated,Estimation interval (±20-30%),5.0941,Estimated,Estimation interval (±20-30%),5.2333,Estimated,Estimation interval (±20-30%),,Missing,Not available,,Missing,Not available,68.2146,Derived,Estimation interval (±20-30%),,Missing,Not available,,Missing,Not available,9.4181
MKT-030_D030,MKT-030,Hyderabad,Financial District,Commercial Office,Established,D,30,20260919,2026-09-19,67.987,Estimated,Estimation interval (±20-30%),9058.2271,Estimated,Estimation interval (±20-30%),5.8913,Estimated,Estimation interval (±20-30%),7.9262,Estimated,Estimation interval (±20-30%),,Missing,Not available,,Missing,Not available,62.3648,Derived,Estimation interval (±20-30%),,Missing,Not available,,Missing,Not available,9.0067
MKT-030_D031,MKT-030,Hyderabad,Financial District,Commercial Office,Established,D,31,20260919,2026-09-19,66.7773,Estimated,Estimation interval (±20-30%),9774.1564,Estimated,Estimation interval (±20-30%),3.2806,Estimated,Estimation interval (±20-30%),6.3452,Estimated,Estimation interval (±20-30%),,Missing,Not available,,Missing,Not available,69.3484,Derived,Estimation interval (±20-30%),,Missing,Not available,,Missing,Not available,8.1984
MKT-030_D032,MKT-030,Hyderabad,Financial District,Commercial Office,Established,D,32,20260919,2026-09-19,77.3778,Estimated,Estimation interval (±20-30%),9669.217,Estimated,Estimation interval (±20-30%),8.0001,Estimated,Estimation interval (±20-30%),10.0766,Estimated,Estimation interval (±20-30%),,Missing,Not available,,Missing,Not available,72.7846,Derived,Estimation interval (±20-30%),,Missing,Not available,,Missing,Not available,9.603
MKT-030_D033,MKT-030,Hyderabad,Financial District,Commercial Office,Established,D,33,20260919,2026-09-19,64.9296,Estimated,Estimation interval (±20-30%),9415.2707,Estimated,Estimation interval (±20-30%),4.7202,Estimated,Estimation interval (±20-30%),7.5747,Estimated,Estimation interval (±20-30%),,Missing,Not available,,Missing,Not available,70.2985,Derived,Estimation interval (±20-30%),,Missing,Not available,,Missing,Not available,8.2754
MKT-030_D034,MKT-030,Hyderabad,Financial District,Commercial Office,Established,D,34,20260919,2026-09-19,73.0857,Estimated,Estimation interval (±20-30%),10054.566,Estimated,Estimation interval (±20-30%),3.2397,Estimated,Estimation interval (±20-30%),9.6878,Estimated,Estimation interval (±20-30%),,Missing,Not available,,Missing,Not available,64.0369,Derived,Estimation interval (±20-30%),,Missing,Not available,,Missing,Not available,8.7227
MKT-030_D035,MKT-030,Hyderabad,Financial District,Commercial Office,Established,D,35,20260919,2026-09-19,66.0537,Estimated,Estimation interval (±20-30%),9337.2977,Estimated,Estimation interval (±20-30%),6.2877,Estimated,Estimation interval (±20-30%),6.0598,Estimated,Estimation interval (±20-30%),,Missing,Not available,,Missing,Not available,62.7101,Derived,Estimation interval (±20-30%),,Missing,Not available,,Missing,Not available,8.489
MKT-030_D036,MKT-030,Hyderabad,Financial District,Commercial Office,Established,D,36,20260919,2026-09-19,78.9558,Estimated,Estimation interval (±20-30%),9318.6237,Estimated,Estimation interval (±20-30%),7.1702,Estimated,Estimation interval (±20-30%),6.3741,Estimated,Estimation interval (±20-30%),,Missing,Not available,,Missing,Not available,62.3093,Derived,Estimation interval (±20-30%),,Missing,Not available,,Missing,Not available,10.1675
MKT-030_D037,MKT-030,Hyderabad,Financial District,Commercial Office,Established,D,37,20260919,2026-09-19,72.8107,Estimated,Estimation interval (±20-30%),11599.9682,Estimated,Estimation interval (±20-30%),6.013,Estimated,Estimation interval (±20-30%),7.4261,Estimated,Estimation interval (±20-30%),,Missing,Not available,,Missing,Not available,66.2626,Derived,Estimation interval (±20-30%),,Missing,Not available,,Missing,Not available,7.5322
MKT-030_D038,MKT-030,Hyderabad,Financial District,Commercial Office,Established,D,38,20260919,2026-09-19,74.5687,Estimated,Estimation interval (±20-30%),9357.5878,Estimated,Estimation interval (±20-30%),8.2537,Estimated,Estimation interval (±20-30%),6.0153,Estimated,Estimation interval (±20-30%),,Missing,Not available,,Missing,Not available,62.6484,Derived,Estimation interval (±20-30%),,Missing,Not available,,Missing,Not available,9.5626
MKT-030_D039,MKT-030,Hyderabad,Financial District,Commercial Office,Established,D,39,20260919,2026-09-19,68.3459,Estimated,Estimation interval (±20-30%),11727.7101,Estimated,Estimation interval (±20-30%),6.9048,Estimated,Estimation interval (±20-30%),8.703,Estimated,Estimation interval (±20-30%),,Missing,Not available,,Missing,Not available,71.8255,Derived,Estimation interval (±20-30%),,Missing,Not available,,Missing,Not available,6.9933
MKT-030_D040,MKT-030,Hyderabad,Financial District,Commercial Office,Established,D,40,20260919,2026-09-19,69.4863,Estimated,Estimation interval (±20-30%),10306.6222,Estimated,Estimation interval (±20-30%),6.1569,Estimated,Estimation interval (±20-30%),8.232,Estimated,Estimation interval (±20-30%),,Missing,Not available,,Missing,Not available,75.7157,Derived,Estimation interval (±20-30%),,Missing,Not available,,Missing,Not available,8.0903
MKT-031_D001,MKT-031,Hyderabad,Pocharam,Commercial Office,Peripheral,E,1,20260919,2026-09-19,41.3457,Synthetic,Uncertainty band (±30-40%),7026.4442,Synthetic,Uncertainty band (±30-40%),8.1567,Synthetic,Uncertainty band (±30-40%),4.8422,Synthetic,Uncertainty band (±30-40%),,Missing,Not available,,Missing,Not available,63.845,Derived,Uncertainty band (±30-40%),,Missing,Not available,,Missing,Not available,7.0612
MKT-031_D002,MKT-031,Hyderabad,Pocharam,Commercial Office,Peripheral,E,2,20260919,2026-09-19,40.8532,Synthetic,Uncertainty band (±30-40%),6337.8777,Synthetic,Uncertainty band (±30-40%),8.2159,Synthetic,Uncertainty band (±30-40%),3.9877,Synthetic,Uncertainty band (±30-40%),,Missing,Not available,,Missing,Not available,57.2117,Derived,Uncertainty band (±30-40%),,Missing,Not available,,Missing,Not available,7.7351
MKT-031_D003,MKT-031,Hyderabad,Pocharam,Commercial Office,Peripheral,E,3,20260919,2026-09-19,49.1957,Synthetic,Uncertainty band (±30-40%),5627.8742,Synthetic,Uncertainty band (±30-40%),8.3595,Synthetic,Uncertainty band (±30-40%),6.1548,Synthetic,Uncertainty band (±30-40%),,Missing,Not available,,Missing,Not available,59.6635,Derived,Uncertainty band (±30-40%),,Missing,Not available,,Missing,Not available,10.4897
MKT-031_D004,MKT-031,Hyderabad,Pocharam,Commercial Office,Peripheral,E,4,20260919,2026-09-19,47.462,Synthetic,Uncertainty band (±30-40%),5340.616,Synthetic,Uncertainty band (±30-40%),6.0607,Synthetic,Uncertainty band (±30-40%),6.5189,Synthetic,Uncertainty band (±30-40%),,Missing,Not available,,Missing,Not available,46.9533,Derived,Uncertainty band (±30-40%),,Missing,Not available,,Missing,Not available,10.6644
MKT-031_D005,MKT-031,Hyderabad,Pocharam,Commercial Office,Peripheral,E,5,20260919,2026-09-19,39.2085,Synthetic,Uncertainty band (±30-40%),5993.1208,Synthetic,Uncertainty band (±30-40%),8.1644,Synthetic,Uncertainty band (±30-40%),5.252,Synthetic,Uncertainty band (±30-40%),,Missing,Not available,,Missing,Not available,59.9801,Derived,Uncertainty band (±30-40%),,Missing,Not available,,Missing,Not available,7.8507
MKT-031_D006,MKT-031,Hyderabad,Pocharam,Commercial Office,Peripheral,E,6,20260919,2026-09-19,47.1831,Synthetic,Uncertainty band (±30-40%),5523.6675,Synthetic,Uncertainty band (±30-40%),6.7426,Synthetic,Uncertainty band (±30-40%),5.8339,Synthetic,Uncertainty band (±30-40%),,Missing,Not available,,Missing,Not available,44.9009,Derived,Uncertainty band (±30-40%),,Missing,Not available,,Missing,Not available,10.2504
MKT-031_D007,MKT-031,Hyderabad,Pocharam,Commercial Office,Peripheral,E,7,20260919,2026-09-19,41.8069,Synthetic,Uncertainty band (±30-40%),5975.3478,Synthetic,Uncertainty band (±30-40%),3.5144,Synthetic,Uncertainty band (±30-40%),9.3329,Synthetic,Uncertainty band (±30-40%),,Missing,Not available,,Missing,Not available,53.1517,Derived,Uncertainty band (±30-40%),,Missing,Not available,,Missing,Not available,8.3959
MKT-031_D008,MKT-031,Hyderabad,Pocharam,Commercial Office,Peripheral,E,8,20260919,2026-09-19,51.7704,Synthetic,Uncertainty band (±30-40%),4047.2143,Synthetic,Uncertainty band (±30-40%),3.3247,Synthetic,Uncertainty band (±30-40%),6.2554,Synthetic,Uncertainty band (±30-40%),,Missing,Not available,,Missing,Not available,52.8322,Derived,Uncertainty band (±30-40%),,Missing,Not available,,Missing,Not available,15.3499
MKT-031_D009,MKT-031,Hyderabad,Pocharam,Commercial Office,Peripheral,E,9,20260919,2026-09-19,43.3839,Synthetic,Uncertainty band (±30-40%),4156.8241,Synthetic,Uncertainty band (±30-40%),4.163,Synthetic,Uncertainty band (±30-40%),6.1802,Synthetic,Uncertainty band (±30-40%),,Missing,Not available,,Missing,Not available,62.3265,Derived,Uncertainty band (±30-40%),,Missing,Not available,,Missing,Not available,12.5241
MKT-031_D010,MKT-031,Hyderabad,Pocharam,Commercial Office,Peripheral,E,10,20260919,2026-09-19,44.925,Synthetic,Uncertainty band (±30-40%),5025.62,Synthetic,Uncertainty band (±30-40%),7.88,Synthetic,Uncertainty band (±30-40%),6.5768,Synthetic,Uncertainty band (±30-40%),,Missing,Not available,,Missing,Not available,55.6139,Derived,Uncertainty band (±30-40%),,Missing,Not available,,Missing,Not available,10.727
MKT-031_D011,MKT-031,Hyderabad,Pocharam,Commercial Office,Peripheral,E,11,20260919,2026-09-19,47.8701,Synthetic,Uncertainty band (±30-40%),5473.5805,Synthetic,Uncertainty band (±30-40%),5.9463,Synthetic,Uncertainty band (±30-40%),7.48,Synthetic,Uncertainty band (±30-40%),,Missing,Not available,,Missing,Not available,43.3148,Derived,Uncertainty band (±30-40%),,Missing,Not available,,Missing,Not available,10.4948
MKT-031_D012,MKT-031,Hyderabad,Pocharam,Commercial Office,Peripheral,E,12,20260919,2026-09-19,48.1835,Synthetic,Uncertainty band (±30-40%),5542.5756,Synthetic,Uncertainty band (±30-40%),7.674,Synthetic,Uncertainty band (±30-40%),5.9484,Synthetic,Uncertainty band (±30-40%),,Missing,Not available,,Missing,Not available,55.9144,Derived,Uncertainty band (±30-40%),,Missing,Not available,,Missing,Not available,10.432
MKT-031_D013,MKT-031,Hyderabad,Pocharam,Commercial Office,Peripheral,E,13,20260919,2026-09-19,43.152,Synthetic,Uncertainty band (±30-40%),5682.9318,Synthetic,Uncertainty band (±30-40%),4.6003,Synthetic,Uncertainty band (±30-40%),6.2007,Synthetic,Uncertainty band (±30-40%),,Missing,Not available,,Missing,Not available,40.0296,Derived,Uncertainty band (±30-40%),,Missing,Not available,,Missing,Not available,9.1119
MKT-031_D014,MKT-031,Hyderabad,Pocharam,Commercial Office,Peripheral,E,14,20260919,2026-09-19,40.9906,Synthetic,Uncertainty band (±30-40%),5978.5924,Synthetic,Uncertainty band (±30-40%),4.4315,Synthetic,Uncertainty band (±30-40%),4.5073,Synthetic,Uncertainty band (±30-40%),,Missing,Not available,,Missing,Not available,44.4165,Derived,Uncertainty band (±30-40%),,Missing,Not available,,Missing,Not available,8.2275
MKT-031_D015,MKT-031,Hyderabad,Pocharam,Commercial Office,Peripheral,E,15,20260919,2026-09-19,40.3943,Synthetic,Uncertainty band (±30-40%),4710.2693,Synthetic,Uncertainty band (±30-40%),7.6222,Synthetic,Uncertainty band (±30-40%),5.9152,Synthetic,Uncertainty band (±30-40%),,Missing,Not available,,Missing,Not available,54.0085,Derived,Uncertainty band (±30-40%),,Missing,Not available,,Missing,Not available,10.291
MKT-031_D016,MKT-031,Hyderabad,Pocharam,Commercial Office,Peripheral,E,16,20260919,2026-09-19,46.6074,Synthetic,Uncertainty band (±30-40%),4159.4687,Synthetic,Uncertainty band (±30-40%),5.139,Synthetic,Uncertainty band (±30-40%),6.9963,Synthetic,Uncertainty band (±30-40%),,Missing,Not available,,Missing,Not available,51.0879,Derived,Uncertainty band (±30-40%),,Missing,Not available,,Missing,Not available,13.4462
MKT-031_D017,MKT-031,Hyderabad,Pocharam,Commercial Office,Peripheral,E,17,20260919,2026-09-19,48.4774,Synthetic,Uncertainty band (±30-40%),4883.9052,Synthetic,Uncertainty band (±30-40%),6.0794,Synthetic,Uncertainty band (±30-40%),7.0559,Synthetic,Uncertainty band (±30-40%),,Missing,Not available,,Missing,Not available,53.9433,Derived,Uncertainty band (±30-40%),,Missing,Not available,,Missing,Not available,11.9111
MKT-031_D018,MKT-031,Hyderabad,Pocharam,Commercial Office,Peripheral,E,18,20260919,2026-09-19,42.3103,Synthetic,Uncertainty band (±30-40%),5121.6573,Synthetic,Uncertainty band (±30-40%),7.6503,Synthetic,Uncertainty band (±30-40%),7.127,Synthetic,Uncertainty band (±30-40%),,Missing,Not available,,Missing,Not available,56.6525,Derived,Uncertainty band (±30-40%),,Missing,Not available,,Missing,Not available,9.9133
MKT-031_D019,MKT-031,Hyderabad,Pocharam,Commercial Office,Peripheral,E,19,20260919,2026-09-19,54.279,Synthetic,Uncertainty band (±30-40%),4343.021,Synthetic,Uncertainty band (±30-40%),5.1399,Synthetic,Uncertainty band (±30-40%),6.3133,Synthetic,Uncertainty band (±30-40%),,Missing,Not available,,Missing,Not available,50.4503,Derived,Uncertainty band (±30-40%),,Missing,Not available,,Missing,Not available,14.9976
MKT-031_D020,MKT-031,Hyderabad,Pocharam,Commercial Office,Peripheral,E,20,20260919,2026-09-19,51.3787,Synthetic,Uncertainty band (±30-40%),3760.0816,Synthetic,Uncertainty band (±30-40%),6.3592,Synthetic,Uncertainty band (±30-40%),9.7928,Synthetic,Uncertainty band (±30-40%),,Missing,Not available,,Missing,Not available,56.998,Derived,Uncertainty band (±30-40%),,Missing,Not available,,Missing,Not available,16.3971
MKT-031_D021,MKT-031,Hyderabad,Pocharam,Commercial Office,Peripheral,E,21,20260919,2026-09-19,43.8958,Synthetic,Uncertainty band (±30-40%),7358.2261,Synthetic,Uncertainty band (±30-40%),8.1073,Synthetic,Uncertainty band (±30-40%),8.9416,Synthetic,Uncertainty band (±30-40%),,Missing,Not available,,Missing,Not available,47.1227,Derived,Uncertainty band (±30-40%),,Missing,Not available,,Missing,Not available,7.1586
MKT-031_D022,MKT-031,Hyderabad,Pocharam,Commercial Office,Peripheral,E,22,20260919,2026-09-19,41.4958,Synthetic,Uncertainty band (±30-40%),5739.3341,Synthetic,Uncertainty band (±30-40%),4.7304,Synthetic,Uncertainty band (±30-40%),5.7015,Synthetic,Uncertainty band (±30-40%),,Missing,Not available,,Missing,Not available,53.2096,Derived,Uncertainty band (±30-40%),,Missing,Not available,,Missing,Not available,8.6761
MKT-031_D023,MKT-031,Hyderabad,Pocharam,Commercial Office,Peripheral,E,23,20260919,2026-09-19,42.0038,Synthetic,Uncertainty band (±30-40%),5327.0548,Synthetic,Uncertainty band (±30-40%),6.0816,Synthetic,Uncertainty band (±30-40%),8.7817,Synthetic,Uncertainty band (±30-40%),,Missing,Not available,,Missing,Not available,52.1294,Derived,Uncertainty band (±30-40%),,Missing,Not available,,Missing,Not available,9.462
MKT-031_D024,MKT-031,Hyderabad,Pocharam,Commercial Office,Peripheral,E,24,20260919,2026-09-19,39.5789,Synthetic,Uncertainty band (±30-40%),4585.7511,Synthetic,Uncertainty band (±30-40%),8.7402,Synthetic,Uncertainty band (±30-40%),7.5545,Synthetic,Uncertainty band (±30-40%),,Missing,Not available,,Missing,Not available,43.9155,Derived,Uncertainty band (±30-40%),,Missing,Not available,,Missing,Not available,10.357
MKT-031_D025,MKT-031,Hyderabad,Pocharam,Commercial Office,Peripheral,E,25,20260919,2026-09-19,49.5304,Synthetic,Uncertainty band (±30-40%),5661.5226,Synthetic,Uncertainty band (±30-40%),5.4148,Synthetic,Uncertainty band (±30-40%),6.3616,Synthetic,Uncertainty band (±30-40%),,Missing,Not available,,Missing,Not available,50.9787,Derived,Uncertainty band (±30-40%),,Missing,Not available,,Missing,Not available,10.4983
MKT-031_D026,MKT-031,Hyderabad,Pocharam,Commercial Office,Peripheral,E,26,20260919,2026-09-19,52.1678,Synthetic,Uncertainty band (±30-40%),3859.2521,Synthetic,Uncertainty band (±30-40%),5.8067,Synthetic,Uncertainty band (±30-40%),8.1252,Synthetic,Uncertainty band (±30-40%),,Missing,Not available,,Missing,Not available,42.5813,Derived,Uncertainty band (±30-40%),,Missing,Not available,,Missing,Not available,16.2211
MKT-031_D027,MKT-031,Hyderabad,Pocharam,Commercial Office,Peripheral,E,27,20260919,2026-09-19,48.6615,Synthetic,Uncertainty band (±30-40%),5483.7504,Synthetic,Uncertainty band (±30-40%),2.747,Synthetic,Uncertainty band (±30-40%),4.6851,Synthetic,Uncertainty band (±30-40%),,Missing,Not available,,Missing,Not available,63.575,Derived,Uncertainty band (±30-40%),,Missing,Not available,,Missing,Not available,10.6485
MKT-031_D028,MKT-031,Hyderabad,Pocharam,Commercial Office,Peripheral,E,28,20260919,2026-09-19,45.803,Synthetic,Uncertainty band (±30-40%),4585.8176,Synthetic,Uncertainty band (±30-40%),7.6064,Synthetic,Uncertainty band (±30-40%),4.11,Synthetic,Uncertainty band (±30-40%),,Missing,Not available,,Missing,Not available,44.822,Derived,Uncertainty band (±30-40%),,Missing,Not available,,Missing,Not available,11.9856
MKT-031_D029,MKT-031,Hyderabad,Pocharam,Commercial Office,Peripheral,E,29,20260919,2026-09-19,44.5576,Synthetic,Uncertainty band (±30-40%),6421.7093,Synthetic,Uncertainty band (±30-40%),3.8261,Synthetic,Uncertainty band (±30-40%),5.8193,Synthetic,Uncertainty band (±30-40%),,Missing,Not available,,Missing,Not available,45.4991,Derived,Uncertainty band (±30-40%),,Missing,Not available,,Missing,Not available,8.3263
MKT-031_D030,MKT-031,Hyderabad,Pocharam,Commercial Office,Peripheral,E,30,20260919,2026-09-19,49.8015,Synthetic,Uncertainty band (±30-40%),4599.0551,Synthetic,Uncertainty band (±30-40%),4.8121,Synthetic,Uncertainty band (±30-40%),2.9987,Synthetic,Uncertainty band (±30-40%),,Missing,Not available,,Missing,Not available,46.0616,Derived,Uncertainty band (±30-40%),,Missing,Not available,,Missing,Not available,12.9944
MKT-031_D031,MKT-031,Hyderabad,Pocharam,Commercial Office,Peripheral,E,31,20260919,2026-09-19,50.3184,Synthetic,Uncertainty band (±30-40%),4635.2454,Synthetic,Uncertainty band (±30-40%),8.727,Synthetic,Uncertainty band (±30-40%),7.5809,Synthetic,Uncertainty band (±30-40%),,Missing,Not available,,Missing,Not available,53.6561,Derived,Uncertainty band (±30-40%),,Missing,Not available,,Missing,Not available,13.0267
MKT-031_D032,MKT-031,Hyderabad,Pocharam,Commercial Office,Peripheral,E,32,20260919,2026-09-19,40.4853,Synthetic,Uncertainty band (±30-40%),4103.1021,Synthetic,Uncertainty band (±30-40%),7.0737,Synthetic,Uncertainty band (±30-40%),7.2162,Synthetic,Uncertainty band (±30-40%),,Missing,Not available,,Missing,Not available,52.8608,Derived,Uncertainty band (±30-40%),,Missing,Not available,,Missing,Not available,11.8404
MKT-031_D033,MKT-031,Hyderabad,Pocharam,Commercial Office,Peripheral,E,33,20260919,2026-09-19,43.3674,Synthetic,Uncertainty band (±30-40%),4993.8427,Synthetic,Uncertainty band (±30-40%),6.0854,Synthetic,Uncertainty band (±30-40%),6.3255,Synthetic,Uncertainty band (±30-40%),,Missing,Not available,,Missing,Not available,51.8772,Derived,Uncertainty band (±30-40%),,Missing,Not available,,Missing,Not available,10.421
MKT-031_D034,MKT-031,Hyderabad,Pocharam,Commercial Office,Peripheral,E,34,20260919,2026-09-19,46.073,Synthetic,Uncertainty band (±30-40%),5967.2987,Synthetic,Uncertainty band (±30-40%),6.7625,Synthetic,Uncertainty band (±30-40%),8.504,Synthetic,Uncertainty band (±30-40%),,Missing,Not available,,Missing,Not available,55.401,Derived,Uncertainty band (±30-40%),,Missing,Not available,,Missing,Not available,9.2651
MKT-031_D035,MKT-031,Hyderabad,Pocharam,Commercial Office,Peripheral,E,35,20260919,2026-09-19,54.2881,Synthetic,Uncertainty band (±30-40%),5964.9493,Synthetic,Uncertainty band (±30-40%),7.4971,Synthetic,Uncertainty band (±30-40%),6.4947,Synthetic,Uncertainty band (±30-40%),,Missing,Not available,,Missing,Not available,45.754,Derived,Uncertainty band (±30-40%),,Missing,Not available,,Missing,Not available,10.9214
MKT-031_D036,MKT-031,Hyderabad,Pocharam,Commercial Office,Peripheral,E,36,20260919,2026-09-19,53.5456,Synthetic,Uncertainty band (±30-40%),5843.2929,Synthetic,Uncertainty band (±30-40%),5.9295,Synthetic,Uncertainty band (±30-40%),6.8073,Synthetic,Uncertainty band (±30-40%),,Missing,Not available,,Missing,Not available,53.363,Derived,Uncertainty band (±30-40%),,Missing,Not available,,Missing,Not available,10.9963
MKT-031_D037,MKT-031,Hyderabad,Pocharam,Commercial Office,Peripheral,E,37,20260919,2026-09-19,45.5653,Synthetic,Uncertainty band (±30-40%),7070.0741,Synthetic,Uncertainty band (±30-40%),5.8928,Synthetic,Uncertainty band (±30-40%),7.5081,Synthetic,Uncertainty band (±30-40%),,Missing,Not available,,Missing,Not available,52.8686,Derived,Uncertainty band (±30-40%),,Missing,Not available,,Missing,Not available,7.7338
MKT-031_D038,MKT-031,Hyderabad,Pocharam,Commercial Office,Peripheral,E,38,20260919,2026-09-19,43.6217,Synthetic,Uncertainty band (±30-40%),4232.7675,Synthetic,Uncertainty band (±30-40%),7.1645,Synthetic,Uncertainty band (±30-40%),7.3654,Synthetic,Uncertainty band (±30-40%),,Missing,Not available,,Missing,Not available,47.9101,Derived,Uncertainty band (±30-40%),,Missing,Not available,,Missing,Not available,12.3669
MKT-031_D039,MKT-031,Hyderabad,Pocharam,Commercial Office,Peripheral,E,39,20260919,2026-09-19,39.0477,Synthetic,Uncertainty band (±30-40%),5211.5797,Synthetic,Uncertainty band (±30-40%),4.9697,Synthetic,Uncertainty band (±30-40%),7.8572,Synthetic,Uncertainty band (±30-40%),,Missing,Not available,,Missing,Not available,49.4451,Derived,Uncertainty band (±30-40%),,Missing,Not available,,Missing,Not available,8.991
MKT-031_D040,MKT-031,Hyderabad,Pocharam,Commercial Office,Peripheral,E,40,20260919,2026-09-19,41.5254,Synthetic,Uncertainty band (±30-40%),6537.7596,Synthetic,Uncertainty band (±30-40%),5.1598,Synthetic,Uncertainty band (±30-40%),8.6605,Synthetic,Uncertainty band (±30-40%),,Missing,Not available,,Missing,Not available,50.4148,Derived,Uncertainty band (±30-40%),,Missing,Not available,,Missing,Not available,7.622
MKT-032_D001,MKT-032,Pune,Magarpatta City,Commercial Office,Established,D,1,20260919,2026-09-19,75.1552,Estimated,Estimation interval (±20-30%),8157.6979,Estimated,Estimation interval (±20-30%),6.1453,Estimated,Estimation interval (±20-30%),9.8497,Estimated,Estimation interval (±20-30%),,Missing,Not available,,Missing,Not available,61.2261,Derived,Estimation interval (±20-30%),,Missing,Not available,,Missing,Not available,11.0554
MKT-032_D002,MKT-032,Pune,Magarpatta City,Commercial Office,Established,D,2,20260919,2026-09-19,66.1286,Estimated,Estimation interval (±20-30%),9104.0326,Estimated,Estimation interval (±20-30%),7.5012,Estimated,Estimation interval (±20-30%),6.0238,Estimated,Estimation interval (±20-30%),,Missing,Not available,,Missing,Not available,68.7938,Derived,Estimation interval (±20-30%),,Missing,Not available,,Missing,Not available,8.7164
MKT-032_D003,MKT-032,Pune,Magarpatta City,Commercial Office,Established,D,3,20260919,2026-09-19,65.0176,Estimated,Estimation interval (±20-30%),9651.307,Estimated,Estimation interval (±20-30%),7.7987,Estimated,Estimation interval (±20-30%),8.4616,Estimated,Estimation interval (±20-30%),,Missing,Not available,,Missing,Not available,60.3306,Derived,Estimation interval (±20-30%),,Missing,Not available,,Missing,Not available,8.084
MKT-032_D004,MKT-032,Pune,Magarpatta City,Commercial Office,Established,D,4,20260919,2026-09-19,67.5658,Estimated,Estimation interval (±20-30%),9983.8023,Estimated,Estimation interval (±20-30%),5.6734,Estimated,Estimation interval (±20-30%),5.8098,Estimated,Estimation interval (±20-30%),,Missing,Not available,,Missing,Not available,61.6875,Derived,Estimation interval (±20-30%),,Missing,Not available,,Missing,Not available,8.1211
MKT-032_D005,MKT-032,Pune,Magarpatta City,Commercial Office,Established,D,5,20260919,2026-09-19,63.138,Estimated,Estimation interval (±20-30%),9707.169,Estimated,Estimation interval (±20-30%),7.4618,Estimated,Estimation interval (±20-30%),6.9244,Estimated,Estimation interval (±20-30%),,Missing,Not available,,Missing,Not available,71.6448,Derived,Estimation interval (±20-30%),,Missing,Not available,,Missing,Not available,7.8051
MKT-032_D006,MKT-032,Pune,Magarpatta City,Commercial Office,Established,D,6,20260919,2026-09-19,66.8617,Estimated,Estimation interval (±20-30%),6817.5167,Estimated,Estimation interval (±20-30%),7.7795,Estimated,Estimation interval (±20-30%),8.7656,Estimated,Estimation interval (±20-30%),,Missing,Not available,,Missing,Not available,69.7733,Derived,Estimation interval (±20-30%),,Missing,Not available,,Missing,Not available,11.7688
MKT-032_D007,MKT-032,Pune,Magarpatta City,Commercial Office,Established,D,7,20260919,2026-09-19,65.1623,Estimated,Estimation interval (±20-30%),10477.7952,Estimated,Estimation interval (±20-30%),4.4136,Estimated,Estimation interval (±20-30%),9.7588,Estimated,Estimation interval (±20-30%),,Missing,Not available,,Missing,Not available,68.2033,Derived,Estimation interval (±20-30%),,Missing,Not available,,Missing,Not available,7.4629
MKT-032_D008,MKT-032,Pune,Magarpatta City,Commercial Office,Established,D,8,20260919,2026-09-19,64.8056,Estimated,Estimation interval (±20-30%),9430.0477,Estimated,Estimation interval (±20-30%),6.7199,Estimated,Estimation interval (±20-30%),8.0667,Estimated,Estimation interval (±20-30%),,Missing,Not available,,Missing,Not available,66.7645,Derived,Estimation interval (±20-30%),,Missing,Not available,,Missing,Not available,8.2467
MKT-032_D009,MKT-032,Pune,Magarpatta City,Commercial Office,Established,D,9,20260919,2026-09-19,62.4906,Estimated,Estimation interval (±20-30%),8508.8555,Estimated,Estimation interval (±20-30%),4.8539,Estimated,Estimation interval (±20-30%),7.9858,Estimated,Estimation interval (±20-30%),,Missing,Not available,,Missing,Not available,60.3378,Derived,Estimation interval (±20-30%),,Missing,Not available,,Missing,Not available,8.813
MKT-032_D010,MKT-032,Pune,Magarpatta City,Commercial Office,Established,D,10,20260919,2026-09-19,65.7417,Estimated,Estimation interval (±20-30%),6960.2267,Estimated,Estimation interval (±20-30%),7.1044,Estimated,Estimation interval (±20-30%),8.0845,Estimated,Estimation interval (±20-30%),,Missing,Not available,,Missing,Not available,63.0164,Derived,Estimation interval (±20-30%),,Missing,Not available,,Missing,Not available,11.3344
MKT-032_D011,MKT-032,Pune,Magarpatta City,Commercial Office,Established,D,11,20260919,2026-09-19,67.5546,Estimated,Estimation interval (±20-30%),7595.2831,Estimated,Estimation interval (±20-30%),7.0652,Estimated,Estimation interval (±20-30%),6.1289,Estimated,Estimation interval (±20-30%),,Missing,Not available,,Missing,Not available,62.9527,Derived,Estimation interval (±20-30%),,Missing,Not available,,Missing,Not available,10.6731
MKT-032_D012,MKT-032,Pune,Magarpatta City,Commercial Office,Established,D,12,20260919,2026-09-19,73.6343,Estimated,Estimation interval (±20-30%),8096.8867,Estimated,Estimation interval (±20-30%),7.5444,Estimated,Estimation interval (±20-30%),8.1888,Estimated,Estimation interval (±20-30%),,Missing,Not available,,Missing,Not available,69.9159,Derived,Estimation interval (±20-30%),,Missing,Not available,,Missing,Not available,10.913
MKT-032_D013,MKT-032,Pune,Magarpatta City,Commercial Office,Established,D,13,20260919,2026-09-19,57.3462,Estimated,Estimation interval (±20-30%),10895.9524,Estimated,Estimation interval (±20-30%),4.5776,Estimated,Estimation interval (±20-30%),5.573,Estimated,Estimation interval (±20-30%),,Missing,Not available,,Missing,Not available,71.4419,Derived,Estimation interval (±20-30%),,Missing,Not available,,Missing,Not available,6.3157
MKT-032_D014,MKT-032,Pune,Magarpatta City,Commercial Office,Established,D,14,20260919,2026-09-19,70.0777,Estimated,Estimation interval (±20-30%),8888.2241,Estimated,Estimation interval (±20-30%),5.5853,Estimated,Estimation interval (±20-30%),9.3151,Estimated,Estimation interval (±20-30%),,Missing,Not available,,Missing,Not available,74.5944,Derived,Estimation interval (±20-30%),,Missing,Not available,,Missing,Not available,9.4612
MKT-032_D015,MKT-032,Pune,Magarpatta City,Commercial Office,Established,D,15,20260919,2026-09-19,66.6559,Estimated,Estimation interval (±20-30%),9247.5046,Estimated,Estimation interval (±20-30%),4.8806,Estimated,Estimation interval (±20-30%),6.8471,Estimated,Estimation interval (±20-30%),,Missing,Not available,,Missing,Not available,58.6954,Derived,Estimation interval (±20-30%),,Missing,Not available,,Missing,Not available,8.6496
MKT-032_D016,MKT-032,Pune,Magarpatta City,Commercial Office,Established,D,16,20260919,2026-09-19,64.8837,Estimated,Estimation interval (±20-30%),8627.4598,Estimated,Estimation interval (±20-30%),4.5224,Estimated,Estimation interval (±20-30%),7.84,Estimated,Estimation interval (±20-30%),,Missing,Not available,,Missing,Not available,65.2857,Derived,Estimation interval (±20-30%),,Missing,Not available,,Missing,Not available,9.0247
MKT-032_D017,MKT-032,Pune,Magarpatta City,Commercial Office,Established,D,17,20260919,2026-09-19,61.1324,Estimated,Estimation interval (±20-30%),8184.065,Estimated,Estimation interval (±20-30%),5.9893,Estimated,Estimation interval (±20-30%),7.2182,Estimated,Estimation interval (±20-30%),,Missing,Not available,,Missing,Not available,69.2294,Derived,Estimation interval (±20-30%),,Missing,Not available,,Missing,Not available,8.9636
MKT-032_D018,MKT-032,Pune,Magarpatta City,Commercial Office,Established,D,18,20260919,2026-09-19,75.0199,Estimated,Estimation interval (±20-30%),7581.7812,Estimated,Estimation interval (±20-30%),4.3666,Estimated,Estimation interval (±20-30%),7.9853,Estimated,Estimation interval (±20-30%),,Missing,Not available,,Missing,Not available,72.5186,Derived,Estimation interval (±20-30%),,Missing,Not available,,Missing,Not available,11.8737
MKT-032_D019,MKT-032,Pune,Magarpatta City,Commercial Office,Established,D,19,20260919,2026-09-19,65.8991,Estimated,Estimation interval (±20-30%),7190.3611,Estimated,Estimation interval (±20-30%),6.0841,Estimated,Estimation interval (±20-30%),7.6622,Estimated,Estimation interval (±20-30%),,Missing,Not available,,Missing,Not available,71.8475,Derived,Estimation interval (±20-30%),,Missing,Not available,,Missing,Not available,10.9979
MKT-032_D020,MKT-032,Pune,Magarpatta City,Commercial Office,Established,D,20,20260919,2026-09-19,71.8821,Estimated,Estimation interval (±20-30%),11236.4083,Estimated,Estimation interval (±20-30%),3.8085,Estimated,Estimation interval (±20-30%),10.2739,Estimated,Estimation interval (±20-30%),,Missing,Not available,,Missing,Not available,66.5698,Derived,Estimation interval (±20-30%),,Missing,Not available,,Missing,Not available,7.6767
MKT-032_D021,MKT-032,Pune,Magarpatta City,Commercial Office,Established,D,21,20260919,2026-09-19,60.3465,Estimated,Estimation interval (±20-30%),9485.7281,Estimated,Estimation interval (±20-30%),5.5409,Estimated,Estimation interval (±20-30%),5.0711,Estimated,Estimation interval (±20-30%),,Missing,Not available,,Missing,Not available,62.799,Derived,Estimation interval (±20-30%),,Missing,Not available,,Missing,Not available,7.6342
MKT-032_D022,MKT-032,Pune,Magarpatta City,Commercial Office,Established,D,22,20260919,2026-09-19,65.5642,Estimated,Estimation interval (±20-30%),8538.3107,Estimated,Estimation interval (±20-30%),5.786,Estimated,Estimation interval (±20-30%),9.7214,Estimated,Estimation interval (±20-30%),,Missing,Not available,,Missing,Not available,70.4066,Derived,Estimation interval (±20-30%),,Missing,Not available,,Missing,Not available,9.2146
MKT-032_D023,MKT-032,Pune,Magarpatta City,Commercial Office,Established,D,23,20260919,2026-09-19,65.149,Estimated,Estimation interval (±20-30%),10585.9983,Estimated,Estimation interval (±20-30%),7.353,Estimated,Estimation interval (±20-30%),8.3507,Estimated,Estimation interval (±20-30%),,Missing,Not available,,Missing,Not available,67.9796,Derived,Estimation interval (±20-30%),,Missing,Not available,,Missing,Not available,7.3851
MKT-032_D024,MKT-032,Pune,Magarpatta City,Commercial Office,Established,D,24,20260919,2026-09-19,58.5033,Estimated,Estimation interval (±20-30%),8583.8081,Estimated,Estimation interval (±20-30%),6.1102,Estimated,Estimation interval (±20-30%),6.807,Estimated,Estimation interval (±20-30%),,Missing,Not available,,Missing,Not available,69.1386,Derived,Estimation interval (±20-30%),,Missing,Not available,,Missing,Not available,8.1786
MKT-032_D025,MKT-032,Pune,Magarpatta City,Commercial Office,Established,D,25,20260919,2026-09-19,71.9625,Estimated,Estimation interval (±20-30%),9506.1039,Estimated,Estimation interval (±20-30%),5.755,Estimated,Estimation interval (±20-30%),6.4889,Estimated,Estimation interval (±20-30%),,Missing,Not available,,Missing,Not available,67.3688,Derived,Estimation interval (±20-30%),,Missing,Not available,,Missing,Not available,9.0842
MKT-032_D026,MKT-032,Pune,Magarpatta City,Commercial Office,Established,D,26,20260919,2026-09-19,74.1148,Estimated,Estimation interval (±20-30%),8202.815,Estimated,Estimation interval (±20-30%),6.5732,Estimated,Estimation interval (±20-30%),7.5323,Estimated,Estimation interval (±20-30%),,Missing,Not available,,Missing,Not available,63.3575,Derived,Estimation interval (±20-30%),,Missing,Not available,,Missing,Not available,10.8423
MKT-032_D027,MKT-032,Pune,Magarpatta City,Commercial Office,Established,D,27,20260919,2026-09-19,68.3712,Estimated,Estimation interval (±20-30%),7874.7555,Estimated,Estimation interval (±20-30%),5.4495,Estimated,Estimation interval (±20-30%),9.6057,Estimated,Estimation interval (±20-30%),,Missing,Not available,,Missing,Not available,67.2366,Derived,Estimation interval (±20-30%),,Missing,Not available,,Missing,Not available,10.4188
MKT-032_D028,MKT-032,Pune,Magarpatta City,Commercial Office,Established,D,28,20260919,2026-09-19,70.5946,Estimated,Estimation interval (±20-30%),7996.9873,Estimated,Estimation interval (±20-30%),5.271,Estimated,Estimation interval (±20-30%),9.9944,Estimated,Estimation interval (±20-30%),,Missing,Not available,,Missing,Not available,64.0895,Derived,Estimation interval (±20-30%),,Missing,Not available,,Missing,Not available,10.5932
MKT-032_D029,MKT-032,Pune,Magarpatta City,Commercial Office,Established,D,29,20260919,2026-09-19,65.8419,Estimated,Estimation interval (±20-30%),9994.764,Estimated,Estimation interval (±20-30%),5.9144,Estimated,Estimation interval (±20-30%),6.7941,Estimated,Estimation interval (±20-30%),,Missing,Not available,,Missing,Not available,69.4115,Derived,Estimation interval (±20-30%),,Missing,Not available,,Missing,Not available,7.9052
MKT-032_D030,MKT-032,Pune,Magarpatta City,Commercial Office,Established,D,30,20260919,2026-09-19,68.7685,Estimated,Estimation interval (±20-30%),7349.653,Estimated,Estimation interval (±20-30%),6.2756,Estimated,Estimation interval (±20-30%),7.4822,Estimated,Estimation interval (±20-30%),,Missing,Not available,,Missing,Not available,73.5514,Derived,Estimation interval (±20-30%),,Missing,Not available,,Missing,Not available,11.228
MKT-032_D031,MKT-032,Pune,Magarpatta City,Commercial Office,Established,D,31,20260919,2026-09-19,66.2751,Estimated,Estimation interval (±20-30%),8737.2687,Estimated,Estimation interval (±20-30%),6.4831,Estimated,Estimation interval (±20-30%),7.2028,Estimated,Estimation interval (±20-30%),,Missing,Not available,,Missing,Not available,66.5766,Derived,Estimation interval (±20-30%),,Missing,Not available,,Missing,Not available,9.1024
MKT-032_D032,MKT-032,Pune,Magarpatta City,Commercial Office,Established,D,32,20260919,2026-09-19,74.972,Estimated,Estimation interval (±20-30%),10174.8816,Estimated,Estimation interval (±20-30%),5.3392,Estimated,Estimation interval (±20-30%),8.1216,Estimated,Estimation interval (±20-30%),,Missing,Not available,,Missing,Not available,62.0114,Derived,Estimation interval (±20-30%),,Missing,Not available,,Missing,Not available,8.842
MKT-032_D033,MKT-032,Pune,Magarpatta City,Commercial Office,Established,D,33,20260919,2026-09-19,66.6786,Estimated,Estimation interval (±20-30%),7989.9787,Estimated,Estimation interval (±20-30%),6.5498,Estimated,Estimation interval (±20-30%),7.5575,Estimated,Estimation interval (±20-30%),,Missing,Not available,,Missing,Not available,60.2812,Derived,Estimation interval (±20-30%),,Missing,Not available,,Missing,Not available,10.0143
MKT-032_D034,MKT-032,Pune,Magarpatta City,Commercial Office,Established,D,34,20260919,2026-09-19,66.6466,Estimated,Estimation interval (±20-30%),8105.3754,Estimated,Estimation interval (±20-30%),6.0055,Estimated,Estimation interval (±20-30%),5.7964,Estimated,Estimation interval (±20-30%),,Missing,Not available,,Missing,Not available,69.9114,Derived,Estimation interval (±20-30%),,Missing,Not available,,Missing,Not available,9.867
MKT-032_D035,MKT-032,Pune,Magarpatta City,Commercial Office,Established,D,35,20260919,2026-09-19,73.1367,Estimated,Estimation interval (±20-30%),8603.996,Estimated,Estimation interval (±20-30%),4.1044,Estimated,Estimation interval (±20-30%),6.8174,Estimated,Estimation interval (±20-30%),,Missing,Not available,,Missing,Not available,73.9229,Derived,Estimation interval (±20-30%),,Missing,Not available,,Missing,Not available,10.2004
MKT-032_D036,MKT-032,Pune,Magarpatta City,Commercial Office,Established,D,36,20260919,2026-09-19,66.9971,Estimated,Estimation interval (±20-30%),10474.6714,Estimated,Estimation interval (±20-30%),4.9406,Estimated,Estimation interval (±20-30%),7.2576,Estimated,Estimation interval (±20-30%),,Missing,Not available,,Missing,Not available,66.9988,Derived,Estimation interval (±20-30%),,Missing,Not available,,Missing,Not available,7.6753
MKT-032_D037,MKT-032,Pune,Magarpatta City,Commercial Office,Established,D,37,20260919,2026-09-19,70.7017,Estimated,Estimation interval (±20-30%),8934.8256,Estimated,Estimation interval (±20-30%),6.9956,Estimated,Estimation interval (±20-30%),8.3993,Estimated,Estimation interval (±20-30%),,Missing,Not available,,Missing,Not available,66.769,Derived,Estimation interval (±20-30%),,Missing,Not available,,Missing,Not available,9.4957
MKT-032_D038,MKT-032,Pune,Magarpatta City,Commercial Office,Established,D,38,20260919,2026-09-19,66.5492,Estimated,Estimation interval (±20-30%),9490.2458,Estimated,Estimation interval (±20-30%),5.008,Estimated,Estimation interval (±20-30%),5.8805,Estimated,Estimation interval (±20-30%),,Missing,Not available,,Missing,Not available,67.7126,Derived,Estimation interval (±20-30%),,Missing,Not available,,Missing,Not available,8.4149
MKT-032_D039,MKT-032,Pune,Magarpatta City,Commercial Office,Established,D,39,20260919,2026-09-19,67.7198,Estimated,Estimation interval (±20-30%),11293.3643,Estimated,Estimation interval (±20-30%),4.038,Estimated,Estimation interval (±20-30%),5.8188,Estimated,Estimation interval (±20-30%),,Missing,Not available,,Missing,Not available,75.7913,Derived,Estimation interval (±20-30%),,Missing,Not available,,Missing,Not available,7.1957
MKT-032_D040,MKT-032,Pune,Magarpatta City,Commercial Office,Established,D,40,20260919,2026-09-19,65.1172,Estimated,Estimation interval (±20-30%),9600.4774,Estimated,Estimation interval (±20-30%),7.8828,Estimated,Estimation interval (±20-30%),5.6304,Estimated,Estimation interval (±20-30%),,Missing,Not available,,Missing,Not available,66.743,Derived,Estimation interval (±20-30%),,Missing,Not available,,Missing,Not available,8.1392
MKT-033_D001,MKT-033,Pune,Viman Nagar,Commercial Office,Established,D,1,20260919,2026-09-19,73.1104,Estimated,Estimation interval (±20-30%),10444.7501,Estimated,Estimation interval (±20-30%),8.0548,Estimated,Estimation interval (±20-30%),7.6747,Estimated,Estimation interval (±20-30%),,Missing,Not available,,Missing,Not available,67.5319,Derived,Estimation interval (±20-30%),,Missing,Not available,,Missing,Not available,8.3997
MKT-033_D002,MKT-033,Pune,Viman Nagar,Commercial Office,Established,D,2,20260919,2026-09-19,69.7065,Estimated,Estimation interval (±20-30%),10115.51,Estimated,Estimation interval (±20-30%),6.6957,Estimated,Estimation interval (±20-30%),5.9895,Estimated,Estimation interval (±20-30%),,Missing,Not available,,Missing,Not available,67.2403,Derived,Estimation interval (±20-30%),,Missing,Not available,,Missing,Not available,8.2693
MKT-033_D003,MKT-033,Pune,Viman Nagar,Commercial Office,Established,D,3,20260919,2026-09-19,64.9072,Estimated,Estimation interval (±20-30%),8915.8079,Estimated,Estimation interval (±20-30%),5.617,Estimated,Estimation interval (±20-30%),8.335,Estimated,Estimation interval (±20-30%),,Missing,Not available,,Missing,Not available,73.3351,Derived,Estimation interval (±20-30%),,Missing,Not available,,Missing,Not available,8.736
MKT-033_D004,MKT-033,Pune,Viman Nagar,Commercial Office,Established,D,4,20260919,2026-09-19,64.4519,Estimated,Estimation interval (±20-30%),7707.7481,Estimated,Estimation interval (±20-30%),5.4249,Estimated,Estimation interval (±20-30%),9.843,Estimated,Estimation interval (±20-30%),,Missing,Not available,,Missing,Not available,64.5927,Derived,Estimation interval (±20-30%),,Missing,Not available,,Missing,Not available,10.0344
MKT-033_D005,MKT-033,Pune,Viman Nagar,Commercial Office,Established,D,5,20260919,2026-09-19,68.3573,Estimated,Estimation interval (±20-30%),6668.1063,Estimated,Estimation interval (±20-30%),6.8817,Estimated,Estimation interval (±20-30%),7.7827,Estimated,Estimation interval (±20-30%),,Missing,Not available,,Missing,Not available,63.357,Derived,Estimation interval (±20-30%),,Missing,Not available,,Missing,Not available,12.3017
MKT-033_D006,MKT-033,Pune,Viman Nagar,Commercial Office,Established,D,6,20260919,2026-09-19,67.0777,Estimated,Estimation interval (±20-30%),9451.3132,Estimated,Estimation interval (±20-30%),5.6798,Estimated,Estimation interval (±20-30%),5.8958,Estimated,Estimation interval (±20-30%),,Missing,Not available,,Missing,Not available,75.3598,Derived,Estimation interval (±20-30%),,Missing,Not available,,Missing,Not available,8.5166
MKT-033_D007,MKT-033,Pune,Viman Nagar,Commercial Office,Established,D,7,20260919,2026-09-19,57.665,Estimated,Estimation interval (±20-30%),7591.6045,Estimated,Estimation interval (±20-30%),6.4648,Estimated,Estimation interval (±20-30%),9.002,Estimated,Estimation interval (±20-30%),,Missing,Not available,,Missing,Not available,70.4935,Derived,Estimation interval (±20-30%),,Missing,Not available,,Missing,Not available,9.1151
MKT-033_D008,MKT-033,Pune,Viman Nagar,Commercial Office,Established,D,8,20260919,2026-09-19,66.0563,Estimated,Estimation interval (±20-30%),9705.3054,Estimated,Estimation interval (±20-30%),7.1661,Estimated,Estimation interval (±20-30%),6.0299,Estimated,Estimation interval (±20-30%),,Missing,Not available,,Missing,Not available,63.1792,Derived,Estimation interval (±20-30%),,Missing,Not available,,Missing,Not available,8.1674
MKT-033_D009,MKT-033,Pune,Viman Nagar,Commercial Office,Established,D,9,20260919,2026-09-19,69.1253,Estimated,Estimation interval (±20-30%),10297.449,Estimated,Estimation interval (±20-30%),5.5067,Estimated,Estimation interval (±20-30%),8.8921,Estimated,Estimation interval (±20-30%),,Missing,Not available,,Missing,Not available,72.6541,Derived,Estimation interval (±20-30%),,Missing,Not available,,Missing,Not available,8.0554
MKT-033_D010,MKT-033,Pune,Viman Nagar,Commercial Office,Established,D,10,20260919,2026-09-19,62.3738,Estimated,Estimation interval (±20-30%),9282.4478,Estimated,Estimation interval (±20-30%),7.4491,Estimated,Estimation interval (±20-30%),9.1513,Estimated,Estimation interval (±20-30%),,Missing,Not available,,Missing,Not available,67.98,Derived,Estimation interval (±20-30%),,Missing,Not available,,Missing,Not available,8.0635
MKT-033_D011,MKT-033,Pune,Viman Nagar,Commercial Office,Established,D,11,20260919,2026-09-19,68.8107,Estimated,Estimation interval (±20-30%),9367.0702,Estimated,Estimation interval (±20-30%),5.7317,Estimated,Estimation interval (±20-30%),9.0898,Estimated,Estimation interval (±20-30%),,Missing,Not available,,Missing,Not available,69.7685,Derived,Estimation interval (±20-30%),,Missing,Not available,,Missing,Not available,8.8152
MKT-033_D012,MKT-033,Pune,Viman Nagar,Commercial Office,Established,D,12,20260919,2026-09-19,63.5506,Estimated,Estimation interval (±20-30%),9433.8612,Estimated,Estimation interval (±20-30%),4.5908,Estimated,Estimation interval (±20-30%),10.66,Estimated,Estimation interval (±20-30%),,Missing,Not available,,Missing,Not available,75.2481,Derived,Estimation interval (±20-30%),,Missing,Not available,,Missing,Not available,8.0837
MKT-033_D013,MKT-033,Pune,Viman Nagar,Commercial Office,Established,D,13,20260919,2026-09-19,66.785,Estimated,Estimation interval (±20-30%),7038.8144,Estimated,Estimation interval (±20-30%),8.7521,Estimated,Estimation interval (±20-30%),7.2981,Estimated,Estimation interval (±20-30%),,Missing,Not available,,Missing,Not available,69.0755,Derived,Estimation interval (±20-30%),,Missing,Not available,,Missing,Not available,11.3857
MKT-033_D014,MKT-033,Pune,Viman Nagar,Commercial Office,Established,D,14,20260919,2026-09-19,58.737,Estimated,Estimation interval (±20-30%),9712.3862,Estimated,Estimation interval (±20-30%),4.7909,Estimated,Estimation interval (±20-30%),5.1683,Estimated,Estimation interval (±20-30%),,Missing,Not available,,Missing,Not available,68.129,Derived,Estimation interval (±20-30%),,Missing,Not available,,Missing,Not available,7.2572
MKT-033_D015,MKT-033,Pune,Viman Nagar,Commercial Office,Established,D,15,20260919,2026-09-19,58.5512,Estimated,Estimation interval (±20-30%),7509.4701,Estimated,Estimation interval (±20-30%),4.6592,Estimated,Estimation interval (±20-30%),6.995,Estimated,Estimation interval (±20-30%),,Missing,Not available,,Missing,Not available,65.9293,Derived,Estimation interval (±20-30%),,Missing,Not available,,Missing,Not available,9.3564
MKT-033_D016,MKT-033,Pune,Viman Nagar,Commercial Office,Established,D,16,20260919,2026-09-19,60.6921,Estimated,Estimation interval (±20-30%),11036.1051,Estimated,Estimation interval (±20-30%),6.1425,Estimated,Estimation interval (±20-30%),7.9548,Estimated,Estimation interval (±20-30%),,Missing,Not available,,Missing,Not available,68.134,Derived,Estimation interval (±20-30%),,Missing,Not available,,Missing,Not available,6.5993
MKT-033_D017,MKT-033,Pune,Viman Nagar,Commercial Office,Established,D,17,20260919,2026-09-19,61.2235,Estimated,Estimation interval (±20-30%),6476.3307,Estimated,Estimation interval (±20-30%),5.1125,Estimated,Estimation interval (±20-30%),8.156,Estimated,Estimation interval (±20-30%),,Missing,Not available,,Missing,Not available,63.7173,Derived,Estimation interval (±20-30%),,Missing,Not available,,Missing,Not available,11.3441
MKT-033_D018,MKT-033,Pune,Viman Nagar,Commercial Office,Established,D,18,20260919,2026-09-19,62.0559,Estimated,Estimation interval (±20-30%),10372.2246,Estimated,Estimation interval (±20-30%),7.1009,Estimated,Estimation interval (±20-30%),5.9162,Estimated,Estimation interval (±20-30%),,Missing,Not available,,Missing,Not available,63.3223,Derived,Estimation interval (±20-30%),,Missing,Not available,,Missing,Not available,7.1795
MKT-033_D019,MKT-033,Pune,Viman Nagar,Commercial Office,Established,D,19,20260919,2026-09-19,71.8924,Estimated,Estimation interval (±20-30%),6982.7009,Estimated,Estimation interval (±20-30%),4.974,Estimated,Estimation interval (±20-30%),7.8963,Estimated,Estimation interval (±20-30%),,Missing,Not available,,Missing,Not available,67.7477,Derived,Estimation interval (±20-30%),,Missing,Not available,,Missing,Not available,12.3549
MKT-033_D020,MKT-033,Pune,Viman Nagar,Commercial Office,Established,D,20,20260919,2026-09-19,61.0678,Estimated,Estimation interval (±20-30%),9181.1252,Estimated,Estimation interval (±20-30%),6.4268,Estimated,Estimation interval (±20-30%),8.8054,Estimated,Estimation interval (±20-30%),,Missing,Not available,,Missing,Not available,67.4773,Derived,Estimation interval (±20-30%),,Missing,Not available,,Missing,Not available,7.9817
MKT-033_D021,MKT-033,Pune,Viman Nagar,Commercial Office,Established,D,21,20260919,2026-09-19,69.9099,Estimated,Estimation interval (±20-30%),9555.4763,Estimated,Estimation interval (±20-30%),6.5024,Estimated,Estimation interval (±20-30%),5.8266,Estimated,Estimation interval (±20-30%),,Missing,Not available,,Missing,Not available,64.6286,Derived,Estimation interval (±20-30%),,Missing,Not available,,Missing,Not available,8.7795
MKT-033_D022,MKT-033,Pune,Viman Nagar,Commercial Office,Established,D,22,20260919,2026-09-19,70.3248,Estimated,Estimation interval (±20-30%),8869.7038,Estimated,Estimation interval (±20-30%),6.2649,Estimated,Estimation interval (±20-30%),7.7677,Estimated,Estimation interval (±20-30%),,Missing,Not available,,Missing,Not available,71.8532,Derived,Estimation interval (±20-30%),,Missing,Not available,,Missing,Not available,9.5144
MKT-033_D023,MKT-033,Pune,Viman Nagar,Commercial Office,Established,D,23,20260919,2026-09-19,60.19,Estimated,Estimation interval (±20-30%),10720.4753,Estimated,Estimation interval (±20-30%),6.5026,Estimated,Estimation interval (±20-30%),7.4286,Estimated,Estimation interval (±20-30%),,Missing,Not available,,Missing,Not available,67.4823,Derived,Estimation interval (±20-30%),,Missing,Not available,,Missing,Not available,6.7374
MKT-033_D024,MKT-033,Pune,Viman Nagar,Commercial Office,Established,D,24,20260919,2026-09-19,67.8845,Estimated,Estimation interval (±20-30%),7374.187,Estimated,Estimation interval (±20-30%),5.2821,Estimated,Estimation interval (±20-30%),4.9439,Estimated,Estimation interval (±20-30%),,Missing,Not available,,Missing,Not available,64.7077,Derived,Estimation interval (±20-30%),,Missing,Not available,,Missing,Not available,11.0468
MKT-033_D025,MKT-033,Pune,Viman Nagar,Commercial Office,Established,D,25,20260919,2026-09-19,69.4927,Estimated,Estimation interval (±20-30%),7067.6861,Estimated,Estimation interval (±20-30%),5.7188,Estimated,Estimation interval (±20-30%),8.7746,Estimated,Estimation interval (±20-30%),,Missing,Not available,,Missing,Not available,68.7911,Derived,Estimation interval (±20-30%),,Missing,Not available,,Missing,Not available,11.7989
MKT-033_D026,MKT-033,Pune,Viman Nagar,Commercial Office,Established,D,26,20260919,2026-09-19,65.049,Estimated,Estimation interval (±20-30%),10678.0608,Estimated,Estimation interval (±20-30%),5.0906,Estimated,Estimation interval (±20-30%),8.2524,Estimated,Estimation interval (±20-30%),,Missing,Not available,,Missing,Not available,68.0509,Derived,Estimation interval (±20-30%),,Missing,Not available,,Missing,Not available,7.3102
MKT-033_D027,MKT-033,Pune,Viman Nagar,Commercial Office,Established,D,27,20260919,2026-09-19,69.1947,Estimated,Estimation interval (±20-30%),7401.4724,Estimated,Estimation interval (±20-30%),5.3916,Estimated,Estimation interval (±20-30%),7.4537,Estimated,Estimation interval (±20-30%),,Missing,Not available,,Missing,Not available,71.3917,Derived,Estimation interval (±20-30%),,Missing,Not available,,Missing,Not available,11.2185
MKT-033_D028,MKT-033,Pune,Viman Nagar,Commercial Office,Established,D,28,20260919,2026-09-19,71.2595,Estimated,Estimation interval (±20-30%),6959.1802,Estimated,Estimation interval (±20-30%),5.4917,Estimated,Estimation interval (±20-30%),8.3619,Estimated,Estimation interval (±20-30%),,Missing,Not available,,Missing,Not available,65.4443,Derived,Estimation interval (±20-30%),,Missing,Not available,,Missing,Not available,12.2876
MKT-033_D029,MKT-033,Pune,Viman Nagar,Commercial Office,Established,D,29,20260919,2026-09-19,71.2771,Estimated,Estimation interval (±20-30%),8458.7644,Estimated,Estimation interval (±20-30%),4.6527,Estimated,Estimation interval (±20-30%),6.6753,Estimated,Estimation interval (±20-30%),,Missing,Not available,,Missing,Not available,67.9824,Derived,Estimation interval (±20-30%),,Missing,Not available,,Missing,Not available,10.1117
MKT-033_D030,MKT-033,Pune,Viman Nagar,Commercial Office,Established,D,30,20260919,2026-09-19,58.9565,Estimated,Estimation interval (±20-30%),8448.4504,Estimated,Estimation interval (±20-30%),6.3421,Estimated,Estimation interval (±20-30%),8.6517,Estimated,Estimation interval (±20-30%),,Missing,Not available,,Missing,Not available,65.3293,Derived,Estimation interval (±20-30%),,Missing,Not available,,Missing,Not available,8.3741
MKT-033_D031,MKT-033,Pune,Viman Nagar,Commercial Office,Established,D,31,20260919,2026-09-19,67.38,Estimated,Estimation interval (±20-30%),6768.7839,Estimated,Estimation interval (±20-30%),5.6426,Estimated,Estimation interval (±20-30%),6.3815,Estimated,Estimation interval (±20-30%),,Missing,Not available,,Missing,Not available,76.4663,Derived,Estimation interval (±20-30%),,Missing,Not available,,Missing,Not available,11.9454
MKT-033_D032,MKT-033,Pune,Viman Nagar,Commercial Office,Established,D,32,20260919,2026-09-19,66.7173,Estimated,Estimation interval (±20-30%),8140.306,Estimated,Estimation interval (±20-30%),6.7316,Estimated,Estimation interval (±20-30%),8.3332,Estimated,Estimation interval (±20-30%),,Missing,Not available,,Missing,Not available,61.7738,Derived,Estimation interval (±20-30%),,Missing,Not available,,Missing,Not available,9.8351
MKT-033_D033,MKT-033,Pune,Viman Nagar,Commercial Office,Established,D,33,20260919,2026-09-19,67.299,Estimated,Estimation interval (±20-30%),7490.6156,Estimated,Estimation interval (±20-30%),7.2325,Estimated,Estimation interval (±20-30%),7.6964,Estimated,Estimation interval (±20-30%),,Missing,Not available,,Missing,Not available,64.0488,Derived,Estimation interval (±20-30%),,Missing,Not available,,Missing,Not available,10.7813
MKT-033_D034,MKT-033,Pune,Viman Nagar,Commercial Office,Established,D,34,20260919,2026-09-19,65.2928,Estimated,Estimation interval (±20-30%),9869.3747,Estimated,Estimation interval (±20-30%),6.2612,Estimated,Estimation interval (±20-30%),10.6918,Estimated,Estimation interval (±20-30%),,Missing,Not available,,Missing,Not available,69.4562,Derived,Estimation interval (±20-30%),,Missing,Not available,,Missing,Not available,7.9388
MKT-033_D035,MKT-033,Pune,Viman Nagar,Commercial Office,Established,D,35,20260919,2026-09-19,66.183,Estimated,Estimation interval (±20-30%),7908.1261,Estimated,Estimation interval (±20-30%),6.7259,Estimated,Estimation interval (±20-30%),5.5735,Estimated,Estimation interval (±20-30%),,Missing,Not available,,Missing,Not available,66.3465,Derived,Estimation interval (±20-30%),,Missing,Not available,,Missing,Not available,10.0428
MKT-033_D036,MKT-033,Pune,Viman Nagar,Commercial Office,Established,D,36,20260919,2026-09-19,64.3416,Estimated,Estimation interval (±20-30%),8587.4784,Estimated,Estimation interval (±20-30%),6.8191,Estimated,Estimation interval (±20-30%),6.5593,Estimated,Estimation interval (±20-30%),,Missing,Not available,,Missing,Not available,63.6737,Derived,Estimation interval (±20-30%),,Missing,Not available,,Missing,Not available,8.991
MKT-033_D037,MKT-033,Pune,Viman Nagar,Commercial Office,Established,D,37,20260919,2026-09-19,65.5793,Estimated,Estimation interval (±20-30%),9150.5755,Estimated,Estimation interval (±20-30%),5.1925,Estimated,Estimation interval (±20-30%),10.2422,Estimated,Estimation interval (±20-30%),,Missing,Not available,,Missing,Not available,68.4178,Derived,Estimation interval (±20-30%),,Missing,Not available,,Missing,Not available,8.6
MKT-033_D038,MKT-033,Pune,Viman Nagar,Commercial Office,Established,D,38,20260919,2026-09-19,74.9031,Estimated,Estimation interval (±20-30%),7499.3648,Estimated,Estimation interval (±20-30%),4.4954,Estimated,Estimation interval (±20-30%),5.847,Estimated,Estimation interval (±20-30%),,Missing,Not available,,Missing,Not available,64.938,Derived,Estimation interval (±20-30%),,Missing,Not available,,Missing,Not available,11.9855
MKT-033_D039,MKT-033,Pune,Viman Nagar,Commercial Office,Established,D,39,20260919,2026-09-19,64.4091,Estimated,Estimation interval (±20-30%),7430.7982,Estimated,Estimation interval (±20-30%),8.2876,Estimated,Estimation interval (±20-30%),7.5935,Estimated,Estimation interval (±20-30%),,Missing,Not available,,Missing,Not available,73.5137,Derived,Estimation interval (±20-30%),,Missing,Not available,,Missing,Not available,10.4014
MKT-033_D040,MKT-033,Pune,Viman Nagar,Commercial Office,Established,D,40,20260919,2026-09-19,63.1354,Estimated,Estimation interval (±20-30%),8014.1668,Estimated,Estimation interval (±20-30%),3.8721,Estimated,Estimation interval (±20-30%),6.1651,Estimated,Estimation interval (±20-30%),,Missing,Not available,,Missing,Not available,71.1863,Derived,Estimation interval (±20-30%),,Missing,Not available,,Missing,Not available,9.4536
MKT-034_D001,MKT-034,Pune,Baner,Commercial Office,Growth,D,1,20260919,2026-09-19,49.8597,Estimated,Estimation interval (±20-30%),6231.4715,Estimated,Estimation interval (±20-30%),9.733,Estimated,Estimation interval (±20-30%),10.737,Estimated,Estimation interval (±20-30%),,Missing,Not available,,Missing,Not available,73.4778,Derived,Estimation interval (±20-30%),,Missing,Not available,,Missing,Not available,9.6015
MKT-034_D002,MKT-034,Pune,Baner,Commercial Office,Growth,D,2,20260919,2026-09-19,53.6954,Estimated,Estimation interval (±20-30%),7195.6083,Estimated,Estimation interval (±20-30%),10.3581,Estimated,Estimation interval (±20-30%),10.9494,Estimated,Estimation interval (±20-30%),,Missing,Not available,,Missing,Not available,69.2309,Derived,Estimation interval (±20-30%),,Missing,Not available,,Missing,Not available,8.9547
MKT-034_D003,MKT-034,Pune,Baner,Commercial Office,Growth,D,3,20260919,2026-09-19,55.4756,Estimated,Estimation interval (±20-30%),7108.7554,Estimated,Estimation interval (±20-30%),10.2723,Estimated,Estimation interval (±20-30%),9.9298,Estimated,Estimation interval (±20-30%),,Missing,Not available,,Missing,Not available,72.6489,Derived,Estimation interval (±20-30%),,Missing,Not available,,Missing,Not available,9.3646
MKT-034_D004,MKT-034,Pune,Baner,Commercial Office,Growth,D,4,20260919,2026-09-19,56.9794,Estimated,Estimation interval (±20-30%),5980.9748,Estimated,Estimation interval (±20-30%),5.1323,Estimated,Estimation interval (±20-30%),11.4515,Estimated,Estimation interval (±20-30%),,Missing,Not available,,Missing,Not available,67.907,Derived,Estimation interval (±20-30%),,Missing,Not available,,Missing,Not available,11.4321
MKT-034_D005,MKT-034,Pune,Baner,Commercial Office,Growth,D,5,20260919,2026-09-19,52.8599,Estimated,Estimation interval (±20-30%),8416.7415,Estimated,Estimation interval (±20-30%),8.0377,Estimated,Estimation interval (±20-30%),9.08,Estimated,Estimation interval (±20-30%),,Missing,Not available,,Missing,Not available,58.3136,Derived,Estimation interval (±20-30%),,Missing,Not available,,Missing,Not available,7.5364
MKT-034_D006,MKT-034,Pune,Baner,Commercial Office,Growth,D,6,20260919,2026-09-19,62.0523,Estimated,Estimation interval (±20-30%),6824.0225,Estimated,Estimation interval (±20-30%),9.5201,Estimated,Estimation interval (±20-30%),5.1243,Estimated,Estimation interval (±20-30%),,Missing,Not available,,Missing,Not available,67.8608,Derived,Estimation interval (±20-30%),,Missing,Not available,,Missing,Not available,10.9119
MKT-034_D007,MKT-034,Pune,Baner,Commercial Office,Growth,D,7,20260919,2026-09-19,60.8699,Estimated,Estimation interval (±20-30%),6381.9931,Estimated,Estimation interval (±20-30%),9.1503,Estimated,Estimation interval (±20-30%),9.0168,Estimated,Estimation interval (±20-30%),,Missing,Not available,,Missing,Not available,53.9643,Derived,Estimation interval (±20-30%),,Missing,Not available,,Missing,Not available,11.4453
MKT-034_D008,MKT-034,Pune,Baner,Commercial Office,Growth,D,8,20260919,2026-09-19,52.7237,Estimated,Estimation interval (±20-30%),6494.2749,Estimated,Estimation interval (±20-30%),7.7719,Estimated,Estimation interval (±20-30%),8.4379,Estimated,Estimation interval (±20-30%),,Missing,Not available,,Missing,Not available,71.5423,Derived,Estimation interval (±20-30%),,Missing,Not available,,Missing,Not available,9.7422
MKT-034_D009,MKT-034,Pune,Baner,Commercial Office,Growth,D,9,20260919,2026-09-19,55.1478,Estimated,Estimation interval (±20-30%),6155.9948,Estimated,Estimation interval (±20-30%),7.2267,Estimated,Estimation interval (±20-30%),13.0097,Estimated,Estimation interval (±20-30%),,Missing,Not available,,Missing,Not available,60.3145,Derived,Estimation interval (±20-30%),,Missing,Not available,,Missing,Not available,10.7501
MKT-034_D010,MKT-034,Pune,Baner,Commercial Office,Growth,D,10,20260919,2026-09-19,49.4579,Estimated,Estimation interval (±20-30%),6046.6985,Estimated,Estimation interval (±20-30%),8.2938,Estimated,Estimation interval (±20-30%),10.5749,Estimated,Estimation interval (±20-30%),,Missing,Not available,,Missing,Not available,67.536,Derived,Estimation interval (±20-30%),,Missing,Not available,,Missing,Not available,9.8152
MKT-034_D011,MKT-034,Pune,Baner,Commercial Office,Growth,D,11,20260919,2026-09-19,52.2698,Estimated,Estimation interval (±20-30%),7576.4592,Estimated,Estimation interval (±20-30%),9.8566,Estimated,Estimation interval (±20-30%),5.0578,Estimated,Estimation interval (±20-30%),,Missing,Not available,,Missing,Not available,64.2161,Derived,Estimation interval (±20-30%),,Missing,Not available,,Missing,Not available,8.2788
MKT-034_D012,MKT-034,Pune,Baner,Commercial Office,Growth,D,12,20260919,2026-09-19,49.849,Estimated,Estimation interval (±20-30%),6172.7038,Estimated,Estimation interval (±20-30%),5.2092,Estimated,Estimation interval (±20-30%),9.9259,Estimated,Estimation interval (±20-30%),,Missing,Not available,,Missing,Not available,65.9797,Derived,Estimation interval (±20-30%),,Missing,Not available,,Missing,Not available,9.6909
MKT-034_D013,MKT-034,Pune,Baner,Commercial Office,Growth,D,13,20260919,2026-09-19,46.2237,Estimated,Estimation interval (±20-30%),5560.8591,Estimated,Estimation interval (±20-30%),7.0409,Estimated,Estimation interval (±20-30%),10.8065,Estimated,Estimation interval (±20-30%),,Missing,Not available,,Missing,Not available,64.0515,Derived,Estimation interval (±20-30%),,Missing,Not available,,Missing,Not available,9.9748
MKT-034_D014,MKT-034,Pune,Baner,Commercial Office,Growth,D,14,20260919,2026-09-19,56.3018,Estimated,Estimation interval (±20-30%),4520.6498,Estimated,Estimation interval (±20-30%),9.7414,Estimated,Estimation interval (±20-30%),5.9889,Estimated,Estimation interval (±20-30%),,Missing,Not available,,Missing,Not available,70.2763,Derived,Estimation interval (±20-30%),,Missing,Not available,,Missing,Not available,14.9452
MKT-034_D015,MKT-034,Pune,Baner,Commercial Office,Growth,D,15,20260919,2026-09-19,58.4834,Estimated,Estimation interval (±20-30%),5610.8907,Estimated,Estimation interval (±20-30%),5.6479,Estimated,Estimation interval (±20-30%),8.1846,Estimated,Estimation interval (±20-30%),,Missing,Not available,,Missing,Not available,66.9873,Derived,Estimation interval (±20-30%),,Missing,Not available,,Missing,Not available,12.5078
MKT-034_D016,MKT-034,Pune,Baner,Commercial Office,Growth,D,16,20260919,2026-09-19,46.1819,Estimated,Estimation interval (±20-30%),6268.775,Estimated,Estimation interval (±20-30%),5.4255,Estimated,Estimation interval (±20-30%),10.6755,Estimated,Estimation interval (±20-30%),,Missing,Not available,,Missing,Not available,56.4582,Derived,Estimation interval (±20-30%),,Missing,Not available,,Missing,Not available,8.8404
MKT-034_D017,MKT-034,Pune,Baner,Commercial Office,Growth,D,17,20260919,2026-09-19,48.0078,Estimated,Estimation interval (±20-30%),5079.8023,Estimated,Estimation interval (±20-30%),9.8713,Estimated,Estimation interval (±20-30%),7.1583,Estimated,Estimation interval (±20-30%),,Missing,Not available,,Missing,Not available,64.8029,Derived,Estimation interval (±20-30%),,Missing,Not available,,Missing,Not available,11.3409
MKT-034_D018,MKT-034,Pune,Baner,Commercial Office,Growth,D,18,20260919,2026-09-19,63.9343,Estimated,Estimation interval (±20-30%),6140.9596,Estimated,Estimation interval (±20-30%),9.6237,Estimated,Estimation interval (±20-30%),5.5176,Estimated,Estimation interval (±20-30%),,Missing,Not available,,Missing,Not available,63.8272,Derived,Estimation interval (±20-30%),,Missing,Not available,,Missing,Not available,12.4934
MKT-034_D019,MKT-034,Pune,Baner,Commercial Office,Growth,D,19,20260919,2026-09-19,55.3126,Estimated,Estimation interval (±20-30%),6159.6191,Estimated,Estimation interval (±20-30%),9.5313,Estimated,Estimation interval (±20-30%),10.0472,Estimated,Estimation interval (±20-30%),,Missing,Not available,,Missing,Not available,75.4538,Derived,Estimation interval (±20-30%),,Missing,Not available,,Missing,Not available,10.7758
MKT-034_D020,MKT-034,Pune,Baner,Commercial Office,Growth,D,20,20260919,2026-09-19,56.5196,Estimated,Estimation interval (±20-30%),5687.6854,Estimated,Estimation interval (±20-30%),8.9962,Estimated,Estimation interval (±20-30%),12.9639,Estimated,Estimation interval (±20-30%),,Missing,Not available,,Missing,Not available,63.541,Derived,Estimation interval (±20-30%),,Missing,Not available,,Missing,Not available,11.9246
MKT-034_D021,MKT-034,Pune,Baner,Commercial Office,Growth,D,21,20260919,2026-09-19,48.9914,Estimated,Estimation interval (±20-30%),7713.9175,Estimated,Estimation interval (±20-30%),6.2725,Estimated,Estimation interval (±20-30%),6.9898,Estimated,Estimation interval (±20-30%),,Missing,Not available,,Missing,Not available,65.1169,Derived,Estimation interval (±20-30%),,Missing,Not available,,Missing,Not available,7.6212
MKT-034_D022,MKT-034,Pune,Baner,Commercial Office,Growth,D,22,20260919,2026-09-19,48.0181,Estimated,Estimation interval (±20-30%),7044.6364,Estimated,Estimation interval (±20-30%),10.3047,Estimated,Estimation interval (±20-30%),13.2041,Estimated,Estimation interval (±20-30%),,Missing,Not available,,Missing,Not available,63.5458,Derived,Estimation interval (±20-30%),,Missing,Not available,,Missing,Not available,8.1795
MKT-034_D023,MKT-034,Pune,Baner,Commercial Office,Growth,D,23,20260919,2026-09-19,58.3253,Estimated,Estimation interval (±20-30%),6623.0262,Estimated,Estimation interval (±20-30%),6.4607,Estimated,Estimation interval (±20-30%),12.4804,Estimated,Estimation interval (±20-30%),,Missing,Not available,,Missing,Not available,63.5044,Derived,Estimation interval (±20-30%),,Missing,Not available,,Missing,Not available,10.5677
MKT-034_D024,MKT-034,Pune,Baner,Commercial Office,Growth,D,24,20260919,2026-09-19,48.3148,Estimated,Estimation interval (±20-30%),7532.5409,Estimated,Estimation interval (±20-30%),6.5019,Estimated,Estimation interval (±20-30%),9.3063,Estimated,Estimation interval (±20-30%),,Missing,Not available,,Missing,Not available,62.232,Derived,Estimation interval (±20-30%),,Missing,Not available,,Missing,Not available,7.697
MKT-034_D025,MKT-034,Pune,Baner,Commercial Office,Growth,D,25,20260919,2026-09-19,49.0204,Estimated,Estimation interval (±20-30%),4879.7145,Estimated,Estimation interval (±20-30%),9.3987,Estimated,Estimation interval (±20-30%),10.22,Estimated,Estimation interval (±20-30%),,Missing,Not available,,Missing,Not available,72.5156,Derived,Estimation interval (±20-30%),,Missing,Not available,,Missing,Not available,12.0549
MKT-034_D026,MKT-034,Pune,Baner,Commercial Office,Growth,D,26,20260919,2026-09-19,54.7861,Estimated,Estimation interval (±20-30%),6666.4296,Estimated,Estimation interval (±20-30%),6.8671,Estimated,Estimation interval (±20-30%),8.7095,Estimated,Estimation interval (±20-30%),,Missing,Not available,,Missing,Not available,65.5304,Derived,Estimation interval (±20-30%),,Missing,Not available,,Missing,Not available,9.8618
MKT-034_D027,MKT-034,Pune,Baner,Commercial Office,Growth,D,27,20260919,2026-09-19,59.5323,Estimated,Estimation interval (±20-30%),4685.0831,Estimated,Estimation interval (±20-30%),8.5139,Estimated,Estimation interval (±20-30%),10.9916,Estimated,Estimation interval (±20-30%),,Missing,Not available,,Missing,Not available,74.8064,Derived,Estimation interval (±20-30%),,Missing,Not available,,Missing,Not available,15.2481
MKT-034_D028,MKT-034,Pune,Baner,Commercial Office,Growth,D,28,20260919,2026-09-19,53.1291,Estimated,Estimation interval (±20-30%),7488.1872,Estimated,Estimation interval (±20-30%),6.3744,Estimated,Estimation interval (±20-30%),6.6833,Estimated,Estimation interval (±20-30%),,Missing,Not available,,Missing,Not available,78.7502,Derived,Estimation interval (±20-30%),,Missing,Not available,,Missing,Not available,8.5141
MKT-034_D029,MKT-034,Pune,Baner,Commercial Office,Growth,D,29,20260919,2026-09-19,62.7736,Estimated,Estimation interval (±20-30%),6313.1378,Estimated,Estimation interval (±20-30%),9.2529,Estimated,Estimation interval (±20-30%),10.2189,Estimated,Estimation interval (±20-30%),,Missing,Not available,,Missing,Not available,56.3863,Derived,Estimation interval (±20-30%),,Missing,Not available,,Missing,Not available,11.932
MKT-034_D030,MKT-034,Pune,Baner,Commercial Office,Growth,D,30,20260919,2026-09-19,54.7407,Estimated,Estimation interval (±20-30%),7853.314,Estimated,Estimation interval (±20-30%),8.9707,Estimated,Estimation interval (±20-30%),10.77,Estimated,Estimation interval (±20-30%),,Missing,Not available,,Missing,Not available,74.2709,Derived,Estimation interval (±20-30%),,Missing,Not available,,Missing,Not available,8.3645
MKT-034_D031,MKT-034,Pune,Baner,Commercial Office,Growth,D,31,20260919,2026-09-19,51.2482,Estimated,Estimation interval (±20-30%),6406.6215,Estimated,Estimation interval (±20-30%),12.3137,Estimated,Estimation interval (±20-30%),13.2732,Estimated,Estimation interval (±20-30%),,Missing,Not available,,Missing,Not available,63.3551,Derived,Estimation interval (±20-30%),,Missing,Not available,,Missing,Not available,9.5991
MKT-034_D032,MKT-034,Pune,Baner,Commercial Office,Growth,D,32,20260919,2026-09-19,50.8444,Estimated,Estimation interval (±20-30%),6519.0318,Estimated,Estimation interval (±20-30%),7.1632,Estimated,Estimation interval (±20-30%),9.6061,Estimated,Estimation interval (±20-30%),,Missing,Not available,,Missing,Not available,69.0585,Derived,Estimation interval (±20-30%),,Missing,Not available,,Missing,Not available,9.3593
MKT-034_D033,MKT-034,Pune,Baner,Commercial Office,Growth,D,33,20260919,2026-09-19,53.6728,Estimated,Estimation interval (±20-30%),5737.0742,Estimated,Estimation interval (±20-30%),10.8188,Estimated,Estimation interval (±20-30%),6.6472,Estimated,Estimation interval (±20-30%),,Missing,Not available,,Missing,Not available,71.4245,Derived,Estimation interval (±20-30%),,Missing,Not available,,Missing,Not available,11.2265
MKT-034_D034,MKT-034,Pune,Baner,Commercial Office,Growth,D,34,20260919,2026-09-19,62.8019,Estimated,Estimation interval (±20-30%),5337.6075,Estimated,Estimation interval (±20-30%),11.5563,Estimated,Estimation interval (±20-30%),10.6333,Estimated,Estimation interval (±20-30%),,Missing,Not available,,Missing,Not available,65.6671,Derived,Estimation interval (±20-30%),,Missing,Not available,,Missing,Not available,14.1191
MKT-034_D035,MKT-034,Pune,Baner,Commercial Office,Growth,D,35,20260919,2026-09-19,46.2987,Estimated,Estimation interval (±20-30%),6875.1029,Estimated,Estimation interval (±20-30%),11.2844,Estimated,Estimation interval (±20-30%),8.1782,Estimated,Estimation interval (±20-30%),,Missing,Not available,,Missing,Not available,67.5477,Derived,Estimation interval (±20-30%),,Missing,Not available,,Missing,Not available,8.0811
MKT-034_D036,MKT-034,Pune,Baner,Commercial Office,Growth,D,36,20260919,2026-09-19,52.2498,Estimated,Estimation interval (±20-30%),6879.131,Estimated,Estimation interval (±20-30%),6.972,Estimated,Estimation interval (±20-30%),9.7676,Estimated,Estimation interval (±20-30%),,Missing,Not available,,Missing,Not available,64.4855,Derived,Estimation interval (±20-30%),,Missing,Not available,,Missing,Not available,9.1145
MKT-034_D037,MKT-034,Pune,Baner,Commercial Office,Growth,D,37,20260919,2026-09-19,62.8947,Estimated,Estimation interval (±20-30%),7335.8665,Estimated,Estimation interval (±20-30%),10.964,Estimated,Estimation interval (±20-30%),7.1389,Estimated,Estimation interval (±20-30%),,Missing,Not available,,Missing,Not available,67.844,Derived,Estimation interval (±20-30%),,Missing,Not available,,Missing,Not available,10.2883
MKT-034_D038,MKT-034,Pune,Baner,Commercial Office,Growth,D,38,20260919,2026-09-19,49.5307,Estimated,Estimation interval (±20-30%),6031.6579,Estimated,Estimation interval (±20-30%),8.5932,Estimated,Estimation interval (±20-30%),9.7863,Estimated,Estimation interval (±20-30%),,Missing,Not available,,Missing,Not available,57.2888,Derived,Estimation interval (±20-30%),,Missing,Not available,,Missing,Not available,9.8541
MKT-034_D039,MKT-034,Pune,Baner,Commercial Office,Growth,D,39,20260919,2026-09-19,48.1812,Estimated,Estimation interval (±20-30%),7950.2159,Estimated,Estimation interval (±20-30%),5.7171,Estimated,Estimation interval (±20-30%),8.4045,Estimated,Estimation interval (±20-30%),,Missing,Not available,,Missing,Not available,56.0052,Derived,Estimation interval (±20-30%),,Missing,Not available,,Missing,Not available,7.2724
MKT-034_D040,MKT-034,Pune,Baner,Commercial Office,Growth,D,40,20260919,2026-09-19,48.6998,Estimated,Estimation interval (±20-30%),6957.9906,Estimated,Estimation interval (±20-30%),8.3856,Estimated,Estimation interval (±20-30%),9.0126,Estimated,Estimation interval (±20-30%),,Missing,Not available,,Missing,Not available,55.7599,Derived,Estimation interval (±20-30%),,Missing,Not available,,Missing,Not available,8.3989
MKT-035_D001,MKT-035,Chennai,Perungudi,Commercial Office,Established,C,1,20260919,2026-09-19,66.7249,Estimated,Estimation interval (±15-20%),7416.454,Estimated,Estimation interval (±15-20%),7.4828,Estimated,Estimation interval (±15-20%),6.983,Estimated,Estimation interval (±15-20%),,Missing,Not available,,Missing,Not available,67.9518,Derived,Estimation interval (±15-20%),,Missing,Not available,,Missing,Not available,10.7962
MKT-035_D002,MKT-035,Chennai,Perungudi,Commercial Office,Established,C,2,20260919,2026-09-19,57.647,Estimated,Estimation interval (±15-20%),7369.9902,Estimated,Estimation interval (±15-20%),6.8914,Estimated,Estimation interval (±15-20%),7.2608,Estimated,Estimation interval (±15-20%),,Missing,Not available,,Missing,Not available,62.8331,Derived,Estimation interval (±15-20%),,Missing,Not available,,Missing,Not available,9.3862
MKT-035_D003,MKT-035,Chennai,Perungudi,Commercial Office,Established,C,3,20260919,2026-09-19,58.8258,Estimated,Estimation interval (±15-20%),7207.8325,Estimated,Estimation interval (±15-20%),6.6368,Estimated,Estimation interval (±15-20%),8.3388,Estimated,Estimation interval (±15-20%),,Missing,Not available,,Missing,Not available,65.7515,Derived,Estimation interval (±15-20%),,Missing,Not available,,Missing,Not available,9.7936
MKT-035_D004,MKT-035,Chennai,Perungudi,Commercial Office,Established,C,4,20260919,2026-09-19,65.3408,Estimated,Estimation interval (±15-20%),8119.9525,Estimated,Estimation interval (±15-20%),7.0564,Estimated,Estimation interval (±15-20%),8.8562,Estimated,Estimation interval (±15-20%),,Missing,Not available,,Missing,Not available,63.4448,Derived,Estimation interval (±15-20%),,Missing,Not available,,Missing,Not available,9.6563
MKT-035_D005,MKT-035,Chennai,Perungudi,Commercial Office,Established,C,5,20260919,2026-09-19,68.1722,Estimated,Estimation interval (±15-20%),9020.0467,Estimated,Estimation interval (±15-20%),5.9838,Estimated,Estimation interval (±15-20%),6.7716,Estimated,Estimation interval (±15-20%),,Missing,Not available,,Missing,Not available,66.7147,Derived,Estimation interval (±15-20%),,Missing,Not available,,Missing,Not available,9.0694
MKT-035_D006,MKT-035,Chennai,Perungudi,Commercial Office,Established,C,6,20260919,2026-09-19,60.3415,Estimated,Estimation interval (±15-20%),7115.9522,Estimated,Estimation interval (±15-20%),4.046,Estimated,Estimation interval (±15-20%),6.1241,Estimated,Estimation interval (±15-20%),,Missing,Not available,,Missing,Not available,70.7229,Derived,Estimation interval (±15-20%),,Missing,Not available,,Missing,Not available,10.1757
MKT-035_D007,MKT-035,Chennai,Perungudi,Commercial Office,Established,C,7,20260919,2026-09-19,54.5304,Estimated,Estimation interval (±15-20%),9074.5682,Estimated,Estimation interval (±15-20%),5.7657,Estimated,Estimation interval (±15-20%),7.3135,Estimated,Estimation interval (±15-20%),,Missing,Not available,,Missing,Not available,63.2604,Derived,Estimation interval (±15-20%),,Missing,Not available,,Missing,Not available,7.211
MKT-035_D008,MKT-035,Chennai,Perungudi,Commercial Office,Established,C,8,20260919,2026-09-19,68.2104,Estimated,Estimation interval (±15-20%),9996.4883,Estimated,Estimation interval (±15-20%),5.2088,Estimated,Estimation interval (±15-20%),7.1684,Estimated,Estimation interval (±15-20%),,Missing,Not available,,Missing,Not available,70.0335,Derived,Estimation interval (±15-20%),,Missing,Not available,,Missing,Not available,8.1881
MKT-035_D009,MKT-035,Chennai,Perungudi,Commercial Office,Established,C,9,20260919,2026-09-19,66.2624,Estimated,Estimation interval (±15-20%),7820.6096,Estimated,Estimation interval (±15-20%),4.0933,Estimated,Estimation interval (±15-20%),9.5665,Estimated,Estimation interval (±15-20%),,Missing,Not available,,Missing,Not available,69.8905,Derived,Estimation interval (±15-20%),,Missing,Not available,,Missing,Not available,10.1674
MKT-035_D010,MKT-035,Chennai,Perungudi,Commercial Office,Established,C,10,20260919,2026-09-19,59.5746,Estimated,Estimation interval (±15-20%),7158.9048,Estimated,Estimation interval (±15-20%),5.5979,Estimated,Estimation interval (±15-20%),10.0298,Estimated,Estimation interval (±15-20%),,Missing,Not available,,Missing,Not available,61.1157,Derived,Estimation interval (±15-20%),,Missing,Not available,,Missing,Not available,9.9861
MKT-035_D011,MKT-035,Chennai,Perungudi,Commercial Office,Established,C,11,20260919,2026-09-19,65.9672,Estimated,Estimation interval (±15-20%),7761.191,Estimated,Estimation interval (±15-20%),5.6957,Estimated,Estimation interval (±15-20%),8.3875,Estimated,Estimation interval (±15-20%),,Missing,Not available,,Missing,Not available,66.7644,Derived,Estimation interval (±15-20%),,Missing,Not available,,Missing,Not available,10.1995
MKT-035_D012,MKT-035,Chennai,Perungudi,Commercial Office,Established,C,12,20260919,2026-09-19,66.4686,Estimated,Estimation interval (±15-20%),8166.1469,Estimated,Estimation interval (±15-20%),5.8656,Estimated,Estimation interval (±15-20%),7.8067,Estimated,Estimation interval (±15-20%),,Missing,Not available,,Missing,Not available,60.3903,Derived,Estimation interval (±15-20%),,Missing,Not available,,Missing,Not available,9.7674
MKT-035_D013,MKT-035,Chennai,Perungudi,Commercial Office,Established,C,13,20260919,2026-09-19,62.9031,Estimated,Estimation interval (±15-20%),7587.469,Estimated,Estimation interval (±15-20%),4.3535,Estimated,Estimation interval (±15-20%),9.4482,Estimated,Estimation interval (±15-20%),,Missing,Not available,,Missing,Not available,70.4236,Derived,Estimation interval (±15-20%),,Missing,Not available,,Missing,Not available,9.9485
MKT-035_D014,MKT-035,Chennai,Perungudi,Commercial Office,Established,C,14,20260919,2026-09-19,64.2585,Estimated,Estimation interval (±15-20%),9733.0674,Estimated,Estimation interval (±15-20%),6.9116,Estimated,Estimation interval (±15-20%),8.1965,Estimated,Estimation interval (±15-20%),,Missing,Not available,,Missing,Not available,70.2258,Derived,Estimation interval (±15-20%),,Missing,Not available,,Missing,Not available,7.9225
MKT-035_D015,MKT-035,Chennai,Perungudi,Commercial Office,Established,C,15,20260919,2026-09-19,58.2614,Estimated,Estimation interval (±15-20%),8337.5001,Estimated,Estimation interval (±15-20%),6.9263,Estimated,Estimation interval (±15-20%),8.1203,Estimated,Estimation interval (±15-20%),,Missing,Not available,,Missing,Not available,68.0604,Derived,Estimation interval (±15-20%),,Missing,Not available,,Missing,Not available,8.3854
MKT-035_D016,MKT-035,Chennai,Perungudi,Commercial Office,Established,C,16,20260919,2026-09-19,59.3345,Estimated,Estimation interval (±15-20%),7762.7918,Estimated,Estimation interval (±15-20%),5.0278,Estimated,Estimation interval (±15-20%),8.4764,Estimated,Estimation interval (±15-20%),,Missing,Not available,,Missing,Not available,72.4844,Derived,Estimation interval (±15-20%),,Missing,Not available,,Missing,Not available,9.1721
MKT-035_D017,MKT-035,Chennai,Perungudi,Commercial Office,Established,C,17,20260919,2026-09-19,58.1568,Estimated,Estimation interval (±15-20%),7373.133,Estimated,Estimation interval (±15-20%),6.4234,Estimated,Estimation interval (±15-20%),8.1306,Estimated,Estimation interval (±15-20%),,Missing,Not available,,Missing,Not available,74.2533,Derived,Estimation interval (±15-20%),,Missing,Not available,,Missing,Not available,9.4652
MKT-035_D018,MKT-035,Chennai,Perungudi,Commercial Office,Established,C,18,20260919,2026-09-19,54.746,Estimated,Estimation interval (±15-20%),8579.8427,Estimated,Estimation interval (±15-20%),7.4955,Estimated,Estimation interval (±15-20%),8.5008,Estimated,Estimation interval (±15-20%),,Missing,Not available,,Missing,Not available,64.3048,Derived,Estimation interval (±15-20%),,Missing,Not available,,Missing,Not available,7.6569
MKT-035_D019,MKT-035,Chennai,Perungudi,Commercial Office,Established,C,19,20260919,2026-09-19,57.5015,Estimated,Estimation interval (±15-20%),7644.4529,Estimated,Estimation interval (±15-20%),6.6497,Estimated,Estimation interval (±15-20%),7.3196,Estimated,Estimation interval (±15-20%),,Missing,Not available,,Missing,Not available,65.1019,Derived,Estimation interval (±15-20%),,Missing,Not available,,Missing,Not available,9.0264
MKT-035_D020,MKT-035,Chennai,Perungudi,Commercial Office,Established,C,20,20260919,2026-09-19,62.4698,Estimated,Estimation interval (±15-20%),6262.5159,Estimated,Estimation interval (±15-20%),6.2637,Estimated,Estimation interval (±15-20%),8.1885,Estimated,Estimation interval (±15-20%),,Missing,Not available,,Missing,Not available,66.0046,Derived,Estimation interval (±15-20%),,Missing,Not available,,Missing,Not available,11.9702
MKT-035_D021,MKT-035,Chennai,Perungudi,Commercial Office,Established,C,21,20260919,2026-09-19,63.2035,Estimated,Estimation interval (±15-20%),10119.3578,Estimated,Estimation interval (±15-20%),4.5868,Estimated,Estimation interval (±15-20%),6.8118,Estimated,Estimation interval (±15-20%),,Missing,Not available,,Missing,Not available,71.5067,Derived,Estimation interval (±15-20%),,Missing,Not available,,Missing,Not available,7.495
MKT-035_D022,MKT-035,Chennai,Perungudi,Commercial Office,Established,C,22,20260919,2026-09-19,56.8451,Estimated,Estimation interval (±15-20%),8970.4889,Estimated,Estimation interval (±15-20%),7.415,Estimated,Estimation interval (±15-20%),6.2922,Estimated,Estimation interval (±15-20%),,Missing,Not available,,Missing,Not available,68.4114,Derived,Estimation interval (±15-20%),,Missing,Not available,,Missing,Not available,7.6043
MKT-035_D023,MKT-035,Chennai,Perungudi,Commercial Office,Established,C,23,20260919,2026-09-19,54.1139,Estimated,Estimation interval (±15-20%),8711.0234,Estimated,Estimation interval (±15-20%),7.3883,Estimated,Estimation interval (±15-20%),6.0396,Estimated,Estimation interval (±15-20%),,Missing,Not available,,Missing,Not available,67.2687,Derived,Estimation interval (±15-20%),,Missing,Not available,,Missing,Not available,7.4545
MKT-035_D024,MKT-035,Chennai,Perungudi,Commercial Office,Established,C,24,20260919,2026-09-19,62.545,Estimated,Estimation interval (±15-20%),7309.0833,Estimated,Estimation interval (±15-20%),5.9501,Estimated,Estimation interval (±15-20%),7.3572,Estimated,Estimation interval (±15-20%),,Missing,Not available,,Missing,Not available,71.5515,Derived,Estimation interval (±15-20%),,Missing,Not available,,Missing,Not available,10.2686
MKT-035_D025,MKT-035,Chennai,Perungudi,Commercial Office,Established,C,25,20260919,2026-09-19,62.8681,Estimated,Estimation interval (±15-20%),8035.5299,Estimated,Estimation interval (±15-20%),5.2734,Estimated,Estimation interval (±15-20%),8.0836,Estimated,Estimation interval (±15-20%),,Missing,Not available,,Missing,Not available,68.0739,Derived,Estimation interval (±15-20%),,Missing,Not available,,Missing,Not available,9.3885
MKT-035_D026,MKT-035,Chennai,Perungudi,Commercial Office,Established,C,26,20260919,2026-09-19,66.0135,Estimated,Estimation interval (±15-20%),6613.5182,Estimated,Estimation interval (±15-20%),4.7235,Estimated,Estimation interval (±15-20%),8.1809,Estimated,Estimation interval (±15-20%),,Missing,Not available,,Missing,Not available,71.466,Derived,Estimation interval (±15-20%),,Missing,Not available,,Missing,Not available,11.9779
MKT-035_D027,MKT-035,Chennai,Perungudi,Commercial Office,Established,C,27,20260919,2026-09-19,65.1047,Estimated,Estimation interval (±15-20%),6306.2881,Estimated,Estimation interval (±15-20%),6.3108,Estimated,Estimation interval (±15-20%),8.525,Estimated,Estimation interval (±15-20%),,Missing,Not available,,Missing,Not available,64.4749,Derived,Estimation interval (±15-20%),,Missing,Not available,,Missing,Not available,12.3885
MKT-035_D028,MKT-035,Chennai,Perungudi,Commercial Office,Established,C,28,20260919,2026-09-19,61.0724,Estimated,Estimation interval (±15-20%),8532.4039,Estimated,Estimation interval (±15-20%),7.4965,Estimated,Estimation interval (±15-20%),8.3286,Estimated,Estimation interval (±15-20%),,Missing,Not available,,Missing,Not available,69.4469,Derived,Estimation interval (±15-20%),,Missing,Not available,,Missing,Not available,8.5892
MKT-035_D029,MKT-035,Chennai,Perungudi,Commercial Office,Established,C,29,20260919,2026-09-19,67.3485,Estimated,Estimation interval (±15-20%),6508.1796,Estimated,Estimation interval (±15-20%),4.5684,Estimated,Estimation interval (±15-20%),9.139,Estimated,Estimation interval (±15-20%),,Missing,Not available,,Missing,Not available,75.3773,Derived,Estimation interval (±15-20%),,Missing,Not available,,Missing,Not available,12.4179
MKT-035_D030,MKT-035,Chennai,Perungudi,Commercial Office,Established,C,30,20260919,2026-09-19,60.158,Estimated,Estimation interval (±15-20%),10540.1569,Estimated,Estimation interval (±15-20%),4.7214,Estimated,Estimation interval (±15-20%),8.4362,Estimated,Estimation interval (±15-20%),,Missing,Not available,,Missing,Not available,67.0789,Derived,Estimation interval (±15-20%),,Missing,Not available,,Missing,Not available,6.849
MKT-035_D031,MKT-035,Chennai,Perungudi,Commercial Office,Established,C,31,20260919,2026-09-19,65.6498,Estimated,Estimation interval (±15-20%),9707.2774,Estimated,Estimation interval (±15-20%),6.6916,Estimated,Estimation interval (±15-20%),7.3075,Estimated,Estimation interval (±15-20%),,Missing,Not available,,Missing,Not available,63.6376,Derived,Estimation interval (±15-20%),,Missing,Not available,,Missing,Not available,8.1155
MKT-035_D032,MKT-035,Chennai,Perungudi,Commercial Office,Established,C,32,20260919,2026-09-19,67.2546,Estimated,Estimation interval (±15-20%),8593.4334,Estimated,Estimation interval (±15-20%),7.8985,Estimated,Estimation interval (±15-20%),9.4832,Estimated,Estimation interval (±15-20%),,Missing,Not available,,Missing,Not available,64.5242,Derived,Estimation interval (±15-20%),,Missing,Not available,,Missing,Not available,9.3915
MKT-035_D033,MKT-035,Chennai,Perungudi,Commercial Office,Established,C,33,20260919,2026-09-19,68.5976,Estimated,Estimation interval (±15-20%),8866.1752,Estimated,Estimation interval (±15-20%),6.7041,Estimated,Estimation interval (±15-20%),10.693,Estimated,Estimation interval (±15-20%),,Missing,Not available,,Missing,Not available,63.5154,Derived,Estimation interval (±15-20%),,Missing,Not available,,Missing,Not available,9.2844
MKT-035_D034,MKT-035,Chennai,Perungudi,Commercial Office,Established,C,34,20260919,2026-09-19,59.5054,Estimated,Estimation interval (±15-20%),9936.8464,Estimated,Estimation interval (±15-20%),7.8367,Estimated,Estimation interval (±15-20%),5.932,Estimated,Estimation interval (±15-20%),,Missing,Not available,,Missing,Not available,60.1289,Derived,Estimation interval (±15-20%),,Missing,Not available,,Missing,Not available,7.186
MKT-035_D035,MKT-035,Chennai,Perungudi,Commercial Office,Established,C,35,20260919,2026-09-19,64.3548,Estimated,Estimation interval (±15-20%),9001.5299,Estimated,Estimation interval (±15-20%),5.4532,Estimated,Estimation interval (±15-20%),8.3366,Estimated,Estimation interval (±15-20%),,Missing,Not available,,Missing,Not available,70.3382,Derived,Estimation interval (±15-20%),,Missing,Not available,,Missing,Not available,8.5792
MKT-035_D036,MKT-035,Chennai,Perungudi,Commercial Office,Established,C,36,20260919,2026-09-19,62.3441,Estimated,Estimation interval (±15-20%),9210.1738,Estimated,Estimation interval (±15-20%),5.8201,Estimated,Estimation interval (±15-20%),7.3711,Estimated,Estimation interval (±15-20%),,Missing,Not available,,Missing,Not available,67.713,Derived,Estimation interval (±15-20%),,Missing,Not available,,Missing,Not available,8.1229
MKT-035_D037,MKT-035,Chennai,Perungudi,Commercial Office,Established,C,37,20260919,2026-09-19,67.6081,Estimated,Estimation interval (±15-20%),6497.1605,Estimated,Estimation interval (±15-20%),5.3547,Estimated,Estimation interval (±15-20%),6.0627,Estimated,Estimation interval (±15-20%),,Missing,Not available,,Missing,Not available,67.0536,Derived,Estimation interval (±15-20%),,Missing,Not available,,Missing,Not available,12.487
MKT-035_D038,MKT-035,Chennai,Perungudi,Commercial Office,Established,C,38,20260919,2026-09-19,57.2162,Estimated,Estimation interval (±15-20%),7971.6519,Estimated,Estimation interval (±15-20%),6.5371,Estimated,Estimation interval (±15-20%),6.7057,Estimated,Estimation interval (±15-20%),,Missing,Not available,,Missing,Not available,65.94,Derived,Estimation interval (±15-20%),,Missing,Not available,,Missing,Not available,8.613
MKT-035_D039,MKT-035,Chennai,Perungudi,Commercial Office,Established,C,39,20260919,2026-09-19,60.1363,Estimated,Estimation interval (±15-20%),7254.6317,Estimated,Estimation interval (±15-20%),6.505,Estimated,Estimation interval (±15-20%),7.7056,Estimated,Estimation interval (±15-20%),,Missing,Not available,,Missing,Not available,73.3791,Derived,Estimation interval (±15-20%),,Missing,Not available,,Missing,Not available,9.9472
MKT-035_D040,MKT-035,Chennai,Perungudi,Commercial Office,Established,C,40,20260919,2026-09-19,62.6811,Estimated,Estimation interval (±15-20%),7338.5833,Estimated,Estimation interval (±15-20%),6.6036,Estimated,Estimation interval (±15-20%),9.0124,Estimated,Estimation interval (±15-20%),,Missing,Not available,,Missing,Not available,68.9581,Derived,Estimation interval (±15-20%),,Missing,Not available,,Missing,Not available,10.2496
MKT-036_D001,MKT-036,Chennai,Ambattur,Commercial Office,Growth,D,1,20260919,2026-09-19,44.6964,Estimated,Estimation interval (±20-30%),6884.0515,Estimated,Estimation interval (±20-30%),9.9776,Estimated,Estimation interval (±20-30%),7.5335,Estimated,Estimation interval (±20-30%),,Missing,Not available,,Missing,Not available,66.5893,Derived,Estimation interval (±20-30%),,Missing,Not available,,Missing,Not available,7.7913
MKT-036_D002,MKT-036,Chennai,Ambattur,Commercial Office,Growth,D,2,20260919,2026-09-19,47.7981,Estimated,Estimation interval (±20-30%),6212.5053,Estimated,Estimation interval (±20-30%),6.0826,Estimated,Estimation interval (±20-30%),9.1224,Estimated,Estimation interval (±20-30%),,Missing,Not available,,Missing,Not available,64.7303,Derived,Estimation interval (±20-30%),,Missing,Not available,,Missing,Not available,9.2326
MKT-036_D003,MKT-036,Chennai,Ambattur,Commercial Office,Growth,D,3,20260919,2026-09-19,50.4101,Estimated,Estimation interval (±20-30%),5934.064,Estimated,Estimation interval (±20-30%),10.2184,Estimated,Estimation interval (±20-30%),9.4928,Estimated,Estimation interval (±20-30%),,Missing,Not available,,Missing,Not available,78.0535,Derived,Estimation interval (±20-30%),,Missing,Not available,,Missing,Not available,10.194
MKT-036_D004,MKT-036,Chennai,Ambattur,Commercial Office,Growth,D,4,20260919,2026-09-19,42.592,Estimated,Estimation interval (±20-30%),6597.0726,Estimated,Estimation interval (±20-30%),12.6442,Estimated,Estimation interval (±20-30%),8.1609,Estimated,Estimation interval (±20-30%),,Missing,Not available,,Missing,Not available,58.7509,Derived,Estimation interval (±20-30%),,Missing,Not available,,Missing,Not available,7.7474
MKT-036_D005,MKT-036,Chennai,Ambattur,Commercial Office,Growth,D,5,20260919,2026-09-19,43.5901,Estimated,Estimation interval (±20-30%),6261.2908,Estimated,Estimation interval (±20-30%),5.157,Estimated,Estimation interval (±20-30%),8.4184,Estimated,Estimation interval (±20-30%),,Missing,Not available,,Missing,Not available,58.9941,Derived,Estimation interval (±20-30%),,Missing,Not available,,Missing,Not available,8.3542
MKT-036_D006,MKT-036,Chennai,Ambattur,Commercial Office,Growth,D,6,20260919,2026-09-19,42.5774,Estimated,Estimation interval (±20-30%),4363.2774,Estimated,Estimation interval (±20-30%),9.3659,Estimated,Estimation interval (±20-30%),8.4219,Estimated,Estimation interval (±20-30%),,Missing,Not available,,Missing,Not available,64.2626,Derived,Estimation interval (±20-30%),,Missing,Not available,,Missing,Not available,11.7097
MKT-036_D007,MKT-036,Chennai,Ambattur,Commercial Office,Growth,D,7,20260919,2026-09-19,45.397,Estimated,Estimation interval (±20-30%),5979.6392,Estimated,Estimation interval (±20-30%),10.2254,Estimated,Estimation interval (±20-30%),8.2879,Estimated,Estimation interval (±20-30%),,Missing,Not available,,Missing,Not available,53.8393,Derived,Estimation interval (±20-30%),,Missing,Not available,,Missing,Not available,9.1103
MKT-036_D008,MKT-036,Chennai,Ambattur,Commercial Office,Growth,D,8,20260919,2026-09-19,39.8957,Estimated,Estimation interval (±20-30%),5421.3672,Estimated,Estimation interval (±20-30%),10.1424,Estimated,Estimation interval (±20-30%),10.1437,Estimated,Estimation interval (±20-30%),,Missing,Not available,,Missing,Not available,70.3433,Derived,Estimation interval (±20-30%),,Missing,Not available,,Missing,Not available,8.8308
MKT-036_D009,MKT-036,Chennai,Ambattur,Commercial Office,Growth,D,9,20260919,2026-09-19,40.5603,Estimated,Estimation interval (±20-30%),5167.6503,Estimated,Estimation interval (±20-30%),10.5914,Estimated,Estimation interval (±20-30%),8.9854,Estimated,Estimation interval (±20-30%),,Missing,Not available,,Missing,Not available,51.1762,Derived,Estimation interval (±20-30%),,Missing,Not available,,Missing,Not available,9.4187
MKT-036_D010,MKT-036,Chennai,Ambattur,Commercial Office,Growth,D,10,20260919,2026-09-19,47.6969,Estimated,Estimation interval (±20-30%),6786.2268,Estimated,Estimation interval (±20-30%),10.3342,Estimated,Estimation interval (±20-30%),8.6654,Estimated,Estimation interval (±20-30%),,Missing,Not available,,Missing,Not available,73.3907,Derived,Estimation interval (±20-30%),,Missing,Not available,,Missing,Not available,8.4342
MKT-036_D011,MKT-036,Chennai,Ambattur,Commercial Office,Growth,D,11,20260919,2026-09-19,47.091,Estimated,Estimation interval (±20-30%),4602.7062,Estimated,Estimation interval (±20-30%),5.4694,Estimated,Estimation interval (±20-30%),7.1718,Estimated,Estimation interval (±20-30%),,Missing,Not available,,Missing,Not available,68.4847,Derived,Estimation interval (±20-30%),,Missing,Not available,,Missing,Not available,12.2774
MKT-036_D012,MKT-036,Chennai,Ambattur,Commercial Office,Growth,D,12,20260919,2026-09-19,46.4233,Estimated,Estimation interval (±20-30%),3486.5759,Estimated,Estimation interval (±20-30%),8.9593,Estimated,Estimation interval (±20-30%),11.6717,Estimated,Estimation interval (±20-30%),,Missing,Not available,,Missing,Not available,59.3023,Derived,Estimation interval (±20-30%),,Missing,Not available,,Missing,Not available,15.9778
MKT-036_D013,MKT-036,Chennai,Ambattur,Commercial Office,Growth,D,13,20260919,2026-09-19,43.1741,Estimated,Estimation interval (±20-30%),4586.2936,Estimated,Estimation interval (±20-30%),9.8158,Estimated,Estimation interval (±20-30%),9.5108,Estimated,Estimation interval (±20-30%),,Missing,Not available,,Missing,Not available,66.5078,Derived,Estimation interval (±20-30%),,Missing,Not available,,Missing,Not available,11.2965
MKT-036_D014,MKT-036,Chennai,Ambattur,Commercial Office,Growth,D,14,20260919,2026-09-19,39.9155,Estimated,Estimation interval (±20-30%),5056.2752,Estimated,Estimation interval (±20-30%),9.0921,Estimated,Estimation interval (±20-30%),11.2095,Estimated,Estimation interval (±20-30%),,Missing,Not available,,Missing,Not available,67.6967,Derived,Estimation interval (±20-30%),,Missing,Not available,,Missing,Not available,9.4731
MKT-036_D015,MKT-036,Chennai,Ambattur,Commercial Office,Growth,D,15,20260919,2026-09-19,40.9471,Estimated,Estimation interval (±20-30%),4529.4715,Estimated,Estimation interval (±20-30%),6.0537,Estimated,Estimation interval (±20-30%),10.2087,Estimated,Estimation interval (±20-30%),,Missing,Not available,,Missing,Not available,63.7631,Derived,Estimation interval (±20-30%),,Missing,Not available,,Missing,Not available,10.8482
MKT-036_D016,MKT-036,Chennai,Ambattur,Commercial Office,Growth,D,16,20260919,2026-09-19,44.6651,Estimated,Estimation interval (±20-30%),3622.567,Estimated,Estimation interval (±20-30%),6.9162,Estimated,Estimation interval (±20-30%),8.8431,Estimated,Estimation interval (±20-30%),,Missing,Not available,,Missing,Not available,61.8577,Derived,Estimation interval (±20-30%),,Missing,Not available,,Missing,Not available,14.7956
MKT-036_D017,MKT-036,Chennai,Ambattur,Commercial Office,Growth,D,17,20260919,2026-09-19,39.3074,Estimated,Estimation interval (±20-30%),6006.7638,Estimated,Estimation interval (±20-30%),8.629,Estimated,Estimation interval (±20-30%),7.4309,Estimated,Estimation interval (±20-30%),,Missing,Not available,,Missing,Not available,59.4293,Derived,Estimation interval (±20-30%),,Missing,Not available,,Missing,Not available,7.8526
MKT-036_D018,MKT-036,Chennai,Ambattur,Commercial Office,Growth,D,18,20260919,2026-09-19,43.3953,Estimated,Estimation interval (±20-30%),4277.778,Estimated,Estimation interval (±20-30%),5.4632,Estimated,Estimation interval (±20-30%),13.1756,Estimated,Estimation interval (±20-30%),,Missing,Not available,,Missing,Not available,63.2394,Derived,Estimation interval (±20-30%),,Missing,Not available,,Missing,Not available,12.1732
MKT-036_D019,MKT-036,Chennai,Ambattur,Commercial Office,Growth,D,19,20260919,2026-09-19,47.1502,Estimated,Estimation interval (±20-30%),6835.1314,Estimated,Estimation interval (±20-30%),5.1765,Estimated,Estimation interval (±20-30%),6.0714,Estimated,Estimation interval (±20-30%),,Missing,Not available,,Missing,Not available,56.2368,Derived,Estimation interval (±20-30%),,Missing,Not available,,Missing,Not available,8.2779
MKT-036_D020,MKT-036,Chennai,Ambattur,Commercial Office,Growth,D,20,20260919,2026-09-19,38.7352,Estimated,Estimation interval (±20-30%),6118.6479,Estimated,Estimation interval (±20-30%),9.5523,Estimated,Estimation interval (±20-30%),9.2198,Estimated,Estimation interval (±20-30%),,Missing,Not available,,Missing,Not available,53.6452,Derived,Estimation interval (±20-30%),,Missing,Not available,,Missing,Not available,7.5968
MKT-036_D021,MKT-036,Chennai,Ambattur,Commercial Office,Growth,D,21,20260919,2026-09-19,48.6526,Estimated,Estimation interval (±20-30%),4628.1356,Estimated,Estimation interval (±20-30%),4.8248,Estimated,Estimation interval (±20-30%),10.4392,Estimated,Estimation interval (±20-30%),,Missing,Not available,,Missing,Not available,63.7966,Derived,Estimation interval (±20-30%),,Missing,Not available,,Missing,Not available,12.6148
MKT-036_D022,MKT-036,Chennai,Ambattur,Commercial Office,Growth,D,22,20260919,2026-09-19,40.4796,Estimated,Estimation interval (±20-30%),5129.5375,Estimated,Estimation interval (±20-30%),8.8493,Estimated,Estimation interval (±20-30%),10.6894,Estimated,Estimation interval (±20-30%),,Missing,Not available,,Missing,Not available,65.2,Derived,Estimation interval (±20-30%),,Missing,Not available,,Missing,Not available,9.4698
MKT-036_D023,MKT-036,Chennai,Ambattur,Commercial Office,Growth,D,23,20260919,2026-09-19,44.0944,Estimated,Estimation interval (±20-30%),5658.3086,Estimated,Estimation interval (±20-30%),5.1907,Estimated,Estimation interval (±20-30%),6.2908,Estimated,Estimation interval (±20-30%),,Missing,Not available,,Missing,Not available,63.5075,Derived,Estimation interval (±20-30%),,Missing,Not available,,Missing,Not available,9.3514
MKT-036_D024,MKT-036,Chennai,Ambattur,Commercial Office,Growth,D,24,20260919,2026-09-19,44.9545,Estimated,Estimation interval (±20-30%),5352.003,Estimated,Estimation interval (±20-30%),10.7677,Estimated,Estimation interval (±20-30%),6.9854,Estimated,Estimation interval (±20-30%),,Missing,Not available,,Missing,Not available,58.151,Derived,Estimation interval (±20-30%),,Missing,Not available,,Missing,Not available,10.0795
MKT-036_D025,MKT-036,Chennai,Ambattur,Commercial Office,Growth,D,25,20260919,2026-09-19,41.5187,Estimated,Estimation interval (±20-30%),6438.689,Estimated,Estimation interval (±20-30%),9.5534,Estimated,Estimation interval (±20-30%),10.8133,Estimated,Estimation interval (±20-30%),,Missing,Not available,,Missing,Not available,68.8514,Derived,Estimation interval (±20-30%),,Missing,Not available,,Missing,Not available,7.738
MKT-036_D026,MKT-036,Chennai,Ambattur,Commercial Office,Growth,D,26,20260919,2026-09-19,45.2385,Estimated,Estimation interval (±20-30%),5064.286,Estimated,Estimation interval (±20-30%),6.9872,Estimated,Estimation interval (±20-30%),10.9551,Estimated,Estimation interval (±20-30%),,Missing,Not available,,Missing,Not available,59.0499,Derived,Estimation interval (±20-30%),,Missing,Not available,,Missing,Not available,10.7194
MKT-036_D027,MKT-036,Chennai,Ambattur,Commercial Office,Growth,D,27,20260919,2026-09-19,43.9916,Estimated,Estimation interval (±20-30%),5285.7812,Estimated,Estimation interval (±20-30%),6.8413,Estimated,Estimation interval (±20-30%),9.7538,Estimated,Estimation interval (±20-30%),,Missing,Not available,,Missing,Not available,72.084,Derived,Estimation interval (±20-30%),,Missing,Not available,,Missing,Not available,9.9872
MKT-036_D028,MKT-036,Chennai,Ambattur,Commercial Office,Growth,D,28,20260919,2026-09-19,48.7508,Estimated,Estimation interval (±20-30%),3656.7097,Estimated,Estimation interval (±20-30%),7.8,Estimated,Estimation interval (±20-30%),6.7009,Estimated,Estimation interval (±20-30%),,Missing,Not available,,Missing,Not available,68.4909,Derived,Estimation interval (±20-30%),,Missing,Not available,,Missing,Not available,15.9983
MKT-036_D029,MKT-036,Chennai,Ambattur,Commercial Office,Growth,D,29,20260919,2026-09-19,39.8963,Estimated,Estimation interval (±20-30%),5372.14,Estimated,Estimation interval (±20-30%),10.3923,Estimated,Estimation interval (±20-30%),8.775,Estimated,Estimation interval (±20-30%),,Missing,Not available,,Missing,Not available,54.8998,Derived,Estimation interval (±20-30%),,Missing,Not available,,Missing,Not available,8.9118
MKT-036_D030,MKT-036,Chennai,Ambattur,Commercial Office,Growth,D,30,20260919,2026-09-19,40.0401,Estimated,Estimation interval (±20-30%),5495.6788,Estimated,Estimation interval (±20-30%),7.5193,Estimated,Estimation interval (±20-30%),10.3353,Estimated,Estimation interval (±20-30%),,Missing,Not available,,Missing,Not available,62.3856,Derived,Estimation interval (±20-30%),,Missing,Not available,,Missing,Not available,8.7429
MKT-036_D031,MKT-036,Chennai,Ambattur,Commercial Office,Growth,D,31,20260919,2026-09-19,46.1431,Estimated,Estimation interval (±20-30%),5056.7667,Estimated,Estimation interval (±20-30%),10.8224,Estimated,Estimation interval (±20-30%),6.6391,Estimated,Estimation interval (±20-30%),,Missing,Not available,,Missing,Not available,57.4512,Derived,Estimation interval (±20-30%),,Missing,Not available,,Missing,Not available,10.95
MKT-036_D032,MKT-036,Chennai,Ambattur,Commercial Office,Growth,D,32,20260919,2026-09-19,51.2956,Estimated,Estimation interval (±20-30%),4328.8213,Estimated,Estimation interval (±20-30%),8.4557,Estimated,Estimation interval (±20-30%),6.8067,Estimated,Estimation interval (±20-30%),,Missing,Not available,,Missing,Not available,70.824,Derived,Estimation interval (±20-30%),,Missing,Not available,,Missing,Not available,14.2197
MKT-036_D033,MKT-036,Chennai,Ambattur,Commercial Office,Growth,D,33,20260919,2026-09-19,39.2245,Estimated,Estimation interval (±20-30%),4655.3703,Estimated,Estimation interval (±20-30%),7.4912,Estimated,Estimation interval (±20-30%),13.9058,Estimated,Estimation interval (±20-30%),,Missing,Not available,,Missing,Not available,67.5177,Derived,Estimation interval (±20-30%),,Missing,Not available,,Missing,Not available,10.1108
MKT-036_D034,MKT-036,Chennai,Ambattur,Commercial Office,Growth,D,34,20260919,2026-09-19,42.5231,Estimated,Estimation interval (±20-30%),6562.6271,Estimated,Estimation interval (±20-30%),9.9937,Estimated,Estimation interval (±20-30%),10.8907,Estimated,Estimation interval (±20-30%),,Missing,Not available,,Missing,Not available,50.3976,Derived,Estimation interval (±20-30%),,Missing,Not available,,Missing,Not available,7.7755
MKT-036_D035,MKT-036,Chennai,Ambattur,Commercial Office,Growth,D,35,20260919,2026-09-19,47.9849,Estimated,Estimation interval (±20-30%),5649.202,Estimated,Estimation interval (±20-30%),11.3402,Estimated,Estimation interval (±20-30%),8.582,Estimated,Estimation interval (±20-30%),,Missing,Not available,,Missing,Not available,67.6084,Derived,Estimation interval (±20-30%),,Missing,Not available,,Missing,Not available,10.1929
MKT-036_D036,MKT-036,Chennai,Ambattur,Commercial Office,Growth,D,36,20260919,2026-09-19,50.5996,Estimated,Estimation interval (±20-30%),5975.7934,Estimated,Estimation interval (±20-30%),10.4203,Estimated,Estimation interval (±20-30%),11.5344,Estimated,Estimation interval (±20-30%),,Missing,Not available,,Missing,Not available,55.0851,Derived,Estimation interval (±20-30%),,Missing,Not available,,Missing,Not available,10.1609
MKT-036_D037,MKT-036,Chennai,Ambattur,Commercial Office,Growth,D,37,20260919,2026-09-19,53.4498,Estimated,Estimation interval (±20-30%),4619.1517,Estimated,Estimation interval (±20-30%),9.8392,Estimated,Estimation interval (±20-30%),7.5489,Estimated,Estimation interval (±20-30%),,Missing,Not available,,Missing,Not available,60.0789,Derived,Estimation interval (±20-30%),,Missing,Not available,,Missing,Not available,13.8856
MKT-036_D038,MKT-036,Chennai,Ambattur,Commercial Office,Growth,D,38,20260919,2026-09-19,51.7154,Estimated,Estimation interval (±20-30%),5846.065,Estimated,Estimation interval (±20-30%),8.4851,Estimated,Estimation interval (±20-30%),8.4489,Estimated,Estimation interval (±20-30%),,Missing,Not available,,Missing,Not available,71.6428,Derived,Estimation interval (±20-30%),,Missing,Not available,,Missing,Not available,10.6154
MKT-036_D039,MKT-036,Chennai,Ambattur,Commercial Office,Growth,D,39,20260919,2026-09-19,51.2706,Estimated,Estimation interval (±20-30%),4217.7763,Estimated,Estimation interval (±20-30%),6.6563,Estimated,Estimation interval (±20-30%),10.247,Estimated,Estimation interval (±20-30%),,Missing,Not available,,Missing,Not available,70.4065,Derived,Estimation interval (±20-30%),,Missing,Not available,,Missing,Not available,14.587
MKT-036_D040,MKT-036,Chennai,Ambattur,Commercial Office,Growth,D,40,20260919,2026-09-19,44.4159,Estimated,Estimation interval (±20-30%),5875.0979,Estimated,Estimation interval (±20-30%),12.6041,Estimated,Estimation interval (±20-30%),11.383,Estimated,Estimation interval (±20-30%),,Missing,Not available,,Missing,Not available,56.5738,Derived,Estimation interval (±20-30%),,Missing,Not available,,Missing,Not available,9.072
MKT-037_D001,MKT-037,Kolkata,Salt Lake Sector V,Commercial Office,Established,C,1,20260919,2026-09-19,47.3468,Reported,Estimation interval (±15-20%),7037.4709,Estimated,Estimation interval (±15-20%),6.9497,Estimated,Estimation interval (±15-20%),6.1369,Estimated,Estimation interval (±15-20%),,Missing,Not available,,Missing,Not available,62.7286,Derived,Estimation interval (±15-20%),,Missing,Not available,,Missing,Not available,8.0734
MKT-037_D002,MKT-037,Kolkata,Salt Lake Sector V,Commercial Office,Established,C,2,20260919,2026-09-19,52.2142,Reported,Estimation interval (±15-20%),6087.4556,Estimated,Estimation interval (±15-20%),5.1454,Estimated,Estimation interval (±15-20%),7.3652,Estimated,Estimation interval (±15-20%),,Missing,Not available,,Missing,Not available,68.0736,Derived,Estimation interval (±15-20%),,Missing,Not available,,Missing,Not available,10.2928
MKT-037_D003,MKT-037,Kolkata,Salt Lake Sector V,Commercial Office,Established,C,3,20260919,2026-09-19,49.5446,Reported,Estimation interval (±15-20%),6507.1713,Estimated,Estimation interval (±15-20%),5.0132,Estimated,Estimation interval (±15-20%),6.4311,Estimated,Estimation interval (±15-20%),,Missing,Not available,,Missing,Not available,65.2511,Derived,Estimation interval (±15-20%),,Missing,Not available,,Missing,Not available,9.1366
MKT-037_D004,MKT-037,Kolkata,Salt Lake Sector V,Commercial Office,Established,C,4,20260919,2026-09-19,43.5757,Reported,Estimation interval (±15-20%),4956.5486,Estimated,Estimation interval (±15-20%),5.1289,Estimated,Estimation interval (±15-20%),10.2617,Estimated,Estimation interval (±15-20%),,Missing,Not available,,Missing,Not available,70.6043,Derived,Estimation interval (±15-20%),,Missing,Not available,,Missing,Not available,10.5498
MKT-037_D005,MKT-037,Kolkata,Salt Lake Sector V,Commercial Office,Established,C,5,20260919,2026-09-19,49.3795,Reported,Estimation interval (±15-20%),6530.8418,Estimated,Estimation interval (±15-20%),5.1773,Estimated,Estimation interval (±15-20%),9.1447,Estimated,Estimation interval (±15-20%),,Missing,Not available,,Missing,Not available,67.3967,Derived,Estimation interval (±15-20%),,Missing,Not available,,Missing,Not available,9.0732
MKT-037_D006,MKT-037,Kolkata,Salt Lake Sector V,Commercial Office,Established,C,6,20260919,2026-09-19,44.5167,Reported,Estimation interval (±15-20%),7555.0678,Estimated,Estimation interval (±15-20%),8.4192,Estimated,Estimation interval (±15-20%),7.9278,Estimated,Estimation interval (±15-20%),,Missing,Not available,,Missing,Not available,71.6162,Derived,Estimation interval (±15-20%),,Missing,Not available,,Missing,Not available,7.0708
MKT-037_D007,MKT-037,Kolkata,Salt Lake Sector V,Commercial Office,Established,C,7,20260919,2026-09-19,49.3232,Reported,Estimation interval (±15-20%),7535.3643,Estimated,Estimation interval (±15-20%),4.1498,Estimated,Estimation interval (±15-20%),7.5285,Estimated,Estimation interval (±15-20%),,Missing,Not available,,Missing,Not available,64.1224,Derived,Estimation interval (±15-20%),,Missing,Not available,,Missing,Not available,7.8547
MKT-037_D008,MKT-037,Kolkata,Salt Lake Sector V,Commercial Office,Established,C,8,20260919,2026-09-19,46.7898,Reported,Estimation interval (±15-20%),5278.6431,Estimated,Estimation interval (±15-20%),6.7563,Estimated,Estimation interval (±15-20%),6.7382,Estimated,Estimation interval (±15-20%),,Missing,Not available,,Missing,Not available,69.182,Derived,Estimation interval (±15-20%),,Missing,Not available,,Missing,Not available,10.6368
MKT-037_D009,MKT-037,Kolkata,Salt Lake Sector V,Commercial Office,Established,C,9,20260919,2026-09-19,44.8592,Reported,Estimation interval (±15-20%),5378.2567,Estimated,Estimation interval (±15-20%),5.0957,Estimated,Estimation interval (±15-20%),10.8859,Estimated,Estimation interval (±15-20%),,Missing,Not available,,Missing,Not available,64.8831,Derived,Estimation interval (±15-20%),,Missing,Not available,,Missing,Not available,10.009
MKT-037_D010,MKT-037,Kolkata,Salt Lake Sector V,Commercial Office,Established,C,10,20260919,2026-09-19,47.9112,Reported,Estimation interval (±15-20%),5785.4898,Estimated,Estimation interval (±15-20%),7.2786,Estimated,Estimation interval (±15-20%),9.299,Estimated,Estimation interval (±15-20%),,Missing,Not available,,Missing,Not available,69.5407,Derived,Estimation interval (±15-20%),,Missing,Not available,,Missing,Not available,9.9375
MKT-037_D011,MKT-037,Kolkata,Salt Lake Sector V,Commercial Office,Established,C,11,20260919,2026-09-19,50.1117,Reported,Estimation interval (±15-20%),5635.3651,Estimated,Estimation interval (±15-20%),5.5649,Estimated,Estimation interval (±15-20%),7.3417,Estimated,Estimation interval (±15-20%),,Missing,Not available,,Missing,Not available,63.3698,Derived,Estimation interval (±15-20%),,Missing,Not available,,Missing,Not available,10.6708
MKT-037_D012,MKT-037,Kolkata,Salt Lake Sector V,Commercial Office,Established,C,12,20260919,2026-09-19,46.4591,Reported,Estimation interval (±15-20%),6326.8726,Estimated,Estimation interval (±15-20%),7.4067,Estimated,Estimation interval (±15-20%),4.5191,Estimated,Estimation interval (±15-20%),,Missing,Not available,,Missing,Not available,65.5759,Derived,Estimation interval (±15-20%),,Missing,Not available,,Missing,Not available,8.8118
MKT-037_D013,MKT-037,Kolkata,Salt Lake Sector V,Commercial Office,Established,C,13,20260919,2026-09-19,53.9429,Reported,Estimation interval (±15-20%),7145.3274,Estimated,Estimation interval (±15-20%),5.85,Estimated,Estimation interval (±15-20%),5.558,Estimated,Estimation interval (±15-20%),,Missing,Not available,,Missing,Not available,63.9053,Derived,Estimation interval (±15-20%),,Missing,Not available,,Missing,Not available,9.0593
MKT-037_D014,MKT-037,Kolkata,Salt Lake Sector V,Commercial Office,Established,C,14,20260919,2026-09-19,52.3196,Reported,Estimation interval (±15-20%),6094.3675,Estimated,Estimation interval (±15-20%),6.1831,Estimated,Estimation interval (±15-20%),6.568,Estimated,Estimation interval (±15-20%),,Missing,Not available,,Missing,Not available,69.3292,Derived,Estimation interval (±15-20%),,Missing,Not available,,Missing,Not available,10.3019
MKT-037_D015,MKT-037,Kolkata,Salt Lake Sector V,Commercial Office,Established,C,15,20260919,2026-09-19,47.1854,Reported,Estimation interval (±15-20%),6410.8436,Estimated,Estimation interval (±15-20%),8.3377,Estimated,Estimation interval (±15-20%),5.222,Estimated,Estimation interval (±15-20%),,Missing,Not available,,Missing,Not available,69.5081,Derived,Estimation interval (±15-20%),,Missing,Not available,,Missing,Not available,8.8323
MKT-037_D016,MKT-037,Kolkata,Salt Lake Sector V,Commercial Office,Established,C,16,20260919,2026-09-19,47.8987,Reported,Estimation interval (±15-20%),5479.385,Estimated,Estimation interval (±15-20%),3.5638,Estimated,Estimation interval (±15-20%),7.4258,Estimated,Estimation interval (±15-20%),,Missing,Not available,,Missing,Not available,66.4644,Derived,Estimation interval (±15-20%),,Missing,Not available,,Missing,Not available,10.4899
MKT-037_D017,MKT-037,Kolkata,Salt Lake Sector V,Commercial Office,Established,C,17,20260919,2026-09-19,42.5401,Reported,Estimation interval (±15-20%),6580.1738,Estimated,Estimation interval (±15-20%),8.3221,Estimated,Estimation interval (±15-20%),6.3008,Estimated,Estimation interval (±15-20%),,Missing,Not available,,Missing,Not available,59.6324,Derived,Estimation interval (±15-20%),,Missing,Not available,,Missing,Not available,7.7579
MKT-037_D018,MKT-037,Kolkata,Salt Lake Sector V,Commercial Office,Established,C,18,20260919,2026-09-19,48.3681,Reported,Estimation interval (±15-20%),6344.1093,Estimated,Estimation interval (±15-20%),4.3494,Estimated,Estimation interval (±15-20%),7.4069,Estimated,Estimation interval (±15-20%),,Missing,Not available,,Missing,Not available,66.5518,Derived,Estimation interval (±15-20%),,Missing,Not available,,Missing,Not available,9.1489
MKT-037_D019,MKT-037,Kolkata,Salt Lake Sector V,Commercial Office,Established,C,19,20260919,2026-09-19,45.3185,Reported,Estimation interval (±15-20%),7792.1233,Estimated,Estimation interval (±15-20%),4.0856,Estimated,Estimation interval (±15-20%),7.7989,Estimated,Estimation interval (±15-20%),,Missing,Not available,,Missing,Not available,67.14,Derived,Estimation interval (±15-20%),,Missing,Not available,,Missing,Not available,6.9791
MKT-037_D020,MKT-037,Kolkata,Salt Lake Sector V,Commercial Office,Established,C,20,20260919,2026-09-19,54.7431,Reported,Estimation interval (±15-20%),6560.5379,Estimated,Estimation interval (±15-20%),6.7168,Estimated,Estimation interval (±15-20%),7.057,Estimated,Estimation interval (±15-20%),,Missing,Not available,,Missing,Not available,61.3602,Derived,Estimation interval (±15-20%),,Missing,Not available,,Missing,Not available,10.0132
MKT-037_D021,MKT-037,Kolkata,Salt Lake Sector V,Commercial Office,Established,C,21,20260919,2026-09-19,45.7911,Reported,Estimation interval (±15-20%),5587.1342,Estimated,Estimation interval (±15-20%),6.0099,Estimated,Estimation interval (±15-20%),6.742,Estimated,Estimation interval (±15-20%),,Missing,Not available,,Missing,Not available,71.5464,Derived,Estimation interval (±15-20%),,Missing,Not available,,Missing,Not available,9.835
MKT-037_D022,MKT-037,Kolkata,Salt Lake Sector V,Commercial Office,Established,C,22,20260919,2026-09-19,53.4048,Reported,Estimation interval (±15-20%),5546.4369,Estimated,Estimation interval (±15-20%),7.7562,Estimated,Estimation interval (±15-20%),5.039,Estimated,Estimation interval (±15-20%),,Missing,Not available,,Missing,Not available,63.413,Derived,Estimation interval (±15-20%),,Missing,Not available,,Missing,Not available,11.5544
MKT-037_D023,MKT-037,Kolkata,Salt Lake Sector V,Commercial Office,Established,C,23,20260919,2026-09-19,48.8208,Reported,Estimation interval (±15-20%),6391.254,Estimated,Estimation interval (±15-20%),4.2509,Estimated,Estimation interval (±15-20%),9.8767,Estimated,Estimation interval (±15-20%),,Missing,Not available,,Missing,Not available,62.2535,Derived,Estimation interval (±15-20%),,Missing,Not available,,Missing,Not available,9.1664
MKT-037_D024,MKT-037,Kolkata,Salt Lake Sector V,Commercial Office,Established,C,24,20260919,2026-09-19,48.1518,Reported,Estimation interval (±15-20%),4923.5218,Estimated,Estimation interval (±15-20%),6.6569,Estimated,Estimation interval (±15-20%),7.6471,Estimated,Estimation interval (±15-20%),,Missing,Not available,,Missing,Not available,61.3338,Derived,Estimation interval (±15-20%),,Missing,Not available,,Missing,Not available,11.7359
MKT-037_D025,MKT-037,Kolkata,Salt Lake Sector V,Commercial Office,Established,C,25,20260919,2026-09-19,42.338,Reported,Estimation interval (±15-20%),5556.5474,Estimated,Estimation interval (±15-20%),6.8427,Estimated,Estimation interval (±15-20%),9.7019,Estimated,Estimation interval (±15-20%),,Missing,Not available,,Missing,Not available,62.8108,Derived,Estimation interval (±15-20%),,Missing,Not available,,Missing,Not available,9.1434
MKT-037_D026,MKT-037,Kolkata,Salt Lake Sector V,Commercial Office,Established,C,26,20260919,2026-09-19,40.2673,Reported,Estimation interval (±15-20%),5952.3861,Estimated,Estimation interval (±15-20%),6.185,Estimated,Estimation interval (±15-20%),5.4791,Estimated,Estimation interval (±15-20%),,Missing,Not available,,Missing,Not available,58.743,Derived,Estimation interval (±15-20%),,Missing,Not available,,Missing,Not available,8.1179
MKT-037_D027,MKT-037,Kolkata,Salt Lake Sector V,Commercial Office,Established,C,27,20260919,2026-09-19,47.6404,Reported,Estimation interval (±15-20%),6124.8201,Estimated,Estimation interval (±15-20%),7.6391,Estimated,Estimation interval (±15-20%),8.9178,Estimated,Estimation interval (±15-20%),,Missing,Not available,,Missing,Not available,71.2379,Derived,Estimation interval (±15-20%),,Missing,Not available,,Missing,Not available,9.3339
MKT-037_D028,MKT-037,Kolkata,Salt Lake Sector V,Commercial Office,Established,C,28,20260919,2026-09-19,38.5177,Reported,Estimation interval (±15-20%),7624.8723,Estimated,Estimation interval (±15-20%),3.6238,Estimated,Estimation interval (±15-20%),6.2757,Estimated,Estimation interval (±15-20%),,Missing,Not available,,Missing,Not available,61.5328,Derived,Estimation interval (±15-20%),,Missing,Not available,,Missing,Not available,6.0619
MKT-037_D029,MKT-037,Kolkata,Salt Lake Sector V,Commercial Office,Established,C,29,20260919,2026-09-19,43.8449,Reported,Estimation interval (±15-20%),6503.3377,Estimated,Estimation interval (±15-20%),6.038,Estimated,Estimation interval (±15-20%),7.2659,Estimated,Estimation interval (±15-20%),,Missing,Not available,,Missing,Not available,67.3743,Derived,Estimation interval (±15-20%),,Missing,Not available,,Missing,Not available,8.0903
MKT-037_D030,MKT-037,Kolkata,Salt Lake Sector V,Commercial Office,Established,C,30,20260919,2026-09-19,47.5628,Reported,Estimation interval (±15-20%),6147.1103,Estimated,Estimation interval (±15-20%),3.918,Estimated,Estimation interval (±15-20%),7.4999,Estimated,Estimation interval (±15-20%),,Missing,Not available,,Missing,Not available,73.0967,Derived,Estimation interval (±15-20%),,Missing,Not available,,Missing,Not available,9.2849
MKT-037_D031,MKT-037,Kolkata,Salt Lake Sector V,Commercial Office,Established,C,31,20260919,2026-09-19,45.8804,Reported,Estimation interval (±15-20%),7997.6401,Estimated,Estimation interval (±15-20%),5.3561,Estimated,Estimation interval (±15-20%),7.0908,Estimated,Estimation interval (±15-20%),,Missing,Not available,,Missing,Not available,72.4235,Derived,Estimation interval (±15-20%),,Missing,Not available,,Missing,Not available,6.8841
MKT-037_D032,MKT-037,Kolkata,Salt Lake Sector V,Commercial Office,Established,C,32,20260919,2026-09-19,46.1438,Reported,Estimation interval (±15-20%),5880.5891,Estimated,Estimation interval (±15-20%),5.3115,Estimated,Estimation interval (±15-20%),8.8203,Estimated,Estimation interval (±15-20%),,Missing,Not available,,Missing,Not available,61.7578,Derived,Estimation interval (±15-20%),,Missing,Not available,,Missing,Not available,9.4162
MKT-037_D033,MKT-037,Kolkata,Salt Lake Sector V,Commercial Office,Established,C,33,20260919,2026-09-19,47.084,Reported,Estimation interval (±15-20%),6140.2099,Estimated,Estimation interval (±15-20%),5.19,Estimated,Estimation interval (±15-20%),7.423,Estimated,Estimation interval (±15-20%),,Missing,Not available,,Missing,Not available,66.9204,Derived,Estimation interval (±15-20%),,Missing,Not available,,Missing,Not available,9.2018
MKT-037_D034,MKT-037,Kolkata,Salt Lake Sector V,Commercial Office,Established,C,34,20260919,2026-09-19,44.0103,Reported,Estimation interval (±15-20%),6905.2644,Estimated,Estimation interval (±15-20%),8.1091,Estimated,Estimation interval (±15-20%),6.252,Estimated,Estimation interval (±15-20%),,Missing,Not available,,Missing,Not available,62.357,Derived,Estimation interval (±15-20%),,Missing,Not available,,Missing,Not available,7.6481
MKT-037_D035,MKT-037,Kolkata,Salt Lake Sector V,Commercial Office,Established,C,35,20260919,2026-09-19,48.6979,Reported,Estimation interval (±15-20%),6104.8629,Estimated,Estimation interval (±15-20%),3.8102,Estimated,Estimation interval (±15-20%),8.8724,Estimated,Estimation interval (±15-20%),,Missing,Not available,,Missing,Not available,65.5574,Derived,Estimation interval (±15-20%),,Missing,Not available,,Missing,Not available,9.5723
MKT-037_D036,MKT-037,Kolkata,Salt Lake Sector V,Commercial Office,Established,C,36,20260919,2026-09-19,51.2843,Reported,Estimation interval (±15-20%),5011.2075,Estimated,Estimation interval (±15-20%),5.854,Estimated,Estimation interval (±15-20%),8.7132,Estimated,Estimation interval (±15-20%),,Missing,Not available,,Missing,Not available,62.6395,Derived,Estimation interval (±15-20%),,Missing,Not available,,Missing,Not available,12.2807
MKT-037_D037,MKT-037,Kolkata,Salt Lake Sector V,Commercial Office,Established,C,37,20260919,2026-09-19,46.5123,Reported,Estimation interval (±15-20%),4493.5353,Estimated,Estimation interval (±15-20%),6.3665,Estimated,Estimation interval (±15-20%),7.467,Estimated,Estimation interval (±15-20%),,Missing,Not available,,Missing,Not available,64.6988,Derived,Estimation interval (±15-20%),,Missing,Not available,,Missing,Not available,12.4211
MKT-037_D038,MKT-037,Kolkata,Salt Lake Sector V,Commercial Office,Established,C,38,20260919,2026-09-19,42.7117,Reported,Estimation interval (±15-20%),7182.8426,Estimated,Estimation interval (±15-20%),5.7616,Estimated,Estimation interval (±15-20%),6.793,Estimated,Estimation interval (±15-20%),,Missing,Not available,,Missing,Not available,68.174,Derived,Estimation interval (±15-20%),,Missing,Not available,,Missing,Not available,7.1356
MKT-037_D039,MKT-037,Kolkata,Salt Lake Sector V,Commercial Office,Established,C,39,20260919,2026-09-19,47.5261,Reported,Estimation interval (±15-20%),6230.8626,Estimated,Estimation interval (±15-20%),5.7685,Estimated,Estimation interval (±15-20%),7.887,Estimated,Estimation interval (±15-20%),,Missing,Not available,,Missing,Not available,58.3954,Derived,Estimation interval (±15-20%),,Missing,Not available,,Missing,Not available,9.153
MKT-037_D040,MKT-037,Kolkata,Salt Lake Sector V,Commercial Office,Established,C,40,20260919,2026-09-19,45.6783,Reported,Estimation interval (±15-20%),5510.1846,Estimated,Estimation interval (±15-20%),7.0063,Estimated,Estimation interval (±15-20%),8.8143,Estimated,Estimation interval (±15-20%),,Missing,Not available,,Missing,Not available,61.3651,Derived,Estimation interval (±15-20%),,Missing,Not available,,Missing,Not available,9.9478
MKT-038_D001,MKT-038,Ahmedabad,GIFT City,Commercial Office,Growth,D,1,20260919,2026-09-19,52.2993,Estimated,Estimation interval (±20-30%),6991.6671,Estimated,Estimation interval (±20-30%),11.3617,Estimated,Estimation interval (±20-30%),6.9849,Estimated,Estimation interval (±20-30%),,Missing,Not available,,Missing,Not available,55.3474,Derived,Estimation interval (±20-30%),,Missing,Not available,,Missing,Not available,8.9763
MKT-038_D002,MKT-038,Ahmedabad,GIFT City,Commercial Office,Growth,D,2,20260919,2026-09-19,44.7354,Estimated,Estimation interval (±20-30%),7251.8733,Estimated,Estimation interval (±20-30%),4.4305,Estimated,Estimation interval (±20-30%),6.8526,Estimated,Estimation interval (±20-30%),,Missing,Not available,,Missing,Not available,73.274,Derived,Estimation interval (±20-30%),,Missing,Not available,,Missing,Not available,7.4026
MKT-038_D003,MKT-038,Ahmedabad,GIFT City,Commercial Office,Growth,D,3,20260919,2026-09-19,58.3043,Estimated,Estimation interval (±20-30%),6203.5507,Estimated,Estimation interval (±20-30%),7.6837,Estimated,Estimation interval (±20-30%),7.9315,Estimated,Estimation interval (±20-30%),,Missing,Not available,,Missing,Not available,65.3157,Derived,Estimation interval (±20-30%),,Missing,Not available,,Missing,Not available,11.2782
MKT-038_D004,MKT-038,Ahmedabad,GIFT City,Commercial Office,Growth,D,4,20260919,2026-09-19,60.4768,Estimated,Estimation interval (±20-30%),5896.3514,Estimated,Estimation interval (±20-30%),7.3871,Estimated,Estimation interval (±20-30%),8.0547,Estimated,Estimation interval (±20-30%),,Missing,Not available,,Missing,Not available,61.5398,Derived,Estimation interval (±20-30%),,Missing,Not available,,Missing,Not available,12.308
MKT-038_D005,MKT-038,Ahmedabad,GIFT City,Commercial Office,Growth,D,5,20260919,2026-09-19,56.8693,Estimated,Estimation interval (±20-30%),5959.1409,Estimated,Estimation interval (±20-30%),7.8054,Estimated,Estimation interval (±20-30%),8.1485,Estimated,Estimation interval (±20-30%),,Missing,Not available,,Missing,Not available,70.0486,Derived,Estimation interval (±20-30%),,Missing,Not available,,Missing,Not available,11.4518
MKT-038_D006,MKT-038,Ahmedabad,GIFT City,Commercial Office,Growth,D,6,20260919,2026-09-19,43.6945,Estimated,Estimation interval (±20-30%),5853.876,Estimated,Estimation interval (±20-30%),8.7694,Estimated,Estimation interval (±20-30%),9.5863,Estimated,Estimation interval (±20-30%),,Missing,Not available,,Missing,Not available,72.6543,Derived,Estimation interval (±20-30%),,Missing,Not available,,Missing,Not available,8.957
MKT-038_D007,MKT-038,Ahmedabad,GIFT City,Commercial Office,Growth,D,7,20260919,2026-09-19,42.8734,Estimated,Estimation interval (±20-30%),6869.4319,Estimated,Estimation interval (±20-30%),9.1393,Estimated,Estimation interval (±20-30%),6.1364,Estimated,Estimation interval (±20-30%),,Missing,Not available,,Missing,Not available,66.8688,Derived,Estimation interval (±20-30%),,Missing,Not available,,Missing,Not available,7.4894
MKT-038_D008,MKT-038,Ahmedabad,GIFT City,Commercial Office,Growth,D,8,20260919,2026-09-19,47.8882,Estimated,Estimation interval (±20-30%),6240.883,Estimated,Estimation interval (±20-30%),9.8174,Estimated,Estimation interval (±20-30%),8.7083,Estimated,Estimation interval (±20-30%),,Missing,Not available,,Missing,Not available,60.4073,Derived,Estimation interval (±20-30%),,Missing,Not available,,Missing,Not available,9.208
MKT-038_D009,MKT-038,Ahmedabad,GIFT City,Commercial Office,Growth,D,9,20260919,2026-09-19,44.271,Estimated,Estimation interval (±20-30%),6962.9428,Estimated,Estimation interval (±20-30%),11.9948,Estimated,Estimation interval (±20-30%),7.7485,Estimated,Estimation interval (±20-30%),,Missing,Not available,,Missing,Not available,60.6232,Derived,Estimation interval (±20-30%),,Missing,Not available,,Missing,Not available,7.6297
MKT-038_D010,MKT-038,Ahmedabad,GIFT City,Commercial Office,Growth,D,10,20260919,2026-09-19,49.2207,Estimated,Estimation interval (±20-30%),6192.5919,Estimated,Estimation interval (±20-30%),6.9843,Estimated,Estimation interval (±20-30%),8.2006,Estimated,Estimation interval (±20-30%),,Missing,Not available,,Missing,Not available,74.6641,Derived,Estimation interval (±20-30%),,Missing,Not available,,Missing,Not available,9.538
MKT-038_D011,MKT-038,Ahmedabad,GIFT City,Commercial Office,Growth,D,11,20260919,2026-09-19,51.6158,Estimated,Estimation interval (±20-30%),4310.3307,Estimated,Estimation interval (±20-30%),8.7393,Estimated,Estimation interval (±20-30%),11.5932,Estimated,Estimation interval (±20-30%),,Missing,Not available,,Missing,Not available,55.4044,Derived,Estimation interval (±20-30%),,Missing,Not available,,Missing,Not available,14.3699
MKT-038_D012,MKT-038,Ahmedabad,GIFT City,Commercial Office,Growth,D,12,20260919,2026-09-19,52.5026,Estimated,Estimation interval (±20-30%),5830.2983,Estimated,Estimation interval (±20-30%),7.8688,Estimated,Estimation interval (±20-30%),9.6482,Estimated,Estimation interval (±20-30%),,Missing,Not available,,Missing,Not available,74.036,Derived,Estimation interval (±20-30%),,Missing,Not available,,Missing,Not available,10.8062
MKT-038_D013,MKT-038,Ahmedabad,GIFT City,Commercial Office,Growth,D,13,20260919,2026-09-19,53.1576,Estimated,Estimation interval (±20-30%),6130.1464,Estimated,Estimation interval (±20-30%),10.8711,Estimated,Estimation interval (±20-30%),13.4007,Estimated,Estimation interval (±20-30%),,Missing,Not available,,Missing,Not available,70.7001,Derived,Estimation interval (±20-30%),,Missing,Not available,,Missing,Not available,10.4058
MKT-038_D014,MKT-038,Ahmedabad,GIFT City,Commercial Office,Growth,D,14,20260919,2026-09-19,49.0381,Estimated,Estimation interval (±20-30%),6205.7295,Estimated,Estimation interval (±20-30%),7.9968,Estimated,Estimation interval (±20-30%),6.2549,Estimated,Estimation interval (±20-30%),,Missing,Not available,,Missing,Not available,66.871,Derived,Estimation interval (±20-30%),,Missing,Not available,,Missing,Not available,9.4825
MKT-038_D015,MKT-038,Ahmedabad,GIFT City,Commercial Office,Growth,D,15,20260919,2026-09-19,59.1587,Estimated,Estimation interval (±20-30%),5648.3733,Estimated,Estimation interval (±20-30%),10.3244,Estimated,Estimation interval (±20-30%),7.5685,Estimated,Estimation interval (±20-30%),,Missing,Not available,,Missing,Not available,64.5531,Derived,Estimation interval (±20-30%),,Missing,Not available,,Missing,Not available,12.5683
MKT-038_D016,MKT-038,Ahmedabad,GIFT City,Commercial Office,Growth,D,16,20260919,2026-09-19,54.6822,Estimated,Estimation interval (±20-30%),7131.4741,Estimated,Estimation interval (±20-30%),10.259,Estimated,Estimation interval (±20-30%),10.4981,Estimated,Estimation interval (±20-30%),,Missing,Not available,,Missing,Not available,66.5864,Derived,Estimation interval (±20-30%),,Missing,Not available,,Missing,Not available,9.2013
MKT-038_D017,MKT-038,Ahmedabad,GIFT City,Commercial Office,Growth,D,17,20260919,2026-09-19,51.3519,Estimated,Estimation interval (±20-30%),6418.3573,Estimated,Estimation interval (±20-30%),7.9916,Estimated,Estimation interval (±20-30%),8.9816,Estimated,Estimation interval (±20-30%),,Missing,Not available,,Missing,Not available,56.3811,Derived,Estimation interval (±20-30%),,Missing,Not available,,Missing,Not available,9.6009
MKT-038_D018,MKT-038,Ahmedabad,GIFT City,Commercial Office,Growth,D,18,20260919,2026-09-19,53.1178,Estimated,Estimation interval (±20-30%),7019.0411,Estimated,Estimation interval (±20-30%),9.3602,Estimated,Estimation interval (±20-30%),7.8202,Estimated,Estimation interval (±20-30%),,Missing,Not available,,Missing,Not available,64.5759,Derived,Estimation interval (±20-30%),,Missing,Not available,,Missing,Not available,9.0812
MKT-038_D019,MKT-038,Ahmedabad,GIFT City,Commercial Office,Growth,D,19,20260919,2026-09-19,50.5439,Estimated,Estimation interval (±20-30%),5314.6074,Estimated,Estimation interval (±20-30%),10.5695,Estimated,Estimation interval (±20-30%),8.0416,Estimated,Estimation interval (±20-30%),,Missing,Not available,,Missing,Not available,62.3894,Derived,Estimation interval (±20-30%),,Missing,Not available,,Missing,Not available,11.4124
MKT-038_D020,MKT-038,Ahmedabad,GIFT City,Commercial Office,Growth,D,20,20260919,2026-09-19,51.1361,Estimated,Estimation interval (±20-30%),5892.9388,Estimated,Estimation interval (±20-30%),8.6585,Estimated,Estimation interval (±20-30%),5.3478,Estimated,Estimation interval (±20-30%),,Missing,Not available,,Missing,Not available,57.0178,Derived,Estimation interval (±20-30%),,Missing,Not available,,Missing,Not available,10.413
MKT-038_D021,MKT-038,Ahmedabad,GIFT City,Commercial Office,Growth,D,21,20260919,2026-09-19,51.5939,Estimated,Estimation interval (±20-30%),6698.9844,Estimated,Estimation interval (±20-30%),9.5981,Estimated,Estimation interval (±20-30%),5.657,Estimated,Estimation interval (±20-30%),,Missing,Not available,,Missing,Not available,69.6178,Derived,Estimation interval (±20-30%),,Missing,Not available,,Missing,Not available,9.2421
MKT-038_D022,MKT-038,Ahmedabad,GIFT City,Commercial Office,Growth,D,22,20260919,2026-09-19,55.828,Estimated,Estimation interval (±20-30%),6450.8551,Estimated,Estimation interval (±20-30%),5.7139,Estimated,Estimation interval (±20-30%),8.7172,Estimated,Estimation interval (±20-30%),,Missing,Not available,,Missing,Not available,62.0441,Derived,Estimation interval (±20-30%),,Missing,Not available,,Missing,Not available,10.3852
MKT-038_D023,MKT-038,Ahmedabad,GIFT City,Commercial Office,Growth,D,23,20260919,2026-09-19,54.6279,Estimated,Estimation interval (±20-30%),6698.4654,Estimated,Estimation interval (±20-30%),8.8426,Estimated,Estimation interval (±20-30%),12.1037,Estimated,Estimation interval (±20-30%),,Missing,Not available,,Missing,Not available,67.4412,Derived,Estimation interval (±20-30%),,Missing,Not available,,Missing,Not available,9.7863
MKT-038_D024,MKT-038,Ahmedabad,GIFT City,Commercial Office,Growth,D,24,20260919,2026-09-19,42.6366,Estimated,Estimation interval (±20-30%),8086.4781,Estimated,Estimation interval (±20-30%),11.9911,Estimated,Estimation interval (±20-30%),6.0957,Estimated,Estimation interval (±20-30%),,Missing,Not available,,Missing,Not available,63.131,Derived,Estimation interval (±20-30%),,Missing,Not available,,Missing,Not available,6.3271
MKT-038_D025,MKT-038,Ahmedabad,GIFT City,Commercial Office,Growth,D,25,20260919,2026-09-19,45.9768,Estimated,Estimation interval (±20-30%),5589.8021,Estimated,Estimation interval (±20-30%),11.8746,Estimated,Estimation interval (±20-30%),12.0986,Estimated,Estimation interval (±20-30%),,Missing,Not available,,Missing,Not available,70.5893,Derived,Estimation interval (±20-30%),,Missing,Not available,,Missing,Not available,9.8701
MKT-038_D026,MKT-038,Ahmedabad,GIFT City,Commercial Office,Growth,D,26,20260919,2026-09-19,56.6936,Estimated,Estimation interval (±20-30%),7143.3095,Estimated,Estimation interval (±20-30%),10.4188,Estimated,Estimation interval (±20-30%),9.2264,Estimated,Estimation interval (±20-30%),,Missing,Not available,,Missing,Not available,73.7521,Derived,Estimation interval (±20-30%),,Missing,Not available,,Missing,Not available,9.5239
MKT-038_D027,MKT-038,Ahmedabad,GIFT City,Commercial Office,Growth,D,27,20260919,2026-09-19,56.7506,Estimated,Estimation interval (±20-30%),6088.0235,Estimated,Estimation interval (±20-30%),10.4511,Estimated,Estimation interval (±20-30%),8.542,Estimated,Estimation interval (±20-30%),,Missing,Not available,,Missing,Not available,70.4037,Derived,Estimation interval (±20-30%),,Missing,Not available,,Missing,Not available,11.186
MKT-038_D028,MKT-038,Ahmedabad,GIFT City,Commercial Office,Growth,D,28,20260919,2026-09-19,48.601,Estimated,Estimation interval (±20-30%),5655.8507,Estimated,Estimation interval (±20-30%),12.8186,Estimated,Estimation interval (±20-30%),9.5278,Estimated,Estimation interval (±20-30%),,Missing,Not available,,Missing,Not available,59.5643,Derived,Estimation interval (±20-30%),,Missing,Not available,,Missing,Not available,10.3117
MKT-038_D029,MKT-038,Ahmedabad,GIFT City,Commercial Office,Growth,D,29,20260919,2026-09-19,53.3568,Estimated,Estimation interval (±20-30%),6311.4923,Estimated,Estimation interval (±20-30%),9.7252,Estimated,Estimation interval (±20-30%),10.0152,Estimated,Estimation interval (±20-30%),,Missing,Not available,,Missing,Not available,70.3765,Derived,Estimation interval (±20-30%),,Missing,Not available,,Missing,Not available,10.1447
MKT-038_D030,MKT-038,Ahmedabad,GIFT City,Commercial Office,Growth,D,30,20260919,2026-09-19,50.0182,Estimated,Estimation interval (±20-30%),6433.4511,Estimated,Estimation interval (±20-30%),7.7212,Estimated,Estimation interval (±20-30%),7.8235,Estimated,Estimation interval (±20-30%),,Missing,Not available,,Missing,Not available,67.7327,Derived,Estimation interval (±20-30%),,Missing,Not available,,Missing,Not available,9.3296
MKT-038_D031,MKT-038,Ahmedabad,GIFT City,Commercial Office,Growth,D,31,20260919,2026-09-19,48.0389,Estimated,Estimation interval (±20-30%),5738.3905,Estimated,Estimation interval (±20-30%),9.9644,Estimated,Estimation interval (±20-30%),9.9402,Estimated,Estimation interval (±20-30%),,Missing,Not available,,Missing,Not available,59.4284,Derived,Estimation interval (±20-30%),,Missing,Not available,,Missing,Not available,10.0458
MKT-038_D032,MKT-038,Ahmedabad,GIFT City,Commercial Office,Growth,D,32,20260919,2026-09-19,45.5752,Estimated,Estimation interval (±20-30%),4672.4842,Estimated,Estimation interval (±20-30%),8.9785,Estimated,Estimation interval (±20-30%),6.5482,Estimated,Estimation interval (±20-30%),,Missing,Not available,,Missing,Not available,61.5386,Derived,Estimation interval (±20-30%),,Missing,Not available,,Missing,Not available,11.7047
MKT-038_D033,MKT-038,Ahmedabad,GIFT City,Commercial Office,Growth,D,33,20260919,2026-09-19,50.6365,Estimated,Estimation interval (±20-30%),4689.6255,Estimated,Estimation interval (±20-30%),9.5116,Estimated,Estimation interval (±20-30%),10.6041,Estimated,Estimation interval (±20-30%),,Missing,Not available,,Missing,Not available,75.486,Derived,Estimation interval (±20-30%),,Missing,Not available,,Missing,Not available,12.9571
MKT-038_D034,MKT-038,Ahmedabad,GIFT City,Commercial Office,Growth,D,34,20260919,2026-09-19,50.2566,Estimated,Estimation interval (±20-30%),5878.5888,Estimated,Estimation interval (±20-30%),9.3045,Estimated,Estimation interval (±20-30%),8.5461,Estimated,Estimation interval (±20-30%),,Missing,Not available,,Missing,Not available,71.4788,Derived,Estimation interval (±20-30%),,Missing,Not available,,Missing,Not available,10.2589
MKT-038_D035,MKT-038,Ahmedabad,GIFT City,Commercial Office,Growth,D,35,20260919,2026-09-19,49.4586,Estimated,Estimation interval (±20-30%),6318.8013,Estimated,Estimation interval (±20-30%),7.7734,Estimated,Estimation interval (±20-30%),8.5467,Estimated,Estimation interval (±20-30%),,Missing,Not available,,Missing,Not available,62.9167,Derived,Estimation interval (±20-30%),,Missing,Not available,,Missing,Not available,9.3927
MKT-038_D036,MKT-038,Ahmedabad,GIFT City,Commercial Office,Growth,D,36,20260919,2026-09-19,52.1156,Estimated,Estimation interval (±20-30%),4475.0501,Estimated,Estimation interval (±20-30%),8.7374,Estimated,Estimation interval (±20-30%),7.242,Estimated,Estimation interval (±20-30%),,Missing,Not available,,Missing,Not available,57.4901,Derived,Estimation interval (±20-30%),,Missing,Not available,,Missing,Not available,13.975
MKT-038_D037,MKT-038,Ahmedabad,GIFT City,Commercial Office,Growth,D,37,20260919,2026-09-19,54.844,Estimated,Estimation interval (±20-30%),5327.8314,Estimated,Estimation interval (±20-30%),8.4885,Estimated,Estimation interval (±20-30%),5.9062,Estimated,Estimation interval (±20-30%),,Missing,Not available,,Missing,Not available,66.9051,Derived,Estimation interval (±20-30%),,Missing,Not available,,Missing,Not available,12.3526
MKT-038_D038,MKT-038,Ahmedabad,GIFT City,Commercial Office,Growth,D,38,20260919,2026-09-19,50.8723,Estimated,Estimation interval (±20-30%),6479.1158,Estimated,Estimation interval (±20-30%),9.6693,Estimated,Estimation interval (±20-30%),6.724,Estimated,Estimation interval (±20-30%),,Missing,Not available,,Missing,Not available,68.6806,Derived,Estimation interval (±20-30%),,Missing,Not available,,Missing,Not available,9.4221
MKT-038_D039,MKT-038,Ahmedabad,GIFT City,Commercial Office,Growth,D,39,20260919,2026-09-19,54.3741,Estimated,Estimation interval (±20-30%),7917.3121,Estimated,Estimation interval (±20-30%),7.0455,Estimated,Estimation interval (±20-30%),6.4526,Estimated,Estimation interval (±20-30%),,Missing,Not available,,Missing,Not available,65.0266,Derived,Estimation interval (±20-30%),,Missing,Not available,,Missing,Not available,8.2413
MKT-038_D040,MKT-038,Ahmedabad,GIFT City,Commercial Office,Growth,D,40,20260919,2026-09-19,55.8975,Estimated,Estimation interval (±20-30%),6862.6962,Estimated,Estimation interval (±20-30%),5.7598,Estimated,Estimation interval (±20-30%),8.7197,Estimated,Estimation interval (±20-30%),,Missing,Not available,,Missing,Not available,51.2334,Derived,Estimation interval (±20-30%),,Missing,Not available,,Missing,Not available,9.7741
MKT-039_D001,MKT-039,Delhi NCR,Manesar,Commercial Office,Peripheral,E,1,20260919,2026-09-19,37.9326,Synthetic,Uncertainty band (±30-40%),4729.8724,Synthetic,Uncertainty band (±30-40%),8.4484,Synthetic,Uncertainty band (±30-40%),4.5054,Synthetic,Uncertainty band (±30-40%),,Missing,Not available,,Missing,Not available,50.9373,Derived,Uncertainty band (±30-40%),,Missing,Not available,,Missing,Not available,9.6238
MKT-039_D002,MKT-039,Delhi NCR,Manesar,Commercial Office,Peripheral,E,2,20260919,2026-09-19,38.2982,Synthetic,Uncertainty band (±30-40%),3446.9632,Synthetic,Uncertainty band (±30-40%),5.542,Synthetic,Uncertainty band (±30-40%),7.6738,Synthetic,Uncertainty band (±30-40%),,Missing,Not available,,Missing,Not available,64.2003,Derived,Uncertainty band (±30-40%),,Missing,Not available,,Missing,Not available,13.3328
MKT-039_D003,MKT-039,Delhi NCR,Manesar,Commercial Office,Peripheral,E,3,20260919,2026-09-19,37.787,Synthetic,Uncertainty band (±30-40%),6151.3324,Synthetic,Uncertainty band (±30-40%),8.2204,Synthetic,Uncertainty band (±30-40%),6.313,Synthetic,Uncertainty band (±30-40%),,Missing,Not available,,Missing,Not available,58.5796,Derived,Uncertainty band (±30-40%),,Missing,Not available,,Missing,Not available,7.3715
MKT-039_D004,MKT-039,Delhi NCR,Manesar,Commercial Office,Peripheral,E,4,20260919,2026-09-19,41.3052,Synthetic,Uncertainty band (±30-40%),4639.0937,Synthetic,Uncertainty band (±30-40%),5.5634,Synthetic,Uncertainty band (±30-40%),5.8041,Synthetic,Uncertainty band (±30-40%),,Missing,Not available,,Missing,Not available,47.2032,Derived,Uncertainty band (±30-40%),,Missing,Not available,,Missing,Not available,10.6845
MKT-039_D005,MKT-039,Delhi NCR,Manesar,Commercial Office,Peripheral,E,5,20260919,2026-09-19,47.9528,Synthetic,Uncertainty band (±30-40%),5100.946,Synthetic,Uncertainty band (±30-40%),7.2729,Synthetic,Uncertainty band (±30-40%),4.3665,Synthetic,Uncertainty band (±30-40%),,Missing,Not available,,Missing,Not available,58.8225,Derived,Uncertainty band (±30-40%),,Missing,Not available,,Missing,Not available,11.2809
MKT-039_D006,MKT-039,Delhi NCR,Manesar,Commercial Office,Peripheral,E,6,20260919,2026-09-19,41.3841,Synthetic,Uncertainty band (±30-40%),5254.5053,Synthetic,Uncertainty band (±30-40%),4.5645,Synthetic,Uncertainty band (±30-40%),4.8679,Synthetic,Uncertainty band (±30-40%),,Missing,Not available,,Missing,Not available,60.829,Derived,Uncertainty band (±30-40%),,Missing,Not available,,Missing,Not available,9.4511
MKT-039_D007,MKT-039,Delhi NCR,Manesar,Commercial Office,Peripheral,E,7,20260919,2026-09-19,34.3541,Synthetic,Uncertainty band (±30-40%),6132.2922,Synthetic,Uncertainty band (±30-40%),5.4763,Synthetic,Uncertainty band (±30-40%),4.7055,Synthetic,Uncertainty band (±30-40%),,Missing,Not available,,Missing,Not available,59.561,Derived,Uncertainty band (±30-40%),,Missing,Not available,,Missing,Not available,6.7226
MKT-039_D008,MKT-039,Delhi NCR,Manesar,Commercial Office,Peripheral,E,8,20260919,2026-09-19,38.7445,Synthetic,Uncertainty band (±30-40%),4478.9012,Synthetic,Uncertainty band (±30-40%),7.9209,Synthetic,Uncertainty band (±30-40%),9.3656,Synthetic,Uncertainty band (±30-40%),,Missing,Not available,,Missing,Not available,48.3341,Derived,Uncertainty band (±30-40%),,Missing,Not available,,Missing,Not available,10.3805
MKT-039_D009,MKT-039,Delhi NCR,Manesar,Commercial Office,Peripheral,E,9,20260919,2026-09-19,42.7574,Synthetic,Uncertainty band (±30-40%),6207.0134,Synthetic,Uncertainty band (±30-40%),8.4785,Synthetic,Uncertainty band (±30-40%),5.1834,Synthetic,Uncertainty band (±30-40%),,Missing,Not available,,Missing,Not available,42.139,Derived,Uncertainty band (±30-40%),,Missing,Not available,,Missing,Not available,8.2663
MKT-039_D010,MKT-039,Delhi NCR,Manesar,Commercial Office,Peripheral,E,10,20260919,2026-09-19,35.2726,Synthetic,Uncertainty band (±30-40%),4070.7942,Synthetic,Uncertainty band (±30-40%),5.7983,Synthetic,Uncertainty band (±30-40%),6.494,Synthetic,Uncertainty band (±30-40%),,Missing,Not available,,Missing,Not available,58.2032,Derived,Uncertainty band (±30-40%),,Missing,Not available,,Missing,Not available,10.3978
MKT-039_D011,MKT-039,Delhi NCR,Manesar,Commercial Office,Peripheral,E,11,20260919,2026-09-19,40.0371,Synthetic,Uncertainty band (±30-40%),6249.4222,Synthetic,Uncertainty band (±30-40%),7.0536,Synthetic,Uncertainty band (±30-40%),7.8737,Synthetic,Uncertainty band (±30-40%),,Missing,Not available,,Missing,Not available,54.4827,Derived,Uncertainty band (±30-40%),,Missing,Not available,,Missing,Not available,7.6878
MKT-039_D012,MKT-039,Delhi NCR,Manesar,Commercial Office,Peripheral,E,12,20260919,2026-09-19,38.7274,Synthetic,Uncertainty band (±30-40%),4821.0848,Synthetic,Uncertainty band (±30-40%),4.2241,Synthetic,Uncertainty band (±30-40%),5.7511,Synthetic,Uncertainty band (±30-40%),,Missing,Not available,,Missing,Not available,48.4157,Derived,Uncertainty band (±30-40%),,Missing,Not available,,Missing,Not available,9.6395
MKT-039_D013,MKT-039,Delhi NCR,Manesar,Commercial Office,Peripheral,E,13,20260919,2026-09-19,50.3159,Synthetic,Uncertainty band (±30-40%),4767.2288,Synthetic,Uncertainty band (±30-40%),7.9315,Synthetic,Uncertainty band (±30-40%),9.3934,Synthetic,Uncertainty band (±30-40%),,Missing,Not available,,Missing,Not available,50.0111,Derived,Uncertainty band (±30-40%),,Missing,Not available,,Missing,Not available,12.6654
MKT-039_D014,MKT-039,Delhi NCR,Manesar,Commercial Office,Peripheral,E,14,20260919,2026-09-19,43.0437,Synthetic,Uncertainty band (±30-40%),4338.4838,Synthetic,Uncertainty band (±30-40%),4.6994,Synthetic,Uncertainty band (±30-40%),6.3757,Synthetic,Uncertainty band (±30-40%),,Missing,Not available,,Missing,Not available,57.8461,Derived,Uncertainty band (±30-40%),,Missing,Not available,,Missing,Not available,11.9056
MKT-039_D015,MKT-039,Delhi NCR,Manesar,Commercial Office,Peripheral,E,15,20260919,2026-09-19,34.9789,Synthetic,Uncertainty band (±30-40%),3776.3989,Synthetic,Uncertainty band (±30-40%),4.5627,Synthetic,Uncertainty band (±30-40%),9.1583,Synthetic,Uncertainty band (±30-40%),,Missing,Not available,,Missing,Not available,57.1177,Derived,Uncertainty band (±30-40%),,Missing,Not available,,Missing,Not available,11.115
MKT-039_D016,MKT-039,Delhi NCR,Manesar,Commercial Office,Peripheral,E,16,20260919,2026-09-19,45.6042,Synthetic,Uncertainty band (±30-40%),4717.6014,Synthetic,Uncertainty band (±30-40%),5.558,Synthetic,Uncertainty band (±30-40%),5.2347,Synthetic,Uncertainty band (±30-40%),,Missing,Not available,,Missing,Not available,52.0105,Derived,Uncertainty band (±30-40%),,Missing,Not available,,Missing,Not available,11.6002
MKT-039_D017,MKT-039,Delhi NCR,Manesar,Commercial Office,Peripheral,E,17,20260919,2026-09-19,43.4536,Synthetic,Uncertainty band (±30-40%),6253.4031,Synthetic,Uncertainty band (±30-40%),6.178,Synthetic,Uncertainty band (±30-40%),6.733,Synthetic,Uncertainty band (±30-40%),,Missing,Not available,,Missing,Not available,46.8311,Derived,Uncertainty band (±30-40%),,Missing,Not available,,Missing,Not available,8.3386
MKT-039_D018,MKT-039,Delhi NCR,Manesar,Commercial Office,Peripheral,E,18,20260919,2026-09-19,38.9409,Synthetic,Uncertainty band (±30-40%),6189.3305,Synthetic,Uncertainty band (±30-40%),3.8896,Synthetic,Uncertainty band (±30-40%),7.9077,Synthetic,Uncertainty band (±30-40%),,Missing,Not available,,Missing,Not available,42.0961,Derived,Uncertainty band (±30-40%),,Missing,Not available,,Missing,Not available,7.5499
MKT-039_D019,MKT-039,Delhi NCR,Manesar,Commercial Office,Peripheral,E,19,20260919,2026-09-19,47.2623,Synthetic,Uncertainty band (±30-40%),4381.1711,Synthetic,Uncertainty band (±30-40%),4.8298,Synthetic,Uncertainty band (±30-40%),6.3615,Synthetic,Uncertainty band (±30-40%),,Missing,Not available,,Missing,Not available,59.3675,Derived,Uncertainty band (±30-40%),,Missing,Not available,,Missing,Not available,12.9451
MKT-039_D020,MKT-039,Delhi NCR,Manesar,Commercial Office,Peripheral,E,20,20260919,2026-09-19,40.8312,Synthetic,Uncertainty band (±30-40%),5053.8207,Synthetic,Uncertainty band (±30-40%),7.3337,Synthetic,Uncertainty band (±30-40%),5.2719,Synthetic,Uncertainty band (±30-40%),,Missing,Not available,,Missing,Not available,58.2882,Derived,Uncertainty band (±30-40%),,Missing,Not available,,Missing,Not available,9.6951
MKT-039_D021,MKT-039,Delhi NCR,Manesar,Commercial Office,Peripheral,E,21,20260919,2026-09-19,35.7906,Synthetic,Uncertainty band (±30-40%),4232.1043,Synthetic,Uncertainty band (±30-40%),6.0283,Synthetic,Uncertainty band (±30-40%),5.1256,Synthetic,Uncertainty band (±30-40%),,Missing,Not available,,Missing,Not available,47.6528,Derived,Uncertainty band (±30-40%),,Missing,Not available,,Missing,Not available,10.1483
MKT-039_D022,MKT-039,Delhi NCR,Manesar,Commercial Office,Peripheral,E,22,20260919,2026-09-19,40.0277,Synthetic,Uncertainty band (±30-40%),6241.3695,Synthetic,Uncertainty band (±30-40%),8.0124,Synthetic,Uncertainty band (±30-40%),10.3168,Synthetic,Uncertainty band (±30-40%),,Missing,Not available,,Missing,Not available,57.2925,Derived,Uncertainty band (±30-40%),,Missing,Not available,,Missing,Not available,7.6959
MKT-039_D023,MKT-039,Delhi NCR,Manesar,Commercial Office,Peripheral,E,23,20260919,2026-09-19,49.879,Synthetic,Uncertainty band (±30-40%),4524.2983,Synthetic,Uncertainty band (±30-40%),5.4742,Synthetic,Uncertainty band (±30-40%),4.5827,Synthetic,Uncertainty band (±30-40%),,Missing,Not available,,Missing,Not available,40.7451,Derived,Uncertainty band (±30-40%),,Missing,Not available,,Missing,Not available,13.2296
MKT-039_D024,MKT-039,Delhi NCR,Manesar,Commercial Office,Peripheral,E,24,20260919,2026-09-19,35.1185,Synthetic,Uncertainty band (±30-40%),4537.0625,Synthetic,Uncertainty band (±30-40%),2.898,Synthetic,Uncertainty band (±30-40%),7.0093,Synthetic,Uncertainty band (±30-40%),,Missing,Not available,,Missing,Not available,53.8652,Derived,Uncertainty band (±30-40%),,Missing,Not available,,Missing,Not available,9.2884
MKT-039_D025,MKT-039,Delhi NCR,Manesar,Commercial Office,Peripheral,E,25,20260919,2026-09-19,41.5277,Synthetic,Uncertainty band (±30-40%),5244.7205,Synthetic,Uncertainty band (±30-40%),4.296,Synthetic,Uncertainty band (±30-40%),8.2667,Synthetic,Uncertainty band (±30-40%),,Missing,Not available,,Missing,Not available,41.5958,Derived,Uncertainty band (±30-40%),,Missing,Not available,,Missing,Not available,9.5016
MKT-039_D026,MKT-039,Delhi NCR,Manesar,Commercial Office,Peripheral,E,26,20260919,2026-09-19,36.5392,Synthetic,Uncertainty band (±30-40%),5651.7891,Synthetic,Uncertainty band (±30-40%),7.0253,Synthetic,Uncertainty band (±30-40%),8.532,Synthetic,Uncertainty band (±30-40%),,Missing,Not available,,Missing,Not available,42.3597,Derived,Uncertainty band (±30-40%),,Missing,Not available,,Missing,Not available,7.7581
MKT-039_D027,MKT-039,Delhi NCR,Manesar,Commercial Office,Peripheral,E,27,20260919,2026-09-19,44.7487,Synthetic,Uncertainty band (±30-40%),4651.5895,Synthetic,Uncertainty band (±30-40%),6.6634,Synthetic,Uncertainty band (±30-40%),7.1373,Synthetic,Uncertainty band (±30-40%),,Missing,Not available,,Missing,Not available,58.1417,Derived,Uncertainty band (±30-40%),,Missing,Not available,,Missing,Not available,11.5441
MKT-039_D028,MKT-039,Delhi NCR,Manesar,Commercial Office,Peripheral,E,28,20260919,2026-09-19,44.9127,Synthetic,Uncertainty band (±30-40%),5017.591,Synthetic,Uncertainty band (±30-40%),5.7544,Synthetic,Uncertainty band (±30-40%),4.4103,Synthetic,Uncertainty band (±30-40%),,Missing,Not available,,Missing,Not available,47.9438,Derived,Uncertainty band (±30-40%),,Missing,Not available,,Missing,Not available,10.7413
MKT-039_D029,MKT-039,Delhi NCR,Manesar,Commercial Office,Peripheral,E,29,20260919,2026-09-19,44.683,Synthetic,Uncertainty band (±30-40%),3989.4452,Synthetic,Uncertainty band (±30-40%),4.554,Synthetic,Uncertainty band (±30-40%),6.6216,Synthetic,Uncertainty band (±30-40%),,Missing,Not available,,Missing,Not available,51.0633,Derived,Uncertainty band (±30-40%),,Missing,Not available,,Missing,Not available,13.4404
MKT-039_D030,MKT-039,Delhi NCR,Manesar,Commercial Office,Peripheral,E,30,20260919,2026-09-19,37.5482,Synthetic,Uncertainty band (±30-40%),6248.0626,Synthetic,Uncertainty band (±30-40%),8.1208,Synthetic,Uncertainty band (±30-40%),4.8724,Synthetic,Uncertainty band (±30-40%),,Missing,Not available,,Missing,Not available,50.0856,Derived,Uncertainty band (±30-40%),,Missing,Not available,,Missing,Not available,7.2115
MKT-039_D031,MKT-039,Delhi NCR,Manesar,Commercial Office,Peripheral,E,31,20260919,2026-09-19,40.6404,Synthetic,Uncertainty band (±30-40%),5357.7382,Synthetic,Uncertainty band (±30-40%),6.8557,Synthetic,Uncertainty band (±30-40%),6.1116,Synthetic,Uncertainty band (±30-40%),,Missing,Not available,,Missing,Not available,51.5014,Derived,Uncertainty band (±30-40%),,Missing,Not available,,Missing,Not available,9.1024
MKT-039_D032,MKT-039,Delhi NCR,Manesar,Commercial Office,Peripheral,E,32,20260919,2026-09-19,48.6496,Synthetic,Uncertainty band (±30-40%),4850.1384,Synthetic,Uncertainty band (±30-40%),7.3589,Synthetic,Uncertainty band (±30-40%),5.4111,Synthetic,Uncertainty band (±30-40%),,Missing,Not available,,Missing,Not available,57.4078,Derived,Uncertainty band (±30-40%),,Missing,Not available,,Missing,Not available,12.0367
MKT-039_D033,MKT-039,Delhi NCR,Manesar,Commercial Office,Peripheral,E,33,20260919,2026-09-19,34.2621,Synthetic,Uncertainty band (±30-40%),4702.6319,Synthetic,Uncertainty band (±30-40%),6.6231,Synthetic,Uncertainty band (±30-40%),7.9464,Synthetic,Uncertainty band (±30-40%),,Missing,Not available,,Missing,Not available,59.3862,Derived,Uncertainty band (±30-40%),,Missing,Not available,,Missing,Not available,8.7429
MKT-039_D034,MKT-039,Delhi NCR,Manesar,Commercial Office,Peripheral,E,34,20260919,2026-09-19,35.1401,Synthetic,Uncertainty band (±30-40%),4048.8701,Synthetic,Uncertainty band (±30-40%),5.7816,Synthetic,Uncertainty band (±30-40%),5.0727,Synthetic,Uncertainty band (±30-40%),,Missing,Not available,,Missing,Not available,47.3212,Derived,Uncertainty band (±30-40%),,Missing,Not available,,Missing,Not available,10.4148
MKT-039_D035,MKT-039,Delhi NCR,Manesar,Commercial Office,Peripheral,E,35,20260919,2026-09-19,48.4132,Synthetic,Uncertainty band (±30-40%),4986.5419,Synthetic,Uncertainty band (±30-40%),7.0921,Synthetic,Uncertainty band (±30-40%),4.7734,Synthetic,Uncertainty band (±30-40%),,Missing,Not available,,Missing,Not available,56.6612,Derived,Uncertainty band (±30-40%),,Missing,Not available,,Missing,Not available,11.6505
MKT-039_D036,MKT-039,Delhi NCR,Manesar,Commercial Office,Peripheral,E,36,20260919,2026-09-19,44.5952,Synthetic,Uncertainty band (±30-40%),4042.6028,Synthetic,Uncertainty band (±30-40%),5.5214,Synthetic,Uncertainty band (±30-40%),8.5127,Synthetic,Uncertainty band (±30-40%),,Missing,Not available,,Missing,Not available,40.4099,Derived,Uncertainty band (±30-40%),,Missing,Not available,,Missing,Not available,13.2376
MKT-039_D037,MKT-039,Delhi NCR,Manesar,Commercial Office,Peripheral,E,37,20260919,2026-09-19,43.1717,Synthetic,Uncertainty band (±30-40%),3400.3949,Synthetic,Uncertainty band (±30-40%),6.3327,Synthetic,Uncertainty band (±30-40%),7.0109,Synthetic,Uncertainty band (±30-40%),,Missing,Not available,,Missing,Not available,51.1274,Derived,Uncertainty band (±30-40%),,Missing,Not available,,Missing,Not available,15.2353
MKT-039_D038,MKT-039,Delhi NCR,Manesar,Commercial Office,Peripheral,E,38,20260919,2026-09-19,46.0145,Synthetic,Uncertainty band (±30-40%),4585.1538,Synthetic,Uncertainty band (±30-40%),7.5088,Synthetic,Uncertainty band (±30-40%),6.8552,Synthetic,Uncertainty band (±30-40%),,Missing,Not available,,Missing,Not available,44.6978,Derived,Uncertainty band (±30-40%),,Missing,Not available,,Missing,Not available,12.0426
MKT-039_D039,MKT-039,Delhi NCR,Manesar,Commercial Office,Peripheral,E,39,20260919,2026-09-19,40.5817,Synthetic,Uncertainty band (±30-40%),5315.373,Synthetic,Uncertainty band (±30-40%),3.6926,Synthetic,Uncertainty band (±30-40%),5.7787,Synthetic,Uncertainty band (±30-40%),,Missing,Not available,,Missing,Not available,47.9168,Derived,Uncertainty band (±30-40%),,Missing,Not available,,Missing,Not available,9.1617
MKT-039_D040,MKT-039,Delhi NCR,Manesar,Commercial Office,Peripheral,E,40,20260919,2026-09-19,40.2602,Synthetic,Uncertainty band (±30-40%),5033.8643,Synthetic,Uncertainty band (±30-40%),6.8942,Synthetic,Uncertainty band (±30-40%),7.3963,Synthetic,Uncertainty band (±30-40%),,Missing,Not available,,Missing,Not available,52.1857,Derived,Uncertainty band (±30-40%),,Missing,Not available,,Missing,Not available,9.5974
MKT-040_D001,MKT-040,Mumbai,Linking Road — Bandra,Retail,Premium,D,1,20260919,2026-09-19,285.8046,Estimated,Estimation interval (±20-30%),29722.9042,Estimated,Estimation interval (±20-30%),7.6645,Estimated,Estimation interval (±20-30%),5.6132,Estimated,Estimation interval (±20-30%),,Missing,Not available,,Missing,Not available,73.6121,Derived,Estimation interval (±20-30%),,Missing,Not available,,Missing,Not available,11.5388
MKT-040_D002,MKT-040,Mumbai,Linking Road — Bandra,Retail,Premium,D,2,20260919,2026-09-19,305.2327,Estimated,Estimation interval (±20-30%),28440.393,Estimated,Estimation interval (±20-30%),6.091,Estimated,Estimation interval (±20-30%),6.1801,Estimated,Estimation interval (±20-30%),,Missing,Not available,,Missing,Not available,68.9498,Derived,Estimation interval (±20-30%),,Missing,Not available,,Missing,Not available,12.8788
MKT-040_D003,MKT-040,Mumbai,Linking Road — Bandra,Retail,Premium,D,3,20260919,2026-09-19,237.2191,Estimated,Estimation interval (±20-30%),29800.8422,Estimated,Estimation interval (±20-30%),5.9031,Estimated,Estimation interval (±20-30%),4.5435,Estimated,Estimation interval (±20-30%),,Missing,Not available,,Missing,Not available,74.5732,Derived,Estimation interval (±20-30%),,Missing,Not available,,Missing,Not available,9.5522
MKT-040_D004,MKT-040,Mumbai,Linking Road — Bandra,Retail,Premium,D,4,20260919,2026-09-19,301.744,Estimated,Estimation interval (±20-30%),25161.902,Estimated,Estimation interval (±20-30%),4.2878,Estimated,Estimation interval (±20-30%),3.7737,Estimated,Estimation interval (±20-30%),,Missing,Not available,,Missing,Not available,79.5657,Derived,Estimation interval (±20-30%),,Missing,Not available,,Missing,Not available,14.3905
MKT-040_D005,MKT-040,Mumbai,Linking Road — Bandra,Retail,Premium,D,5,20260919,2026-09-19,294.2276,Estimated,Estimation interval (±20-30%),30364.1346,Estimated,Estimation interval (±20-30%),5.0714,Estimated,Estimation interval (±20-30%),5.7533,Estimated,Estimation interval (±20-30%),,Missing,Not available,,Missing,Not available,75.6067,Derived,Estimation interval (±20-30%),,Missing,Not available,,Missing,Not available,11.628
MKT-040_D006,MKT-040,Mumbai,Linking Road — Bandra,Retail,Premium,D,6,20260919,2026-09-19,290.8434,Estimated,Estimation interval (±20-30%),34144.3361,Estimated,Estimation interval (±20-30%),3.8714,Estimated,Estimation interval (±20-30%),5.188,Estimated,Estimation interval (±20-30%),,Missing,Not available,,Missing,Not available,72.3027,Derived,Estimation interval (±20-30%),,Missing,Not available,,Missing,Not available,10.2217
MKT-040_D007,MKT-040,Mumbai,Linking Road — Bandra,Retail,Premium,D,7,20260919,2026-09-19,292.0726,Estimated,Estimation interval (±20-30%),27042.5105,Estimated,Estimation interval (±20-30%),2.9576,Estimated,Estimation interval (±20-30%),9.327,Estimated,Estimation interval (±20-30%),,Missing,Not available,,Missing,Not available,67.1092,Derived,Estimation interval (±20-30%),,Missing,Not available,,Missing,Not available,12.9606
MKT-040_D008,MKT-040,Mumbai,Linking Road — Bandra,Retail,Premium,D,8,20260919,2026-09-19,265.5654,Estimated,Estimation interval (±20-30%),32816.4724,Estimated,Estimation interval (±20-30%),6.967,Estimated,Estimation interval (±20-30%),3.8379,Estimated,Estimation interval (±20-30%),,Missing,Not available,,Missing,Not available,67.137,Derived,Estimation interval (±20-30%),,Missing,Not available,,Missing,Not available,9.7109
MKT-040_D009,MKT-040,Mumbai,Linking Road — Bandra,Retail,Premium,D,9,20260919,2026-09-19,264.839,Estimated,Estimation interval (±20-30%),39760.3491,Estimated,Estimation interval (±20-30%),4.3554,Estimated,Estimation interval (±20-30%),4.7946,Estimated,Estimation interval (±20-30%),,Missing,Not available,,Missing,Not available,63.9847,Derived,Estimation interval (±20-30%),,Missing,Not available,,Missing,Not available,7.9931
MKT-040_D010,MKT-040,Mumbai,Linking Road — Bandra,Retail,Premium,D,10,20260919,2026-09-19,303.8302,Estimated,Estimation interval (±20-30%),27598.8835,Estimated,Estimation interval (±20-30%),5.7441,Estimated,Estimation interval (±20-30%),6.8843,Estimated,Estimation interval (±20-30%),,Missing,Not available,,Missing,Not available,69.2745,Derived,Estimation interval (±20-30%),,Missing,Not available,,Missing,Not available,13.2105
MKT-040_D011,MKT-040,Mumbai,Linking Road — Bandra,Retail,Premium,D,11,20260919,2026-09-19,295.9775,Estimated,Estimation interval (±20-30%),29492.8277,Estimated,Estimation interval (±20-30%),4.6333,Estimated,Estimation interval (±20-30%),4.5599,Estimated,Estimation interval (±20-30%),,Missing,Not available,,Missing,Not available,72.1885,Derived,Estimation interval (±20-30%),,Missing,Not available,,Missing,Not available,12.0427
MKT-040_D012,MKT-040,Mumbai,Linking Road — Bandra,Retail,Premium,D,12,20260919,2026-09-19,281.4508,Estimated,Estimation interval (±20-30%),35159.0556,Estimated,Estimation interval (±20-30%),7.2755,Estimated,Estimation interval (±20-30%),4.1742,Estimated,Estimation interval (±20-30%),,Missing,Not available,,Missing,Not available,70.8882,Derived,Estimation interval (±20-30%),,Missing,Not available,,Missing,Not available,9.6061
MKT-040_D013,MKT-040,Mumbai,Linking Road — Bandra,Retail,Premium,D,13,20260919,2026-09-19,300.0822,Estimated,Estimation interval (±20-30%),31742.9649,Estimated,Estimation interval (±20-30%),6.4377,Estimated,Estimation interval (±20-30%),6.1839,Estimated,Estimation interval (±20-30%),,Missing,Not available,,Missing,Not available,73.2359,Derived,Estimation interval (±20-30%),,Missing,Not available,,Missing,Not available,11.3442
MKT-040_D014,MKT-040,Mumbai,Linking Road — Bandra,Retail,Premium,D,14,20260919,2026-09-19,277.297,Estimated,Estimation interval (±20-30%),24811.266,Estimated,Estimation interval (±20-30%),6.9314,Estimated,Estimation interval (±20-30%),3.6348,Estimated,Estimation interval (±20-30%),,Missing,Not available,,Missing,Not available,67.2099,Derived,Estimation interval (±20-30%),,Missing,Not available,,Missing,Not available,13.4115
MKT-040_D015,MKT-040,Mumbai,Linking Road — Bandra,Retail,Premium,D,15,20260919,2026-09-19,235.9422,Estimated,Estimation interval (±20-30%),27765.1032,Estimated,Estimation interval (±20-30%),6.846,Estimated,Estimation interval (±20-30%),9.3157,Estimated,Estimation interval (±20-30%),,Missing,Not available,,Missing,Not available,67.8941,Derived,Estimation interval (±20-30%),,Missing,Not available,,Missing,Not available,10.1974
MKT-040_D016,MKT-040,Mumbai,Linking Road — Bandra,Retail,Premium,D,16,20260919,2026-09-19,318.9747,Estimated,Estimation interval (±20-30%),39100.3989,Estimated,Estimation interval (±20-30%),4.8841,Estimated,Estimation interval (±20-30%),4.385,Estimated,Estimation interval (±20-30%),,Missing,Not available,,Missing,Not available,76.8427,Derived,Estimation interval (±20-30%),,Missing,Not available,,Missing,Not available,9.7894
MKT-040_D017,MKT-040,Mumbai,Linking Road — Bandra,Retail,Premium,D,17,20260919,2026-09-19,258.0968,Estimated,Estimation interval (±20-30%),41776.1695,Estimated,Estimation interval (±20-30%),5.6346,Estimated,Estimation interval (±20-30%),9.5866,Estimated,Estimation interval (±20-30%),,Missing,Not available,,Missing,Not available,77.0521,Derived,Estimation interval (±20-30%),,Missing,Not available,,Missing,Not available,7.4137
MKT-040_D018,MKT-040,Mumbai,Linking Road — Bandra,Retail,Premium,D,18,20260919,2026-09-19,276.3325,Estimated,Estimation interval (±20-30%),23395.4388,Estimated,Estimation interval (±20-30%),5.7472,Estimated,Estimation interval (±20-30%),4.3672,Estimated,Estimation interval (±20-30%),,Missing,Not available,,Missing,Not available,64.3259,Derived,Estimation interval (±20-30%),,Missing,Not available,,Missing,Not available,14.1737
MKT-040_D019,MKT-040,Mumbai,Linking Road — Bandra,Retail,Premium,D,19,20260919,2026-09-19,319.7156,Estimated,Estimation interval (±20-30%),24450.848,Estimated,Estimation interval (±20-30%),7.3944,Estimated,Estimation interval (±20-30%),5.3282,Estimated,Estimation interval (±20-30%),,Missing,Not available,,Missing,Not available,76.2131,Derived,Estimation interval (±20-30%),,Missing,Not available,,Missing,Not available,15.691
MKT-040_D020,MKT-040,Mumbai,Linking Road — Bandra,Retail,Premium,D,20,20260919,2026-09-19,301.8592,Estimated,Estimation interval (±20-30%),24273.2547,Estimated,Estimation interval (±20-30%),6.0684,Estimated,Estimation interval (±20-30%),8.699,Estimated,Estimation interval (±20-30%),,Missing,Not available,,Missing,Not available,68.3089,Derived,Estimation interval (±20-30%),,Missing,Not available,,Missing,Not available,14.9231
MKT-040_D021,MKT-040,Mumbai,Linking Road — Bandra,Retail,Premium,D,21,20260919,2026-09-19,242.7834,Estimated,Estimation interval (±20-30%),32473.809,Estimated,Estimation interval (±20-30%),5.6112,Estimated,Estimation interval (±20-30%),6.6719,Estimated,Estimation interval (±20-30%),,Missing,Not available,,Missing,Not available,68.6244,Derived,Estimation interval (±20-30%),,Missing,Not available,,Missing,Not available,8.9715
MKT-040_D022,MKT-040,Mumbai,Linking Road — Bandra,Retail,Premium,D,22,20260919,2026-09-19,295.8847,Estimated,Estimation interval (±20-30%),27969.7115,Estimated,Estimation interval (±20-30%),4.0641,Estimated,Estimation interval (±20-30%),4.3234,Estimated,Estimation interval (±20-30%),,Missing,Not available,,Missing,Not available,66.3955,Derived,Estimation interval (±20-30%),,Missing,Not available,,Missing,Not available,12.6945
MKT-040_D023,MKT-040,Mumbai,Linking Road — Bandra,Retail,Premium,D,23,20260919,2026-09-19,272.5713,Estimated,Estimation interval (±20-30%),29290.2282,Estimated,Estimation interval (±20-30%),4.9679,Estimated,Estimation interval (±20-30%),6.8629,Estimated,Estimation interval (±20-30%),,Missing,Not available,,Missing,Not available,70.6678,Derived,Estimation interval (±20-30%),,Missing,Not available,,Missing,Not available,11.1671
MKT-040_D024,MKT-040,Mumbai,Linking Road — Bandra,Retail,Premium,D,24,20260919,2026-09-19,276.7731,Estimated,Estimation interval (±20-30%),37630.682,Estimated,Estimation interval (±20-30%),8.6631,Estimated,Estimation interval (±20-30%),8.6597,Estimated,Estimation interval (±20-30%),,Missing,Not available,,Missing,Not available,71.3016,Derived,Estimation interval (±20-30%),,Missing,Not available,,Missing,Not available,8.826
MKT-040_D025,MKT-040,Mumbai,Linking Road — Bandra,Retail,Premium,D,25,20260919,2026-09-19,274.5168,Estimated,Estimation interval (±20-30%),23318.682,Estimated,Estimation interval (±20-30%),3.9659,Estimated,Estimation interval (±20-30%),5.1427,Estimated,Estimation interval (±20-30%),,Missing,Not available,,Missing,Not available,76.9945,Derived,Estimation interval (±20-30%),,Missing,Not available,,Missing,Not available,14.1269
MKT-040_D026,MKT-040,Mumbai,Linking Road — Bandra,Retail,Premium,D,26,20260919,2026-09-19,285.8793,Estimated,Estimation interval (±20-30%),29335.6197,Estimated,Estimation interval (±20-30%),4.7248,Estimated,Estimation interval (±20-30%),7.5512,Estimated,Estimation interval (±20-30%),,Missing,Not available,,Missing,Not available,76.7747,Derived,Estimation interval (±20-30%),,Missing,Not available,,Missing,Not available,11.6942
MKT-040_D027,MKT-040,Mumbai,Linking Road — Bandra,Retail,Premium,D,27,20260919,2026-09-19,301.3338,Estimated,Estimation interval (±20-30%),33974.4572,Estimated,Estimation interval (±20-30%),5.2101,Estimated,Estimation interval (±20-30%),8.7243,Estimated,Estimation interval (±20-30%),,Missing,Not available,,Missing,Not available,77.4653,Derived,Estimation interval (±20-30%),,Missing,Not available,,Missing,Not available,10.6433
MKT-040_D028,MKT-040,Mumbai,Linking Road — Bandra,Retail,Premium,D,28,20260919,2026-09-19,284.419,Estimated,Estimation interval (±20-30%),21055.1443,Estimated,Estimation interval (±20-30%),5.9859,Estimated,Estimation interval (±20-30%),7.0777,Estimated,Estimation interval (±20-30%),,Missing,Not available,,Missing,Not available,68.974,Derived,Estimation interval (±20-30%),,Missing,Not available,,Missing,Not available,16.2099
MKT-040_D029,MKT-040,Mumbai,Linking Road — Bandra,Retail,Premium,D,29,20260919,2026-09-19,259.4218,Estimated,Estimation interval (±20-30%),25007.6223,Estimated,Estimation interval (±20-30%),4.4903,Estimated,Estimation interval (±20-30%),8.3119,Estimated,Estimation interval (±20-30%),,Missing,Not available,,Missing,Not available,74.2458,Derived,Estimation interval (±20-30%),,Missing,Not available,,Missing,Not available,12.4485
MKT-040_D030,MKT-040,Mumbai,Linking Road — Bandra,Retail,Premium,D,30,20260919,2026-09-19,275.6177,Estimated,Estimation interval (±20-30%),25852.6128,Estimated,Estimation interval (±20-30%),5.3313,Estimated,Estimation interval (±20-30%),5.9179,Estimated,Estimation interval (±20-30%),,Missing,Not available,,Missing,Not available,69.052,Derived,Estimation interval (±20-30%),,Missing,Not available,,Missing,Not available,12.7933
MKT-040_D031,MKT-040,Mumbai,Linking Road — Bandra,Retail,Premium,D,31,20260919,2026-09-19,263.0042,Estimated,Estimation interval (±20-30%),22944.304,Estimated,Estimation interval (±20-30%),4.0099,Estimated,Estimation interval (±20-30%),7.3924,Estimated,Estimation interval (±20-30%),,Missing,Not available,,Missing,Not available,72.9113,Derived,Estimation interval (±20-30%),,Missing,Not available,,Missing,Not available,13.7553
MKT-040_D032,MKT-040,Mumbai,Linking Road — Bandra,Retail,Premium,D,32,20260919,2026-09-19,318.5866,Estimated,Estimation interval (±20-30%),19638.1212,Estimated,Estimation interval (±20-30%),6.0917,Estimated,Estimation interval (±20-30%),7.0965,Estimated,Estimation interval (±20-30%),,Missing,Not available,,Missing,Not available,70.4602,Derived,Estimation interval (±20-30%),,Missing,Not available,,Missing,Not available,19.4674
MKT-040_D033,MKT-040,Mumbai,Linking Road — Bandra,Retail,Premium,D,33,20260919,2026-09-19,304.1529,Estimated,Estimation interval (±20-30%),39792.8954,Estimated,Estimation interval (±20-30%),6.4688,Estimated,Estimation interval (±20-30%),5.4611,Estimated,Estimation interval (±20-30%),,Missing,Not available,,Missing,Not available,80.4686,Derived,Estimation interval (±20-30%),,Missing,Not available,,Missing,Not available,9.1721
MKT-040_D034,MKT-040,Mumbai,Linking Road — Bandra,Retail,Premium,D,34,20260919,2026-09-19,278.1637,Estimated,Estimation interval (±20-30%),34486.2258,Estimated,Estimation interval (±20-30%),7.8657,Estimated,Estimation interval (±20-30%),7.3085,Estimated,Estimation interval (±20-30%),,Missing,Not available,,Missing,Not available,73.9835,Derived,Estimation interval (±20-30%),,Missing,Not available,,Missing,Not available,9.6791
MKT-040_D035,MKT-040,Mumbai,Linking Road — Bandra,Retail,Premium,D,35,20260919,2026-09-19,308.4266,Estimated,Estimation interval (±20-30%),36676.4126,Estimated,Estimation interval (±20-30%),4.973,Estimated,Estimation interval (±20-30%),8.0779,Estimated,Estimation interval (±20-30%),,Missing,Not available,,Missing,Not available,70.3112,Derived,Estimation interval (±20-30%),,Missing,Not available,,Missing,Not available,10.0913
MKT-040_D036,MKT-040,Mumbai,Linking Road — Bandra,Retail,Premium,D,36,20260919,2026-09-19,308.6042,Estimated,Estimation interval (±20-30%),33284.3243,Estimated,Estimation interval (±20-30%),5.4103,Estimated,Estimation interval (±20-30%),7.1759,Estimated,Estimation interval (±20-30%),,Missing,Not available,,Missing,Not available,64.878,Derived,Estimation interval (±20-30%),,Missing,Not available,,Missing,Not available,11.1261
MKT-040_D037,MKT-040,Mumbai,Linking Road — Bandra,Retail,Premium,D,37,20260919,2026-09-19,312.0637,Estimated,Estimation interval (±20-30%),27039.1033,Estimated,Estimation interval (±20-30%),5.4495,Estimated,Estimation interval (±20-30%),5.1962,Estimated,Estimation interval (±20-30%),,Missing,Not available,,Missing,Not available,68.1075,Derived,Estimation interval (±20-30%),,Missing,Not available,,Missing,Not available,13.8494
MKT-040_D038,MKT-040,Mumbai,Linking Road — Bandra,Retail,Premium,D,38,20260919,2026-09-19,234.354,Estimated,Estimation interval (±20-30%),30880.1297,Estimated,Estimation interval (±20-30%),5.4588,Estimated,Estimation interval (±20-30%),9.8247,Estimated,Estimation interval (±20-30%),,Missing,Not available,,Missing,Not available,66.7532,Derived,Estimation interval (±20-30%),,Missing,Not available,,Missing,Not available,9.107
MKT-040_D039,MKT-040,Mumbai,Linking Road — Bandra,Retail,Premium,D,39,20260919,2026-09-19,315.2339,Estimated,Estimation interval (±20-30%),30290.7531,Estimated,Estimation interval (±20-30%),6.0097,Estimated,Estimation interval (±20-30%),6.0104,Estimated,Estimation interval (±20-30%),,Missing,Not available,,Missing,Not available,76.6784,Derived,Estimation interval (±20-30%),,Missing,Not available,,Missing,Not available,12.4883
MKT-040_D040,MKT-040,Mumbai,Linking Road — Bandra,Retail,Premium,D,40,20260919,2026-09-19,257.8871,Estimated,Estimation interval (±20-30%),30417.0167,Estimated,Estimation interval (±20-30%),5.2097,Estimated,Estimation interval (±20-30%),5.2879,Estimated,Estimation interval (±20-30%),,Missing,Not available,,Missing,Not available,73.75,Derived,Estimation interval (±20-30%),,Missing,Not available,,Missing,Not available,10.1741
MKT-041_D001,MKT-041,Delhi NCR,Connaught Place,Retail,Premium,C,1,20260919,2026-09-19,205.8264,Estimated,Estimation interval (±15-20%),24266.2369,Estimated,Estimation interval (±15-20%),8.7176,Estimated,Estimation interval (±15-20%),5.6934,Estimated,Estimation interval (±15-20%),,Missing,Not available,,Missing,Not available,67.0196,Derived,Estimation interval (±15-20%),,Missing,Not available,,Missing,Not available,10.1784
MKT-041_D002,MKT-041,Delhi NCR,Connaught Place,Retail,Premium,C,2,20260919,2026-09-19,230.3544,Estimated,Estimation interval (±15-20%),26352.9186,Estimated,Estimation interval (±15-20%),7.9852,Estimated,Estimation interval (±15-20%),7.309,Estimated,Estimation interval (±15-20%),,Missing,Not available,,Missing,Not available,74.1966,Derived,Estimation interval (±15-20%),,Missing,Not available,,Missing,Not available,10.4894
MKT-041_D003,MKT-041,Delhi NCR,Connaught Place,Retail,Premium,C,3,20260919,2026-09-19,213.4353,Estimated,Estimation interval (±15-20%),22330.7685,Estimated,Estimation interval (±15-20%),4.426,Estimated,Estimation interval (±15-20%),6.8693,Estimated,Estimation interval (±15-20%),,Missing,Not available,,Missing,Not available,71.3574,Derived,Estimation interval (±15-20%),,Missing,Not available,,Missing,Not available,11.4695
MKT-041_D004,MKT-041,Delhi NCR,Connaught Place,Retail,Premium,C,4,20260919,2026-09-19,211.1252,Estimated,Estimation interval (±15-20%),24176.5256,Estimated,Estimation interval (±15-20%),4.7339,Estimated,Estimation interval (±15-20%),7.9372,Estimated,Estimation interval (±15-20%),,Missing,Not available,,Missing,Not available,66.3846,Derived,Estimation interval (±15-20%),,Missing,Not available,,Missing,Not available,10.4792
MKT-041_D005,MKT-041,Delhi NCR,Connaught Place,Retail,Premium,C,5,20260919,2026-09-19,176.1121,Estimated,Estimation interval (±15-20%),21520.6059,Estimated,Estimation interval (±15-20%),4.3719,Estimated,Estimation interval (±15-20%),5.4622,Estimated,Estimation interval (±15-20%),,Missing,Not available,,Missing,Not available,70.7135,Derived,Estimation interval (±15-20%),,Missing,Not available,,Missing,Not available,9.8201
MKT-041_D006,MKT-041,Delhi NCR,Connaught Place,Retail,Premium,C,6,20260919,2026-09-19,191.0803,Estimated,Estimation interval (±15-20%),24258.4424,Estimated,Estimation interval (±15-20%),7.0944,Estimated,Estimation interval (±15-20%),7.2965,Estimated,Estimation interval (±15-20%),,Missing,Not available,,Missing,Not available,72.0372,Derived,Estimation interval (±15-20%),,Missing,Not available,,Missing,Not available,9.4522
MKT-041_D007,MKT-041,Delhi NCR,Connaught Place,Retail,Premium,C,7,20260919,2026-09-19,193.5193,Estimated,Estimation interval (±15-20%),23958.1261,Estimated,Estimation interval (±15-20%),5.6478,Estimated,Estimation interval (±15-20%),7.5908,Estimated,Estimation interval (±15-20%),,Missing,Not available,,Missing,Not available,66.5464,Derived,Estimation interval (±15-20%),,Missing,Not available,,Missing,Not available,9.6929
MKT-041_D008,MKT-041,Delhi NCR,Connaught Place,Retail,Premium,C,8,20260919,2026-09-19,223.7653,Estimated,Estimation interval (±15-20%),19637.0406,Estimated,Estimation interval (±15-20%),6.7496,Estimated,Estimation interval (±15-20%),6.7743,Estimated,Estimation interval (±15-20%),,Missing,Not available,,Missing,Not available,68.7132,Derived,Estimation interval (±15-20%),,Missing,Not available,,Missing,Not available,13.6741
MKT-041_D009,MKT-041,Delhi NCR,Connaught Place,Retail,Premium,C,9,20260919,2026-09-19,186.9744,Estimated,Estimation interval (±15-20%),17047.0464,Estimated,Estimation interval (±15-20%),5.0762,Estimated,Estimation interval (±15-20%),7.2637,Estimated,Estimation interval (±15-20%),,Missing,Not available,,Missing,Not available,77.5945,Derived,Estimation interval (±15-20%),,Missing,Not available,,Missing,Not available,13.1618
MKT-041_D010,MKT-041,Delhi NCR,Connaught Place,Retail,Premium,C,10,20260919,2026-09-19,226.0449,Estimated,Estimation interval (±15-20%),27131.8327,Estimated,Estimation interval (±15-20%),6.2964,Estimated,Estimation interval (±15-20%),5.3401,Estimated,Estimation interval (±15-20%),,Missing,Not available,,Missing,Not available,78.5245,Derived,Estimation interval (±15-20%),,Missing,Not available,,Missing,Not available,9.9976
MKT-041_D011,MKT-041,Delhi NCR,Connaught Place,Retail,Premium,C,11,20260919,2026-09-19,200.6032,Estimated,Estimation interval (±15-20%),20914.8084,Estimated,Estimation interval (±15-20%),7.8016,Estimated,Estimation interval (±15-20%),3.5928,Estimated,Estimation interval (±15-20%),,Missing,Not available,,Missing,Not available,75.0682,Derived,Estimation interval (±15-20%),,Missing,Not available,,Missing,Not available,11.5097
MKT-041_D012,MKT-041,Delhi NCR,Connaught Place,Retail,Premium,C,12,20260919,2026-09-19,207.3648,Estimated,Estimation interval (±15-20%),19933.4452,Estimated,Estimation interval (±15-20%),4.3794,Estimated,Estimation interval (±15-20%),6.5814,Estimated,Estimation interval (±15-20%),,Missing,Not available,,Missing,Not available,78.0203,Derived,Estimation interval (±15-20%),,Missing,Not available,,Missing,Not available,12.4834
MKT-041_D013,MKT-041,Delhi NCR,Connaught Place,Retail,Premium,C,13,20260919,2026-09-19,182.7632,Estimated,Estimation interval (±15-20%),24829.5124,Estimated,Estimation interval (±15-20%),8.2936,Estimated,Estimation interval (±15-20%),5.118,Estimated,Estimation interval (±15-20%),,Missing,Not available,,Missing,Not available,72.3786,Derived,Estimation interval (±15-20%),,Missing,Not available,,Missing,Not available,8.8329
MKT-041_D014,MKT-041,Delhi NCR,Connaught Place,Retail,Premium,C,14,20260919,2026-09-19,187.9782,Estimated,Estimation interval (±15-20%),22409.6087,Estimated,Estimation interval (±15-20%),6.0553,Estimated,Estimation interval (±15-20%),6.0914,Estimated,Estimation interval (±15-20%),,Missing,Not available,,Missing,Not available,69.379,Derived,Estimation interval (±15-20%),,Missing,Not available,,Missing,Not available,10.0659
MKT-041_D015,MKT-041,Delhi NCR,Connaught Place,Retail,Premium,C,15,20260919,2026-09-19,256.0827,Estimated,Estimation interval (±15-20%),21312.9219,Estimated,Estimation interval (±15-20%),6.105,Estimated,Estimation interval (±15-20%),8.5695,Estimated,Estimation interval (±15-20%),,Missing,Not available,,Missing,Not available,71.7301,Derived,Estimation interval (±15-20%),,Missing,Not available,,Missing,Not available,14.4184
MKT-041_D016,MKT-041,Delhi NCR,Connaught Place,Retail,Premium,C,16,20260919,2026-09-19,218.5081,Estimated,Estimation interval (±15-20%),13875.1158,Estimated,Estimation interval (±15-20%),6.8744,Estimated,Estimation interval (±15-20%),5.9757,Estimated,Estimation interval (±15-20%),,Missing,Not available,,Missing,Not available,72.2409,Derived,Estimation interval (±15-20%),,Missing,Not available,,Missing,Not available,18.8978
MKT-041_D017,MKT-041,Delhi NCR,Connaught Place,Retail,Premium,C,17,20260919,2026-09-19,221.0348,Estimated,Estimation interval (±15-20%),22786.4953,Estimated,Estimation interval (±15-20%),6.2775,Estimated,Estimation interval (±15-20%),6.4636,Estimated,Estimation interval (±15-20%),,Missing,Not available,,Missing,Not available,76.3537,Derived,Estimation interval (±15-20%),,Missing,Not available,,Missing,Not available,11.6403
MKT-041_D018,MKT-041,Delhi NCR,Connaught Place,Retail,Premium,C,18,20260919,2026-09-19,226.5875,Estimated,Estimation interval (±15-20%),27442.4347,Estimated,Estimation interval (±15-20%),5.1584,Estimated,Estimation interval (±15-20%),9.6108,Estimated,Estimation interval (±15-20%),,Missing,Not available,,Missing,Not available,65.7855,Derived,Estimation interval (±15-20%),,Missing,Not available,,Missing,Not available,9.9082
MKT-041_D019,MKT-041,Delhi NCR,Connaught Place,Retail,Premium,C,19,20260919,2026-09-19,191.668,Estimated,Estimation interval (±15-20%),18699.1142,Estimated,Estimation interval (±15-20%),5.3091,Estimated,Estimation interval (±15-20%),6.1411,Estimated,Estimation interval (±15-20%),,Missing,Not available,,Missing,Not available,69.6043,Derived,Estimation interval (±15-20%),,Missing,Not available,,Missing,Not available,12.3001
MKT-041_D020,MKT-041,Delhi NCR,Connaught Place,Retail,Premium,C,20,20260919,2026-09-19,205.1346,Estimated,Estimation interval (±15-20%),18823.6774,Estimated,Estimation interval (±15-20%),4.2146,Estimated,Estimation interval (±15-20%),6.2233,Estimated,Estimation interval (±15-20%),,Missing,Not available,,Missing,Not available,77.4492,Derived,Estimation interval (±15-20%),,Missing,Not available,,Missing,Not available,13.0772
MKT-041_D021,MKT-041,Delhi NCR,Connaught Place,Retail,Premium,C,21,20260919,2026-09-19,206.6074,Estimated,Estimation interval (±15-20%),15571.6301,Estimated,Estimation interval (±15-20%),4.0986,Estimated,Estimation interval (±15-20%),7.079,Estimated,Estimation interval (±15-20%),,Missing,Not available,,Missing,Not available,65.2119,Derived,Estimation interval (±15-20%),,Missing,Not available,,Missing,Not available,15.9218
MKT-041_D022,MKT-041,Delhi NCR,Connaught Place,Retail,Premium,C,22,20260919,2026-09-19,213.9735,Estimated,Estimation interval (±15-20%),24885.6036,Estimated,Estimation interval (±15-20%),8.6039,Estimated,Estimation interval (±15-20%),5.939,Estimated,Estimation interval (±15-20%),,Missing,Not available,,Missing,Not available,69.3578,Derived,Estimation interval (±15-20%),,Missing,Not available,,Missing,Not available,10.3179
MKT-041_D023,MKT-041,Delhi NCR,Connaught Place,Retail,Premium,C,23,20260919,2026-09-19,226.333,Estimated,Estimation interval (±15-20%),17390.2922,Estimated,Estimation interval (±15-20%),4.4616,Estimated,Estimation interval (±15-20%),5.6215,Estimated,Estimation interval (±15-20%),,Missing,Not available,,Missing,Not available,79.3855,Derived,Estimation interval (±15-20%),,Missing,Not available,,Missing,Not available,15.6179
MKT-041_D024,MKT-041,Delhi NCR,Connaught Place,Retail,Premium,C,24,20260919,2026-09-19,240.5055,Estimated,Estimation interval (±15-20%),17563.3337,Estimated,Estimation interval (±15-20%),7.7274,Estimated,Estimation interval (±15-20%),4.6922,Estimated,Estimation interval (±15-20%),,Missing,Not available,,Missing,Not available,68.063,Derived,Estimation interval (±15-20%),,Missing,Not available,,Missing,Not available,16.4323
MKT-041_D025,MKT-041,Delhi NCR,Connaught Place,Retail,Premium,C,25,20260919,2026-09-19,217.6888,Estimated,Estimation interval (±15-20%),15481.6179,Estimated,Estimation interval (±15-20%),5.6337,Estimated,Estimation interval (±15-20%),5.6602,Estimated,Estimation interval (±15-20%),,Missing,Not available,,Missing,Not available,68.4246,Derived,Estimation interval (±15-20%),,Missing,Not available,,Missing,Not available,16.8733
MKT-041_D026,MKT-041,Delhi NCR,Connaught Place,Retail,Premium,C,26,20260919,2026-09-19,212.4318,Estimated,Estimation interval (±15-20%),25670.8335,Estimated,Estimation interval (±15-20%),5.4201,Estimated,Estimation interval (±15-20%),6.9161,Estimated,Estimation interval (±15-20%),,Missing,Not available,,Missing,Not available,72.2563,Derived,Estimation interval (±15-20%),,Missing,Not available,,Missing,Not available,9.9303
MKT-041_D027,MKT-041,Delhi NCR,Connaught Place,Retail,Premium,C,27,20260919,2026-09-19,202.0421,Estimated,Estimation interval (±15-20%),23379.5043,Estimated,Estimation interval (±15-20%),5.0176,Estimated,Estimation interval (±15-20%),8.4935,Estimated,Estimation interval (±15-20%),,Missing,Not available,,Missing,Not available,71.3859,Derived,Estimation interval (±15-20%),,Missing,Not available,,Missing,Not available,10.3702
MKT-041_D028,MKT-041,Delhi NCR,Connaught Place,Retail,Premium,C,28,20260919,2026-09-19,217.086,Estimated,Estimation interval (±15-20%),23229.4995,Estimated,Estimation interval (±15-20%),4.8457,Estimated,Estimation interval (±15-20%),7.4699,Estimated,Estimation interval (±15-20%),,Missing,Not available,,Missing,Not available,76.2579,Derived,Estimation interval (±15-20%),,Missing,Not available,,Missing,Not available,11.2143
MKT-041_D029,MKT-041,Delhi NCR,Connaught Place,Retail,Premium,C,29,20260919,2026-09-19,204.1292,Estimated,Estimation interval (±15-20%),22424.324,Estimated,Estimation interval (±15-20%),8.4625,Estimated,Estimation interval (±15-20%),8.5859,Estimated,Estimation interval (±15-20%),,Missing,Not available,,Missing,Not available,73.1425,Derived,Estimation interval (±15-20%),,Missing,Not available,,Missing,Not available,10.9236
MKT-041_D030,MKT-041,Delhi NCR,Connaught Place,Retail,Premium,C,30,20260919,2026-09-19,219.5145,Estimated,Estimation interval (±15-20%),23607.6796,Estimated,Estimation interval (±15-20%),4.0949,Estimated,Estimation interval (±15-20%),5.4319,Estimated,Estimation interval (±15-20%),,Missing,Not available,,Missing,Not available,76.439,Derived,Estimation interval (±15-20%),,Missing,Not available,,Missing,Not available,11.1581
MKT-041_D031,MKT-041,Delhi NCR,Connaught Place,Retail,Premium,C,31,20260919,2026-09-19,209.0096,Estimated,Estimation interval (±15-20%),19390.4537,Estimated,Estimation interval (±15-20%),6.5595,Estimated,Estimation interval (±15-20%),5.2574,Estimated,Estimation interval (±15-20%),,Missing,Not available,,Missing,Not available,68.7057,Derived,Estimation interval (±15-20%),,Missing,Not available,,Missing,Not available,12.9348
MKT-041_D032,MKT-041,Delhi NCR,Connaught Place,Retail,Premium,C,32,20260919,2026-09-19,214.228,Estimated,Estimation interval (±15-20%),23676.1897,Estimated,Estimation interval (±15-20%),5.5598,Estimated,Estimation interval (±15-20%),5.5348,Estimated,Estimation interval (±15-20%),,Missing,Not available,,Missing,Not available,71.7097,Derived,Estimation interval (±15-20%),,Missing,Not available,,Missing,Not available,10.8579
MKT-041_D033,MKT-041,Delhi NCR,Connaught Place,Retail,Premium,C,33,20260919,2026-09-19,202.5853,Estimated,Estimation interval (±15-20%),22051.6923,Estimated,Estimation interval (±15-20%),3.1662,Estimated,Estimation interval (±15-20%),5.9113,Estimated,Estimation interval (±15-20%),,Missing,Not available,,Missing,Not available,68.8481,Derived,Estimation interval (±15-20%),,Missing,Not available,,Missing,Not available,11.0242
MKT-041_D034,MKT-041,Delhi NCR,Connaught Place,Retail,Premium,C,34,20260919,2026-09-19,204.7083,Estimated,Estimation interval (±15-20%),18374.5407,Estimated,Estimation interval (±15-20%),6.05,Estimated,Estimation interval (±15-20%),6.2353,Estimated,Estimation interval (±15-20%),,Missing,Not available,,Missing,Not available,73.4857,Derived,Estimation interval (±15-20%),,Missing,Not available,,Missing,Not available,13.369
MKT-041_D035,MKT-041,Delhi NCR,Connaught Place,Retail,Premium,C,35,20260919,2026-09-19,226.1177,Estimated,Estimation interval (±15-20%),24143.1409,Estimated,Estimation interval (±15-20%),6.2425,Estimated,Estimation interval (±15-20%),6.4708,Estimated,Estimation interval (±15-20%),,Missing,Not available,,Missing,Not available,64.4433,Derived,Estimation interval (±15-20%),,Missing,Not available,,Missing,Not available,11.2389
MKT-041_D036,MKT-041,Delhi NCR,Connaught Place,Retail,Premium,C,36,20260919,2026-09-19,209.4191,Estimated,Estimation interval (±15-20%),26142.3306,Estimated,Estimation interval (±15-20%),4.6163,Estimated,Estimation interval (±15-20%),8.5334,Estimated,Estimation interval (±15-20%),,Missing,Not available,,Missing,Not available,71.6739,Derived,Estimation interval (±15-20%),,Missing,Not available,,Missing,Not available,9.6129
MKT-041_D037,MKT-041,Delhi NCR,Connaught Place,Retail,Premium,C,37,20260919,2026-09-19,191.5616,Estimated,Estimation interval (±15-20%),18904.7411,Estimated,Estimation interval (±15-20%),7.0969,Estimated,Estimation interval (±15-20%),5.1994,Estimated,Estimation interval (±15-20%),,Missing,Not available,,Missing,Not available,74.0797,Derived,Estimation interval (±15-20%),,Missing,Not available,,Missing,Not available,12.1596
MKT-041_D038,MKT-041,Delhi NCR,Connaught Place,Retail,Premium,C,38,20260919,2026-09-19,197.9705,Estimated,Estimation interval (±15-20%),22400.8102,Estimated,Estimation interval (±15-20%),5.0022,Estimated,Estimation interval (±15-20%),3.7336,Estimated,Estimation interval (±15-20%),,Missing,Not available,,Missing,Not available,62.8087,Derived,Estimation interval (±15-20%),,Missing,Not available,,Missing,Not available,10.6052
MKT-041_D039,MKT-041,Delhi NCR,Connaught Place,Retail,Premium,C,39,20260919,2026-09-19,227.4071,Estimated,Estimation interval (±15-20%),26607.3092,Estimated,Estimation interval (±15-20%),2.6144,Estimated,Estimation interval (±15-20%),6.0676,Estimated,Estimation interval (±15-20%),,Missing,Not available,,Missing,Not available,73.7222,Derived,Estimation interval (±15-20%),,Missing,Not available,,Missing,Not available,10.2561
MKT-041_D040,MKT-041,Delhi NCR,Connaught Place,Retail,Premium,C,40,20260919,2026-09-19,186.4308,Estimated,Estimation interval (±15-20%),17062.0451,Estimated,Estimation interval (±15-20%),5.8147,Estimated,Estimation interval (±15-20%),7.579,Estimated,Estimation interval (±15-20%),,Missing,Not available,,Missing,Not available,78.2509,Derived,Estimation interval (±15-20%),,Missing,Not available,,Missing,Not available,13.112
MKT-042_D001,MKT-042,Hyderabad,Banjara Hills,Retail,Premium,D,1,20260919,2026-09-19,155.9118,Estimated,Estimation interval (±20-30%),20402.8242,Estimated,Estimation interval (±20-30%),6.6655,Estimated,Estimation interval (±20-30%),7.6491,Estimated,Estimation interval (±20-30%),,Missing,Not available,,Missing,Not available,73.3062,Derived,Estimation interval (±20-30%),,Missing,Not available,,Missing,Not available,9.17
MKT-042_D002,MKT-042,Hyderabad,Banjara Hills,Retail,Premium,D,2,20260919,2026-09-19,129.6367,Estimated,Estimation interval (±20-30%),15938.1207,Estimated,Estimation interval (±20-30%),5.0766,Estimated,Estimation interval (±20-30%),6.5563,Estimated,Estimation interval (±20-30%),,Missing,Not available,,Missing,Not available,67.0353,Derived,Estimation interval (±20-30%),,Missing,Not available,,Missing,Not available,9.7605
MKT-042_D003,MKT-042,Hyderabad,Banjara Hills,Retail,Premium,D,3,20260919,2026-09-19,119.499,Estimated,Estimation interval (±20-30%),12675.6719,Estimated,Estimation interval (±20-30%),5.6625,Estimated,Estimation interval (±20-30%),6.8424,Estimated,Estimation interval (±20-30%),,Missing,Not available,,Missing,Not available,63.2272,Derived,Estimation interval (±20-30%),,Missing,Not available,,Missing,Not available,11.3129
MKT-042_D004,MKT-042,Hyderabad,Banjara Hills,Retail,Premium,D,4,20260919,2026-09-19,168.3805,Estimated,Estimation interval (±20-30%),11946.7214,Estimated,Estimation interval (±20-30%),6.0735,Estimated,Estimation interval (±20-30%),4.0977,Estimated,Estimation interval (±20-30%),,Missing,Not available,,Missing,Not available,64.4687,Derived,Estimation interval (±20-30%),,Missing,Not available,,Missing,Not available,16.9131
MKT-042_D005,MKT-042,Hyderabad,Banjara Hills,Retail,Premium,D,5,20260919,2026-09-19,161.3938,Estimated,Estimation interval (±20-30%),12206.5385,Estimated,Estimation interval (±20-30%),5.2043,Estimated,Estimation interval (±20-30%),6.4914,Estimated,Estimation interval (±20-30%),,Missing,Not available,,Missing,Not available,67.2859,Derived,Estimation interval (±20-30%),,Missing,Not available,,Missing,Not available,15.8663
MKT-042_D006,MKT-042,Hyderabad,Banjara Hills,Retail,Premium,D,6,20260919,2026-09-19,132.6148,Estimated,Estimation interval (±20-30%),14190.5388,Estimated,Estimation interval (±20-30%),4.9886,Estimated,Estimation interval (±20-30%),7.0986,Estimated,Estimation interval (±20-30%),,Missing,Not available,,Missing,Not available,75.9554,Derived,Estimation interval (±20-30%),,Missing,Not available,,Missing,Not available,11.2144
MKT-042_D007,MKT-042,Hyderabad,Banjara Hills,Retail,Premium,D,7,20260919,2026-09-19,154.1033,Estimated,Estimation interval (±20-30%),15065.0867,Estimated,Estimation interval (±20-30%),6.8598,Estimated,Estimation interval (±20-30%),7.7357,Estimated,Estimation interval (±20-30%),,Missing,Not available,,Missing,Not available,64.0111,Derived,Estimation interval (±20-30%),,Missing,Not available,,Missing,Not available,12.275
MKT-042_D008,MKT-042,Hyderabad,Banjara Hills,Retail,Premium,D,8,20260919,2026-09-19,143.8494,Estimated,Estimation interval (±20-30%),16473.0566,Estimated,Estimation interval (±20-30%),4.7697,Estimated,Estimation interval (±20-30%),6.2496,Estimated,Estimation interval (±20-30%),,Missing,Not available,,Missing,Not available,63.5692,Derived,Estimation interval (±20-30%),,Missing,Not available,,Missing,Not available,10.4789
MKT-042_D009,MKT-042,Hyderabad,Banjara Hills,Retail,Premium,D,9,20260919,2026-09-19,153.1247,Estimated,Estimation interval (±20-30%),13249.1658,Estimated,Estimation interval (±20-30%),7.2299,Estimated,Estimation interval (±20-30%),6.8113,Estimated,Estimation interval (±20-30%),,Missing,Not available,,Missing,Not available,65.8833,Derived,Estimation interval (±20-30%),,Missing,Not available,,Missing,Not available,13.8688
MKT-042_D010,MKT-042,Hyderabad,Banjara Hills,Retail,Premium,D,10,20260919,2026-09-19,137.8549,Estimated,Estimation interval (±20-30%),11698.2167,Estimated,Estimation interval (±20-30%),3.9729,Estimated,Estimation interval (±20-30%),5.6396,Estimated,Estimation interval (±20-30%),,Missing,Not available,,Missing,Not available,73.091,Derived,Estimation interval (±20-30%),,Missing,Not available,,Missing,Not available,14.1411
MKT-042_D011,MKT-042,Hyderabad,Banjara Hills,Retail,Premium,D,11,20260919,2026-09-19,136.6605,Estimated,Estimation interval (±20-30%),12336.1234,Estimated,Estimation interval (±20-30%),6.251,Estimated,Estimation interval (±20-30%),7.5907,Estimated,Estimation interval (±20-30%),,Missing,Not available,,Missing,Not available,64.0757,Derived,Estimation interval (±20-30%),,Missing,Not available,,Missing,Not available,13.2937
MKT-042_D012,MKT-042,Hyderabad,Banjara Hills,Retail,Premium,D,12,20260919,2026-09-19,131.4071,Estimated,Estimation interval (±20-30%),17263.9137,Estimated,Estimation interval (±20-30%),4.1794,Estimated,Estimation interval (±20-30%),8.2559,Estimated,Estimation interval (±20-30%),,Missing,Not available,,Missing,Not available,71.6012,Derived,Estimation interval (±20-30%),,Missing,Not available,,Missing,Not available,9.134
MKT-042_D013,MKT-042,Hyderabad,Banjara Hills,Retail,Premium,D,13,20260919,2026-09-19,166.1802,Estimated,Estimation interval (±20-30%),20379.8421,Estimated,Estimation interval (±20-30%),6.6456,Estimated,Estimation interval (±20-30%),5.814,Estimated,Estimation interval (±20-30%),,Missing,Not available,,Missing,Not available,67.0381,Derived,Estimation interval (±20-30%),,Missing,Not available,,Missing,Not available,9.785
MKT-042_D014,MKT-042,Hyderabad,Banjara Hills,Retail,Premium,D,14,20260919,2026-09-19,144.7498,Estimated,Estimation interval (±20-30%),17136.8058,Estimated,Estimation interval (±20-30%),6.3633,Estimated,Estimation interval (±20-30%),8.11,Estimated,Estimation interval (±20-30%),,Missing,Not available,,Missing,Not available,67.9787,Derived,Estimation interval (±20-30%),,Missing,Not available,,Missing,Not available,10.1361
MKT-042_D015,MKT-042,Hyderabad,Banjara Hills,Retail,Premium,D,15,20260919,2026-09-19,167.0389,Estimated,Estimation interval (±20-30%),15615.5651,Estimated,Estimation interval (±20-30%),3.3498,Estimated,Estimation interval (±20-30%),5.8883,Estimated,Estimation interval (±20-30%),,Missing,Not available,,Missing,Not available,73.023,Derived,Estimation interval (±20-30%),,Missing,Not available,,Missing,Not available,12.8363
MKT-042_D016,MKT-042,Hyderabad,Banjara Hills,Retail,Premium,D,16,20260919,2026-09-19,133.5135,Estimated,Estimation interval (±20-30%),11752.4827,Estimated,Estimation interval (±20-30%),6.9876,Estimated,Estimation interval (±20-30%),8.6424,Estimated,Estimation interval (±20-30%),,Missing,Not available,,Missing,Not available,72.4133,Derived,Estimation interval (±20-30%),,Missing,Not available,,Missing,Not available,13.6325
MKT-042_D017,MKT-042,Hyderabad,Banjara Hills,Retail,Premium,D,17,20260919,2026-09-19,140.3106,Estimated,Estimation interval (±20-30%),15894.5104,Estimated,Estimation interval (±20-30%),5.4528,Estimated,Estimation interval (±20-30%),6.0605,Estimated,Estimation interval (±20-30%),,Missing,Not available,,Missing,Not available,76.6544,Derived,Estimation interval (±20-30%),,Missing,Not available,,Missing,Not available,10.5931
MKT-042_D018,MKT-042,Hyderabad,Banjara Hills,Retail,Premium,D,18,20260919,2026-09-19,144.9805,Estimated,Estimation interval (±20-30%),13512.2199,Estimated,Estimation interval (±20-30%),4.6932,Estimated,Estimation interval (±20-30%),7.9781,Estimated,Estimation interval (±20-30%),,Missing,Not available,,Missing,Not available,72.2306,Derived,Estimation interval (±20-30%),,Missing,Not available,,Missing,Not available,12.8755
MKT-042_D019,MKT-042,Hyderabad,Banjara Hills,Retail,Premium,D,19,20260919,2026-09-19,160.7025,Estimated,Estimation interval (±20-30%),10454.6421,Estimated,Estimation interval (±20-30%),4.5315,Estimated,Estimation interval (±20-30%),8.6639,Estimated,Estimation interval (±20-30%),,Missing,Not available,,Missing,Not available,73.8047,Derived,Estimation interval (±20-30%),,Missing,Not available,,Missing,Not available,18.4457
MKT-042_D020,MKT-042,Hyderabad,Banjara Hills,Retail,Premium,D,20,20260919,2026-09-19,130.7525,Estimated,Estimation interval (±20-30%),15097.9132,Estimated,Estimation interval (±20-30%),5.6783,Estimated,Estimation interval (±20-30%),5.5686,Estimated,Estimation interval (±20-30%),,Missing,Not available,,Missing,Not available,74.9925,Derived,Estimation interval (±20-30%),,Missing,Not available,,Missing,Not available,10.3924
MKT-042_D021,MKT-042,Hyderabad,Banjara Hills,Retail,Premium,D,21,20260919,2026-09-19,145.9871,Estimated,Estimation interval (±20-30%),12813.1365,Estimated,Estimation interval (±20-30%),6.1758,Estimated,Estimation interval (±20-30%),5.6469,Estimated,Estimation interval (±20-30%),,Missing,Not available,,Missing,Not available,67.9218,Derived,Estimation interval (±20-30%),,Missing,Not available,,Missing,Not available,13.6723
MKT-042_D022,MKT-042,Hyderabad,Banjara Hills,Retail,Premium,D,22,20260919,2026-09-19,175.3806,Estimated,Estimation interval (±20-30%),20359.0415,Estimated,Estimation interval (±20-30%),6.7555,Estimated,Estimation interval (±20-30%),6.1623,Estimated,Estimation interval (±20-30%),,Missing,Not available,,Missing,Not available,71.6422,Derived,Estimation interval (±20-30%),,Missing,Not available,,Missing,Not available,10.3373
MKT-042_D023,MKT-042,Hyderabad,Banjara Hills,Retail,Premium,D,23,20260919,2026-09-19,160.0951,Estimated,Estimation interval (±20-30%),14149.5305,Estimated,Estimation interval (±20-30%),4.4986,Estimated,Estimation interval (±20-30%),5.58,Estimated,Estimation interval (±20-30%),,Missing,Not available,,Missing,Not available,65.6967,Derived,Estimation interval (±20-30%),,Missing,Not available,,Missing,Not available,13.5774
MKT-042_D024,MKT-042,Hyderabad,Banjara Hills,Retail,Premium,D,24,20260919,2026-09-19,117.6169,Estimated,Estimation interval (±20-30%),12213.0218,Estimated,Estimation interval (±20-30%),5.6796,Estimated,Estimation interval (±20-30%),7.4867,Estimated,Estimation interval (±20-30%),,Missing,Not available,,Missing,Not available,63.1452,Derived,Estimation interval (±20-30%),,Missing,Not available,,Missing,Not available,11.5565
MKT-042_D025,MKT-042,Hyderabad,Banjara Hills,Retail,Premium,D,25,20260919,2026-09-19,137.0461,Estimated,Estimation interval (±20-30%),12987.0356,Estimated,Estimation interval (±20-30%),6.5859,Estimated,Estimation interval (±20-30%),7.779,Estimated,Estimation interval (±20-30%),,Missing,Not available,,Missing,Not available,71.4643,Derived,Estimation interval (±20-30%),,Missing,Not available,,Missing,Not available,12.663
MKT-042_D026,MKT-042,Hyderabad,Banjara Hills,Retail,Premium,D,26,20260919,2026-09-19,147.2923,Estimated,Estimation interval (±20-30%),19309.2018,Estimated,Estimation interval (±20-30%),6.5342,Estimated,Estimation interval (±20-30%),6.1885,Estimated,Estimation interval (±20-30%),,Missing,Not available,,Missing,Not available,79.7987,Derived,Estimation interval (±20-30%),,Missing,Not available,,Missing,Not available,9.1537
MKT-042_D027,MKT-042,Hyderabad,Banjara Hills,Retail,Premium,D,27,20260919,2026-09-19,142.2011,Estimated,Estimation interval (±20-30%),14158.4384,Estimated,Estimation interval (±20-30%),5.3389,Estimated,Estimation interval (±20-30%),5.6834,Estimated,Estimation interval (±20-30%),,Missing,Not available,,Missing,Not available,65.1657,Derived,Estimation interval (±20-30%),,Missing,Not available,,Missing,Not available,12.0523
MKT-042_D028,MKT-042,Hyderabad,Banjara Hills,Retail,Premium,D,28,20260919,2026-09-19,155.9279,Estimated,Estimation interval (±20-30%),15837.4025,Estimated,Estimation interval (±20-30%),5.5897,Estimated,Estimation interval (±20-30%),7.6917,Estimated,Estimation interval (±20-30%),,Missing,Not available,,Missing,Not available,74.6564,Derived,Estimation interval (±20-30%),,Missing,Not available,,Missing,Not available,11.8147
MKT-042_D029,MKT-042,Hyderabad,Banjara Hills,Retail,Premium,D,29,20260919,2026-09-19,167.1041,Estimated,Estimation interval (±20-30%),19462.7319,Estimated,Estimation interval (±20-30%),5.7909,Estimated,Estimation interval (±20-30%),7.5855,Estimated,Estimation interval (±20-30%),,Missing,Not available,,Missing,Not available,75.7213,Derived,Estimation interval (±20-30%),,Missing,Not available,,Missing,Not available,10.303
MKT-042_D030,MKT-042,Hyderabad,Banjara Hills,Retail,Premium,D,30,20260919,2026-09-19,139.508,Estimated,Estimation interval (±20-30%),16690.8068,Estimated,Estimation interval (±20-30%),8.8466,Estimated,Estimation interval (±20-30%),5.2283,Estimated,Estimation interval (±20-30%),,Missing,Not available,,Missing,Not available,80.6431,Derived,Estimation interval (±20-30%),,Missing,Not available,,Missing,Not available,10.03
MKT-042_D031,MKT-042,Hyderabad,Banjara Hills,Retail,Premium,D,31,20260919,2026-09-19,151.2403,Estimated,Estimation interval (±20-30%),15709.107,Estimated,Estimation interval (±20-30%),5.344,Estimated,Estimation interval (±20-30%),6.7353,Estimated,Estimation interval (±20-30%),,Missing,Not available,,Missing,Not available,77.9225,Derived,Estimation interval (±20-30%),,Missing,Not available,,Missing,Not available,11.5531
MKT-042_D032,MKT-042,Hyderabad,Banjara Hills,Retail,Premium,D,32,20260919,2026-09-19,146.8649,Estimated,Estimation interval (±20-30%),16184.9124,Estimated,Estimation interval (±20-30%),7.0559,Estimated,Estimation interval (±20-30%),8.7372,Estimated,Estimation interval (±20-30%),,Missing,Not available,,Missing,Not available,72.3304,Derived,Estimation interval (±20-30%),,Missing,Not available,,Missing,Not available,10.889
MKT-042_D033,MKT-042,Hyderabad,Banjara Hills,Retail,Premium,D,33,20260919,2026-09-19,159.9695,Estimated,Estimation interval (±20-30%),16974.2675,Estimated,Estimation interval (±20-30%),4.4068,Estimated,Estimation interval (±20-30%),4.3284,Estimated,Estimation interval (±20-30%),,Missing,Not available,,Missing,Not available,78.3088,Derived,Estimation interval (±20-30%),,Missing,Not available,,Missing,Not available,11.3091
MKT-042_D034,MKT-042,Hyderabad,Banjara Hills,Retail,Premium,D,34,20260919,2026-09-19,159.6319,Estimated,Estimation interval (±20-30%),15946.9941,Estimated,Estimation interval (±20-30%),3.8053,Estimated,Estimation interval (±20-30%),7.3944,Estimated,Estimation interval (±20-30%),,Missing,Not available,,Missing,Not available,71.2453,Derived,Estimation interval (±20-30%),,Missing,Not available,,Missing,Not available,12.0122
MKT-042_D035,MKT-042,Hyderabad,Banjara Hills,Retail,Premium,D,35,20260919,2026-09-19,123.2779,Estimated,Estimation interval (±20-30%),16760.84,Estimated,Estimation interval (±20-30%),5.902,Estimated,Estimation interval (±20-30%),8.0318,Estimated,Estimation interval (±20-30%),,Missing,Not available,,Missing,Not available,74.9866,Derived,Estimation interval (±20-30%),,Missing,Not available,,Missing,Not available,8.8261
MKT-042_D036,MKT-042,Hyderabad,Banjara Hills,Retail,Premium,D,36,20260919,2026-09-19,170.9264,Estimated,Estimation interval (±20-30%),15004.7416,Estimated,Estimation interval (±20-30%),5.3225,Estimated,Estimation interval (±20-30%),8.3499,Estimated,Estimation interval (±20-30%),,Missing,Not available,,Missing,Not available,68.3326,Derived,Estimation interval (±20-30%),,Missing,Not available,,Missing,Not available,13.6698
MKT-042_D037,MKT-042,Hyderabad,Banjara Hills,Retail,Premium,D,37,20260919,2026-09-19,141.5976,Estimated,Estimation interval (±20-30%),17816.0862,Estimated,Estimation interval (±20-30%),5.6658,Estimated,Estimation interval (±20-30%),6.3045,Estimated,Estimation interval (±20-30%),,Missing,Not available,,Missing,Not available,74.1227,Derived,Estimation interval (±20-30%),,Missing,Not available,,Missing,Not available,9.5373
MKT-042_D038,MKT-042,Hyderabad,Banjara Hills,Retail,Premium,D,38,20260919,2026-09-19,151.3851,Estimated,Estimation interval (±20-30%),17936.9743,Estimated,Estimation interval (±20-30%),6.2986,Estimated,Estimation interval (±20-30%),6.9643,Estimated,Estimation interval (±20-30%),,Missing,Not available,,Missing,Not available,65.6763,Derived,Estimation interval (±20-30%),,Missing,Not available,,Missing,Not available,10.1278
MKT-042_D039,MKT-042,Hyderabad,Banjara Hills,Retail,Premium,D,39,20260919,2026-09-19,142.5845,Estimated,Estimation interval (±20-30%),20165.0699,Estimated,Estimation interval (±20-30%),6.6969,Estimated,Estimation interval (±20-30%),6.5082,Estimated,Estimation interval (±20-30%),,Missing,Not available,,Missing,Not available,75.4291,Derived,Estimation interval (±20-30%),,Missing,Not available,,Missing,Not available,8.485
MKT-042_D040,MKT-042,Hyderabad,Banjara Hills,Retail,Premium,D,40,20260919,2026-09-19,157.8481,Estimated,Estimation interval (±20-30%),19303.9138,Estimated,Estimation interval (±20-30%),7.8841,Estimated,Estimation interval (±20-30%),8.532,Estimated,Estimation interval (±20-30%),,Missing,Not available,,Missing,Not available,74.7517,Derived,Estimation interval (±20-30%),,Missing,Not available,,Missing,Not available,9.8124
MKT-043_D001,MKT-043,Pune,MG Road / Camp,Retail,Established,D,1,20260919,2026-09-19,111.1327,Estimated,Estimation interval (±20-30%),15139.6982,Estimated,Estimation interval (±20-30%),4.2483,Estimated,Estimation interval (±20-30%),8.5561,Estimated,Estimation interval (±20-30%),,Missing,Not available,,Missing,Not available,66.0587,Derived,Estimation interval (±20-30%),,Missing,Not available,,Missing,Not available,8.8086
MKT-043_D002,MKT-043,Pune,MG Road / Camp,Retail,Established,D,2,20260919,2026-09-19,127.8312,Estimated,Estimation interval (±20-30%),13020.183,Estimated,Estimation interval (±20-30%),5.1142,Estimated,Estimation interval (±20-30%),7.1321,Estimated,Estimation interval (±20-30%),,Missing,Not available,,Missing,Not available,63.9882,Derived,Estimation interval (±20-30%),,Missing,Not available,,Missing,Not available,11.7815
MKT-043_D003,MKT-043,Pune,MG Road / Camp,Retail,Established,D,3,20260919,2026-09-19,114.7658,Estimated,Estimation interval (±20-30%),12752.8345,Estimated,Estimation interval (±20-30%),4.0165,Estimated,Estimation interval (±20-30%),5.5133,Estimated,Estimation interval (±20-30%),,Missing,Not available,,Missing,Not available,71.6775,Derived,Estimation interval (±20-30%),,Missing,Not available,,Missing,Not available,10.7991
MKT-043_D004,MKT-043,Pune,MG Road / Camp,Retail,Established,D,4,20260919,2026-09-19,138.1783,Estimated,Estimation interval (±20-30%),9381.8214,Estimated,Estimation interval (±20-30%),6.222,Estimated,Estimation interval (±20-30%),4.8997,Estimated,Estimation interval (±20-30%),,Missing,Not available,,Missing,Not available,66.4979,Derived,Estimation interval (±20-30%),,Missing,Not available,,Missing,Not available,17.674
MKT-043_D005,MKT-043,Pune,MG Road / Camp,Retail,Established,D,5,20260919,2026-09-19,128.896,Estimated,Estimation interval (±20-30%),11420.6586,Estimated,Estimation interval (±20-30%),6.8521,Estimated,Estimation interval (±20-30%),6.6109,Estimated,Estimation interval (±20-30%),,Missing,Not available,,Missing,Not available,66.7331,Derived,Estimation interval (±20-30%),,Missing,Not available,,Missing,Not available,13.5435
MKT-043_D006,MKT-043,Pune,MG Road / Camp,Retail,Established,D,6,20260919,2026-09-19,121.9819,Estimated,Estimation interval (±20-30%),9854.5483,Estimated,Estimation interval (±20-30%),8.0644,Estimated,Estimation interval (±20-30%),5.6841,Estimated,Estimation interval (±20-30%),,Missing,Not available,,Missing,Not available,65.5667,Derived,Estimation interval (±20-30%),,Missing,Not available,,Missing,Not available,14.8539
MKT-043_D007,MKT-043,Pune,MG Road / Camp,Retail,Established,D,7,20260919,2026-09-19,125.9429,Estimated,Estimation interval (±20-30%),14340.4832,Estimated,Estimation interval (±20-30%),3.0558,Estimated,Estimation interval (±20-30%),3.5929,Estimated,Estimation interval (±20-30%),,Missing,Not available,,Missing,Not available,70.9631,Derived,Estimation interval (±20-30%),,Missing,Not available,,Missing,Not available,10.5388
MKT-043_D008,MKT-043,Pune,MG Road / Camp,Retail,Established,D,8,20260919,2026-09-19,120.4344,Estimated,Estimation interval (±20-30%),11191.3864,Estimated,Estimation interval (±20-30%),4.9364,Estimated,Estimation interval (±20-30%),6.6064,Estimated,Estimation interval (±20-30%),,Missing,Not available,,Missing,Not available,53.9994,Derived,Estimation interval (±20-30%),,Missing,Not available,,Missing,Not available,12.9136
MKT-043_D009,MKT-043,Pune,MG Road / Camp,Retail,Established,D,9,20260919,2026-09-19,130.3409,Estimated,Estimation interval (±20-30%),11318.8438,Estimated,Estimation interval (±20-30%),6.5018,Estimated,Estimation interval (±20-30%),7.5189,Estimated,Estimation interval (±20-30%),,Missing,Not available,,Missing,Not available,65.3931,Derived,Estimation interval (±20-30%),,Missing,Not available,,Missing,Not available,13.8185
MKT-043_D010,MKT-043,Pune,MG Road / Camp,Retail,Established,D,10,20260919,2026-09-19,125.6524,Estimated,Estimation interval (±20-30%),11240.3622,Estimated,Estimation interval (±20-30%),3.7479,Estimated,Estimation interval (±20-30%),4.2786,Estimated,Estimation interval (±20-30%),,Missing,Not available,,Missing,Not available,62.0626,Derived,Estimation interval (±20-30%),,Missing,Not available,,Missing,Not available,13.4144
MKT-043_D011,MKT-043,Pune,MG Road / Camp,Retail,Established,D,11,20260919,2026-09-19,112.8907,Estimated,Estimation interval (±20-30%),17139.6269,Estimated,Estimation interval (±20-30%),4.3683,Estimated,Estimation interval (±20-30%),6.603,Estimated,Estimation interval (±20-30%),,Missing,Not available,,Missing,Not available,61.7696,Derived,Estimation interval (±20-30%),,Missing,Not available,,Missing,Not available,7.9038
MKT-043_D012,MKT-043,Pune,MG Road / Camp,Retail,Established,D,12,20260919,2026-09-19,102.8325,Estimated,Estimation interval (±20-30%),14047.9642,Estimated,Estimation interval (±20-30%),5.1518,Estimated,Estimation interval (±20-30%),4.6471,Estimated,Estimation interval (±20-30%),,Missing,Not available,,Missing,Not available,64.4359,Derived,Estimation interval (±20-30%),,Missing,Not available,,Missing,Not available,8.7841
MKT-043_D013,MKT-043,Pune,MG Road / Camp,Retail,Established,D,13,20260919,2026-09-19,130.421,Estimated,Estimation interval (±20-30%),12004.0876,Estimated,Estimation interval (±20-30%),4.6647,Estimated,Estimation interval (±20-30%),6.8985,Estimated,Estimation interval (±20-30%),,Missing,Not available,,Missing,Not available,71.5334,Derived,Estimation interval (±20-30%),,Missing,Not available,,Missing,Not available,13.0377
MKT-043_D014,MKT-043,Pune,MG Road / Camp,Retail,Established,D,14,20260919,2026-09-19,99.3024,Estimated,Estimation interval (±20-30%),8148.3951,Estimated,Estimation interval (±20-30%),5.3028,Estimated,Estimation interval (±20-30%),3.9113,Estimated,Estimation interval (±20-30%),,Missing,Not available,,Missing,Not available,58.76,Derived,Estimation interval (±20-30%),,Missing,Not available,,Missing,Not available,14.6241
MKT-043_D015,MKT-043,Pune,MG Road / Camp,Retail,Established,D,15,20260919,2026-09-19,123.3274,Estimated,Estimation interval (±20-30%),11663.9712,Estimated,Estimation interval (±20-30%),7.076,Estimated,Estimation interval (±20-30%),4.3322,Estimated,Estimation interval (±20-30%),,Missing,Not available,,Missing,Not available,69.6645,Derived,Estimation interval (±20-30%),,Missing,Not available,,Missing,Not available,12.688
MKT-043_D016,MKT-043,Pune,MG Road / Camp,Retail,Established,D,16,20260919,2026-09-19,131.087,Estimated,Estimation interval (±20-30%),10130.8255,Estimated,Estimation interval (±20-30%),7.4414,Estimated,Estimation interval (±20-30%),4.3196,Estimated,Estimation interval (±20-30%),,Missing,Not available,,Missing,Not available,63.703,Derived,Estimation interval (±20-30%),,Missing,Not available,,Missing,Not available,15.5273
MKT-043_D017,MKT-043,Pune,MG Road / Camp,Retail,Established,D,17,20260919,2026-09-19,120.8226,Estimated,Estimation interval (±20-30%),14303.911,Estimated,Estimation interval (±20-30%),3.799,Estimated,Estimation interval (±20-30%),4.8978,Estimated,Estimation interval (±20-30%),,Missing,Not available,,Missing,Not available,60.3916,Derived,Estimation interval (±20-30%),,Missing,Not available,,Missing,Not available,10.1362
MKT-043_D018,MKT-043,Pune,MG Road / Camp,Retail,Established,D,18,20260919,2026-09-19,131.4152,Estimated,Estimation interval (±20-30%),12477.257,Estimated,Estimation interval (±20-30%),3.5031,Estimated,Estimation interval (±20-30%),6.0162,Estimated,Estimation interval (±20-30%),,Missing,Not available,,Missing,Not available,65.5833,Derived,Estimation interval (±20-30%),,Missing,Not available,,Missing,Not available,12.6389
MKT-043_D019,MKT-043,Pune,MG Road / Camp,Retail,Established,D,19,20260919,2026-09-19,109.2701,Estimated,Estimation interval (±20-30%),9243.9046,Estimated,Estimation interval (±20-30%),6.7117,Estimated,Estimation interval (±20-30%),6.126,Estimated,Estimation interval (±20-30%),,Missing,Not available,,Missing,Not available,64.1824,Derived,Estimation interval (±20-30%),,Missing,Not available,,Missing,Not available,14.1849
MKT-043_D020,MKT-043,Pune,MG Road / Camp,Retail,Established,D,20,20260919,2026-09-19,93.8794,Estimated,Estimation interval (±20-30%),10621.527,Estimated,Estimation interval (±20-30%),5.6796,Estimated,Estimation interval (±20-30%),6.3476,Estimated,Estimation interval (±20-30%),,Missing,Not available,,Missing,Not available,68.5492,Derived,Estimation interval (±20-30%),,Missing,Not available,,Missing,Not available,10.6063
MKT-043_D021,MKT-043,Pune,MG Road / Camp,Retail,Established,D,21,20260919,2026-09-19,111.3483,Estimated,Estimation interval (±20-30%),11463.1723,Estimated,Estimation interval (±20-30%),5.3654,Estimated,Estimation interval (±20-30%),6.7502,Estimated,Estimation interval (±20-30%),,Missing,Not available,,Missing,Not available,60.7336,Derived,Estimation interval (±20-30%),,Missing,Not available,,Missing,Not available,11.6563
MKT-043_D022,MKT-043,Pune,MG Road / Camp,Retail,Established,D,22,20260919,2026-09-19,119.3069,Estimated,Estimation interval (±20-30%),11800.3283,Estimated,Estimation interval (±20-30%),6.1149,Estimated,Estimation interval (±20-30%),6.8497,Estimated,Estimation interval (±20-30%),,Missing,Not available,,Missing,Not available,59.1388,Derived,Estimation interval (±20-30%),,Missing,Not available,,Missing,Not available,12.1326
MKT-043_D023,MKT-043,Pune,MG Road / Camp,Retail,Established,D,23,20260919,2026-09-19,139.7386,Estimated,Estimation interval (±20-30%),9532.6825,Estimated,Estimation interval (±20-30%),4.5969,Estimated,Estimation interval (±20-30%),6.3815,Estimated,Estimation interval (±20-30%),,Missing,Not available,,Missing,Not available,61.4063,Derived,Estimation interval (±20-30%),,Missing,Not available,,Missing,Not available,17.5907
MKT-043_D024,MKT-043,Pune,MG Road / Camp,Retail,Established,D,24,20260919,2026-09-19,120.1794,Estimated,Estimation interval (±20-30%),15519.7663,Estimated,Estimation interval (±20-30%),8.1285,Estimated,Estimation interval (±20-30%),3.7296,Estimated,Estimation interval (±20-30%),,Missing,Not available,,Missing,Not available,57.9453,Derived,Estimation interval (±20-30%),,Missing,Not available,,Missing,Not available,9.2924
MKT-043_D025,MKT-043,Pune,MG Road / Camp,Retail,Established,D,25,20260919,2026-09-19,147.8712,Estimated,Estimation interval (±20-30%),13402.4215,Estimated,Estimation interval (±20-30%),3.1493,Estimated,Estimation interval (±20-30%),5.4119,Estimated,Estimation interval (±20-30%),,Missing,Not available,,Missing,Not available,67.2484,Derived,Estimation interval (±20-30%),,Missing,Not available,,Missing,Not available,13.2398
MKT-043_D026,MKT-043,Pune,MG Road / Camp,Retail,Established,D,26,20260919,2026-09-19,115.2124,Estimated,Estimation interval (±20-30%),15530.5335,Estimated,Estimation interval (±20-30%),6.7218,Estimated,Estimation interval (±20-30%),5.676,Estimated,Estimation interval (±20-30%),,Missing,Not available,,Missing,Not available,66.9059,Derived,Estimation interval (±20-30%),,Missing,Not available,,Missing,Not available,8.9021
MKT-043_D027,MKT-043,Pune,MG Road / Camp,Retail,Established,D,27,20260919,2026-09-19,134.4815,Estimated,Estimation interval (±20-30%),12665.5474,Estimated,Estimation interval (±20-30%),4.3238,Estimated,Estimation interval (±20-30%),4.2519,Estimated,Estimation interval (±20-30%),,Missing,Not available,,Missing,Not available,68.536,Derived,Estimation interval (±20-30%),,Missing,Not available,,Missing,Not available,12.7415
MKT-043_D028,MKT-043,Pune,MG Road / Camp,Retail,Established,D,28,20260919,2026-09-19,121.5151,Estimated,Estimation interval (±20-30%),10356.7128,Estimated,Estimation interval (±20-30%),5.9675,Estimated,Estimation interval (±20-30%),5.4886,Estimated,Estimation interval (±20-30%),,Missing,Not available,,Missing,Not available,63.4915,Derived,Estimation interval (±20-30%),,Missing,Not available,,Missing,Not available,14.0796
MKT-043_D029,MKT-043,Pune,MG Road / Camp,Retail,Established,D,29,20260919,2026-09-19,129.0043,Estimated,Estimation interval (±20-30%),16068.4658,Estimated,Estimation interval (±20-30%),6.1921,Estimated,Estimation interval (±20-30%),6.577,Estimated,Estimation interval (±20-30%),,Missing,Not available,,Missing,Not available,63.1709,Derived,Estimation interval (±20-30%),,Missing,Not available,,Missing,Not available,9.6341
MKT-043_D030,MKT-043,Pune,MG Road / Camp,Retail,Established,D,30,20260919,2026-09-19,140.6839,Estimated,Estimation interval (±20-30%),9723.9817,Estimated,Estimation interval (±20-30%),6.6204,Estimated,Estimation interval (±20-30%),4.6406,Estimated,Estimation interval (±20-30%),,Missing,Not available,,Missing,Not available,68.9306,Derived,Estimation interval (±20-30%),,Missing,Not available,,Missing,Not available,17.3613
MKT-043_D031,MKT-043,Pune,MG Road / Camp,Retail,Established,D,31,20260919,2026-09-19,143.8088,Estimated,Estimation interval (±20-30%),14545.1994,Estimated,Estimation interval (±20-30%),4.5403,Estimated,Estimation interval (±20-30%),6.4618,Estimated,Estimation interval (±20-30%),,Missing,Not available,,Missing,Not available,68.7455,Derived,Estimation interval (±20-30%),,Missing,Not available,,Missing,Not available,11.8644
MKT-043_D032,MKT-043,Pune,MG Road / Camp,Retail,Established,D,32,20260919,2026-09-19,118.3195,Estimated,Estimation interval (±20-30%),14219.0438,Estimated,Estimation interval (±20-30%),4.7966,Estimated,Estimation interval (±20-30%),6.5686,Estimated,Estimation interval (±20-30%),,Missing,Not available,,Missing,Not available,62.5368,Derived,Estimation interval (±20-30%),,Missing,Not available,,Missing,Not available,9.9854
MKT-043_D033,MKT-043,Pune,MG Road / Camp,Retail,Established,D,33,20260919,2026-09-19,132.4075,Estimated,Estimation interval (±20-30%),13580.6628,Estimated,Estimation interval (±20-30%),2.6658,Estimated,Estimation interval (±20-30%),3.3877,Estimated,Estimation interval (±20-30%),,Missing,Not available,,Missing,Not available,67.5,Derived,Estimation interval (±20-30%),,Missing,Not available,,Missing,Not available,11.6996
MKT-043_D034,MKT-043,Pune,MG Road / Camp,Retail,Established,D,34,20260919,2026-09-19,124.6762,Estimated,Estimation interval (±20-30%),13440.5887,Estimated,Estimation interval (±20-30%),6.3233,Estimated,Estimation interval (±20-30%),8.3171,Estimated,Estimation interval (±20-30%),,Missing,Not available,,Missing,Not available,58.9868,Derived,Estimation interval (±20-30%),,Missing,Not available,,Missing,Not available,11.1313
MKT-043_D035,MKT-043,Pune,MG Road / Camp,Retail,Established,D,35,20260919,2026-09-19,115.152,Estimated,Estimation interval (±20-30%),13233.3878,Estimated,Estimation interval (±20-30%),5.2208,Estimated,Estimation interval (±20-30%),5.7319,Estimated,Estimation interval (±20-30%),,Missing,Not available,,Missing,Not available,65.5877,Derived,Estimation interval (±20-30%),,Missing,Not available,,Missing,Not available,10.442
MKT-043_D036,MKT-043,Pune,MG Road / Camp,Retail,Established,D,36,20260919,2026-09-19,122.8332,Estimated,Estimation interval (±20-30%),14981.3206,Estimated,Estimation interval (±20-30%),4.183,Estimated,Estimation interval (±20-30%),4.2856,Estimated,Estimation interval (±20-30%),,Missing,Not available,,Missing,Not available,68.7709,Derived,Estimation interval (±20-30%),,Missing,Not available,,Missing,Not available,9.8389
MKT-043_D037,MKT-043,Pune,MG Road / Camp,Retail,Established,D,37,20260919,2026-09-19,115.569,Estimated,Estimation interval (±20-30%),11102.241,Estimated,Estimation interval (±20-30%),4.1856,Estimated,Estimation interval (±20-30%),5.4904,Estimated,Estimation interval (±20-30%),,Missing,Not available,,Missing,Not available,58.2457,Derived,Estimation interval (±20-30%),,Missing,Not available,,Missing,Not available,12.4914
MKT-043_D038,MKT-043,Pune,MG Road / Camp,Retail,Established,D,38,20260919,2026-09-19,135.8637,Estimated,Estimation interval (±20-30%),12849.5085,Estimated,Estimation interval (±20-30%),4.2009,Estimated,Estimation interval (±20-30%),4.6671,Estimated,Estimation interval (±20-30%),,Missing,Not available,,Missing,Not available,67.2682,Derived,Estimation interval (±20-30%),,Missing,Not available,,Missing,Not available,12.6881
MKT-043_D039,MKT-043,Pune,MG Road / Camp,Retail,Established,D,39,20260919,2026-09-19,135.3663,Estimated,Estimation interval (±20-30%),9969.6631,Estimated,Estimation interval (±20-30%),4.033,Estimated,Estimation interval (±20-30%),5.2488,Estimated,Estimation interval (±20-30%),,Missing,Not available,,Missing,Not available,63.3829,Derived,Estimation interval (±20-30%),,Missing,Not available,,Missing,Not available,16.2934
MKT-043_D040,MKT-043,Pune,MG Road / Camp,Retail,Established,D,40,20260919,2026-09-19,97.3553,Estimated,Estimation interval (±20-30%),14174.4871,Estimated,Estimation interval (±20-30%),3.9512,Estimated,Estimation interval (±20-30%),8.4771,Estimated,Estimation interval (±20-30%),,Missing,Not available,,Missing,Not available,62.4731,Derived,Estimation interval (±20-30%),,Missing,Not available,,Missing,Not available,8.242
MKT-044_D001,MKT-044,Kolkata,Park Street,Retail,Established,D,1,20260919,2026-09-19,113.562,Estimated,Estimation interval (±20-30%),12950.7192,Estimated,Estimation interval (±20-30%),5.3093,Estimated,Estimation interval (±20-30%),8.5004,Estimated,Estimation interval (±20-30%),,Missing,Not available,,Missing,Not available,66.2178,Derived,Estimation interval (±20-30%),,Missing,Not available,,Missing,Not available,10.5225
MKT-044_D002,MKT-044,Kolkata,Park Street,Retail,Established,D,2,20260919,2026-09-19,113.8775,Estimated,Estimation interval (±20-30%),9584.2238,Estimated,Estimation interval (±20-30%),2.1905,Estimated,Estimation interval (±20-30%),6.8969,Estimated,Estimation interval (±20-30%),,Missing,Not available,,Missing,Not available,66.6002,Derived,Estimation interval (±20-30%),,Missing,Not available,,Missing,Not available,14.2581
MKT-044_D003,MKT-044,Kolkata,Park Street,Retail,Established,D,3,20260919,2026-09-19,120.1907,Estimated,Estimation interval (±20-30%),9058.0015,Estimated,Estimation interval (±20-30%),5.3443,Estimated,Estimation interval (±20-30%),8.5548,Estimated,Estimation interval (±20-30%),,Missing,Not available,,Missing,Not available,63.848,Derived,Estimation interval (±20-30%),,Missing,Not available,,Missing,Not available,15.9228
MKT-044_D004,MKT-044,Kolkata,Park Street,Retail,Established,D,4,20260919,2026-09-19,102.9721,Estimated,Estimation interval (±20-30%),13562.8201,Estimated,Estimation interval (±20-30%),5.0926,Estimated,Estimation interval (±20-30%),6.5442,Estimated,Estimation interval (±20-30%),,Missing,Not available,,Missing,Not available,68.0646,Derived,Estimation interval (±20-30%),,Missing,Not available,,Missing,Not available,9.1107
MKT-044_D005,MKT-044,Kolkata,Park Street,Retail,Established,D,5,20260919,2026-09-19,107.7818,Estimated,Estimation interval (±20-30%),9278.0831,Estimated,Estimation interval (±20-30%),5.3544,Estimated,Estimation interval (±20-30%),5.4064,Estimated,Estimation interval (±20-30%),,Missing,Not available,,Missing,Not available,67.9582,Derived,Estimation interval (±20-30%),,Missing,Not available,,Missing,Not available,13.9402
MKT-044_D006,MKT-044,Kolkata,Park Street,Retail,Established,D,6,20260919,2026-09-19,112.6007,Estimated,Estimation interval (±20-30%),8458.4317,Estimated,Estimation interval (±20-30%),5.0319,Estimated,Estimation interval (±20-30%),7.4432,Estimated,Estimation interval (±20-30%),,Missing,Not available,,Missing,Not available,65.2199,Derived,Estimation interval (±20-30%),,Missing,Not available,,Missing,Not available,15.9747
MKT-044_D007,MKT-044,Kolkata,Park Street,Retail,Established,D,7,20260919,2026-09-19,131.7928,Estimated,Estimation interval (±20-30%),11828.7227,Estimated,Estimation interval (±20-30%),3.875,Estimated,Estimation interval (±20-30%),4.3778,Estimated,Estimation interval (±20-30%),,Missing,Not available,,Missing,Not available,63.8066,Derived,Estimation interval (±20-30%),,Missing,Not available,,Missing,Not available,13.3701
MKT-044_D008,MKT-044,Kolkata,Park Street,Retail,Established,D,8,20260919,2026-09-19,119.3845,Estimated,Estimation interval (±20-30%),10608.1851,Estimated,Estimation interval (±20-30%),5.0866,Estimated,Estimation interval (±20-30%),4.1193,Estimated,Estimation interval (±20-30%),,Missing,Not available,,Missing,Not available,62.6113,Derived,Estimation interval (±20-30%),,Missing,Not available,,Missing,Not available,13.5048
MKT-044_D009,MKT-044,Kolkata,Park Street,Retail,Established,D,9,20260919,2026-09-19,118.0772,Estimated,Estimation interval (±20-30%),13644.7127,Estimated,Estimation interval (±20-30%),4.5445,Estimated,Estimation interval (±20-30%),7.6072,Estimated,Estimation interval (±20-30%),,Missing,Not available,,Missing,Not available,68.1542,Derived,Estimation interval (±20-30%),,Missing,Not available,,Missing,Not available,10.3844
MKT-044_D010,MKT-044,Kolkata,Park Street,Retail,Established,D,10,20260919,2026-09-19,121.2989,Estimated,Estimation interval (±20-30%),14882.6001,Estimated,Estimation interval (±20-30%),3.1102,Estimated,Estimation interval (±20-30%),6.8903,Estimated,Estimation interval (±20-30%),,Missing,Not available,,Missing,Not available,63.9371,Derived,Estimation interval (±20-30%),,Missing,Not available,,Missing,Not available,9.7805
MKT-044_D011,MKT-044,Kolkata,Park Street,Retail,Established,D,11,20260919,2026-09-19,118.5428,Estimated,Estimation interval (±20-30%),7118.3393,Estimated,Estimation interval (±20-30%),4.6402,Estimated,Estimation interval (±20-30%),6.5766,Estimated,Estimation interval (±20-30%),,Missing,Not available,,Missing,Not available,66.5982,Derived,Estimation interval (±20-30%),,Missing,Not available,,Missing,Not available,19.9838
MKT-044_D012,MKT-044,Kolkata,Park Street,Retail,Established,D,12,20260919,2026-09-19,114.3559,Estimated,Estimation interval (±20-30%),8640.4023,Estimated,Estimation interval (±20-30%),4.6264,Estimated,Estimation interval (±20-30%),3.7597,Estimated,Estimation interval (±20-30%),,Missing,Not available,,Missing,Not available,61.719,Derived,Estimation interval (±20-30%),,Missing,Not available,,Missing,Not available,15.882
MKT-044_D013,MKT-044,Kolkata,Park Street,Retail,Established,D,13,20260919,2026-09-19,120.8538,Estimated,Estimation interval (±20-30%),8375.062,Estimated,Estimation interval (±20-30%),4.5238,Estimated,Estimation interval (±20-30%),3.7823,Estimated,Estimation interval (±20-30%),,Missing,Not available,,Missing,Not available,61.4831,Derived,Estimation interval (±20-30%),,Missing,Not available,,Missing,Not available,17.3162
MKT-044_D014,MKT-044,Kolkata,Park Street,Retail,Established,D,14,20260919,2026-09-19,117.0363,Estimated,Estimation interval (±20-30%),10842.592,Estimated,Estimation interval (±20-30%),6.6308,Estimated,Estimation interval (±20-30%),4.3236,Estimated,Estimation interval (±20-30%),,Missing,Not available,,Missing,Not available,62.9567,Derived,Estimation interval (±20-30%),,Missing,Not available,,Missing,Not available,12.953
MKT-044_D015,MKT-044,Kolkata,Park Street,Retail,Established,D,15,20260919,2026-09-19,116.2048,Estimated,Estimation interval (±20-30%),13751.016,Estimated,Estimation interval (±20-30%),4.6237,Estimated,Estimation interval (±20-30%),7.6016,Estimated,Estimation interval (±20-30%),,Missing,Not available,,Missing,Not available,67.4343,Derived,Estimation interval (±20-30%),,Missing,Not available,,Missing,Not available,10.1408
MKT-044_D016,MKT-044,Kolkata,Park Street,Retail,Established,D,16,20260919,2026-09-19,134.8079,Estimated,Estimation interval (±20-30%),9519.343,Estimated,Estimation interval (±20-30%),4.3272,Estimated,Estimation interval (±20-30%),6.3999,Estimated,Estimation interval (±20-30%),,Missing,Not available,,Missing,Not available,63.1753,Derived,Estimation interval (±20-30%),,Missing,Not available,,Missing,Not available,16.9938
MKT-044_D017,MKT-044,Kolkata,Park Street,Retail,Established,D,17,20260919,2026-09-19,116.2231,Estimated,Estimation interval (±20-30%),9233.571,Estimated,Estimation interval (±20-30%),7.7643,Estimated,Estimation interval (±20-30%),6.9214,Estimated,Estimation interval (±20-30%),,Missing,Not available,,Missing,Not available,66.2352,Derived,Estimation interval (±20-30%),,Missing,Not available,,Missing,Not available,15.1044
MKT-044_D018,MKT-044,Kolkata,Park Street,Retail,Established,D,18,20260919,2026-09-19,100.9602,Estimated,Estimation interval (±20-30%),10474.0724,Estimated,Estimation interval (±20-30%),7.0787,Estimated,Estimation interval (±20-30%),4.5263,Estimated,Estimation interval (±20-30%),,Missing,Not available,,Missing,Not available,62.1772,Derived,Estimation interval (±20-30%),,Missing,Not available,,Missing,Not available,11.5669
MKT-044_D019,MKT-044,Kolkata,Park Street,Retail,Established,D,19,20260919,2026-09-19,105.3302,Estimated,Estimation interval (±20-30%),12465.7853,Estimated,Estimation interval (±20-30%),6.5432,Estimated,Estimation interval (±20-30%),7.9552,Estimated,Estimation interval (±20-30%),,Missing,Not available,,Missing,Not available,71.6613,Derived,Estimation interval (±20-30%),,Missing,Not available,,Missing,Not available,10.1395
MKT-044_D020,MKT-044,Kolkata,Park Street,Retail,Established,D,20,20260919,2026-09-19,112.555,Estimated,Estimation interval (±20-30%),9329.8172,Estimated,Estimation interval (±20-30%),5.195,Estimated,Estimation interval (±20-30%),5.9919,Estimated,Estimation interval (±20-30%),,Missing,Not available,,Missing,Not available,68.8519,Derived,Estimation interval (±20-30%),,Missing,Not available,,Missing,Not available,14.4768
MKT-044_D021,MKT-044,Kolkata,Park Street,Retail,Established,D,21,20260919,2026-09-19,109.7388,Estimated,Estimation interval (±20-30%),10225.4236,Estimated,Estimation interval (±20-30%),6.3786,Estimated,Estimation interval (±20-30%),7.5932,Estimated,Estimation interval (±20-30%),,Missing,Not available,,Missing,Not available,57.9897,Derived,Estimation interval (±20-30%),,Missing,Not available,,Missing,Not available,12.8783
MKT-044_D022,MKT-044,Kolkata,Park Street,Retail,Established,D,22,20260919,2026-09-19,114.6931,Estimated,Estimation interval (±20-30%),13887.1693,Estimated,Estimation interval (±20-30%),6.1387,Estimated,Estimation interval (±20-30%),7.9895,Estimated,Estimation interval (±20-30%),,Missing,Not available,,Missing,Not available,57.5381,Derived,Estimation interval (±20-30%),,Missing,Not available,,Missing,Not available,9.9107
MKT-044_D023,MKT-044,Kolkata,Park Street,Retail,Established,D,23,20260919,2026-09-19,115.379,Estimated,Estimation interval (±20-30%),14537.1796,Estimated,Estimation interval (±20-30%),4.5685,Estimated,Estimation interval (±20-30%),4.5487,Estimated,Estimation interval (±20-30%),,Missing,Not available,,Missing,Not available,57.762,Derived,Estimation interval (±20-30%),,Missing,Not available,,Missing,Not available,9.5242
MKT-044_D024,MKT-044,Kolkata,Park Street,Retail,Established,D,24,20260919,2026-09-19,113.0682,Estimated,Estimation interval (±20-30%),10376.5847,Estimated,Estimation interval (±20-30%),5.1627,Estimated,Estimation interval (±20-30%),3.9595,Estimated,Estimation interval (±20-30%),,Missing,Not available,,Missing,Not available,68.1153,Derived,Estimation interval (±20-30%),,Missing,Not available,,Missing,Not available,13.0758
MKT-044_D025,MKT-044,Kolkata,Park Street,Retail,Established,D,25,20260919,2026-09-19,138.821,Estimated,Estimation interval (±20-30%),9892.7152,Estimated,Estimation interval (±20-30%),4.41,Estimated,Estimation interval (±20-30%),5.7213,Estimated,Estimation interval (±20-30%),,Missing,Not available,,Missing,Not available,64.0878,Derived,Estimation interval (±20-30%),,Missing,Not available,,Missing,Not available,16.8392
MKT-044_D026,MKT-044,Kolkata,Park Street,Retail,Established,D,26,20260919,2026-09-19,104.1369,Estimated,Estimation interval (±20-30%),10097.9877,Estimated,Estimation interval (±20-30%),3.6665,Estimated,Estimation interval (±20-30%),7.273,Estimated,Estimation interval (±20-30%),,Missing,Not available,,Missing,Not available,67.7198,Derived,Estimation interval (±20-30%),,Missing,Not available,,Missing,Not available,12.3752
MKT-044_D027,MKT-044,Kolkata,Park Street,Retail,Established,D,27,20260919,2026-09-19,129.2454,Estimated,Estimation interval (±20-30%),7745.4776,Estimated,Estimation interval (±20-30%),7.3887,Estimated,Estimation interval (±20-30%),4.501,Estimated,Estimation interval (±20-30%),,Missing,Not available,,Missing,Not available,63.5052,Derived,Estimation interval (±20-30%),,Missing,Not available,,Missing,Not available,20.0239
MKT-044_D028,MKT-044,Kolkata,Park Street,Retail,Established,D,28,20260919,2026-09-19,108.8775,Estimated,Estimation interval (±20-30%),8557.3134,Estimated,Estimation interval (±20-30%),6.8033,Estimated,Estimation interval (±20-30%),5.8668,Estimated,Estimation interval (±20-30%),,Missing,Not available,,Missing,Not available,65.2449,Derived,Estimation interval (±20-30%),,Missing,Not available,,Missing,Not available,15.268
MKT-044_D029,MKT-044,Kolkata,Park Street,Retail,Established,D,29,20260919,2026-09-19,115.9765,Estimated,Estimation interval (±20-30%),11681.1988,Estimated,Estimation interval (±20-30%),5.0266,Estimated,Estimation interval (±20-30%),5.4554,Estimated,Estimation interval (±20-30%),,Missing,Not available,,Missing,Not available,63.5928,Derived,Estimation interval (±20-30%),,Missing,Not available,,Missing,Not available,11.9142
MKT-044_D030,MKT-044,Kolkata,Park Street,Retail,Established,D,30,20260919,2026-09-19,124.7698,Estimated,Estimation interval (±20-30%),13300.6425,Estimated,Estimation interval (±20-30%),4.1575,Estimated,Estimation interval (±20-30%),6.6697,Estimated,Estimation interval (±20-30%),,Missing,Not available,,Missing,Not available,62.7048,Derived,Estimation interval (±20-30%),,Missing,Not available,,Missing,Not available,11.2569
MKT-044_D031,MKT-044,Kolkata,Park Street,Retail,Established,D,31,20260919,2026-09-19,125.285,Estimated,Estimation interval (±20-30%),11232.8253,Estimated,Estimation interval (±20-30%),4.2698,Estimated,Estimation interval (±20-30%),4.4825,Estimated,Estimation interval (±20-30%),,Missing,Not available,,Missing,Not available,68.9513,Derived,Estimation interval (±20-30%),,Missing,Not available,,Missing,Not available,13.3842
MKT-044_D032,MKT-044,Kolkata,Park Street,Retail,Established,D,32,20260919,2026-09-19,111.996,Estimated,Estimation interval (±20-30%),15623.3571,Estimated,Estimation interval (±20-30%),4.3079,Estimated,Estimation interval (±20-30%),5.3874,Estimated,Estimation interval (±20-30%),,Missing,Not available,,Missing,Not available,69.6617,Derived,Estimation interval (±20-30%),,Missing,Not available,,Missing,Not available,8.6022
MKT-044_D033,MKT-044,Kolkata,Park Street,Retail,Established,D,33,20260919,2026-09-19,113.4072,Estimated,Estimation interval (±20-30%),11013.3224,Estimated,Estimation interval (±20-30%),6.1337,Estimated,Estimation interval (±20-30%),7.3202,Estimated,Estimation interval (±20-30%),,Missing,Not available,,Missing,Not available,59.1569,Derived,Estimation interval (±20-30%),,Missing,Not available,,Missing,Not available,12.3567
MKT-044_D034,MKT-044,Kolkata,Park Street,Retail,Established,D,34,20260919,2026-09-19,101.3908,Estimated,Estimation interval (±20-30%),13443.1643,Estimated,Estimation interval (±20-30%),4.0564,Estimated,Estimation interval (±20-30%),4.1898,Estimated,Estimation interval (±20-30%),,Missing,Not available,,Missing,Not available,68.3446,Derived,Estimation interval (±20-30%),,Missing,Not available,,Missing,Not available,9.0506
MKT-044_D035,MKT-044,Kolkata,Park Street,Retail,Established,D,35,20260919,2026-09-19,105.7925,Estimated,Estimation interval (±20-30%),9793.3864,Estimated,Estimation interval (±20-30%),6.6035,Estimated,Estimation interval (±20-30%),4.4411,Estimated,Estimation interval (±20-30%),,Missing,Not available,,Missing,Not available,61.85,Derived,Estimation interval (±20-30%),,Missing,Not available,,Missing,Not available,12.9629
MKT-044_D036,MKT-044,Kolkata,Park Street,Retail,Established,D,36,20260919,2026-09-19,118.4026,Estimated,Estimation interval (±20-30%),9061.2275,Estimated,Estimation interval (±20-30%),4.396,Estimated,Estimation interval (±20-30%),7.5933,Estimated,Estimation interval (±20-30%),,Missing,Not available,,Missing,Not available,63.8824,Derived,Estimation interval (±20-30%),,Missing,Not available,,Missing,Not available,15.6803
MKT-044_D037,MKT-044,Kolkata,Park Street,Retail,Established,D,37,20260919,2026-09-19,111.1835,Estimated,Estimation interval (±20-30%),13698.5904,Estimated,Estimation interval (±20-30%),3.9258,Estimated,Estimation interval (±20-30%),5.8903,Estimated,Estimation interval (±20-30%),,Missing,Not available,,Missing,Not available,63.5905,Derived,Estimation interval (±20-30%),,Missing,Not available,,Missing,Not available,9.7397
MKT-044_D038,MKT-044,Kolkata,Park Street,Retail,Established,D,38,20260919,2026-09-19,108.9248,Estimated,Estimation interval (±20-30%),15722.0842,Estimated,Estimation interval (±20-30%),4.8065,Estimated,Estimation interval (±20-30%),4.3521,Estimated,Estimation interval (±20-30%),,Missing,Not available,,Missing,Not available,64.4234,Derived,Estimation interval (±20-30%),,Missing,Not available,,Missing,Not available,8.3138
MKT-044_D039,MKT-044,Kolkata,Park Street,Retail,Established,D,39,20260919,2026-09-19,127.1109,Estimated,Estimation interval (±20-30%),9048.8432,Estimated,Estimation interval (±20-30%),4.7343,Estimated,Estimation interval (±20-30%),6.8233,Estimated,Estimation interval (±20-30%),,Missing,Not available,,Missing,Not available,66.1691,Derived,Estimation interval (±20-30%),,Missing,Not available,,Missing,Not available,16.8566
MKT-044_D040,MKT-044,Kolkata,Park Street,Retail,Established,D,40,20260919,2026-09-19,139.0629,Estimated,Estimation interval (±20-30%),13910.6398,Estimated,Estimation interval (±20-30%),3.8711,Estimated,Estimation interval (±20-30%),4.5907,Estimated,Estimation interval (±20-30%),,Missing,Not available,,Missing,Not available,68.3217,Derived,Estimation interval (±20-30%),,Missing,Not available,,Missing,Not available,11.9962
MKT-045_D001,MKT-045,Bengaluru,MG Road / Brigade Road,Retail,Premium,C,1,20260919,2026-09-19,180.8921,Estimated,Estimation interval (±15-20%),15299.3331,Estimated,Estimation interval (±15-20%),6.1744,Estimated,Estimation interval (±15-20%),7.694,Estimated,Estimation interval (±15-20%),,Missing,Not available,,Missing,Not available,64.5624,Derived,Estimation interval (±15-20%),,Missing,Not available,,Missing,Not available,14.1882
MKT-045_D002,MKT-045,Bengaluru,MG Road / Brigade Road,Retail,Premium,C,2,20260919,2026-09-19,200.5725,Estimated,Estimation interval (±15-20%),21796.0099,Estimated,Estimation interval (±15-20%),5.9663,Estimated,Estimation interval (±15-20%),9.1319,Estimated,Estimation interval (±15-20%),,Missing,Not available,,Missing,Not available,67.0608,Derived,Estimation interval (±15-20%),,Missing,Not available,,Missing,Not available,11.0427
MKT-045_D003,MKT-045,Bengaluru,MG Road / Brigade Road,Retail,Premium,C,3,20260919,2026-09-19,206.7122,Estimated,Estimation interval (±15-20%),17155.411,Estimated,Estimation interval (±15-20%),7.1015,Estimated,Estimation interval (±15-20%),8.0012,Estimated,Estimation interval (±15-20%),,Missing,Not available,,Missing,Not available,74.37,Derived,Estimation interval (±15-20%),,Missing,Not available,,Missing,Not available,14.4593
MKT-045_D004,MKT-045,Bengaluru,MG Road / Brigade Road,Retail,Premium,C,4,20260919,2026-09-19,184.7472,Estimated,Estimation interval (±15-20%),22731.8353,Estimated,Estimation interval (±15-20%),6.528,Estimated,Estimation interval (±15-20%),6.7472,Estimated,Estimation interval (±15-20%),,Missing,Not available,,Missing,Not available,67.7588,Derived,Estimation interval (±15-20%),,Missing,Not available,,Missing,Not available,9.7527
MKT-045_D005,MKT-045,Bengaluru,MG Road / Brigade Road,Retail,Premium,C,5,20260919,2026-09-19,211.1408,Estimated,Estimation interval (±15-20%),17575.2236,Estimated,Estimation interval (±15-20%),5.1611,Estimated,Estimation interval (±15-20%),6.9104,Estimated,Estimation interval (±15-20%),,Missing,Not available,,Missing,Not available,70.6299,Derived,Estimation interval (±15-20%),,Missing,Not available,,Missing,Not available,14.4163
MKT-045_D006,MKT-045,Bengaluru,MG Road / Brigade Road,Retail,Premium,C,6,20260919,2026-09-19,179.2462,Estimated,Estimation interval (±15-20%),14915.6872,Estimated,Estimation interval (±15-20%),6.3973,Estimated,Estimation interval (±15-20%),7.5722,Estimated,Estimation interval (±15-20%),,Missing,Not available,,Missing,Not available,69.9401,Derived,Estimation interval (±15-20%),,Missing,Not available,,Missing,Not available,14.4208
MKT-045_D007,MKT-045,Bengaluru,MG Road / Brigade Road,Retail,Premium,C,7,20260919,2026-09-19,166.0308,Estimated,Estimation interval (±15-20%),14874.2963,Estimated,Estimation interval (±15-20%),6.173,Estimated,Estimation interval (±15-20%),4.6642,Estimated,Estimation interval (±15-20%),,Missing,Not available,,Missing,Not available,63.993,Derived,Estimation interval (±15-20%),,Missing,Not available,,Missing,Not available,13.3947
MKT-045_D008,MKT-045,Bengaluru,MG Road / Brigade Road,Retail,Premium,C,8,20260919,2026-09-19,175.1186,Estimated,Estimation interval (±15-20%),20590.1957,Estimated,Estimation interval (±15-20%),5.2642,Estimated,Estimation interval (±15-20%),9.2552,Estimated,Estimation interval (±15-20%),,Missing,Not available,,Missing,Not available,79.3097,Derived,Estimation interval (±15-20%),,Missing,Not available,,Missing,Not available,10.2059
MKT-045_D009,MKT-045,Bengaluru,MG Road / Brigade Road,Retail,Premium,C,9,20260919,2026-09-19,159.3043,Estimated,Estimation interval (±15-20%),18699.1983,Estimated,Estimation interval (±15-20%),3.8259,Estimated,Estimation interval (±15-20%),3.7595,Estimated,Estimation interval (±15-20%),,Missing,Not available,,Missing,Not available,73.0084,Derived,Estimation interval (±15-20%),,Missing,Not available,,Missing,Not available,10.2232
MKT-045_D010,MKT-045,Bengaluru,MG Road / Brigade Road,Retail,Premium,C,10,20260919,2026-09-19,202.1513,Estimated,Estimation interval (±15-20%),16326.8369,Estimated,Estimation interval (±15-20%),8.4262,Estimated,Estimation interval (±15-20%),6.3314,Estimated,Estimation interval (±15-20%),,Missing,Not available,,Missing,Not available,69.3605,Derived,Estimation interval (±15-20%),,Missing,Not available,,Missing,Not available,14.8578
MKT-045_D011,MKT-045,Bengaluru,MG Road / Brigade Road,Retail,Premium,C,11,20260919,2026-09-19,182.2062,Estimated,Estimation interval (±15-20%),20630.0124,Estimated,Estimation interval (±15-20%),5.1048,Estimated,Estimation interval (±15-20%),6.9689,Estimated,Estimation interval (±15-20%),,Missing,Not available,,Missing,Not available,71.7653,Derived,Estimation interval (±15-20%),,Missing,Not available,,Missing,Not available,10.5985
MKT-045_D012,MKT-045,Bengaluru,MG Road / Brigade Road,Retail,Premium,C,12,20260919,2026-09-19,175.9003,Estimated,Estimation interval (±15-20%),14054.0404,Estimated,Estimation interval (±15-20%),6.3536,Estimated,Estimation interval (±15-20%),5.3932,Estimated,Estimation interval (±15-20%),,Missing,Not available,,Missing,Not available,68.0001,Derived,Estimation interval (±15-20%),,Missing,Not available,,Missing,Not available,15.0192
MKT-045_D013,MKT-045,Bengaluru,MG Road / Brigade Road,Retail,Premium,C,13,20260919,2026-09-19,228.1964,Estimated,Estimation interval (±15-20%),26465.5405,Estimated,Estimation interval (±15-20%),6.9077,Estimated,Estimation interval (±15-20%),5.7359,Estimated,Estimation interval (±15-20%),,Missing,Not available,,Missing,Not available,66.294,Derived,Estimation interval (±15-20%),,Missing,Not available,,Missing,Not available,10.3469
MKT-045_D014,MKT-045,Bengaluru,MG Road / Brigade Road,Retail,Premium,C,14,20260919,2026-09-19,204.8027,Estimated,Estimation interval (±15-20%),16033.6749,Estimated,Estimation interval (±15-20%),5.1799,Estimated,Estimation interval (±15-20%),3.5792,Estimated,Estimation interval (±15-20%),,Missing,Not available,,Missing,Not available,65.6256,Derived,Estimation interval (±15-20%),,Missing,Not available,,Missing,Not available,15.3279
MKT-045_D015,MKT-045,Bengaluru,MG Road / Brigade Road,Retail,Premium,C,15,20260919,2026-09-19,176.5214,Estimated,Estimation interval (±15-20%),25242.676,Estimated,Estimation interval (±15-20%),4.4085,Estimated,Estimation interval (±15-20%),7.7205,Estimated,Estimation interval (±15-20%),,Missing,Not available,,Missing,Not available,68.5523,Derived,Estimation interval (±15-20%),,Missing,Not available,,Missing,Not available,8.3916
MKT-045_D016,MKT-045,Bengaluru,MG Road / Brigade Road,Retail,Premium,C,16,20260919,2026-09-19,224.8132,Estimated,Estimation interval (±15-20%),21893.5783,Estimated,Estimation interval (±15-20%),5.0994,Estimated,Estimation interval (±15-20%),7.7229,Estimated,Estimation interval (±15-20%),,Missing,Not available,,Missing,Not available,70.8285,Derived,Estimation interval (±15-20%),,Missing,Not available,,Missing,Not available,12.3221
MKT-045_D017,MKT-045,Bengaluru,MG Road / Brigade Road,Retail,Premium,C,17,20260919,2026-09-19,209.6681,Estimated,Estimation interval (±15-20%),16475.9635,Estimated,Estimation interval (±15-20%),6.8888,Estimated,Estimation interval (±15-20%),3.795,Estimated,Estimation interval (±15-20%),,Missing,Not available,,Missing,Not available,66.3761,Derived,Estimation interval (±15-20%),,Missing,Not available,,Missing,Not available,15.2708
MKT-045_D018,MKT-045,Bengaluru,MG Road / Brigade Road,Retail,Premium,C,18,20260919,2026-09-19,169.4045,Estimated,Estimation interval (±15-20%),15357.3675,Estimated,Estimation interval (±15-20%),5.0632,Estimated,Estimation interval (±15-20%),7.4262,Estimated,Estimation interval (±15-20%),,Missing,Not available,,Missing,Not available,66.1493,Derived,Estimation interval (±15-20%),,Missing,Not available,,Missing,Not available,13.237
MKT-045_D019,MKT-045,Bengaluru,MG Road / Brigade Road,Retail,Premium,C,19,20260919,2026-09-19,160.5097,Estimated,Estimation interval (±15-20%),20321.8314,Estimated,Estimation interval (±15-20%),4.3906,Estimated,Estimation interval (±15-20%),7.3781,Estimated,Estimation interval (±15-20%),,Missing,Not available,,Missing,Not available,78.6417,Derived,Estimation interval (±15-20%),,Missing,Not available,,Missing,Not available,9.4781
MKT-045_D020,MKT-045,Bengaluru,MG Road / Brigade Road,Retail,Premium,C,20,20260919,2026-09-19,190.8286,Estimated,Estimation interval (±15-20%),17884.1665,Estimated,Estimation interval (±15-20%),4.5045,Estimated,Estimation interval (±15-20%),8.493,Estimated,Estimation interval (±15-20%),,Missing,Not available,,Missing,Not available,71.4689,Derived,Estimation interval (±15-20%),,Missing,Not available,,Missing,Not available,12.8043
MKT-045_D021,MKT-045,Bengaluru,MG Road / Brigade Road,Retail,Premium,C,21,20260919,2026-09-19,213.2834,Estimated,Estimation interval (±15-20%),14402.142,Estimated,Estimation interval (±15-20%),4.0521,Estimated,Estimation interval (±15-20%),6.2037,Estimated,Estimation interval (±15-20%),,Missing,Not available,,Missing,Not available,70.0272,Derived,Estimation interval (±15-20%),,Missing,Not available,,Missing,Not available,17.771
MKT-045_D022,MKT-045,Bengaluru,MG Road / Brigade Road,Retail,Premium,C,22,20260919,2026-09-19,174.7245,Estimated,Estimation interval (±15-20%),17833.8167,Estimated,Estimation interval (±15-20%),6.1162,Estimated,Estimation interval (±15-20%),6.9079,Estimated,Estimation interval (±15-20%),,Missing,Not available,,Missing,Not available,72.9101,Derived,Estimation interval (±15-20%),,Missing,Not available,,Missing,Not available,11.7568
MKT-045_D023,MKT-045,Bengaluru,MG Road / Brigade Road,Retail,Premium,C,23,20260919,2026-09-19,186.8792,Estimated,Estimation interval (±15-20%),21315.7536,Estimated,Estimation interval (±15-20%),4.7783,Estimated,Estimation interval (±15-20%),6.1876,Estimated,Estimation interval (±15-20%),,Missing,Not available,,Missing,Not available,69.0421,Derived,Estimation interval (±15-20%),,Missing,Not available,,Missing,Not available,10.5206
MKT-045_D024,MKT-045,Bengaluru,MG Road / Brigade Road,Retail,Premium,C,24,20260919,2026-09-19,149.5806,Estimated,Estimation interval (±15-20%),19956.6496,Estimated,Estimation interval (±15-20%),5.4789,Estimated,Estimation interval (±15-20%),6.8466,Estimated,Estimation interval (±15-20%),,Missing,Not available,,Missing,Not available,67.3786,Derived,Estimation interval (±15-20%),,Missing,Not available,,Missing,Not available,8.9943
MKT-045_D025,MKT-045,Bengaluru,MG Road / Brigade Road,Retail,Premium,C,25,20260919,2026-09-19,217.752,Estimated,Estimation interval (±15-20%),16600.7642,Estimated,Estimation interval (±15-20%),7.445,Estimated,Estimation interval (±15-20%),6.6083,Estimated,Estimation interval (±15-20%),,Missing,Not available,,Missing,Not available,71.2735,Derived,Estimation interval (±15-20%),,Missing,Not available,,Missing,Not available,15.7404
MKT-045_D026,MKT-045,Bengaluru,MG Road / Brigade Road,Retail,Premium,C,26,20260919,2026-09-19,174.5424,Estimated,Estimation interval (±15-20%),16394.6511,Estimated,Estimation interval (±15-20%),8.8291,Estimated,Estimation interval (±15-20%),9.4686,Estimated,Estimation interval (±15-20%),,Missing,Not available,,Missing,Not available,65.4429,Derived,Estimation interval (±15-20%),,Missing,Not available,,Missing,Not available,12.7756
MKT-045_D027,MKT-045,Bengaluru,MG Road / Brigade Road,Retail,Premium,C,27,20260919,2026-09-19,185.3832,Estimated,Estimation interval (±15-20%),27628.8443,Estimated,Estimation interval (±15-20%),6.592,Estimated,Estimation interval (±15-20%),6.8697,Estimated,Estimation interval (±15-20%),,Missing,Not available,,Missing,Not available,76.2829,Derived,Estimation interval (±15-20%),,Missing,Not available,,Missing,Not available,8.0517
MKT-045_D028,MKT-045,Bengaluru,MG Road / Brigade Road,Retail,Premium,C,28,20260919,2026-09-19,191.3198,Estimated,Estimation interval (±15-20%),15830.9663,Estimated,Estimation interval (±15-20%),5.6034,Estimated,Estimation interval (±15-20%),8.6156,Estimated,Estimation interval (±15-20%),,Missing,Not available,,Missing,Not available,75.7496,Derived,Estimation interval (±15-20%),,Missing,Not available,,Missing,Not available,14.5022
MKT-045_D029,MKT-045,Bengaluru,MG Road / Brigade Road,Retail,Premium,C,29,20260919,2026-09-19,196.6074,Estimated,Estimation interval (±15-20%),22648.7773,Estimated,Estimation interval (±15-20%),6.2824,Estimated,Estimation interval (±15-20%),5.1308,Estimated,Estimation interval (±15-20%),,Missing,Not available,,Missing,Not available,67.525,Derived,Estimation interval (±15-20%),,Missing,Not available,,Missing,Not available,10.4168
MKT-045_D030,MKT-045,Bengaluru,MG Road / Brigade Road,Retail,Premium,C,30,20260919,2026-09-19,234.1127,Estimated,Estimation interval (±15-20%),19899.4007,Estimated,Estimation interval (±15-20%),5.6945,Estimated,Estimation interval (±15-20%),6.4321,Estimated,Estimation interval (±15-20%),,Missing,Not available,,Missing,Not available,80.3674,Derived,Estimation interval (±15-20%),,Missing,Not available,,Missing,Not available,14.1178
MKT-045_D031,MKT-045,Bengaluru,MG Road / Brigade Road,Retail,Premium,C,31,20260919,2026-09-19,181.5102,Estimated,Estimation interval (±15-20%),17660.0017,Estimated,Estimation interval (±15-20%),6.877,Estimated,Estimation interval (±15-20%),4.2977,Estimated,Estimation interval (±15-20%),,Missing,Not available,,Missing,Not available,73.6866,Derived,Estimation interval (±15-20%),,Missing,Not available,,Missing,Not available,12.3336
MKT-045_D032,MKT-045,Bengaluru,MG Road / Brigade Road,Retail,Premium,C,32,20260919,2026-09-19,207.7956,Estimated,Estimation interval (±15-20%),17377.3555,Estimated,Estimation interval (±15-20%),7.2502,Estimated,Estimation interval (±15-20%),4.6623,Estimated,Estimation interval (±15-20%),,Missing,Not available,,Missing,Not available,70.6495,Derived,Estimation interval (±15-20%),,Missing,Not available,,Missing,Not available,14.3494
MKT-045_D033,MKT-045,Bengaluru,MG Road / Brigade Road,Retail,Premium,C,33,20260919,2026-09-19,195.25,Estimated,Estimation interval (±15-20%),21275.6995,Estimated,Estimation interval (±15-20%),5.9103,Estimated,Estimation interval (±15-20%),6.6731,Estimated,Estimation interval (±15-20%),,Missing,Not available,,Missing,Not available,73.0139,Derived,Estimation interval (±15-20%),,Missing,Not available,,Missing,Not available,11.0126
MKT-045_D034,MKT-045,Bengaluru,MG Road / Brigade Road,Retail,Premium,C,34,20260919,2026-09-19,179.2201,Estimated,Estimation interval (±15-20%),19774.6913,Estimated,Estimation interval (±15-20%),6.5807,Estimated,Estimation interval (±15-20%),7.4151,Estimated,Estimation interval (±15-20%),,Missing,Not available,,Missing,Not available,71.5452,Derived,Estimation interval (±15-20%),,Missing,Not available,,Missing,Not available,10.8757
MKT-045_D035,MKT-045,Bengaluru,MG Road / Brigade Road,Retail,Premium,C,35,20260919,2026-09-19,162.6962,Estimated,Estimation interval (±15-20%),18242.8862,Estimated,Estimation interval (±15-20%),3.9524,Estimated,Estimation interval (±15-20%),5.7062,Estimated,Estimation interval (±15-20%),,Missing,Not available,,Missing,Not available,75.9395,Derived,Estimation interval (±15-20%),,Missing,Not available,,Missing,Not available,10.702
MKT-045_D036,MKT-045,Bengaluru,MG Road / Brigade Road,Retail,Premium,C,36,20260919,2026-09-19,184.6242,Estimated,Estimation interval (±15-20%),21970.2238,Estimated,Estimation interval (±15-20%),6.396,Estimated,Estimation interval (±15-20%),7.3443,Estimated,Estimation interval (±15-20%),,Missing,Not available,,Missing,Not available,78.2113,Derived,Estimation interval (±15-20%),,Missing,Not available,,Missing,Not available,10.0841
MKT-045_D037,MKT-045,Bengaluru,MG Road / Brigade Road,Retail,Premium,C,37,20260919,2026-09-19,172.6123,Estimated,Estimation interval (±15-20%),19031.2429,Estimated,Estimation interval (±15-20%),3.967,Estimated,Estimation interval (±15-20%),9.1133,Estimated,Estimation interval (±15-20%),,Missing,Not available,,Missing,Not available,70.775,Derived,Estimation interval (±15-20%),,Missing,Not available,,Missing,Not available,10.8839
MKT-045_D038,MKT-045,Bengaluru,MG Road / Brigade Road,Retail,Premium,C,38,20260919,2026-09-19,178.8382,Estimated,Estimation interval (±15-20%),17943.1433,Estimated,Estimation interval (±15-20%),5.4633,Estimated,Estimation interval (±15-20%),5.6875,Estimated,Estimation interval (±15-20%),,Missing,Not available,,Missing,Not available,73.7272,Derived,Estimation interval (±15-20%),,Missing,Not available,,Missing,Not available,11.9603
MKT-045_D039,MKT-045,Bengaluru,MG Road / Brigade Road,Retail,Premium,C,39,20260919,2026-09-19,184.1258,Estimated,Estimation interval (±15-20%),17085.2574,Estimated,Estimation interval (±15-20%),3.043,Estimated,Estimation interval (±15-20%),6.2152,Estimated,Estimation interval (±15-20%),,Missing,Not available,,Missing,Not available,78.12,Derived,Estimation interval (±15-20%),,Missing,Not available,,Missing,Not available,12.9323
MKT-045_D040,MKT-045,Bengaluru,MG Road / Brigade Road,Retail,Premium,C,40,20260919,2026-09-19,169.0688,Estimated,Estimation interval (±15-20%),16812.4139,Estimated,Estimation interval (±15-20%),5.1896,Estimated,Estimation interval (±15-20%),4.0509,Estimated,Estimation interval (±15-20%),,Missing,Not available,,Missing,Not available,69.9325,Derived,Estimation interval (±15-20%),,Missing,Not available,,Missing,Not available,12.0674
MKT-046_D001,MKT-046,Mumbai,Powai,Residential,Established,C,1,20260919,2026-09-19,82.9051,Estimated,Estimation interval (±15-20%),26865.3257,Estimated,Estimation interval (±15-20%),7.4763,Estimated,Estimation interval (±15-20%),12.1985,Estimated,Estimation interval (±15-20%),,Missing,Not available,,Missing,Not available,79.0731,Derived,Estimation interval (±15-20%),,Missing,Not available,,Missing,Not available,3.7031
MKT-046_D002,MKT-046,Mumbai,Powai,Residential,Established,C,2,20260919,2026-09-19,71.5576,Estimated,Estimation interval (±15-20%),26021.839,Estimated,Estimation interval (±15-20%),8.7487,Estimated,Estimation interval (±15-20%),8.5569,Estimated,Estimation interval (±15-20%),,Missing,Not available,,Missing,Not available,73.8928,Derived,Estimation interval (±15-20%),,Missing,Not available,,Missing,Not available,3.2999
MKT-046_D003,MKT-046,Mumbai,Powai,Residential,Established,C,3,20260919,2026-09-19,74.7504,Estimated,Estimation interval (±15-20%),20043.3227,Estimated,Estimation interval (±15-20%),8.0256,Estimated,Estimation interval (±15-20%),8.4605,Estimated,Estimation interval (±15-20%),,Missing,Not available,,Missing,Not available,67.4428,Derived,Estimation interval (±15-20%),,Missing,Not available,,Missing,Not available,4.4753
MKT-046_D004,MKT-046,Mumbai,Powai,Residential,Established,C,4,20260919,2026-09-19,83.7478,Estimated,Estimation interval (±15-20%),29665.6394,Estimated,Estimation interval (±15-20%),9.4865,Estimated,Estimation interval (±15-20%),7.6195,Estimated,Estimation interval (±15-20%),,Missing,Not available,,Missing,Not available,63.7861,Derived,Estimation interval (±15-20%),,Missing,Not available,,Missing,Not available,3.3877
MKT-046_D005,MKT-046,Mumbai,Powai,Residential,Established,C,5,20260919,2026-09-19,86.1446,Estimated,Estimation interval (±15-20%),22793.0163,Estimated,Estimation interval (±15-20%),6.2425,Estimated,Estimation interval (±15-20%),7.9163,Estimated,Estimation interval (±15-20%),,Missing,Not available,,Missing,Not available,74.3907,Derived,Estimation interval (±15-20%),,Missing,Not available,,Missing,Not available,4.5353
MKT-046_D006,MKT-046,Mumbai,Powai,Residential,Established,C,6,20260919,2026-09-19,70.4158,Estimated,Estimation interval (±15-20%),27682.7855,Estimated,Estimation interval (±15-20%),9.4141,Estimated,Estimation interval (±15-20%),8.0437,Estimated,Estimation interval (±15-20%),,Missing,Not available,,Missing,Not available,72.9256,Derived,Estimation interval (±15-20%),,Missing,Not available,,Missing,Not available,3.0524
MKT-046_D007,MKT-046,Mumbai,Powai,Residential,Established,C,7,20260919,2026-09-19,73.5411,Estimated,Estimation interval (±15-20%),24491.38,Estimated,Estimation interval (±15-20%),6.7748,Estimated,Estimation interval (±15-20%),6.101,Estimated,Estimation interval (±15-20%),,Missing,Not available,,Missing,Not available,65.2577,Derived,Estimation interval (±15-20%),,Missing,Not available,,Missing,Not available,3.6033
MKT-046_D008,MKT-046,Mumbai,Powai,Residential,Established,C,8,20260919,2026-09-19,77.8624,Estimated,Estimation interval (±15-20%),18879.0827,Estimated,Estimation interval (±15-20%),7.5655,Estimated,Estimation interval (±15-20%),8.656,Estimated,Estimation interval (±15-20%),,Missing,Not available,,Missing,Not available,64.5228,Derived,Estimation interval (±15-20%),,Missing,Not available,,Missing,Not available,4.9491
MKT-046_D009,MKT-046,Mumbai,Powai,Residential,Established,C,9,20260919,2026-09-19,82.6584,Estimated,Estimation interval (±15-20%),23434.847,Estimated,Estimation interval (±15-20%),6.564,Estimated,Estimation interval (±15-20%),12.1357,Estimated,Estimation interval (±15-20%),,Missing,Not available,,Missing,Not available,73.0066,Derived,Estimation interval (±15-20%),,Missing,Not available,,Missing,Not available,4.2326
MKT-046_D010,MKT-046,Mumbai,Powai,Residential,Established,C,10,20260919,2026-09-19,70.544,Estimated,Estimation interval (±15-20%),18181.9561,Estimated,Estimation interval (±15-20%),7.1233,Estimated,Estimation interval (±15-20%),6.2829,Estimated,Estimation interval (±15-20%),,Missing,Not available,,Missing,Not available,63.2112,Derived,Estimation interval (±15-20%),,Missing,Not available,,Missing,Not available,4.6559
MKT-046_D011,MKT-046,Mumbai,Powai,Residential,Established,C,11,20260919,2026-09-19,73.1459,Estimated,Estimation interval (±15-20%),17818.7147,Estimated,Estimation interval (±15-20%),6.0145,Estimated,Estimation interval (±15-20%),11.8658,Estimated,Estimation interval (±15-20%),,Missing,Not available,,Missing,Not available,68.2962,Derived,Estimation interval (±15-20%),,Missing,Not available,,Missing,Not available,4.926
MKT-046_D012,MKT-046,Mumbai,Powai,Residential,Established,C,12,20260919,2026-09-19,67.3458,Estimated,Estimation interval (±15-20%),26512.1664,Estimated,Estimation interval (±15-20%),6.7328,Estimated,Estimation interval (±15-20%),6.0161,Estimated,Estimation interval (±15-20%),,Missing,Not available,,Missing,Not available,66.6621,Derived,Estimation interval (±15-20%),,Missing,Not available,,Missing,Not available,3.0482
MKT-046_D013,MKT-046,Mumbai,Powai,Residential,Established,C,13,20260919,2026-09-19,74.8896,Estimated,Estimation interval (±15-20%),22719.9107,Estimated,Estimation interval (±15-20%),8.0465,Estimated,Estimation interval (±15-20%),7.52,Estimated,Estimation interval (±15-20%),,Missing,Not available,,Missing,Not available,64.6722,Derived,Estimation interval (±15-20%),,Missing,Not available,,Missing,Not available,3.9555
MKT-046_D014,MKT-046,Mumbai,Powai,Residential,Established,C,14,20260919,2026-09-19,64.5433,Estimated,Estimation interval (±15-20%),17330.827,Estimated,Estimation interval (±15-20%),6.7864,Estimated,Estimation interval (±15-20%),9.2456,Estimated,Estimation interval (±15-20%),,Missing,Not available,,Missing,Not available,71.4249,Derived,Estimation interval (±15-20%),,Missing,Not available,,Missing,Not available,4.469
MKT-046_D015,MKT-046,Mumbai,Powai,Residential,Established,C,15,20260919,2026-09-19,71.6729,Estimated,Estimation interval (±15-20%),20954.5853,Estimated,Estimation interval (±15-20%),5.1004,Estimated,Estimation interval (±15-20%),10.8547,Estimated,Estimation interval (±15-20%),,Missing,Not available,,Missing,Not available,64.8381,Derived,Estimation interval (±15-20%),,Missing,Not available,,Missing,Not available,4.1045
MKT-046_D016,MKT-046,Mumbai,Powai,Residential,Established,C,16,20260919,2026-09-19,64.738,Estimated,Estimation interval (±15-20%),27453.1225,Estimated,Estimation interval (±15-20%),6.6569,Estimated,Estimation interval (±15-20%),9.7604,Estimated,Estimation interval (±15-20%),,Missing,Not available,,Missing,Not available,61.6984,Derived,Estimation interval (±15-20%),,Missing,Not available,,Missing,Not available,2.8298
MKT-046_D017,MKT-046,Mumbai,Powai,Residential,Established,C,17,20260919,2026-09-19,70.0678,Estimated,Estimation interval (±15-20%),22518.8833,Estimated,Estimation interval (±15-20%),7.5463,Estimated,Estimation interval (±15-20%),8.1198,Estimated,Estimation interval (±15-20%),,Missing,Not available,,Missing,Not available,68.6402,Derived,Estimation interval (±15-20%),,Missing,Not available,,Missing,Not available,3.7338
MKT-046_D018,MKT-046,Mumbai,Powai,Residential,Established,C,18,20260919,2026-09-19,66.6672,Estimated,Estimation interval (±15-20%),17965.1895,Estimated,Estimation interval (±15-20%),6.4152,Estimated,Estimation interval (±15-20%),7.8061,Estimated,Estimation interval (±15-20%),,Missing,Not available,,Missing,Not available,70.253,Derived,Estimation interval (±15-20%),,Missing,Not available,,Missing,Not available,4.4531
MKT-046_D019,MKT-046,Mumbai,Powai,Residential,Established,C,19,20260919,2026-09-19,64.8428,Estimated,Estimation interval (±15-20%),15022.2586,Estimated,Estimation interval (±15-20%),4.9529,Estimated,Estimation interval (±15-20%),5.6934,Estimated,Estimation interval (±15-20%),,Missing,Not available,,Missing,Not available,73.0573,Derived,Estimation interval (±15-20%),,Missing,Not available,,Missing,Not available,5.1797
MKT-046_D020,MKT-046,Mumbai,Powai,Residential,Established,C,20,20260919,2026-09-19,76.4708,Estimated,Estimation interval (±15-20%),20830.5687,Estimated,Estimation interval (±15-20%),9.9205,Estimated,Estimation interval (±15-20%),8.8913,Estimated,Estimation interval (±15-20%),,Missing,Not available,,Missing,Not available,65.6397,Derived,Estimation interval (±15-20%),,Missing,Not available,,Missing,Not available,4.4053
MKT-046_D021,MKT-046,Mumbai,Powai,Residential,Established,C,21,20260919,2026-09-19,74.9231,Estimated,Estimation interval (±15-20%),19350.7711,Estimated,Estimation interval (±15-20%),7.0932,Estimated,Estimation interval (±15-20%),10.3614,Estimated,Estimation interval (±15-20%),,Missing,Not available,,Missing,Not available,77.0724,Derived,Estimation interval (±15-20%),,Missing,Not available,,Missing,Not available,4.6462
MKT-046_D022,MKT-046,Mumbai,Powai,Residential,Established,C,22,20260919,2026-09-19,75.6048,Estimated,Estimation interval (±15-20%),22582.9347,Estimated,Estimation interval (±15-20%),8.8887,Estimated,Estimation interval (±15-20%),9.496,Estimated,Estimation interval (±15-20%),,Missing,Not available,,Missing,Not available,66.6145,Derived,Estimation interval (±15-20%),,Missing,Not available,,Missing,Not available,4.0174
MKT-046_D023,MKT-046,Mumbai,Powai,Residential,Established,C,23,20260919,2026-09-19,71.5993,Estimated,Estimation interval (±15-20%),21743.2694,Estimated,Estimation interval (±15-20%),9.6303,Estimated,Estimation interval (±15-20%),9.5524,Estimated,Estimation interval (±15-20%),,Missing,Not available,,Missing,Not available,76.139,Derived,Estimation interval (±15-20%),,Missing,Not available,,Missing,Not available,3.9515
MKT-046_D024,MKT-046,Mumbai,Powai,Residential,Established,C,24,20260919,2026-09-19,65.0615,Estimated,Estimation interval (±15-20%),26137.4355,Estimated,Estimation interval (±15-20%),8.8832,Estimated,Estimation interval (±15-20%),8.6784,Estimated,Estimation interval (±15-20%),,Missing,Not available,,Missing,Not available,77.7432,Derived,Estimation interval (±15-20%),,Missing,Not available,,Missing,Not available,2.987
MKT-046_D025,MKT-046,Mumbai,Powai,Residential,Established,C,25,20260919,2026-09-19,72.2581,Estimated,Estimation interval (±15-20%),25974.4924,Estimated,Estimation interval (±15-20%),6.325,Estimated,Estimation interval (±15-20%),9.7611,Estimated,Estimation interval (±15-20%),,Missing,Not available,,Missing,Not available,76.0443,Derived,Estimation interval (±15-20%),,Missing,Not available,,Missing,Not available,3.3383
MKT-046_D026,MKT-046,Mumbai,Powai,Residential,Established,C,26,20260919,2026-09-19,74.6552,Estimated,Estimation interval (±15-20%),29357.8761,Estimated,Estimation interval (±15-20%),7.7046,Estimated,Estimation interval (±15-20%),10.021,Estimated,Estimation interval (±15-20%),,Missing,Not available,,Missing,Not available,74.946,Derived,Estimation interval (±15-20%),,Missing,Not available,,Missing,Not available,3.0515
MKT-046_D027,MKT-046,Mumbai,Powai,Residential,Established,C,27,20260919,2026-09-19,85.9927,Estimated,Estimation interval (±15-20%),25533.6654,Estimated,Estimation interval (±15-20%),8.1872,Estimated,Estimation interval (±15-20%),10.0921,Estimated,Estimation interval (±15-20%),,Missing,Not available,,Missing,Not available,75.3216,Derived,Estimation interval (±15-20%),,Missing,Not available,,Missing,Not available,4.0414
MKT-046_D028,MKT-046,Mumbai,Powai,Residential,Established,C,28,20260919,2026-09-19,65.355,Estimated,Estimation interval (±15-20%),18326.5583,Estimated,Estimation interval (±15-20%),8.4633,Estimated,Estimation interval (±15-20%),10.3977,Estimated,Estimation interval (±15-20%),,Missing,Not available,,Missing,Not available,76.2053,Derived,Estimation interval (±15-20%),,Missing,Not available,,Missing,Not available,4.2794
MKT-046_D029,MKT-046,Mumbai,Powai,Residential,Established,C,29,20260919,2026-09-19,75.2501,Estimated,Estimation interval (±15-20%),23794.8,Estimated,Estimation interval (±15-20%),4.6884,Estimated,Estimation interval (±15-20%),9.4973,Estimated,Estimation interval (±15-20%),,Missing,Not available,,Missing,Not available,76.2264,Derived,Estimation interval (±15-20%),,Missing,Not available,,Missing,Not available,3.795
MKT-046_D030,MKT-046,Mumbai,Powai,Residential,Established,C,30,20260919,2026-09-19,76.9429,Estimated,Estimation interval (±15-20%),23662.5788,Estimated,Estimation interval (±15-20%),6.1973,Estimated,Estimation interval (±15-20%),8.8074,Estimated,Estimation interval (±15-20%),,Missing,Not available,,Missing,Not available,69.5631,Derived,Estimation interval (±15-20%),,Missing,Not available,,Missing,Not available,3.902
MKT-046_D031,MKT-046,Mumbai,Powai,Residential,Established,C,31,20260919,2026-09-19,73.1046,Estimated,Estimation interval (±15-20%),19593.5482,Estimated,Estimation interval (±15-20%),6.1969,Estimated,Estimation interval (±15-20%),11.301,Estimated,Estimation interval (±15-20%),,Missing,Not available,,Missing,Not available,66.165,Derived,Estimation interval (±15-20%),,Missing,Not available,,Missing,Not available,4.4773
MKT-046_D032,MKT-046,Mumbai,Powai,Residential,Established,C,32,20260919,2026-09-19,71.6959,Estimated,Estimation interval (±15-20%),22072.3111,Estimated,Estimation interval (±15-20%),8.72,Estimated,Estimation interval (±15-20%),10.4119,Estimated,Estimation interval (±15-20%),,Missing,Not available,,Missing,Not available,74.9479,Derived,Estimation interval (±15-20%),,Missing,Not available,,Missing,Not available,3.8979
MKT-046_D033,MKT-046,Mumbai,Powai,Residential,Established,C,33,20260919,2026-09-19,72.0349,Estimated,Estimation interval (±15-20%),20181.3336,Estimated,Estimation interval (±15-20%),9.8193,Estimated,Estimation interval (±15-20%),8.8998,Estimated,Estimation interval (±15-20%),,Missing,Not available,,Missing,Not available,62.1737,Derived,Estimation interval (±15-20%),,Missing,Not available,,Missing,Not available,4.2833
MKT-046_D034,MKT-046,Mumbai,Powai,Residential,Established,C,34,20260919,2026-09-19,72.1183,Estimated,Estimation interval (±15-20%),25902.017,Estimated,Estimation interval (±15-20%),6.8468,Estimated,Estimation interval (±15-20%),8.7545,Estimated,Estimation interval (±15-20%),,Missing,Not available,,Missing,Not available,70.2979,Derived,Estimation interval (±15-20%),,Missing,Not available,,Missing,Not available,3.3411
MKT-046_D035,MKT-046,Mumbai,Powai,Residential,Established,C,35,20260919,2026-09-19,71.8403,Estimated,Estimation interval (±15-20%),20727.863,Estimated,Estimation interval (±15-20%),6.7009,Estimated,Estimation interval (±15-20%),8.7807,Estimated,Estimation interval (±15-20%),,Missing,Not available,,Missing,Not available,71.627,Derived,Estimation interval (±15-20%),,Missing,Not available,,Missing,Not available,4.1591
MKT-046_D036,MKT-046,Mumbai,Powai,Residential,Established,C,36,20260919,2026-09-19,73.1734,Estimated,Estimation interval (±15-20%),19963.3606,Estimated,Estimation interval (±15-20%),4.5236,Estimated,Estimation interval (±15-20%),9.1293,Estimated,Estimation interval (±15-20%),,Missing,Not available,,Missing,Not available,66.6288,Derived,Estimation interval (±15-20%),,Missing,Not available,,Missing,Not available,4.3985
MKT-046_D037,MKT-046,Mumbai,Powai,Residential,Established,C,37,20260919,2026-09-19,73.4403,Estimated,Estimation interval (±15-20%),17130.8677,Estimated,Estimation interval (±15-20%),8.2926,Estimated,Estimation interval (±15-20%),9.9545,Estimated,Estimation interval (±15-20%),,Missing,Not available,,Missing,Not available,74.6907,Derived,Estimation interval (±15-20%),,Missing,Not available,,Missing,Not available,5.1444
MKT-046_D038,MKT-046,Mumbai,Powai,Residential,Established,C,38,20260919,2026-09-19,74.1404,Estimated,Estimation interval (±15-20%),23865.9189,Estimated,Estimation interval (±15-20%),6.1346,Estimated,Estimation interval (±15-20%),8.9428,Estimated,Estimation interval (±15-20%),,Missing,Not available,,Missing,Not available,73.0594,Derived,Estimation interval (±15-20%),,Missing,Not available,,Missing,Not available,3.7278
MKT-046_D039,MKT-046,Mumbai,Powai,Residential,Established,C,39,20260919,2026-09-19,67.6341,Estimated,Estimation interval (±15-20%),17757.1242,Estimated,Estimation interval (±15-20%),5.3399,Estimated,Estimation interval (±15-20%),10.5244,Estimated,Estimation interval (±15-20%),,Missing,Not available,,Missing,Not available,71.1841,Derived,Estimation interval (±15-20%),,Missing,Not available,,Missing,Not available,4.5706
MKT-046_D040,MKT-046,Mumbai,Powai,Residential,Established,C,40,20260919,2026-09-19,69.6427,Estimated,Estimation interval (±15-20%),27380.945,Estimated,Estimation interval (±15-20%),9.5685,Estimated,Estimation interval (±15-20%),9.0893,Estimated,Estimation interval (±15-20%),,Missing,Not available,,Missing,Not available,65.8906,Derived,Estimation interval (±15-20%),,Missing,Not available,,Missing,Not available,3.0522
MKT-047_D001,MKT-047,Delhi NCR,Gurugram — Sohna Road,Residential,Growth,D,1,20260919,2026-09-19,36.0679,Estimated,Estimation interval (±20-30%),6352.0728,Estimated,Estimation interval (±20-30%),10.0605,Estimated,Estimation interval (±20-30%),10.3729,Estimated,Estimation interval (±20-30%),,Missing,Not available,,Missing,Not available,61.5729,Derived,Estimation interval (±20-30%),,Missing,Not available,,Missing,Not available,6.8138
MKT-047_D002,MKT-047,Delhi NCR,Gurugram — Sohna Road,Residential,Growth,D,2,20260919,2026-09-19,28.0441,Estimated,Estimation interval (±20-30%),8679.3806,Estimated,Estimation interval (±20-30%),5.9235,Estimated,Estimation interval (±20-30%),12.3668,Estimated,Estimation interval (±20-30%),,Missing,Not available,,Missing,Not available,69.3026,Derived,Estimation interval (±20-30%),,Missing,Not available,,Missing,Not available,3.8773
MKT-047_D003,MKT-047,Delhi NCR,Gurugram — Sohna Road,Residential,Growth,D,3,20260919,2026-09-19,32.139,Estimated,Estimation interval (±20-30%),11148.9523,Estimated,Estimation interval (±20-30%),7.966,Estimated,Estimation interval (±20-30%),7.4337,Estimated,Estimation interval (±20-30%),,Missing,Not available,,Missing,Not available,66.8299,Derived,Estimation interval (±20-30%),,Missing,Not available,,Missing,Not available,3.4592
MKT-047_D004,MKT-047,Delhi NCR,Gurugram — Sohna Road,Residential,Growth,D,4,20260919,2026-09-19,41.0333,Estimated,Estimation interval (±20-30%),8512.7761,Estimated,Estimation interval (±20-30%),7.4089,Estimated,Estimation interval (±20-30%),9.2662,Estimated,Estimation interval (±20-30%),,Missing,Not available,,Missing,Not available,67.8151,Derived,Estimation interval (±20-30%),,Missing,Not available,,Missing,Not available,5.7842
MKT-047_D005,MKT-047,Delhi NCR,Gurugram — Sohna Road,Residential,Growth,D,5,20260919,2026-09-19,31.4797,Estimated,Estimation interval (±20-30%),10057.6517,Estimated,Estimation interval (±20-30%),6.8532,Estimated,Estimation interval (±20-30%),13.9823,Estimated,Estimation interval (±20-30%),,Missing,Not available,,Missing,Not available,71.6548,Derived,Estimation interval (±20-30%),,Missing,Not available,,Missing,Not available,3.7559
MKT-047_D006,MKT-047,Delhi NCR,Gurugram — Sohna Road,Residential,Growth,D,6,20260919,2026-09-19,27.6396,Estimated,Estimation interval (±20-30%),8223.1007,Estimated,Estimation interval (±20-30%),6.2794,Estimated,Estimation interval (±20-30%),11.6587,Estimated,Estimation interval (±20-30%),,Missing,Not available,,Missing,Not available,55.5234,Derived,Estimation interval (±20-30%),,Missing,Not available,,Missing,Not available,4.0335
MKT-047_D007,MKT-047,Delhi NCR,Gurugram — Sohna Road,Residential,Growth,D,7,20260919,2026-09-19,30.4822,Estimated,Estimation interval (±20-30%),6616.9853,Estimated,Estimation interval (±20-30%),5.482,Estimated,Estimation interval (±20-30%),8.6132,Estimated,Estimation interval (±20-30%),,Missing,Not available,,Missing,Not available,61.746,Derived,Estimation interval (±20-30%),,Missing,Not available,,Missing,Not available,5.528
MKT-047_D008,MKT-047,Delhi NCR,Gurugram — Sohna Road,Residential,Growth,D,8,20260919,2026-09-19,35.4277,Estimated,Estimation interval (±20-30%),9984.9596,Estimated,Estimation interval (±20-30%),8.9937,Estimated,Estimation interval (±20-30%),9.2278,Estimated,Estimation interval (±20-30%),,Missing,Not available,,Missing,Not available,69.0647,Derived,Estimation interval (±20-30%),,Missing,Not available,,Missing,Not available,4.2577
MKT-047_D009,MKT-047,Delhi NCR,Gurugram — Sohna Road,Residential,Growth,D,9,20260919,2026-09-19,31.8914,Estimated,Estimation interval (±20-30%),11215.8509,Estimated,Estimation interval (±20-30%),5.5692,Estimated,Estimation interval (±20-30%),10.5067,Estimated,Estimation interval (±20-30%),,Missing,Not available,,Missing,Not available,60.5378,Derived,Estimation interval (±20-30%),,Missing,Not available,,Missing,Not available,3.4121
MKT-047_D010,MKT-047,Delhi NCR,Gurugram — Sohna Road,Residential,Growth,D,10,20260919,2026-09-19,32.6413,Estimated,Estimation interval (±20-30%),13238.5687,Estimated,Estimation interval (±20-30%),6.3364,Estimated,Estimation interval (±20-30%),11.2452,Estimated,Estimation interval (±20-30%),,Missing,Not available,,Missing,Not available,73.648,Derived,Estimation interval (±20-30%),,Missing,Not available,,Missing,Not available,2.9587
MKT-047_D011,MKT-047,Delhi NCR,Gurugram — Sohna Road,Residential,Growth,D,11,20260919,2026-09-19,26.3285,Estimated,Estimation interval (±20-30%),8175.7229,Estimated,Estimation interval (±20-30%),7.7212,Estimated,Estimation interval (±20-30%),10.9436,Estimated,Estimation interval (±20-30%),,Missing,Not available,,Missing,Not available,66.6205,Derived,Estimation interval (±20-30%),,Missing,Not available,,Missing,Not available,3.8644
MKT-047_D012,MKT-047,Delhi NCR,Gurugram — Sohna Road,Residential,Growth,D,12,20260919,2026-09-19,27.5585,Estimated,Estimation interval (±20-30%),10879.4778,Estimated,Estimation interval (±20-30%),9.2449,Estimated,Estimation interval (±20-30%),9.2384,Estimated,Estimation interval (±20-30%),,Missing,Not available,,Missing,Not available,71.9065,Derived,Estimation interval (±20-30%),,Missing,Not available,,Missing,Not available,3.0397
MKT-047_D013,MKT-047,Delhi NCR,Gurugram — Sohna Road,Residential,Growth,D,13,20260919,2026-09-19,26.5906,Estimated,Estimation interval (±20-30%),10034.7867,Estimated,Estimation interval (±20-30%),7.8819,Estimated,Estimation interval (±20-30%),9.4248,Estimated,Estimation interval (±20-30%),,Missing,Not available,,Missing,Not available,67.7204,Derived,Estimation interval (±20-30%),,Missing,Not available,,Missing,Not available,3.1798
MKT-047_D014,MKT-047,Delhi NCR,Gurugram — Sohna Road,Residential,Growth,D,14,20260919,2026-09-19,30.0935,Estimated,Estimation interval (±20-30%),10689.4639,Estimated,Estimation interval (±20-30%),6.776,Estimated,Estimation interval (±20-30%),9.8828,Estimated,Estimation interval (±20-30%),,Missing,Not available,,Missing,Not available,63.8213,Derived,Estimation interval (±20-30%),,Missing,Not available,,Missing,Not available,3.3783
MKT-047_D015,MKT-047,Delhi NCR,Gurugram — Sohna Road,Residential,Growth,D,15,20260919,2026-09-19,27.4946,Estimated,Estimation interval (±20-30%),10613.9644,Estimated,Estimation interval (±20-30%),6.6819,Estimated,Estimation interval (±20-30%),8.8788,Estimated,Estimation interval (±20-30%),,Missing,Not available,,Missing,Not available,55.3097,Derived,Estimation interval (±20-30%),,Missing,Not available,,Missing,Not available,3.1085
MKT-047_D016,MKT-047,Delhi NCR,Gurugram — Sohna Road,Residential,Growth,D,16,20260919,2026-09-19,31.0502,Estimated,Estimation interval (±20-30%),8163.3374,Estimated,Estimation interval (±20-30%),9.5355,Estimated,Estimation interval (±20-30%),9.6397,Estimated,Estimation interval (±20-30%),,Missing,Not available,,Missing,Not available,54.4762,Derived,Estimation interval (±20-30%),,Missing,Not available,,Missing,Not available,4.5643
MKT-047_D017,MKT-047,Delhi NCR,Gurugram — Sohna Road,Residential,Growth,D,17,20260919,2026-09-19,32.2765,Estimated,Estimation interval (±20-30%),8051.1761,Estimated,Estimation interval (±20-30%),6.6221,Estimated,Estimation interval (±20-30%),12.212,Estimated,Estimation interval (±20-30%),,Missing,Not available,,Missing,Not available,73.1718,Derived,Estimation interval (±20-30%),,Missing,Not available,,Missing,Not available,4.8107
MKT-047_D018,MKT-047,Delhi NCR,Gurugram — Sohna Road,Residential,Growth,D,18,20260919,2026-09-19,34.2748,Estimated,Estimation interval (±20-30%),9255.0684,Estimated,Estimation interval (±20-30%),6.1311,Estimated,Estimation interval (±20-30%),8.1177,Estimated,Estimation interval (±20-30%),,Missing,Not available,,Missing,Not available,60.781,Derived,Estimation interval (±20-30%),,Missing,Not available,,Missing,Not available,4.444
MKT-047_D019,MKT-047,Delhi NCR,Gurugram — Sohna Road,Residential,Growth,D,19,20260919,2026-09-19,34.8039,Estimated,Estimation interval (±20-30%),12299.1349,Estimated,Estimation interval (±20-30%),9.8381,Estimated,Estimation interval (±20-30%),11.6716,Estimated,Estimation interval (±20-30%),,Missing,Not available,,Missing,Not available,69.4412,Derived,Estimation interval (±20-30%),,Missing,Not available,,Missing,Not available,3.3957
MKT-047_D020,MKT-047,Delhi NCR,Gurugram — Sohna Road,Residential,Growth,D,20,20260919,2026-09-19,35.3834,Estimated,Estimation interval (±20-30%),10169.5958,Estimated,Estimation interval (±20-30%),9.4878,Estimated,Estimation interval (±20-30%),8.9968,Estimated,Estimation interval (±20-30%),,Missing,Not available,,Missing,Not available,62.451,Derived,Estimation interval (±20-30%),,Missing,Not available,,Missing,Not available,4.1752
MKT-047_D021,MKT-047,Delhi NCR,Gurugram — Sohna Road,Residential,Growth,D,21,20260919,2026-09-19,36.8489,Estimated,Estimation interval (±20-30%),9026.2993,Estimated,Estimation interval (±20-30%),7.0511,Estimated,Estimation interval (±20-30%),9.2889,Estimated,Estimation interval (±20-30%),,Missing,Not available,,Missing,Not available,63.6508,Derived,Estimation interval (±20-30%),,Missing,Not available,,Missing,Not available,4.8989
MKT-047_D022,MKT-047,Delhi NCR,Gurugram — Sohna Road,Residential,Growth,D,22,20260919,2026-09-19,30.9269,Estimated,Estimation interval (±20-30%),11283.1942,Estimated,Estimation interval (±20-30%),9.3362,Estimated,Estimation interval (±20-30%),9.75,Estimated,Estimation interval (±20-30%),,Missing,Not available,,Missing,Not available,67.3468,Derived,Estimation interval (±20-30%),,Missing,Not available,,Missing,Not available,3.2892
MKT-047_D023,MKT-047,Delhi NCR,Gurugram — Sohna Road,Residential,Growth,D,23,20260919,2026-09-19,34.8959,Estimated,Estimation interval (±20-30%),11570.4323,Estimated,Estimation interval (±20-30%),5.7118,Estimated,Estimation interval (±20-30%),14.1396,Estimated,Estimation interval (±20-30%),,Missing,Not available,,Missing,Not available,66.9129,Derived,Estimation interval (±20-30%),,Missing,Not available,,Missing,Not available,3.6191
MKT-047_D024,MKT-047,Delhi NCR,Gurugram — Sohna Road,Residential,Growth,D,24,20260919,2026-09-19,29.8792,Estimated,Estimation interval (±20-30%),10709.5114,Estimated,Estimation interval (±20-30%),7.4047,Estimated,Estimation interval (±20-30%),12.4163,Estimated,Estimation interval (±20-30%),,Missing,Not available,,Missing,Not available,68.1762,Derived,Estimation interval (±20-30%),,Missing,Not available,,Missing,Not available,3.348
MKT-047_D025,MKT-047,Delhi NCR,Gurugram — Sohna Road,Residential,Growth,D,25,20260919,2026-09-19,34.4806,Estimated,Estimation interval (±20-30%),9563.493,Estimated,Estimation interval (±20-30%),8.7533,Estimated,Estimation interval (±20-30%),9.4825,Estimated,Estimation interval (±20-30%),,Missing,Not available,,Missing,Not available,66.1416,Derived,Estimation interval (±20-30%),,Missing,Not available,,Missing,Not available,4.3265
MKT-047_D026,MKT-047,Delhi NCR,Gurugram — Sohna Road,Residential,Growth,D,26,20260919,2026-09-19,30.6015,Estimated,Estimation interval (±20-30%),8643.7361,Estimated,Estimation interval (±20-30%),5.5248,Estimated,Estimation interval (±20-30%),9.0729,Estimated,Estimation interval (±20-30%),,Missing,Not available,,Missing,Not available,55.7011,Derived,Estimation interval (±20-30%),,Missing,Not available,,Missing,Not available,4.2484
MKT-047_D027,MKT-047,Delhi NCR,Gurugram — Sohna Road,Residential,Growth,D,27,20260919,2026-09-19,35.4965,Estimated,Estimation interval (±20-30%),8368.7063,Estimated,Estimation interval (±20-30%),6.341,Estimated,Estimation interval (±20-30%),12.1166,Estimated,Estimation interval (±20-30%),,Missing,Not available,,Missing,Not available,71.9339,Derived,Estimation interval (±20-30%),,Missing,Not available,,Missing,Not available,5.0899
MKT-047_D028,MKT-047,Delhi NCR,Gurugram — Sohna Road,Residential,Growth,D,28,20260919,2026-09-19,39.2476,Estimated,Estimation interval (±20-30%),6137.4923,Estimated,Estimation interval (±20-30%),4.8891,Estimated,Estimation interval (±20-30%),10.7636,Estimated,Estimation interval (±20-30%),,Missing,Not available,,Missing,Not available,75.6263,Derived,Estimation interval (±20-30%),,Missing,Not available,,Missing,Not available,7.6737
MKT-047_D029,MKT-047,Delhi NCR,Gurugram — Sohna Road,Residential,Growth,D,29,20260919,2026-09-19,39.9272,Estimated,Estimation interval (±20-30%),10544.927,Estimated,Estimation interval (±20-30%),7.6243,Estimated,Estimation interval (±20-30%),12.6358,Estimated,Estimation interval (±20-30%),,Missing,Not available,,Missing,Not available,73.6853,Derived,Estimation interval (±20-30%),,Missing,Not available,,Missing,Not available,4.5437
MKT-047_D030,MKT-047,Delhi NCR,Gurugram — Sohna Road,Residential,Growth,D,30,20260919,2026-09-19,33.7767,Estimated,Estimation interval (±20-30%),7504.5706,Estimated,Estimation interval (±20-30%),7.3865,Estimated,Estimation interval (±20-30%),9.9823,Estimated,Estimation interval (±20-30%),,Missing,Not available,,Missing,Not available,61.1349,Derived,Estimation interval (±20-30%),,Missing,Not available,,Missing,Not available,5.401
MKT-047_D031,MKT-047,Delhi NCR,Gurugram — Sohna Road,Residential,Growth,D,31,20260919,2026-09-19,34.1089,Estimated,Estimation interval (±20-30%),10534.2878,Estimated,Estimation interval (±20-30%),7.8832,Estimated,Estimation interval (±20-30%),12.3218,Estimated,Estimation interval (±20-30%),,Missing,Not available,,Missing,Not available,68.5197,Derived,Estimation interval (±20-30%),,Missing,Not available,,Missing,Not available,3.8855
MKT-047_D032,MKT-047,Delhi NCR,Gurugram — Sohna Road,Residential,Growth,D,32,20260919,2026-09-19,26.7302,Estimated,Estimation interval (±20-30%),10597.2552,Estimated,Estimation interval (±20-30%),8.18,Estimated,Estimation interval (±20-30%),9.4474,Estimated,Estimation interval (±20-30%),,Missing,Not available,,Missing,Not available,69.0907,Derived,Estimation interval (±20-30%),,Missing,Not available,,Missing,Not available,3.0268
MKT-047_D033,MKT-047,Delhi NCR,Gurugram — Sohna Road,Residential,Growth,D,33,20260919,2026-09-19,31.4242,Estimated,Estimation interval (±20-30%),9608.9344,Estimated,Estimation interval (±20-30%),5.6949,Estimated,Estimation interval (±20-30%),9.5532,Estimated,Estimation interval (±20-30%),,Missing,Not available,,Missing,Not available,71.5757,Derived,Estimation interval (±20-30%),,Missing,Not available,,Missing,Not available,3.9244
MKT-047_D034,MKT-047,Delhi NCR,Gurugram — Sohna Road,Residential,Growth,D,34,20260919,2026-09-19,29.0891,Estimated,Estimation interval (±20-30%),8028.7909,Estimated,Estimation interval (±20-30%),7.8548,Estimated,Estimation interval (±20-30%),9.3529,Estimated,Estimation interval (±20-30%),,Missing,Not available,,Missing,Not available,58.553,Derived,Estimation interval (±20-30%),,Missing,Not available,,Missing,Not available,4.3477
MKT-047_D035,MKT-047,Delhi NCR,Gurugram — Sohna Road,Residential,Growth,D,35,20260919,2026-09-19,32.2209,Estimated,Estimation interval (±20-30%),12495.9224,Estimated,Estimation interval (±20-30%),6.7655,Estimated,Estimation interval (±20-30%),6.0396,Estimated,Estimation interval (±20-30%),,Missing,Not available,,Missing,Not available,57.0191,Derived,Estimation interval (±20-30%),,Missing,Not available,,Missing,Not available,3.0942
MKT-047_D036,MKT-047,Delhi NCR,Gurugram — Sohna Road,Residential,Growth,D,36,20260919,2026-09-19,35.5714,Estimated,Estimation interval (±20-30%),10440.1906,Estimated,Estimation interval (±20-30%),9.4353,Estimated,Estimation interval (±20-30%),7.57,Estimated,Estimation interval (±20-30%),,Missing,Not available,,Missing,Not available,61.5414,Derived,Estimation interval (±20-30%),,Missing,Not available,,Missing,Not available,4.0886
MKT-047_D037,MKT-047,Delhi NCR,Gurugram — Sohna Road,Residential,Growth,D,37,20260919,2026-09-19,37.2562,Estimated,Estimation interval (±20-30%),8696.1169,Estimated,Estimation interval (±20-30%),4.5261,Estimated,Estimation interval (±20-30%),12.7647,Estimated,Estimation interval (±20-30%),,Missing,Not available,,Missing,Not available,65.2492,Derived,Estimation interval (±20-30%),,Missing,Not available,,Missing,Not available,5.1411
MKT-047_D038,MKT-047,Delhi NCR,Gurugram — Sohna Road,Residential,Growth,D,38,20260919,2026-09-19,33.6554,Estimated,Estimation interval (±20-30%),11382.1232,Estimated,Estimation interval (±20-30%),8.3399,Estimated,Estimation interval (±20-30%),12.8368,Estimated,Estimation interval (±20-30%),,Missing,Not available,,Missing,Not available,68.2839,Derived,Estimation interval (±20-30%),,Missing,Not available,,Missing,Not available,3.5482
MKT-047_D039,MKT-047,Delhi NCR,Gurugram — Sohna Road,Residential,Growth,D,39,20260919,2026-09-19,28.8352,Estimated,Estimation interval (±20-30%),12394.0063,Estimated,Estimation interval (±20-30%),6.5939,Estimated,Estimation interval (±20-30%),9.3821,Estimated,Estimation interval (±20-30%),,Missing,Not available,,Missing,Not available,69.6058,Derived,Estimation interval (±20-30%),,Missing,Not available,,Missing,Not available,2.7919
MKT-047_D040,MKT-047,Delhi NCR,Gurugram — Sohna Road,Residential,Growth,D,40,20260919,2026-09-19,32.3043,Estimated,Estimation interval (±20-30%),12992.3093,Estimated,Estimation interval (±20-30%),7.6717,Estimated,Estimation interval (±20-30%),12.8546,Estimated,Estimation interval (±20-30%),,Missing,Not available,,Missing,Not available,63.0658,Derived,Estimation interval (±20-30%),,Missing,Not available,,Missing,Not available,2.9837
MKT-048_D001,MKT-048,Pune,Undri / Pisoli,Residential,Peripheral,E,1,20260919,2026-09-19,20.6817,Synthetic,Uncertainty band (±30-40%),5742.2358,Synthetic,Uncertainty band (±30-40%),6.9321,Synthetic,Uncertainty band (±30-40%),6.3973,Synthetic,Uncertainty band (±30-40%),,Missing,Not available,,Missing,Not available,57.1656,Derived,Uncertainty band (±30-40%),,Missing,Not available,,Missing,Not available,4.322
MKT-048_D002,MKT-048,Pune,Undri / Pisoli,Residential,Peripheral,E,2,20260919,2026-09-19,13.15,Synthetic,Uncertainty band (±30-40%),4634.1383,Synthetic,Uncertainty band (±30-40%),7.9943,Synthetic,Uncertainty band (±30-40%),11.9757,Synthetic,Uncertainty band (±30-40%),,Missing,Not available,,Missing,Not available,54.1522,Derived,Uncertainty band (±30-40%),,Missing,Not available,,Missing,Not available,3.4052
MKT-048_D003,MKT-048,Pune,Undri / Pisoli,Residential,Peripheral,E,3,20260919,2026-09-19,17.4148,Synthetic,Uncertainty band (±30-40%),5193.4569,Synthetic,Uncertainty band (±30-40%),7.1736,Synthetic,Uncertainty band (±30-40%),11.1628,Synthetic,Uncertainty band (±30-40%),,Missing,Not available,,Missing,Not available,56.2812,Derived,Uncertainty band (±30-40%),,Missing,Not available,,Missing,Not available,4.0239
MKT-048_D004,MKT-048,Pune,Undri / Pisoli,Residential,Peripheral,E,4,20260919,2026-09-19,16.9257,Synthetic,Uncertainty band (±30-40%),6609.8243,Synthetic,Uncertainty band (±30-40%),5.2822,Synthetic,Uncertainty band (±30-40%),9.2428,Synthetic,Uncertainty band (±30-40%),,Missing,Not available,,Missing,Not available,59.9988,Derived,Uncertainty band (±30-40%),,Missing,Not available,,Missing,Not available,3.0728
MKT-048_D005,MKT-048,Pune,Undri / Pisoli,Residential,Peripheral,E,5,20260919,2026-09-19,13.2585,Synthetic,Uncertainty band (±30-40%),3754.248,Synthetic,Uncertainty band (±30-40%),4.9647,Synthetic,Uncertainty band (±30-40%),7.1666,Synthetic,Uncertainty band (±30-40%),,Missing,Not available,,Missing,Not available,57.6875,Derived,Uncertainty band (±30-40%),,Missing,Not available,,Missing,Not available,4.2379
MKT-048_D006,MKT-048,Pune,Undri / Pisoli,Residential,Peripheral,E,6,20260919,2026-09-19,19.7973,Synthetic,Uncertainty band (±30-40%),6282.5094,Synthetic,Uncertainty band (±30-40%),5.3425,Synthetic,Uncertainty band (±30-40%),12.8147,Synthetic,Uncertainty band (±30-40%),,Missing,Not available,,Missing,Not available,51.3562,Derived,Uncertainty band (±30-40%),,Missing,Not available,,Missing,Not available,3.7814
MKT-048_D007,MKT-048,Pune,Undri / Pisoli,Residential,Peripheral,E,7,20260919,2026-09-19,19.4572,Synthetic,Uncertainty band (±30-40%),4363.7304,Synthetic,Uncertainty band (±30-40%),8.4677,Synthetic,Uncertainty band (±30-40%),8.4222,Synthetic,Uncertainty band (±30-40%),,Missing,Not available,,Missing,Not available,53.3531,Derived,Uncertainty band (±30-40%),,Missing,Not available,,Missing,Not available,5.3506
MKT-048_D008,MKT-048,Pune,Undri / Pisoli,Residential,Peripheral,E,8,20260919,2026-09-19,19.1124,Synthetic,Uncertainty band (±30-40%),5026.9798,Synthetic,Uncertainty band (±30-40%),4.3152,Synthetic,Uncertainty band (±30-40%),8.9466,Synthetic,Uncertainty band (±30-40%),,Missing,Not available,,Missing,Not available,48.9957,Derived,Uncertainty band (±30-40%),,Missing,Not available,,Missing,Not available,4.5624
MKT-048_D009,MKT-048,Pune,Undri / Pisoli,Residential,Peripheral,E,9,20260919,2026-09-19,17.7614,Synthetic,Uncertainty band (±30-40%),5140.9381,Synthetic,Uncertainty band (±30-40%),3.5939,Synthetic,Uncertainty band (±30-40%),5.6232,Synthetic,Uncertainty band (±30-40%),,Missing,Not available,,Missing,Not available,45.4311,Derived,Uncertainty band (±30-40%),,Missing,Not available,,Missing,Not available,4.1459
MKT-048_D010,MKT-048,Pune,Undri / Pisoli,Residential,Peripheral,E,10,20260919,2026-09-19,14.8881,Synthetic,Uncertainty band (±30-40%),3510.7054,Synthetic,Uncertainty band (±30-40%),6.5245,Synthetic,Uncertainty band (±30-40%),10.7013,Synthetic,Uncertainty band (±30-40%),,Missing,Not available,,Missing,Not available,58.4806,Derived,Uncertainty band (±30-40%),,Missing,Not available,,Missing,Not available,5.0889
MKT-048_D011,MKT-048,Pune,Undri / Pisoli,Residential,Peripheral,E,11,20260919,2026-09-19,15.1386,Synthetic,Uncertainty band (±30-40%),5342.3133,Synthetic,Uncertainty band (±30-40%),6.6056,Synthetic,Uncertainty band (±30-40%),7.9448,Synthetic,Uncertainty band (±30-40%),,Missing,Not available,,Missing,Not available,60.6779,Derived,Uncertainty band (±30-40%),,Missing,Not available,,Missing,Not available,3.4005
MKT-048_D012,MKT-048,Pune,Undri / Pisoli,Residential,Peripheral,E,12,20260919,2026-09-19,15.1024,Synthetic,Uncertainty band (±30-40%),5906.3943,Synthetic,Uncertainty band (±30-40%),4.9999,Synthetic,Uncertainty band (±30-40%),10.0443,Synthetic,Uncertainty band (±30-40%),,Missing,Not available,,Missing,Not available,63.0896,Derived,Uncertainty band (±30-40%),,Missing,Not available,,Missing,Not available,3.0683
MKT-048_D013,MKT-048,Pune,Undri / Pisoli,Residential,Peripheral,E,13,20260919,2026-09-19,18.0194,Synthetic,Uncertainty band (±30-40%),5598.6181,Synthetic,Uncertainty band (±30-40%),8.0784,Synthetic,Uncertainty band (±30-40%),10.4665,Synthetic,Uncertainty band (±30-40%),,Missing,Not available,,Missing,Not available,53.9658,Derived,Uncertainty band (±30-40%),,Missing,Not available,,Missing,Not available,3.8623
MKT-048_D014,MKT-048,Pune,Undri / Pisoli,Residential,Peripheral,E,14,20260919,2026-09-19,17.23,Synthetic,Uncertainty band (±30-40%),4364.1358,Synthetic,Uncertainty band (±30-40%),8.0764,Synthetic,Uncertainty band (±30-40%),7.8004,Synthetic,Uncertainty band (±30-40%),,Missing,Not available,,Missing,Not available,50.9239,Derived,Uncertainty band (±30-40%),,Missing,Not available,,Missing,Not available,4.7377
MKT-048_D015,MKT-048,Pune,Undri / Pisoli,Residential,Peripheral,E,15,20260919,2026-09-19,16.0936,Synthetic,Uncertainty band (±30-40%),6736.7626,Synthetic,Uncertainty band (±30-40%),7.9142,Synthetic,Uncertainty band (±30-40%),6.1532,Synthetic,Uncertainty band (±30-40%),,Missing,Not available,,Missing,Not available,52.55,Derived,Uncertainty band (±30-40%),,Missing,Not available,,Missing,Not available,2.8667
MKT-048_D016,MKT-048,Pune,Undri / Pisoli,Residential,Peripheral,E,16,20260919,2026-09-19,17.6686,Synthetic,Uncertainty band (±30-40%),5413.1944,Synthetic,Uncertainty band (±30-40%),6.4697,Synthetic,Uncertainty band (±30-40%),8.617,Synthetic,Uncertainty band (±30-40%),,Missing,Not available,,Missing,Not available,57.2855,Derived,Uncertainty band (±30-40%),,Missing,Not available,,Missing,Not available,3.9168
MKT-048_D017,MKT-048,Pune,Undri / Pisoli,Residential,Peripheral,E,17,20260919,2026-09-19,15.239,Synthetic,Uncertainty band (±30-40%),6400.2613,Synthetic,Uncertainty band (±30-40%),7.6667,Synthetic,Uncertainty band (±30-40%),6.1059,Synthetic,Uncertainty band (±30-40%),,Missing,Not available,,Missing,Not available,45.8811,Derived,Uncertainty band (±30-40%),,Missing,Not available,,Missing,Not available,2.8572
MKT-048_D018,MKT-048,Pune,Undri / Pisoli,Residential,Peripheral,E,18,20260919,2026-09-19,15.4638,Synthetic,Uncertainty band (±30-40%),3849.5993,Synthetic,Uncertainty band (±30-40%),5.0018,Synthetic,Uncertainty band (±30-40%),7.815,Synthetic,Uncertainty band (±30-40%),,Missing,Not available,,Missing,Not available,43.6896,Derived,Uncertainty band (±30-40%),,Missing,Not available,,Missing,Not available,4.8204
MKT-048_D019,MKT-048,Pune,Undri / Pisoli,Residential,Peripheral,E,19,20260919,2026-09-19,14.2894,Synthetic,Uncertainty band (±30-40%),3973.5735,Synthetic,Uncertainty band (±30-40%),6.4786,Synthetic,Uncertainty band (±30-40%),8.8778,Synthetic,Uncertainty band (±30-40%),,Missing,Not available,,Missing,Not available,62.6792,Derived,Uncertainty band (±30-40%),,Missing,Not available,,Missing,Not available,4.3153
MKT-048_D020,MKT-048,Pune,Undri / Pisoli,Residential,Peripheral,E,20,20260919,2026-09-19,17.2205,Synthetic,Uncertainty band (±30-40%),6971.7567,Synthetic,Uncertainty band (±30-40%),5.2265,Synthetic,Uncertainty band (±30-40%),7.3039,Synthetic,Uncertainty band (±30-40%),,Missing,Not available,,Missing,Not available,60.7831,Derived,Uncertainty band (±30-40%),,Missing,Not available,,Missing,Not available,2.964
MKT-048_D021,MKT-048,Pune,Undri / Pisoli,Residential,Peripheral,E,21,20260919,2026-09-19,14.6706,Synthetic,Uncertainty band (±30-40%),3393.5757,Synthetic,Uncertainty band (±30-40%),3.1387,Synthetic,Uncertainty band (±30-40%),8.9703,Synthetic,Uncertainty band (±30-40%),,Missing,Not available,,Missing,Not available,57.6882,Derived,Uncertainty band (±30-40%),,Missing,Not available,,Missing,Not available,5.1877
MKT-048_D022,MKT-048,Pune,Undri / Pisoli,Residential,Peripheral,E,22,20260919,2026-09-19,15.346,Synthetic,Uncertainty band (±30-40%),6296.4588,Synthetic,Uncertainty band (±30-40%),6.1058,Synthetic,Uncertainty band (±30-40%),5.2827,Synthetic,Uncertainty band (±30-40%),,Missing,Not available,,Missing,Not available,57.5401,Derived,Uncertainty band (±30-40%),,Missing,Not available,,Missing,Not available,2.9247
MKT-048_D023,MKT-048,Pune,Undri / Pisoli,Residential,Peripheral,E,23,20260919,2026-09-19,16.5051,Synthetic,Uncertainty band (±30-40%),4781.8241,Synthetic,Uncertainty band (±30-40%),6.7151,Synthetic,Uncertainty band (±30-40%),8.524,Synthetic,Uncertainty band (±30-40%),,Missing,Not available,,Missing,Not available,59.2099,Derived,Uncertainty band (±30-40%),,Missing,Not available,,Missing,Not available,4.142
MKT-048_D024,MKT-048,Pune,Undri / Pisoli,Residential,Peripheral,E,24,20260919,2026-09-19,17.9414,Synthetic,Uncertainty band (±30-40%),4758.4729,Synthetic,Uncertainty band (±30-40%),8.1967,Synthetic,Uncertainty band (±30-40%),9.0568,Synthetic,Uncertainty band (±30-40%),,Missing,Not available,,Missing,Not available,41.2493,Derived,Uncertainty band (±30-40%),,Missing,Not available,,Missing,Not available,4.5245
MKT-048_D025,MKT-048,Pune,Undri / Pisoli,Residential,Peripheral,E,25,20260919,2026-09-19,17.0296,Synthetic,Uncertainty band (±30-40%),4405.7968,Synthetic,Uncertainty band (±30-40%),6.4231,Synthetic,Uncertainty band (±30-40%),7.3574,Synthetic,Uncertainty band (±30-40%),,Missing,Not available,,Missing,Not available,56.8877,Derived,Uncertainty band (±30-40%),,Missing,Not available,,Missing,Not available,4.6383
MKT-048_D026,MKT-048,Pune,Undri / Pisoli,Residential,Peripheral,E,26,20260919,2026-09-19,19.2461,Synthetic,Uncertainty band (±30-40%),5763.7832,Synthetic,Uncertainty band (±30-40%),6.5415,Synthetic,Uncertainty band (±30-40%),10.4171,Synthetic,Uncertainty band (±30-40%),,Missing,Not available,,Missing,Not available,50.7612,Derived,Uncertainty band (±30-40%),,Missing,Not available,,Missing,Not available,4.007
MKT-048_D027,MKT-048,Pune,Undri / Pisoli,Residential,Peripheral,E,27,20260919,2026-09-19,14.5935,Synthetic,Uncertainty band (±30-40%),6338.6804,Synthetic,Uncertainty band (±30-40%),6.7035,Synthetic,Uncertainty band (±30-40%),8.0331,Synthetic,Uncertainty band (±30-40%),,Missing,Not available,,Missing,Not available,50.832,Derived,Uncertainty band (±30-40%),,Missing,Not available,,Missing,Not available,2.7628
MKT-048_D028,MKT-048,Pune,Undri / Pisoli,Residential,Peripheral,E,28,20260919,2026-09-19,15.7999,Synthetic,Uncertainty band (±30-40%),6349.2931,Synthetic,Uncertainty band (±30-40%),8.3469,Synthetic,Uncertainty band (±30-40%),8.1081,Synthetic,Uncertainty band (±30-40%),,Missing,Not available,,Missing,Not available,61.6387,Derived,Uncertainty band (±30-40%),,Missing,Not available,,Missing,Not available,2.9861
MKT-048_D029,MKT-048,Pune,Undri / Pisoli,Residential,Peripheral,E,29,20260919,2026-09-19,14.9001,Synthetic,Uncertainty band (±30-40%),4599.0169,Synthetic,Uncertainty band (±30-40%),5.8778,Synthetic,Uncertainty band (±30-40%),8.1406,Synthetic,Uncertainty band (±30-40%),,Missing,Not available,,Missing,Not available,60.4948,Derived,Uncertainty band (±30-40%),,Missing,Not available,,Missing,Not available,3.8878
MKT-048_D030,MKT-048,Pune,Undri / Pisoli,Residential,Peripheral,E,30,20260919,2026-09-19,21.1685,Synthetic,Uncertainty band (±30-40%),4786.0857,Synthetic,Uncertainty band (±30-40%),6.0084,Synthetic,Uncertainty band (±30-40%),9.6989,Synthetic,Uncertainty band (±30-40%),,Missing,Not available,,Missing,Not available,49.2964,Derived,Uncertainty band (±30-40%),,Missing,Not available,,Missing,Not available,5.3075
MKT-048_D031,MKT-048,Pune,Undri / Pisoli,Residential,Peripheral,E,31,20260919,2026-09-19,15.0265,Synthetic,Uncertainty band (±30-40%),4646.4868,Synthetic,Uncertainty band (±30-40%),6.972,Synthetic,Uncertainty band (±30-40%),8.238,Synthetic,Uncertainty band (±30-40%),,Missing,Not available,,Missing,Not available,41.1388,Derived,Uncertainty band (±30-40%),,Missing,Not available,,Missing,Not available,3.8807
MKT-048_D032,MKT-048,Pune,Undri / Pisoli,Residential,Peripheral,E,32,20260919,2026-09-19,15.7089,Synthetic,Uncertainty band (±30-40%),5504.1053,Synthetic,Uncertainty band (±30-40%),3.8045,Synthetic,Uncertainty band (±30-40%),11.3475,Synthetic,Uncertainty band (±30-40%),,Missing,Not available,,Missing,Not available,57.2322,Derived,Uncertainty band (±30-40%),,Missing,Not available,,Missing,Not available,3.4248
MKT-048_D033,MKT-048,Pune,Undri / Pisoli,Residential,Peripheral,E,33,20260919,2026-09-19,16.3057,Synthetic,Uncertainty band (±30-40%),5188.6118,Synthetic,Uncertainty band (±30-40%),6.397,Synthetic,Uncertainty band (±30-40%),9.6046,Synthetic,Uncertainty band (±30-40%),,Missing,Not available,,Missing,Not available,42.2475,Derived,Uncertainty band (±30-40%),,Missing,Not available,,Missing,Not available,3.7711
MKT-048_D034,MKT-048,Pune,Undri / Pisoli,Residential,Peripheral,E,34,20260919,2026-09-19,18.7929,Synthetic,Uncertainty band (±30-40%),6987.5312,Synthetic,Uncertainty band (±30-40%),9.3805,Synthetic,Uncertainty band (±30-40%),5.2248,Synthetic,Uncertainty band (±30-40%),,Missing,Not available,,Missing,Not available,49.0739,Derived,Uncertainty band (±30-40%),,Missing,Not available,,Missing,Not available,3.2274
MKT-048_D035,MKT-048,Pune,Undri / Pisoli,Residential,Peripheral,E,35,20260919,2026-09-19,17.0657,Synthetic,Uncertainty band (±30-40%),6218.9323,Synthetic,Uncertainty band (±30-40%),6.3067,Synthetic,Uncertainty band (±30-40%),7.4032,Synthetic,Uncertainty band (±30-40%),,Missing,Not available,,Missing,Not available,51.5763,Derived,Uncertainty band (±30-40%),,Missing,Not available,,Missing,Not available,3.293
MKT-048_D036,MKT-048,Pune,Undri / Pisoli,Residential,Peripheral,E,36,20260919,2026-09-19,16.855,Synthetic,Uncertainty band (±30-40%),4541.367,Synthetic,Uncertainty band (±30-40%),8.9486,Synthetic,Uncertainty band (±30-40%),8.0744,Synthetic,Uncertainty band (±30-40%),,Missing,Not available,,Missing,Not available,62.5957,Derived,Uncertainty band (±30-40%),,Missing,Not available,,Missing,Not available,4.4537
MKT-048_D037,MKT-048,Pune,Undri / Pisoli,Residential,Peripheral,E,37,20260919,2026-09-19,16.1306,Synthetic,Uncertainty band (±30-40%),4890.9888,Synthetic,Uncertainty band (±30-40%),5.044,Synthetic,Uncertainty band (±30-40%),6.3796,Synthetic,Uncertainty band (±30-40%),,Missing,Not available,,Missing,Not available,50.6402,Derived,Uncertainty band (±30-40%),,Missing,Not available,,Missing,Not available,3.9576
MKT-048_D038,MKT-048,Pune,Undri / Pisoli,Residential,Peripheral,E,38,20260919,2026-09-19,18.573,Synthetic,Uncertainty band (±30-40%),4313.1894,Synthetic,Uncertainty band (±30-40%),8.0668,Synthetic,Uncertainty band (±30-40%),10.1743,Synthetic,Uncertainty band (±30-40%),,Missing,Not available,,Missing,Not available,66.0377,Derived,Uncertainty band (±30-40%),,Missing,Not available,,Missing,Not available,5.1673
MKT-048_D039,MKT-048,Pune,Undri / Pisoli,Residential,Peripheral,E,39,20260919,2026-09-19,16.8681,Synthetic,Uncertainty band (±30-40%),4492.9682,Synthetic,Uncertainty band (±30-40%),7.2207,Synthetic,Uncertainty band (±30-40%),5.1728,Synthetic,Uncertainty band (±30-40%),,Missing,Not available,,Missing,Not available,64.2223,Derived,Uncertainty band (±30-40%),,Missing,Not available,,Missing,Not available,4.5052
MKT-048_D040,MKT-048,Pune,Undri / Pisoli,Residential,Peripheral,E,40,20260919,2026-09-19,13.3726,Synthetic,Uncertainty band (±30-40%),5847.6636,Synthetic,Uncertainty band (±30-40%),4.2169,Synthetic,Uncertainty band (±30-40%),9.0623,Synthetic,Uncertainty band (±30-40%),,Missing,Not available,,Missing,Not available,56.5872,Derived,Uncertainty band (±30-40%),,Missing,Not available,,Missing,Not available,2.7442
MKT-049_D001,MKT-049,Kolkata,New Town (Rajarhat),Residential,Growth,D,1,20260919,2026-09-19,20.3956,Estimated,Estimation interval (±20-30%),6708.0909,Estimated,Estimation interval (±20-30%),6.2446,Estimated,Estimation interval (±20-30%),9.1588,Estimated,Estimation interval (±20-30%),,Missing,Not available,,Missing,Not available,67.238,Derived,Estimation interval (±20-30%),,Missing,Not available,,Missing,Not available,3.6485
MKT-049_D002,MKT-049,Kolkata,New Town (Rajarhat),Residential,Growth,D,2,20260919,2026-09-19,19.1792,Estimated,Estimation interval (±20-30%),7252.9228,Estimated,Estimation interval (±20-30%),5.485,Estimated,Estimation interval (±20-30%),12.1143,Estimated,Estimation interval (±20-30%),,Missing,Not available,,Missing,Not available,65.0542,Derived,Estimation interval (±20-30%),,Missing,Not available,,Missing,Not available,3.1732
MKT-049_D003,MKT-049,Kolkata,New Town (Rajarhat),Residential,Growth,D,3,20260919,2026-09-19,17.0106,Estimated,Estimation interval (±20-30%),4321.6058,Estimated,Estimation interval (±20-30%),7.4674,Estimated,Estimation interval (±20-30%),6.5419,Estimated,Estimation interval (±20-30%),,Missing,Not available,,Missing,Not available,63.9917,Derived,Estimation interval (±20-30%),,Missing,Not available,,Missing,Not available,4.7234
MKT-049_D004,MKT-049,Kolkata,New Town (Rajarhat),Residential,Growth,D,4,20260919,2026-09-19,13.2189,Estimated,Estimation interval (±20-30%),5904.0497,Estimated,Estimation interval (±20-30%),7.6979,Estimated,Estimation interval (±20-30%),12.0779,Estimated,Estimation interval (±20-30%),,Missing,Not available,,Missing,Not available,66.0488,Derived,Estimation interval (±20-30%),,Missing,Not available,,Missing,Not available,2.6867
MKT-049_D005,MKT-049,Kolkata,New Town (Rajarhat),Residential,Growth,D,5,20260919,2026-09-19,19.3677,Estimated,Estimation interval (±20-30%),4207.2456,Estimated,Estimation interval (±20-30%),10.9445,Estimated,Estimation interval (±20-30%),9.4849,Estimated,Estimation interval (±20-30%),,Missing,Not available,,Missing,Not available,62.722,Derived,Estimation interval (±20-30%),,Missing,Not available,,Missing,Not available,5.5241
MKT-049_D006,MKT-049,Kolkata,New Town (Rajarhat),Residential,Growth,D,6,20260919,2026-09-19,22.8611,Estimated,Estimation interval (±20-30%),5968.6689,Estimated,Estimation interval (±20-30%),6.5101,Estimated,Estimation interval (±20-30%),11.3731,Estimated,Estimation interval (±20-30%),,Missing,Not available,,Missing,Not available,68.7862,Derived,Estimation interval (±20-30%),,Missing,Not available,,Missing,Not available,4.5962
MKT-049_D007,MKT-049,Kolkata,New Town (Rajarhat),Residential,Growth,D,7,20260919,2026-09-19,17.3352,Estimated,Estimation interval (±20-30%),6747.2576,Estimated,Estimation interval (±20-30%),8.5399,Estimated,Estimation interval (±20-30%),10.0369,Estimated,Estimation interval (±20-30%),,Missing,Not available,,Missing,Not available,60.1575,Derived,Estimation interval (±20-30%),,Missing,Not available,,Missing,Not available,3.0831
MKT-049_D008,MKT-049,Kolkata,New Town (Rajarhat),Residential,Growth,D,8,20260919,2026-09-19,15.3304,Estimated,Estimation interval (±20-30%),6133.0408,Estimated,Estimation interval (±20-30%),7.1863,Estimated,Estimation interval (±20-30%),9.701,Estimated,Estimation interval (±20-30%),,Missing,Not available,,Missing,Not available,66.7658,Derived,Estimation interval (±20-30%),,Missing,Not available,,Missing,Not available,2.9996
MKT-049_D009,MKT-049,Kolkata,New Town (Rajarhat),Residential,Growth,D,9,20260919,2026-09-19,20.9547,Estimated,Estimation interval (±20-30%),4319.6752,Estimated,Estimation interval (±20-30%),7.2834,Estimated,Estimation interval (±20-30%),12.2545,Estimated,Estimation interval (±20-30%),,Missing,Not available,,Missing,Not available,54.715,Derived,Estimation interval (±20-30%),,Missing,Not available,,Missing,Not available,5.8212
MKT-049_D010,MKT-049,Kolkata,New Town (Rajarhat),Residential,Growth,D,10,20260919,2026-09-19,21.2476,Estimated,Estimation interval (±20-30%),5451.1011,Estimated,Estimation interval (±20-30%),5.4787,Estimated,Estimation interval (±20-30%),12.5757,Estimated,Estimation interval (±20-30%),,Missing,Not available,,Missing,Not available,62.2988,Derived,Estimation interval (±20-30%),,Missing,Not available,,Missing,Not available,4.6774
MKT-049_D011,MKT-049,Kolkata,New Town (Rajarhat),Residential,Growth,D,11,20260919,2026-09-19,19.319,Estimated,Estimation interval (±20-30%),6498.5856,Estimated,Estimation interval (±20-30%),7.699,Estimated,Estimation interval (±20-30%),7.7549,Estimated,Estimation interval (±20-30%),,Missing,Not available,,Missing,Not available,64.2761,Derived,Estimation interval (±20-30%),,Missing,Not available,,Missing,Not available,3.5674
MKT-049_D012,MKT-049,Kolkata,New Town (Rajarhat),Residential,Growth,D,12,20260919,2026-09-19,15.6485,Estimated,Estimation interval (±20-30%),4554.0613,Estimated,Estimation interval (±20-30%),7.8339,Estimated,Estimation interval (±20-30%),10.6693,Estimated,Estimation interval (±20-30%),,Missing,Not available,,Missing,Not available,71.9418,Derived,Estimation interval (±20-30%),,Missing,Not available,,Missing,Not available,4.1234
MKT-049_D013,MKT-049,Kolkata,New Town (Rajarhat),Residential,Growth,D,13,20260919,2026-09-19,16.5082,Estimated,Estimation interval (±20-30%),7594.0818,Estimated,Estimation interval (±20-30%),8.0729,Estimated,Estimation interval (±20-30%),14.0757,Estimated,Estimation interval (±20-30%),,Missing,Not available,,Missing,Not available,59.2236,Derived,Estimation interval (±20-30%),,Missing,Not available,,Missing,Not available,2.6086
MKT-049_D014,MKT-049,Kolkata,New Town (Rajarhat),Residential,Growth,D,14,20260919,2026-09-19,17.7425,Estimated,Estimation interval (±20-30%),4813.5866,Estimated,Estimation interval (±20-30%),10.9466,Estimated,Estimation interval (±20-30%),11.8377,Estimated,Estimation interval (±20-30%),,Missing,Not available,,Missing,Not available,69.0575,Derived,Estimation interval (±20-30%),,Missing,Not available,,Missing,Not available,4.4231
MKT-049_D015,MKT-049,Kolkata,New Town (Rajarhat),Residential,Growth,D,15,20260919,2026-09-19,17.6554,Estimated,Estimation interval (±20-30%),7090.3052,Estimated,Estimation interval (±20-30%),4.4878,Estimated,Estimation interval (±20-30%),13.6823,Estimated,Estimation interval (±20-30%),,Missing,Not available,,Missing,Not available,62.3388,Derived,Estimation interval (±20-30%),,Missing,Not available,,Missing,Not available,2.9881
MKT-049_D016,MKT-049,Kolkata,New Town (Rajarhat),Residential,Growth,D,16,20260919,2026-09-19,15.4919,Estimated,Estimation interval (±20-30%),5844.0988,Estimated,Estimation interval (±20-30%),7.5597,Estimated,Estimation interval (±20-30%),10.4387,Estimated,Estimation interval (±20-30%),,Missing,Not available,,Missing,Not available,64.9335,Derived,Estimation interval (±20-30%),,Missing,Not available,,Missing,Not available,3.181
MKT-049_D017,MKT-049,Kolkata,New Town (Rajarhat),Residential,Growth,D,17,20260919,2026-09-19,15.3866,Estimated,Estimation interval (±20-30%),4912.1162,Estimated,Estimation interval (±20-30%),5.726,Estimated,Estimation interval (±20-30%),8.1521,Estimated,Estimation interval (±20-30%),,Missing,Not available,,Missing,Not available,58.5005,Derived,Estimation interval (±20-30%),,Missing,Not available,,Missing,Not available,3.7589
MKT-049_D018,MKT-049,Kolkata,New Town (Rajarhat),Residential,Growth,D,18,20260919,2026-09-19,22.2318,Estimated,Estimation interval (±20-30%),6864.8562,Estimated,Estimation interval (±20-30%),7.0041,Estimated,Estimation interval (±20-30%),7.765,Estimated,Estimation interval (±20-30%),,Missing,Not available,,Missing,Not available,64.1021,Derived,Estimation interval (±20-30%),,Missing,Not available,,Missing,Not available,3.8862
MKT-049_D019,MKT-049,Kolkata,New Town (Rajarhat),Residential,Growth,D,19,20260919,2026-09-19,16.7033,Estimated,Estimation interval (±20-30%),6118.2126,Estimated,Estimation interval (±20-30%),7.9427,Estimated,Estimation interval (±20-30%),9.258,Estimated,Estimation interval (±20-30%),,Missing,Not available,,Missing,Not available,58.6733,Derived,Estimation interval (±20-30%),,Missing,Not available,,Missing,Not available,3.2761
MKT-049_D020,MKT-049,Kolkata,New Town (Rajarhat),Residential,Growth,D,20,20260919,2026-09-19,19.7808,Estimated,Estimation interval (±20-30%),3842.9416,Estimated,Estimation interval (±20-30%),7.3834,Estimated,Estimation interval (±20-30%),9.7248,Estimated,Estimation interval (±20-30%),,Missing,Not available,,Missing,Not available,61.0535,Derived,Estimation interval (±20-30%),,Missing,Not available,,Missing,Not available,6.1768
MKT-049_D021,MKT-049,Kolkata,New Town (Rajarhat),Residential,Growth,D,21,20260919,2026-09-19,21.2306,Estimated,Estimation interval (±20-30%),5980.6388,Estimated,Estimation interval (±20-30%),7.0752,Estimated,Estimation interval (±20-30%),11.0295,Estimated,Estimation interval (±20-30%),,Missing,Not available,,Missing,Not available,59.906,Derived,Estimation interval (±20-30%),,Missing,Not available,,Missing,Not available,4.2599
MKT-049_D022,MKT-049,Kolkata,New Town (Rajarhat),Residential,Growth,D,22,20260919,2026-09-19,18.6442,Estimated,Estimation interval (±20-30%),4771.9214,Estimated,Estimation interval (±20-30%),7.0101,Estimated,Estimation interval (±20-30%),10.5693,Estimated,Estimation interval (±20-30%),,Missing,Not available,,Missing,Not available,65.6971,Derived,Estimation interval (±20-30%),,Missing,Not available,,Missing,Not available,4.6885
MKT-049_D023,MKT-049,Kolkata,New Town (Rajarhat),Residential,Growth,D,23,20260919,2026-09-19,17.9173,Estimated,Estimation interval (±20-30%),4201.905,Estimated,Estimation interval (±20-30%),7.3405,Estimated,Estimation interval (±20-30%),13.4187,Estimated,Estimation interval (±20-30%),,Missing,Not available,,Missing,Not available,64.5277,Derived,Estimation interval (±20-30%),,Missing,Not available,,Missing,Not available,5.1169
MKT-049_D024,MKT-049,Kolkata,New Town (Rajarhat),Residential,Growth,D,24,20260919,2026-09-19,19.1964,Estimated,Estimation interval (±20-30%),4857.5678,Estimated,Estimation interval (±20-30%),6.4038,Estimated,Estimation interval (±20-30%),8.617,Estimated,Estimation interval (±20-30%),,Missing,Not available,,Missing,Not available,56.9445,Derived,Estimation interval (±20-30%),,Missing,Not available,,Missing,Not available,4.7422
MKT-049_D025,MKT-049,Kolkata,New Town (Rajarhat),Residential,Growth,D,25,20260919,2026-09-19,21.1833,Estimated,Estimation interval (±20-30%),5581.8932,Estimated,Estimation interval (±20-30%),8.2087,Estimated,Estimation interval (±20-30%),9.333,Estimated,Estimation interval (±20-30%),,Missing,Not available,,Missing,Not available,58.6519,Derived,Estimation interval (±20-30%),,Missing,Not available,,Missing,Not available,4.554
MKT-049_D026,MKT-049,Kolkata,New Town (Rajarhat),Residential,Growth,D,26,20260919,2026-09-19,20.504,Estimated,Estimation interval (±20-30%),6582.6934,Estimated,Estimation interval (±20-30%),5.0474,Estimated,Estimation interval (±20-30%),9.7833,Estimated,Estimation interval (±20-30%),,Missing,Not available,,Missing,Not available,60.3045,Derived,Estimation interval (±20-30%),,Missing,Not available,,Missing,Not available,3.7378
MKT-049_D027,MKT-049,Kolkata,New Town (Rajarhat),Residential,Growth,D,27,20260919,2026-09-19,19.4149,Estimated,Estimation interval (±20-30%),4020.3978,Estimated,Estimation interval (±20-30%),7.8786,Estimated,Estimation interval (±20-30%),14.7786,Estimated,Estimation interval (±20-30%),,Missing,Not available,,Missing,Not available,65.1477,Derived,Estimation interval (±20-30%),,Missing,Not available,,Missing,Not available,5.7949
MKT-049_D028,MKT-049,Kolkata,New Town (Rajarhat),Residential,Growth,D,28,20260919,2026-09-19,16.6392,Estimated,Estimation interval (±20-30%),4798.7445,Estimated,Estimation interval (±20-30%),7.0253,Estimated,Estimation interval (±20-30%),8.3763,Estimated,Estimation interval (±20-30%),,Missing,Not available,,Missing,Not available,64.9479,Derived,Estimation interval (±20-30%),,Missing,Not available,,Missing,Not available,4.1609
MKT-049_D029,MKT-049,Kolkata,New Town (Rajarhat),Residential,Growth,D,29,20260919,2026-09-19,19.6025,Estimated,Estimation interval (±20-30%),5206.1441,Estimated,Estimation interval (±20-30%),8.0547,Estimated,Estimation interval (±20-30%),8.4435,Estimated,Estimation interval (±20-30%),,Missing,Not available,,Missing,Not available,62.6392,Derived,Estimation interval (±20-30%),,Missing,Not available,,Missing,Not available,4.5183
MKT-049_D030,MKT-049,Kolkata,New Town (Rajarhat),Residential,Growth,D,30,20260919,2026-09-19,20.5018,Estimated,Estimation interval (±20-30%),4572.0618,Estimated,Estimation interval (±20-30%),10.7599,Estimated,Estimation interval (±20-30%),11.932,Estimated,Estimation interval (±20-30%),,Missing,Not available,,Missing,Not available,74.5366,Derived,Estimation interval (±20-30%),,Missing,Not available,,Missing,Not available,5.381
MKT-049_D031,MKT-049,Kolkata,New Town (Rajarhat),Residential,Growth,D,31,20260919,2026-09-19,16.8144,Estimated,Estimation interval (±20-30%),3701.5922,Estimated,Estimation interval (±20-30%),7.9307,Estimated,Estimation interval (±20-30%),8.4055,Estimated,Estimation interval (±20-30%),,Missing,Not available,,Missing,Not available,66.1178,Derived,Estimation interval (±20-30%),,Missing,Not available,,Missing,Not available,5.451
MKT-049_D032,MKT-049,Kolkata,New Town (Rajarhat),Residential,Growth,D,32,20260919,2026-09-19,18.1975,Estimated,Estimation interval (±20-30%),4654.4715,Estimated,Estimation interval (±20-30%),9.0262,Estimated,Estimation interval (±20-30%),9.2547,Estimated,Estimation interval (±20-30%),,Missing,Not available,,Missing,Not available,63.9336,Derived,Estimation interval (±20-30%),,Missing,Not available,,Missing,Not available,4.6916
MKT-049_D033,MKT-049,Kolkata,New Town (Rajarhat),Residential,Growth,D,33,20260919,2026-09-19,19.6625,Estimated,Estimation interval (±20-30%),5328.3552,Estimated,Estimation interval (±20-30%),6.3753,Estimated,Estimation interval (±20-30%),8.1847,Estimated,Estimation interval (±20-30%),,Missing,Not available,,Missing,Not available,68.8905,Derived,Estimation interval (±20-30%),,Missing,Not available,,Missing,Not available,4.4282
MKT-049_D034,MKT-049,Kolkata,New Town (Rajarhat),Residential,Growth,D,34,20260919,2026-09-19,17.2768,Estimated,Estimation interval (±20-30%),6516.5818,Estimated,Estimation interval (±20-30%),6.4693,Estimated,Estimation interval (±20-30%),9.8719,Estimated,Estimation interval (±20-30%),,Missing,Not available,,Missing,Not available,60.5372,Derived,Estimation interval (±20-30%),,Missing,Not available,,Missing,Not available,3.1814
MKT-049_D035,MKT-049,Kolkata,New Town (Rajarhat),Residential,Growth,D,35,20260919,2026-09-19,22.1034,Estimated,Estimation interval (±20-30%),3555.6608,Estimated,Estimation interval (±20-30%),8.0116,Estimated,Estimation interval (±20-30%),10.4055,Estimated,Estimation interval (±20-30%),,Missing,Not available,,Missing,Not available,68.1146,Derived,Estimation interval (±20-30%),,Missing,Not available,,Missing,Not available,7.4597
MKT-049_D036,MKT-049,Kolkata,New Town (Rajarhat),Residential,Growth,D,36,20260919,2026-09-19,16.4663,Estimated,Estimation interval (±20-30%),3898.0659,Estimated,Estimation interval (±20-30%),8.4589,Estimated,Estimation interval (±20-30%),10.2771,Estimated,Estimation interval (±20-30%),,Missing,Not available,,Missing,Not available,64.7153,Derived,Estimation interval (±20-30%),,Missing,Not available,,Missing,Not available,5.0691
MKT-049_D037,MKT-049,Kolkata,New Town (Rajarhat),Residential,Growth,D,37,20260919,2026-09-19,15.9184,Estimated,Estimation interval (±20-30%),5785.6172,Estimated,Estimation interval (±20-30%),7.4644,Estimated,Estimation interval (±20-30%),6.8743,Estimated,Estimation interval (±20-30%),,Missing,Not available,,Missing,Not available,64.6313,Derived,Estimation interval (±20-30%),,Missing,Not available,,Missing,Not available,3.3016
MKT-049_D038,MKT-049,Kolkata,New Town (Rajarhat),Residential,Growth,D,38,20260919,2026-09-19,23.4863,Estimated,Estimation interval (±20-30%),8034.8879,Estimated,Estimation interval (±20-30%),10.0969,Estimated,Estimation interval (±20-30%),11.2596,Estimated,Estimation interval (±20-30%),,Missing,Not available,,Missing,Not available,75.3701,Derived,Estimation interval (±20-30%),,Missing,Not available,,Missing,Not available,3.5076
MKT-049_D039,MKT-049,Kolkata,New Town (Rajarhat),Residential,Growth,D,39,20260919,2026-09-19,16.0787,Estimated,Estimation interval (±20-30%),6167.1488,Estimated,Estimation interval (±20-30%),9.2441,Estimated,Estimation interval (±20-30%),9.0972,Estimated,Estimation interval (±20-30%),,Missing,Not available,,Missing,Not available,66.4372,Derived,Estimation interval (±20-30%),,Missing,Not available,,Missing,Not available,3.1286
MKT-049_D040,MKT-049,Kolkata,New Town (Rajarhat),Residential,Growth,D,40,20260919,2026-09-19,18.5621,Estimated,Estimation interval (±20-30%),5263.2323,Estimated,Estimation interval (±20-30%),7.3888,Estimated,Estimation interval (±20-30%),11.7621,Estimated,Estimation interval (±20-30%),,Missing,Not available,,Missing,Not available,64.4584,Derived,Estimation interval (±20-30%),,Missing,Not available,,Missing,Not available,4.2321
MKT-050_D001,MKT-050,Bengaluru,Yelahanka,Residential,Growth,D,1,20260919,2026-09-19,30.9283,Estimated,Estimation interval (±20-30%),9113.3513,Estimated,Estimation interval (±20-30%),8.698,Estimated,Estimation interval (±20-30%),13.8269,Estimated,Estimation interval (±20-30%),,Missing,Not available,,Missing,Not available,68.3536,Derived,Estimation interval (±20-30%),,Missing,Not available,,Missing,Not available,4.0725
MKT-050_D002,MKT-050,Bengaluru,Yelahanka,Residential,Growth,D,2,20260919,2026-09-19,26.889,Estimated,Estimation interval (±20-30%),8247.4225,Estimated,Estimation interval (±20-30%),6.9982,Estimated,Estimation interval (±20-30%),10.0998,Estimated,Estimation interval (±20-30%),,Missing,Not available,,Missing,Not available,61.288,Derived,Estimation interval (±20-30%),,Missing,Not available,,Missing,Not available,3.9123
MKT-050_D003,MKT-050,Bengaluru,Yelahanka,Residential,Growth,D,3,20260919,2026-09-19,29.5826,Estimated,Estimation interval (±20-30%),11159.6471,Estimated,Estimation interval (±20-30%),7.7278,Estimated,Estimation interval (±20-30%),12.5967,Estimated,Estimation interval (±20-30%),,Missing,Not available,,Missing,Not available,53.28,Derived,Estimation interval (±20-30%),,Missing,Not available,,Missing,Not available,3.181
MKT-050_D004,MKT-050,Bengaluru,Yelahanka,Residential,Growth,D,4,20260919,2026-09-19,26.9438,Estimated,Estimation interval (±20-30%),7240.9547,Estimated,Estimation interval (±20-30%),7.2256,Estimated,Estimation interval (±20-30%),8.7213,Estimated,Estimation interval (±20-30%),,Missing,Not available,,Missing,Not available,64.3129,Derived,Estimation interval (±20-30%),,Missing,Not available,,Missing,Not available,4.4652
MKT-050_D005,MKT-050,Bengaluru,Yelahanka,Residential,Growth,D,5,20260919,2026-09-19,29.7579,Estimated,Estimation interval (±20-30%),9285.3364,Estimated,Estimation interval (±20-30%),5.6298,Estimated,Estimation interval (±20-30%),8.2735,Estimated,Estimation interval (±20-30%),,Missing,Not available,,Missing,Not available,68.8206,Derived,Estimation interval (±20-30%),,Missing,Not available,,Missing,Not available,3.8458
MKT-050_D006,MKT-050,Bengaluru,Yelahanka,Residential,Growth,D,6,20260919,2026-09-19,33.3099,Estimated,Estimation interval (±20-30%),6034.3523,Estimated,Estimation interval (±20-30%),9.5636,Estimated,Estimation interval (±20-30%),9.4304,Estimated,Estimation interval (±20-30%),,Missing,Not available,,Missing,Not available,60.4758,Derived,Estimation interval (±20-30%),,Missing,Not available,,Missing,Not available,6.6241
MKT-050_D007,MKT-050,Bengaluru,Yelahanka,Residential,Growth,D,7,20260919,2026-09-19,27.687,Estimated,Estimation interval (±20-30%),11222.5476,Estimated,Estimation interval (±20-30%),7.7387,Estimated,Estimation interval (±20-30%),14.1634,Estimated,Estimation interval (±20-30%),,Missing,Not available,,Missing,Not available,68.2915,Derived,Estimation interval (±20-30%),,Missing,Not available,,Missing,Not available,2.9605
MKT-050_D008,MKT-050,Bengaluru,Yelahanka,Residential,Growth,D,8,20260919,2026-09-19,26.938,Estimated,Estimation interval (±20-30%),7530.0175,Estimated,Estimation interval (±20-30%),5.6038,Estimated,Estimation interval (±20-30%),13.9984,Estimated,Estimation interval (±20-30%),,Missing,Not available,,Missing,Not available,75.7261,Derived,Estimation interval (±20-30%),,Missing,Not available,,Missing,Not available,4.2929
MKT-050_D009,MKT-050,Bengaluru,Yelahanka,Residential,Growth,D,9,20260919,2026-09-19,29.7587,Estimated,Estimation interval (±20-30%),7879.893,Estimated,Estimation interval (±20-30%),7.8408,Estimated,Estimation interval (±20-30%),7.5843,Estimated,Estimation interval (±20-30%),,Missing,Not available,,Missing,Not available,61.3447,Derived,Estimation interval (±20-30%),,Missing,Not available,,Missing,Not available,4.5318
MKT-050_D010,MKT-050,Bengaluru,Yelahanka,Residential,Growth,D,10,20260919,2026-09-19,28.7981,Estimated,Estimation interval (±20-30%),10772.4546,Estimated,Estimation interval (±20-30%),6.5281,Estimated,Estimation interval (±20-30%),9.1718,Estimated,Estimation interval (±20-30%),,Missing,Not available,,Missing,Not available,67.3973,Derived,Estimation interval (±20-30%),,Missing,Not available,,Missing,Not available,3.208
MKT-050_D011,MKT-050,Bengaluru,Yelahanka,Residential,Growth,D,11,20260919,2026-09-19,25.9201,Estimated,Estimation interval (±20-30%),7537.8034,Estimated,Estimation interval (±20-30%),6.5218,Estimated,Estimation interval (±20-30%),9.7421,Estimated,Estimation interval (±20-30%),,Missing,Not available,,Missing,Not available,55.1011,Derived,Estimation interval (±20-30%),,Missing,Not available,,Missing,Not available,4.1264
MKT-050_D012,MKT-050,Bengaluru,Yelahanka,Residential,Growth,D,12,20260919,2026-09-19,24.6781,Estimated,Estimation interval (±20-30%),8368.5879,Estimated,Estimation interval (±20-30%),6.5864,Estimated,Estimation interval (±20-30%),9.4594,Estimated,Estimation interval (±20-30%),,Missing,Not available,,Missing,Not available,60.8965,Derived,Estimation interval (±20-30%),,Missing,Not available,,Missing,Not available,3.5387
MKT-050_D013,MKT-050,Bengaluru,Yelahanka,Residential,Growth,D,13,20260919,2026-09-19,34.3064,Estimated,Estimation interval (±20-30%),10736.1959,Estimated,Estimation interval (±20-30%),6.6267,Estimated,Estimation interval (±20-30%),8.5281,Estimated,Estimation interval (±20-30%),,Missing,Not available,,Missing,Not available,64.1807,Derived,Estimation interval (±20-30%),,Missing,Not available,,Missing,Not available,3.8345
MKT-050_D014,MKT-050,Bengaluru,Yelahanka,Residential,Growth,D,14,20260919,2026-09-19,26.9391,Estimated,Estimation interval (±20-30%),8083.2181,Estimated,Estimation interval (±20-30%),10.2598,Estimated,Estimation interval (±20-30%),14.5582,Estimated,Estimation interval (±20-30%),,Missing,Not available,,Missing,Not available,62.8598,Derived,Estimation interval (±20-30%),,Missing,Not available,,Missing,Not available,3.9993
MKT-050_D015,MKT-050,Bengaluru,Yelahanka,Residential,Growth,D,15,20260919,2026-09-19,29.2002,Estimated,Estimation interval (±20-30%),8549.0379,Estimated,Estimation interval (±20-30%),8.5901,Estimated,Estimation interval (±20-30%),12.0912,Estimated,Estimation interval (±20-30%),,Missing,Not available,,Missing,Not available,69.4844,Derived,Estimation interval (±20-30%),,Missing,Not available,,Missing,Not available,4.0987
MKT-050_D016,MKT-050,Bengaluru,Yelahanka,Residential,Growth,D,16,20260919,2026-09-19,28.5761,Estimated,Estimation interval (±20-30%),8453.1351,Estimated,Estimation interval (±20-30%),7.8647,Estimated,Estimation interval (±20-30%),10.7608,Estimated,Estimation interval (±20-30%),,Missing,Not available,,Missing,Not available,63.8707,Derived,Estimation interval (±20-30%),,Missing,Not available,,Missing,Not available,4.0566
MKT-050_D017,MKT-050,Bengaluru,Yelahanka,Residential,Growth,D,17,20260919,2026-09-19,28.735,Estimated,Estimation interval (±20-30%),11508.6241,Estimated,Estimation interval (±20-30%),9.672,Estimated,Estimation interval (±20-30%),12.388,Estimated,Estimation interval (±20-30%),,Missing,Not available,,Missing,Not available,71.2051,Derived,Estimation interval (±20-30%),,Missing,Not available,,Missing,Not available,2.9962
MKT-050_D018,MKT-050,Bengaluru,Yelahanka,Residential,Growth,D,18,20260919,2026-09-19,27.4747,Estimated,Estimation interval (±20-30%),7181.0288,Estimated,Estimation interval (±20-30%),7.1782,Estimated,Estimation interval (±20-30%),14.1593,Estimated,Estimation interval (±20-30%),,Missing,Not available,,Missing,Not available,69.8338,Derived,Estimation interval (±20-30%),,Missing,Not available,,Missing,Not available,4.5912
MKT-050_D019,MKT-050,Bengaluru,Yelahanka,Residential,Growth,D,19,20260919,2026-09-19,31.4757,Estimated,Estimation interval (±20-30%),7878.8928,Estimated,Estimation interval (±20-30%),6.5527,Estimated,Estimation interval (±20-30%),6.0889,Estimated,Estimation interval (±20-30%),,Missing,Not available,,Missing,Not available,60.9881,Derived,Estimation interval (±20-30%),,Missing,Not available,,Missing,Not available,4.7939
MKT-050_D020,MKT-050,Bengaluru,Yelahanka,Residential,Growth,D,20,20260919,2026-09-19,28.6624,Estimated,Estimation interval (±20-30%),6822.5733,Estimated,Estimation interval (±20-30%),5.8841,Estimated,Estimation interval (±20-30%),12.9761,Estimated,Estimation interval (±20-30%),,Missing,Not available,,Missing,Not available,60.9899,Derived,Estimation interval (±20-30%),,Missing,Not available,,Missing,Not available,5.0413
MKT-050_D021,MKT-050,Bengaluru,Yelahanka,Residential,Growth,D,21,20260919,2026-09-19,27.3473,Estimated,Estimation interval (±20-30%),10192.1163,Estimated,Estimation interval (±20-30%),9.4418,Estimated,Estimation interval (±20-30%),10.5435,Estimated,Estimation interval (±20-30%),,Missing,Not available,,Missing,Not available,71.5457,Derived,Estimation interval (±20-30%),,Missing,Not available,,Missing,Not available,3.2198
MKT-050_D022,MKT-050,Bengaluru,Yelahanka,Residential,Growth,D,22,20260919,2026-09-19,28.4572,Estimated,Estimation interval (±20-30%),8554.2131,Estimated,Estimation interval (±20-30%),6.1357,Estimated,Estimation interval (±20-30%),12.2459,Estimated,Estimation interval (±20-30%),,Missing,Not available,,Missing,Not available,73.2575,Derived,Estimation interval (±20-30%),,Missing,Not available,,Missing,Not available,3.992
MKT-050_D023,MKT-050,Bengaluru,Yelahanka,Residential,Growth,D,23,20260919,2026-09-19,29.0564,Estimated,Estimation interval (±20-30%),7892.2917,Estimated,Estimation interval (±20-30%),5.3209,Estimated,Estimation interval (±20-30%),8.23,Estimated,Estimation interval (±20-30%),,Missing,Not available,,Missing,Not available,75.0679,Derived,Estimation interval (±20-30%),,Missing,Not available,,Missing,Not available,4.4179
MKT-050_D024,MKT-050,Bengaluru,Yelahanka,Residential,Growth,D,24,20260919,2026-09-19,24.157,Estimated,Estimation interval (±20-30%),7807.8356,Estimated,Estimation interval (±20-30%),10.3666,Estimated,Estimation interval (±20-30%),9.6953,Estimated,Estimation interval (±20-30%),,Missing,Not available,,Missing,Not available,75.7917,Derived,Estimation interval (±20-30%),,Missing,Not available,,Missing,Not available,3.7127
MKT-050_D025,MKT-050,Bengaluru,Yelahanka,Residential,Growth,D,25,20260919,2026-09-19,25.7335,Estimated,Estimation interval (±20-30%),10327.1585,Estimated,Estimation interval (±20-30%),7.4632,Estimated,Estimation interval (±20-30%),9.6424,Estimated,Estimation interval (±20-30%),,Missing,Not available,,Missing,Not available,63.7918,Derived,Estimation interval (±20-30%),,Missing,Not available,,Missing,Not available,2.9902
MKT-050_D026,MKT-050,Bengaluru,Yelahanka,Residential,Growth,D,26,20260919,2026-09-19,29.2706,Estimated,Estimation interval (±20-30%),8195.2996,Estimated,Estimation interval (±20-30%),8.0916,Estimated,Estimation interval (±20-30%),11.6617,Estimated,Estimation interval (±20-30%),,Missing,Not available,,Missing,Not available,60.2264,Derived,Estimation interval (±20-30%),,Missing,Not available,,Missing,Not available,4.286
MKT-050_D027,MKT-050,Bengaluru,Yelahanka,Residential,Growth,D,27,20260919,2026-09-19,30.8046,Estimated,Estimation interval (±20-30%),8658.0179,Estimated,Estimation interval (±20-30%),7.247,Estimated,Estimation interval (±20-30%),8.1168,Estimated,Estimation interval (±20-30%),,Missing,Not available,,Missing,Not available,69.2862,Derived,Estimation interval (±20-30%),,Missing,Not available,,Missing,Not available,4.2695
MKT-050_D028,MKT-050,Bengaluru,Yelahanka,Residential,Growth,D,28,20260919,2026-09-19,27.5518,Estimated,Estimation interval (±20-30%),10708.282,Estimated,Estimation interval (±20-30%),8.1462,Estimated,Estimation interval (±20-30%),9.4893,Estimated,Estimation interval (±20-30%),,Missing,Not available,,Missing,Not available,58.5267,Derived,Estimation interval (±20-30%),,Missing,Not available,,Missing,Not available,3.0875
MKT-050_D029,MKT-050,Bengaluru,Yelahanka,Residential,Growth,D,29,20260919,2026-09-19,33.0849,Estimated,Estimation interval (±20-30%),10472.5235,Estimated,Estimation interval (±20-30%),7.728,Estimated,Estimation interval (±20-30%),10.5049,Estimated,Estimation interval (±20-30%),,Missing,Not available,,Missing,Not available,64.1285,Derived,Estimation interval (±20-30%),,Missing,Not available,,Missing,Not available,3.7911
MKT-050_D030,MKT-050,Bengaluru,Yelahanka,Residential,Growth,D,30,20260919,2026-09-19,26.2159,Estimated,Estimation interval (±20-30%),7328.6335,Estimated,Estimation interval (±20-30%),7.8621,Estimated,Estimation interval (±20-30%),6.5407,Estimated,Estimation interval (±20-30%),,Missing,Not available,,Missing,Not available,64.85,Derived,Estimation interval (±20-30%),,Missing,Not available,,Missing,Not available,4.2926
MKT-050_D031,MKT-050,Bengaluru,Yelahanka,Residential,Growth,D,31,20260919,2026-09-19,29.005,Estimated,Estimation interval (±20-30%),8625.0304,Estimated,Estimation interval (±20-30%),9.6325,Estimated,Estimation interval (±20-30%),10.9747,Estimated,Estimation interval (±20-30%),,Missing,Not available,,Missing,Not available,65.2519,Derived,Estimation interval (±20-30%),,Missing,Not available,,Missing,Not available,4.0355
MKT-050_D032,MKT-050,Bengaluru,Yelahanka,Residential,Growth,D,32,20260919,2026-09-19,27.8176,Estimated,Estimation interval (±20-30%),6748.2838,Estimated,Estimation interval (±20-30%),8.4826,Estimated,Estimation interval (±20-30%),13.519,Estimated,Estimation interval (±20-30%),,Missing,Not available,,Missing,Not available,66.5186,Derived,Estimation interval (±20-30%),,Missing,Not available,,Missing,Not available,4.9466
MKT-050_D033,MKT-050,Bengaluru,Yelahanka,Residential,Growth,D,33,20260919,2026-09-19,24.557,Estimated,Estimation interval (±20-30%),6430.3442,Estimated,Estimation interval (±20-30%),9.5649,Estimated,Estimation interval (±20-30%),10.5785,Estimated,Estimation interval (±20-30%),,Missing,Not available,,Missing,Not available,67.2392,Derived,Estimation interval (±20-30%),,Missing,Not available,,Missing,Not available,4.5827
MKT-050_D034,MKT-050,Bengaluru,Yelahanka,Residential,Growth,D,34,20260919,2026-09-19,34.2627,Estimated,Estimation interval (±20-30%),6150.7788,Estimated,Estimation interval (±20-30%),7.728,Estimated,Estimation interval (±20-30%),7.4723,Estimated,Estimation interval (±20-30%),,Missing,Not available,,Missing,Not available,70.6891,Derived,Estimation interval (±20-30%),,Missing,Not available,,Missing,Not available,6.6846
MKT-050_D035,MKT-050,Bengaluru,Yelahanka,Residential,Growth,D,35,20260919,2026-09-19,25.8131,Estimated,Estimation interval (±20-30%),10093.7856,Estimated,Estimation interval (±20-30%),7.5449,Estimated,Estimation interval (±20-30%),8.533,Estimated,Estimation interval (±20-30%),,Missing,Not available,,Missing,Not available,75.9896,Derived,Estimation interval (±20-30%),,Missing,Not available,,Missing,Not available,3.0688
MKT-050_D036,MKT-050,Bengaluru,Yelahanka,Residential,Growth,D,36,20260919,2026-09-19,28.4855,Estimated,Estimation interval (±20-30%),5804.0913,Estimated,Estimation interval (±20-30%),7.4513,Estimated,Estimation interval (±20-30%),9.5291,Estimated,Estimation interval (±20-30%),,Missing,Not available,,Missing,Not available,67.8698,Derived,Estimation interval (±20-30%),,Missing,Not available,,Missing,Not available,5.8894
MKT-050_D037,MKT-050,Bengaluru,Yelahanka,Residential,Growth,D,37,20260919,2026-09-19,28.114,Estimated,Estimation interval (±20-30%),9033.7373,Estimated,Estimation interval (±20-30%),4.8862,Estimated,Estimation interval (±20-30%),10.422,Estimated,Estimation interval (±20-30%),,Missing,Not available,,Missing,Not available,55.4444,Derived,Estimation interval (±20-30%),,Missing,Not available,,Missing,Not available,3.7345
MKT-050_D038,MKT-050,Bengaluru,Yelahanka,Residential,Growth,D,38,20260919,2026-09-19,31.5086,Estimated,Estimation interval (±20-30%),7877.1106,Estimated,Estimation interval (±20-30%),8.3641,Estimated,Estimation interval (±20-30%),8.9478,Estimated,Estimation interval (±20-30%),,Missing,Not available,,Missing,Not available,55.7617,Derived,Estimation interval (±20-30%),,Missing,Not available,,Missing,Not available,4.8
MKT-050_D039,MKT-050,Bengaluru,Yelahanka,Residential,Growth,D,39,20260919,2026-09-19,27.1033,Estimated,Estimation interval (±20-30%),9062.1246,Estimated,Estimation interval (±20-30%),6.7316,Estimated,Estimation interval (±20-30%),13.9083,Estimated,Estimation interval (±20-30%),,Missing,Not available,,Missing,Not available,64.1122,Derived,Estimation interval (±20-30%),,Missing,Not available,,Missing,Not available,3.589
MKT-050_D040,MKT-050,Bengaluru,Yelahanka,Residential,Growth,D,40,20260919,2026-09-19,31.9425,Estimated,Estimation interval (±20-30%),10005.5029,Estimated,Estimation interval (±20-30%),8.6866,Estimated,Estimation interval (±20-30%),12.3099,Estimated,Estimation interval (±20-30%),,Missing,Not available,,Missing,Not available,63.8066,Derived,Estimation interval (±20-30%),,Missing,Not available,,Missing,Not available,3.831