obs_id,market_id,city,locality,property_type,locality_class,city_tier,confidence_grade,draw_number,seed,generator_version,date_generated,monthly_rent_psf,sale_price_psf,gross_yield_pct,rental_growth_pct,capital_growth_pct,occupancy_pct,vacancy_pct,demand_score,market_risk_score
MKT-001_D001,MKT-001,Mumbai,Bandra Kurla Complex,Commercial Office,Premium,1,B,1,20260919,2.0.0,2026-09-19,194.9572,35041.4405,6.6763,6.762,7.8761,94.4091,5.5909,79.3402,25.1808
MKT-001_D002,MKT-001,Mumbai,Bandra Kurla Complex,Commercial Office,Premium,1,B,2,20260919,2.0.0,2026-09-19,182.5224,33307.312,6.5759,6.8812,7.0232,89.1583,10.8417,72.0405,25.8932
MKT-001_D003,MKT-001,Mumbai,Bandra Kurla Complex,Commercial Office,Premium,1,B,3,20260919,2.0.0,2026-09-19,201.9783,35468.8804,6.8334,7.5709,9.6794,93.6627,6.3373,80.0765,26.2598
MKT-001_D004,MKT-001,Mumbai,Bandra Kurla Complex,Commercial Office,Premium,1,B,4,20260919,2.0.0,2026-09-19,191.2434,29872.8572,7.6823,5.4551,6.9468,88.4158,11.5842,67.2571,29.0194
MKT-001_D005,MKT-001,Mumbai,Bandra Kurla Complex,Commercial Office,Premium,1,B,5,20260919,2.0.0,2026-09-19,182.7566,29573.2769,7.4157,5.8664,10.5773,88.6936,11.3064,73.4578,26.9003
MKT-001_D006,MKT-001,Mumbai,Bandra Kurla Complex,Commercial Office,Premium,1,B,6,20260919,2.0.0,2026-09-19,197.6147,38559.1273,6.15,8.8635,10.7634,95.5702,4.4298,83.4776,22.2581
MKT-001_D007,MKT-001,Mumbai,Bandra Kurla Complex,Commercial Office,Premium,1,B,7,20260919,2.0.0,2026-09-19,201.8307,34708.8164,6.978,7.4182,8.2226,90.6151,9.3849,77.4424,23.5974
MKT-001_D008,MKT-001,Mumbai,Bandra Kurla Complex,Commercial Office,Premium,1,B,8,20260919,2.0.0,2026-09-19,190.6714,34435.793,6.6444,8.7007,7.703,89.6479,10.3521,69.7211,25.3181
MKT-001_D009,MKT-001,Mumbai,Bandra Kurla Complex,Commercial Office,Premium,1,B,9,20260919,2.0.0,2026-09-19,185.4535,32409.6286,6.8666,7.2055,8.0845,89.1943,10.8057,72.7289,26.3452
MKT-001_D010,MKT-001,Mumbai,Bandra Kurla Complex,Commercial Office,Premium,1,B,10,20260919,2.0.0,2026-09-19,183.6655,32306.9428,6.822,8.9112,11.4317,88.4168,11.5832,80.2462,26.3105
MKT-001_D011,MKT-001,Mumbai,Bandra Kurla Complex,Commercial Office,Premium,1,B,11,20260919,2.0.0,2026-09-19,181.7557,31765.9248,6.8661,8.4417,9.3283,90.3721,9.6279,80.1775,27.5165
MKT-001_D012,MKT-001,Mumbai,Bandra Kurla Complex,Commercial Office,Premium,1,B,12,20260919,2.0.0,2026-09-19,181.0978,29341.8777,7.4064,6.6243,8.7294,87.0197,12.9803,69.1674,28.7752
MKT-001_D013,MKT-001,Mumbai,Bandra Kurla Complex,Commercial Office,Premium,1,B,13,20260919,2.0.0,2026-09-19,196.4511,33795.5998,6.9755,6.9298,9.2457,92.6054,7.3946,82.5568,23.0297
MKT-001_D014,MKT-001,Mumbai,Bandra Kurla Complex,Commercial Office,Premium,1,B,14,20260919,2.0.0,2026-09-19,183.6793,31610.8605,6.9728,6.5608,7.3044,90.2951,9.7049,74.7642,23.7576
MKT-001_D015,MKT-001,Mumbai,Bandra Kurla Complex,Commercial Office,Premium,1,B,15,20260919,2.0.0,2026-09-19,188.1166,35275.8782,6.3993,8.7501,10.5706,88.4131,11.5869,75.4202,23.6372
MKT-001_D016,MKT-001,Mumbai,Bandra Kurla Complex,Commercial Office,Premium,1,B,16,20260919,2.0.0,2026-09-19,196.3015,32783.8672,7.1853,5.9252,6.9805,89.9015,10.0985,74.6965,28.4244
MKT-001_D017,MKT-001,Mumbai,Bandra Kurla Complex,Commercial Office,Premium,1,B,17,20260919,2.0.0,2026-09-19,180.52,31603.596,6.8544,7.1911,7.8168,91.6317,8.3683,71.3494,28.5549
MKT-001_D018,MKT-001,Mumbai,Bandra Kurla Complex,Commercial Office,Premium,1,B,18,20260919,2.0.0,2026-09-19,198.8565,32644.9567,7.3098,6.5496,5.3336,91.6084,8.3916,78.6305,23.7561
MKT-001_D019,MKT-001,Mumbai,Bandra Kurla Complex,Commercial Office,Premium,1,B,19,20260919,2.0.0,2026-09-19,188.1378,32101.2821,7.0329,7.198,7.0543,87.0162,12.9838,72.6543,27.1467
MKT-001_D020,MKT-001,Mumbai,Bandra Kurla Complex,Commercial Office,Premium,1,B,20,20260919,2.0.0,2026-09-19,184.2935,31053.6516,7.1216,6.1696,6.4212,91.8576,8.1424,69.3616,28.3773
MKT-001_D021,MKT-001,Mumbai,Bandra Kurla Complex,Commercial Office,Premium,1,B,21,20260919,2.0.0,2026-09-19,174.7355,32191.0691,6.5137,7.3406,7.7138,87.6138,12.3862,74.2487,26.6399
MKT-001_D022,MKT-001,Mumbai,Bandra Kurla Complex,Commercial Office,Premium,1,B,22,20260919,2.0.0,2026-09-19,180.0882,30984.7017,6.9746,9.2811,8.5885,92.9084,7.0916,78.7675,25.9468
MKT-001_D023,MKT-001,Mumbai,Bandra Kurla Complex,Commercial Office,Premium,1,B,23,20260919,2.0.0,2026-09-19,190.7033,32328.8604,7.0786,4.7858,8.2704,93.1962,6.8038,72.9815,23.2351
MKT-001_D024,MKT-001,Mumbai,Bandra Kurla Complex,Commercial Office,Premium,1,B,24,20260919,2.0.0,2026-09-19,178.3954,31317.9097,6.8355,6.3125,8.7841,92.0759,7.9241,77.2548,23.585
MKT-001_D025,MKT-001,Mumbai,Bandra Kurla Complex,Commercial Office,Premium,1,B,25,20260919,2.0.0,2026-09-19,185.0224,29238.8905,7.5935,6.9252,8.7329,87.3784,12.6216,73.2334,26.626
MKT-001_D026,MKT-001,Mumbai,Bandra Kurla Complex,Commercial Office,Premium,1,B,26,20260919,2.0.0,2026-09-19,183.7838,29113.282,7.5753,8.405,10.0482,90.3818,9.6182,75.6371,27.8503
MKT-001_D027,MKT-001,Mumbai,Bandra Kurla Complex,Commercial Office,Premium,1,B,27,20260919,2.0.0,2026-09-19,175.0824,29329.8077,7.1633,4.2789,7.961,87.6181,12.3819,74.7884,25.2729
MKT-001_D028,MKT-001,Mumbai,Bandra Kurla Complex,Commercial Office,Premium,1,B,28,20260919,2.0.0,2026-09-19,183.3368,30508.3623,7.2113,6.9778,9.726,86.2706,13.7294,79.7897,28.665
MKT-001_D029,MKT-001,Mumbai,Bandra Kurla Complex,Commercial Office,Premium,1,B,29,20260919,2.0.0,2026-09-19,206.671,36087.7844,6.8723,8.2715,11.2172,93.3508,6.6492,82.8373,22.1593
MKT-001_D030,MKT-001,Mumbai,Bandra Kurla Complex,Commercial Office,Premium,1,B,30,20260919,2.0.0,2026-09-19,180.7776,33876.3373,6.4037,9.186,11.3664,94.5019,5.4981,76.1892,25.3411
MKT-001_D031,MKT-001,Mumbai,Bandra Kurla Complex,Commercial Office,Premium,1,B,31,20260919,2.0.0,2026-09-19,193.749,36991.1187,6.2853,8.3612,11.4802,95.0465,4.9535,82.1685,22.2318
MKT-001_D032,MKT-001,Mumbai,Bandra Kurla Complex,Commercial Office,Premium,1,B,32,20260919,2.0.0,2026-09-19,188.8518,32388.5491,6.997,8.1204,7.037,91.2918,8.7082,72.4719,29.0098
MKT-001_D033,MKT-001,Mumbai,Bandra Kurla Complex,Commercial Office,Premium,1,B,33,20260919,2.0.0,2026-09-19,189.8773,31697.4045,7.1884,6.1531,7.9683,89.4493,10.5507,77.62,26.1855
MKT-001_D034,MKT-001,Mumbai,Bandra Kurla Complex,Commercial Office,Premium,1,B,34,20260919,2.0.0,2026-09-19,199.8737,36647.7497,6.5447,5.7757,7.5809,91.0792,8.9208,69.8776,27.5207
MKT-001_D035,MKT-001,Mumbai,Bandra Kurla Complex,Commercial Office,Premium,1,B,35,20260919,2.0.0,2026-09-19,191.5734,33520.3291,6.8582,7.3927,8.2527,92.2387,7.7613,74.7778,24.3839
MKT-001_D036,MKT-001,Mumbai,Bandra Kurla Complex,Commercial Office,Premium,1,B,36,20260919,2.0.0,2026-09-19,188.7276,33733.9473,6.7135,8.0771,8.208,88.4233,11.5767,80.3874,23.6024
MKT-001_D037,MKT-001,Mumbai,Bandra Kurla Complex,Commercial Office,Premium,1,B,37,20260919,2.0.0,2026-09-19,194.2547,36713.2926,6.3494,8.5247,8.9574,93.2186,6.7814,79.1321,24.0282
MKT-001_D038,MKT-001,Mumbai,Bandra Kurla Complex,Commercial Office,Premium,1,B,38,20260919,2.0.0,2026-09-19,186.4415,31146.0711,7.1832,6.8241,9.8177,89.5786,10.4214,72.707,25.3719
MKT-001_D039,MKT-001,Mumbai,Bandra Kurla Complex,Commercial Office,Premium,1,B,39,20260919,2.0.0,2026-09-19,196.0168,34499.7618,6.818,7.5162,9.1938,93.6132,6.3868,79.4656,25.4586
MKT-001_D040,MKT-001,Mumbai,Bandra Kurla Complex,Commercial Office,Premium,1,B,40,20260919,2.0.0,2026-09-19,177.5497,31250.8631,6.8177,9.873,10.2979,91.8449,8.1551,82.0916,26.4189
MKT-001_D041,MKT-001,Mumbai,Bandra Kurla Complex,Commercial Office,Premium,1,B,41,20260919,2.0.0,2026-09-19,177.9257,28553.9591,7.4774,5.5382,7.2597,89.8868,10.1132,68.9293,25.9422
MKT-001_D042,MKT-001,Mumbai,Bandra Kurla Complex,Commercial Office,Premium,1,B,42,20260919,2.0.0,2026-09-19,185.0893,33658.9275,6.5988,8.7738,8.352,93.1128,6.8872,76.8741,22.8271
MKT-001_D043,MKT-001,Mumbai,Bandra Kurla Complex,Commercial Office,Premium,1,B,43,20260919,2.0.0,2026-09-19,182.9634,31399.4266,6.9924,6.2237,7.6128,90.0852,9.9148,71.7228,26.9588
MKT-001_D044,MKT-001,Mumbai,Bandra Kurla Complex,Commercial Office,Premium,1,B,44,20260919,2.0.0,2026-09-19,191.6499,34584.543,6.6498,6.9198,7.8016,90.9705,9.0295,76.0703,24.549
MKT-001_D045,MKT-001,Mumbai,Bandra Kurla Complex,Commercial Office,Premium,1,B,45,20260919,2.0.0,2026-09-19,195.6031,34244.8511,6.8543,6.5143,7.592,90.7687,9.2313,70.0764,26.5801
MKT-001_D046,MKT-001,Mumbai,Bandra Kurla Complex,Commercial Office,Premium,1,B,46,20260919,2.0.0,2026-09-19,188.951,33803.8574,6.7076,7.7335,10.9081,90.8741,9.1259,80.2357,23.3187
MKT-001_D047,MKT-001,Mumbai,Bandra Kurla Complex,Commercial Office,Premium,1,B,47,20260919,2.0.0,2026-09-19,180.3088,29142.5135,7.4246,6.7324,7.587,92.7911,7.2089,75.2462,26.6047
MKT-001_D048,MKT-001,Mumbai,Bandra Kurla Complex,Commercial Office,Premium,1,B,48,20260919,2.0.0,2026-09-19,196.8516,34443.3709,6.8583,7.5831,8.4853,92.6573,7.3427,79.0139,26.2357
MKT-001_D049,MKT-001,Mumbai,Bandra Kurla Complex,Commercial Office,Premium,1,B,49,20260919,2.0.0,2026-09-19,189.6306,32580.0118,6.9846,7.4319,8.9339,89.4353,10.5647,75.0359,29.3037
MKT-001_D050,MKT-001,Mumbai,Bandra Kurla Complex,Commercial Office,Premium,1,B,50,20260919,2.0.0,2026-09-19,202.1014,37587.6415,6.4522,8.0945,10.4048,91.8876,8.1124,81.4679,22.7461
MKT-001_D051,MKT-001,Mumbai,Bandra Kurla Complex,Commercial Office,Premium,1,B,51,20260919,2.0.0,2026-09-19,205.2319,37891.8191,6.4995,9.3985,9.5587,94.0867,5.9133,80.5291,22.6046
MKT-001_D052,MKT-001,Mumbai,Bandra Kurla Complex,Commercial Office,Premium,1,B,52,20260919,2.0.0,2026-09-19,178.1939,26362.8644,8.1111,7.7154,7.4515,90.7411,9.2589,75.9633,26.5434
MKT-001_D053,MKT-001,Mumbai,Bandra Kurla Complex,Commercial Office,Premium,1,B,53,20260919,2.0.0,2026-09-19,198.7948,32709.5572,7.2931,6.6732,7.0347,92.5415,7.4585,77.0899,26.0553
MKT-001_D054,MKT-001,Mumbai,Bandra Kurla Complex,Commercial Office,Premium,1,B,54,20260919,2.0.0,2026-09-19,183.8298,31666.7971,6.9662,7.3054,8.4778,90.8397,9.1603,74.4051,25.2331
MKT-001_D055,MKT-001,Mumbai,Bandra Kurla Complex,Commercial Office,Premium,1,B,55,20260919,2.0.0,2026-09-19,186.3185,37576.8133,5.95,7.6643,10.2697,89.7246,10.2754,77.3983,24.9503
MKT-001_D056,MKT-001,Mumbai,Bandra Kurla Complex,Commercial Office,Premium,1,B,56,20260919,2.0.0,2026-09-19,196.4167,35262.7967,6.6841,7.3606,7.498,89.588,10.412,70.7166,24.8327
MKT-001_D057,MKT-001,Mumbai,Bandra Kurla Complex,Commercial Office,Premium,1,B,57,20260919,2.0.0,2026-09-19,202.2411,38000.9909,6.3864,6.9922,8.0577,91.5393,8.4607,73.1132,23.6123
MKT-001_D058,MKT-001,Mumbai,Bandra Kurla Complex,Commercial Office,Premium,1,B,58,20260919,2.0.0,2026-09-19,195.3893,34413.8296,6.8132,8.0512,9.4864,93.8244,6.1756,80.5129,22.9794
MKT-001_D059,MKT-001,Mumbai,Bandra Kurla Complex,Commercial Office,Premium,1,B,59,20260919,2.0.0,2026-09-19,189.471,34601.5702,6.571,8.6627,11.2097,95.2276,4.7724,79.6787,22.0553
MKT-001_D060,MKT-001,Mumbai,Bandra Kurla Complex,Commercial Office,Premium,1,B,60,20260919,2.0.0,2026-09-19,177.9534,30350.6091,7.0359,8.089,5.7635,89.7646,10.2354,70.1165,26.8833
MKT-001_D061,MKT-001,Mumbai,Bandra Kurla Complex,Commercial Office,Premium,1,B,61,20260919,2.0.0,2026-09-19,192.8021,34732.0131,6.6614,8.1046,9.8323,91.8597,8.1403,75.4674,25.9825
MKT-001_D062,MKT-001,Mumbai,Bandra Kurla Complex,Commercial Office,Premium,1,B,62,20260919,2.0.0,2026-09-19,192.8578,37791.9149,6.1238,7.3609,7.0991,91.8355,8.1645,76.0842,25.8836
MKT-001_D063,MKT-001,Mumbai,Bandra Kurla Complex,Commercial Office,Premium,1,B,63,20260919,2.0.0,2026-09-19,182.423,31496.7782,6.9502,5.9191,5.3988,87.1726,12.8274,71.1107,26.4851
MKT-001_D064,MKT-001,Mumbai,Bandra Kurla Complex,Commercial Office,Premium,1,B,64,20260919,2.0.0,2026-09-19,181.7832,29400.2192,7.4197,5.6257,7.3205,91.0474,8.9526,71.104,27.8687
MKT-001_D065,MKT-001,Mumbai,Bandra Kurla Complex,Commercial Office,Premium,1,B,65,20260919,2.0.0,2026-09-19,196.6389,29792.9843,7.9202,7.5986,8.5421,93.0157,6.9843,72.3288,28.2014
MKT-001_D066,MKT-001,Mumbai,Bandra Kurla Complex,Commercial Office,Premium,1,B,66,20260919,2.0.0,2026-09-19,176.7766,31260.9288,6.7858,7.2458,9.59,90.1539,9.8461,75.9655,28.0639
MKT-001_D067,MKT-001,Mumbai,Bandra Kurla Complex,Commercial Office,Premium,1,B,67,20260919,2.0.0,2026-09-19,201.3787,33561.6311,7.2003,6.4354,9.4499,90.4524,9.5476,77.0906,24.5099
MKT-001_D068,MKT-001,Mumbai,Bandra Kurla Complex,Commercial Office,Premium,1,B,68,20260919,2.0.0,2026-09-19,185.0478,31990.4541,6.9414,9.2246,8.5777,93.5496,6.4504,76.7817,26.3213
MKT-001_D069,MKT-001,Mumbai,Bandra Kurla Complex,Commercial Office,Premium,1,B,69,20260919,2.0.0,2026-09-19,185.0836,32833.4294,6.7645,7.6879,6.2984,92.6475,7.3525,73.9561,24.7006
MKT-001_D070,MKT-001,Mumbai,Bandra Kurla Complex,Commercial Office,Premium,1,B,70,20260919,2.0.0,2026-09-19,180.5269,30340.0675,7.1401,7.5349,9.5697,93.2886,6.7114,78.2305,24.8444
MKT-001_D071,MKT-001,Mumbai,Bandra Kurla Complex,Commercial Office,Premium,1,B,71,20260919,2.0.0,2026-09-19,197.832,31441.046,7.5506,8.9218,8.7578,87.7235,12.2765,76.1222,28.1311
MKT-001_D072,MKT-001,Mumbai,Bandra Kurla Complex,Commercial Office,Premium,1,B,72,20260919,2.0.0,2026-09-19,206.0951,37442.8074,6.6051,7.6008,11.5315,92.1212,7.8788,77.6318,24.9275
MKT-001_D073,MKT-001,Mumbai,Bandra Kurla Complex,Commercial Office,Premium,1,B,73,20260919,2.0.0,2026-09-19,179.4439,29408.5579,7.3221,5.421,7.5961,91.1688,8.8312,69.2666,28.1431
MKT-001_D074,MKT-001,Mumbai,Bandra Kurla Complex,Commercial Office,Premium,1,B,74,20260919,2.0.0,2026-09-19,178.4028,31182.2455,6.8656,7.8547,8.0029,92.6744,7.3256,76.1006,23.4103
MKT-001_D075,MKT-001,Mumbai,Bandra Kurla Complex,Commercial Office,Premium,1,B,75,20260919,2.0.0,2026-09-19,202.0242,32998.0443,7.3468,5.729,9.1728,91.73,8.27,77.8941,25.4184
MKT-001_D076,MKT-001,Mumbai,Bandra Kurla Complex,Commercial Office,Premium,1,B,76,20260919,2.0.0,2026-09-19,185.4538,29494.0742,7.5454,7.9678,9.7696,91.6538,8.3462,79.2425,27.738
MKT-002_D001,MKT-002,Mumbai,Andheri East (MIDC),Commercial Office,Established,1,B,1,20260919,2.0.0,2026-09-19,91.246,12683.4378,8.6329,6.0402,7.0899,87.0639,12.9361,65.8176,36.0495
MKT-002_D002,MKT-002,Mumbai,Andheri East (MIDC),Commercial Office,Established,1,B,2,20260919,2.0.0,2026-09-19,104.3532,14903.4956,8.4023,3.9626,4.2002,86.997,13.003,62.7322,36.2208
MKT-002_D003,MKT-002,Mumbai,Andheri East (MIDC),Commercial Office,Established,1,B,3,20260919,2.0.0,2026-09-19,91.6417,13742.4939,8.0022,4.7383,7.3518,84.2283,15.7717,62.2071,36.8279
MKT-002_D004,MKT-002,Mumbai,Andheri East (MIDC),Commercial Office,Established,1,B,4,20260919,2.0.0,2026-09-19,107.6753,14842.0168,8.7057,4.215,6.1319,87.2359,12.7641,66.0962,32.5658
MKT-002_D005,MKT-002,Mumbai,Andheri East (MIDC),Commercial Office,Established,1,B,5,20260919,2.0.0,2026-09-19,108.3865,16935.6514,7.6799,6.0243,7.6656,88.6329,11.3671,69.8057,32.3308
MKT-002_D006,MKT-002,Mumbai,Andheri East (MIDC),Commercial Office,Established,1,B,6,20260919,2.0.0,2026-09-19,97.671,15041.0172,7.7924,5.8819,7.5888,86.4104,13.5896,66.8316,32.175
MKT-002_D007,MKT-002,Mumbai,Andheri East (MIDC),Commercial Office,Established,1,B,7,20260919,2.0.0,2026-09-19,94.529,13709.3942,8.2742,6.7099,7.5955,89.2918,10.7082,64.1726,36.6324
MKT-002_D008,MKT-002,Mumbai,Andheri East (MIDC),Commercial Office,Established,1,B,8,20260919,2.0.0,2026-09-19,95.905,14187.0317,8.1121,5.0568,6.7852,88.3641,11.6359,63.9037,35.6123
MKT-002_D009,MKT-002,Mumbai,Andheri East (MIDC),Commercial Office,Established,1,B,9,20260919,2.0.0,2026-09-19,102.4555,15707.3483,7.8273,6.2951,9.5358,86.7967,13.2033,66.6357,36.8987
MKT-002_D010,MKT-002,Mumbai,Andheri East (MIDC),Commercial Office,Established,1,B,10,20260919,2.0.0,2026-09-19,95.3071,14623.7869,7.8207,6.7992,6.8474,89.4476,10.5524,67.6007,32.0144
MKT-002_D011,MKT-002,Mumbai,Andheri East (MIDC),Commercial Office,Established,1,B,11,20260919,2.0.0,2026-09-19,100.9263,15039.7011,8.0528,5.4964,5.5099,86.2705,13.7295,63.1174,37.0416
MKT-002_D012,MKT-002,Mumbai,Andheri East (MIDC),Commercial Office,Established,1,B,12,20260919,2.0.0,2026-09-19,87.1819,14036.0952,7.4535,4.7765,7.6038,88.3657,11.6343,67.2542,32.8558
MKT-002_D013,MKT-002,Mumbai,Andheri East (MIDC),Commercial Office,Established,1,B,13,20260919,2.0.0,2026-09-19,91.8566,15392.5695,7.1611,6.2697,8.3793,88.8061,11.1939,69.0133,32.7063
MKT-002_D014,MKT-002,Mumbai,Andheri East (MIDC),Commercial Office,Established,1,B,14,20260919,2.0.0,2026-09-19,92.963,14051.0602,7.9393,5.0839,7.3226,83.3306,16.6694,62.1582,37.1657
MKT-002_D015,MKT-002,Mumbai,Andheri East (MIDC),Commercial Office,Established,1,B,15,20260919,2.0.0,2026-09-19,99.7262,14940.7715,8.0097,4.2438,5.6755,85.5042,14.4958,64.2054,35.2495
MKT-002_D016,MKT-002,Mumbai,Andheri East (MIDC),Commercial Office,Established,1,B,16,20260919,2.0.0,2026-09-19,89.6467,11710.5904,9.1862,3.7296,5.8701,80.7708,19.2292,60.1955,37.6153
MKT-002_D017,MKT-002,Mumbai,Andheri East (MIDC),Commercial Office,Established,1,B,17,20260919,2.0.0,2026-09-19,91.5595,14049.0267,7.8206,4.3467,6.4004,86.9685,13.0315,64.3281,33.669
MKT-002_D018,MKT-002,Mumbai,Andheri East (MIDC),Commercial Office,Established,1,B,18,20260919,2.0.0,2026-09-19,109.9811,17199.3648,7.6734,6.6563,8.2614,88.8432,11.1568,70.124,35.5771
MKT-002_D019,MKT-002,Mumbai,Andheri East (MIDC),Commercial Office,Established,1,B,19,20260919,2.0.0,2026-09-19,111.6974,17357.5557,7.7221,5.5856,8.1695,83.0723,16.9277,65.5417,34.8121
MKT-002_D020,MKT-002,Mumbai,Andheri East (MIDC),Commercial Office,Established,1,B,20,20260919,2.0.0,2026-09-19,98.5469,14506.1085,8.1522,5.4009,7.6166,82.0995,17.9005,62.1223,37.057
MKT-002_D021,MKT-002,Mumbai,Andheri East (MIDC),Commercial Office,Established,1,B,21,20260919,2.0.0,2026-09-19,91.3474,13774.0729,7.9582,7.0521,9.4979,89.5542,10.4458,70.2608,33.9939
MKT-002_D022,MKT-002,Mumbai,Andheri East (MIDC),Commercial Office,Established,1,B,22,20260919,2.0.0,2026-09-19,88.4489,13507.8978,7.8575,6.5612,5.8917,87.7249,12.2751,61.4538,37.4665
MKT-002_D023,MKT-002,Mumbai,Andheri East (MIDC),Commercial Office,Established,1,B,23,20260919,2.0.0,2026-09-19,89.9011,13520.3785,7.9792,6.4569,7.1008,84.6052,15.3948,67.9179,34.8578
MKT-002_D024,MKT-002,Mumbai,Andheri East (MIDC),Commercial Office,Established,1,B,24,20260919,2.0.0,2026-09-19,89.3726,12593.7152,8.5159,5.3292,5.8269,86.9333,13.0667,68.1149,35.4773
MKT-002_D025,MKT-002,Mumbai,Andheri East (MIDC),Commercial Office,Established,1,B,25,20260919,2.0.0,2026-09-19,106.7214,16751.8128,7.6449,6.5089,7.4571,82.9807,17.0193,64.0849,34.4802
MKT-002_D026,MKT-002,Mumbai,Andheri East (MIDC),Commercial Office,Established,1,B,26,20260919,2.0.0,2026-09-19,93.3751,13313.658,8.4162,5.7125,8.7303,88.0732,11.9268,66.7964,36.0751
MKT-002_D027,MKT-002,Mumbai,Andheri East (MIDC),Commercial Office,Established,1,B,27,20260919,2.0.0,2026-09-19,100.5787,15133.7356,7.9752,6.4172,7.3003,80.726,19.274,66.9841,36.2172
MKT-002_D028,MKT-002,Mumbai,Andheri East (MIDC),Commercial Office,Established,1,B,28,20260919,2.0.0,2026-09-19,94.3072,14390.5833,7.8641,5.0549,6.2533,92.8459,7.1541,67.5214,30.8028
MKT-002_D029,MKT-002,Mumbai,Andheri East (MIDC),Commercial Office,Established,1,B,29,20260919,2.0.0,2026-09-19,89.0905,14055.4069,7.6062,6.9791,6.7012,87.8212,12.1788,70.2431,33.5771
MKT-002_D030,MKT-002,Mumbai,Andheri East (MIDC),Commercial Office,Established,1,B,30,20260919,2.0.0,2026-09-19,95.6399,13821.8509,8.3034,3.871,6.8106,83.5397,16.4603,67.9199,33.49
MKT-002_D031,MKT-002,Mumbai,Andheri East (MIDC),Commercial Office,Established,1,B,31,20260919,2.0.0,2026-09-19,108.7269,16684.4494,7.82,6.9499,9.5126,89.9161,10.0839,74.7762,18.7135
MKT-002_D032,MKT-002,Mumbai,Andheri East (MIDC),Commercial Office,Established,1,B,32,20260919,2.0.0,2026-09-19,91.4219,14259.9361,7.6933,6.1872,5.8788,89.3693,10.6307,59.8847,34.4734
MKT-002_D033,MKT-002,Mumbai,Andheri East (MIDC),Commercial Office,Established,1,B,33,20260919,2.0.0,2026-09-19,103.3823,15972.5254,7.767,7.1994,8.3473,88.5919,11.4081,65.0663,32.9637
MKT-002_D034,MKT-002,Mumbai,Andheri East (MIDC),Commercial Office,Established,1,B,34,20260919,2.0.0,2026-09-19,114.1438,18588.0822,7.3688,5.5096,7.0736,93.2609,6.7391,70.9335,28.6066
MKT-002_D035,MKT-002,Mumbai,Andheri East (MIDC),Commercial Office,Established,1,B,35,20260919,2.0.0,2026-09-19,95.6922,14300.7217,8.0297,6.2081,8.1769,83.5128,16.4872,68.5,32.4022
MKT-002_D036,MKT-002,Mumbai,Andheri East (MIDC),Commercial Office,Established,1,B,36,20260919,2.0.0,2026-09-19,104.7414,16774.7383,7.4928,4.7594,6.1118,91.2929,8.7071,66.0036,32.3592
MKT-002_D037,MKT-002,Mumbai,Andheri East (MIDC),Commercial Office,Established,1,B,37,20260919,2.0.0,2026-09-19,87.2814,12082.8481,8.6683,5.1966,5.8969,81.8181,18.1819,61.8501,38.3117
MKT-002_D038,MKT-002,Mumbai,Andheri East (MIDC),Commercial Office,Established,1,B,38,20260919,2.0.0,2026-09-19,100.1373,14634.008,8.2113,4.5385,8.4103,87.7359,12.2641,67.7178,33.4919
MKT-002_D039,MKT-002,Mumbai,Andheri East (MIDC),Commercial Office,Established,1,B,39,20260919,2.0.0,2026-09-19,96.5666,15130.2701,7.6588,4.7478,6.4694,86.0777,13.9223,61.1517,36.1983
MKT-002_D040,MKT-002,Mumbai,Andheri East (MIDC),Commercial Office,Established,1,B,40,20260919,2.0.0,2026-09-19,85.3939,12160.3808,8.4268,6.3533,7.9415,85.3361,14.6639,67.5993,37.8721
MKT-002_D041,MKT-002,Mumbai,Andheri East (MIDC),Commercial Office,Established,1,B,41,20260919,2.0.0,2026-09-19,111.8278,18238.4131,7.3577,6.1117,8.6968,93.2767,6.7233,74.6902,28.2805
MKT-002_D042,MKT-002,Mumbai,Andheri East (MIDC),Commercial Office,Established,1,B,42,20260919,2.0.0,2026-09-19,100.5381,14424.3479,8.364,5.9577,7.8759,87.4156,12.5844,65.4684,37.0194
MKT-002_D043,MKT-002,Mumbai,Andheri East (MIDC),Commercial Office,Established,1,B,43,20260919,2.0.0,2026-09-19,99.3199,13992.4491,8.5177,6.3298,6.6474,86.1933,13.8067,68.0713,34.1122
MKT-002_D044,MKT-002,Mumbai,Andheri East (MIDC),Commercial Office,Established,1,B,44,20260919,2.0.0,2026-09-19,107.4868,17586.4265,7.3343,7.1503,7.1244,90.3589,9.6411,73.8168,34.4083
MKT-002_D045,MKT-002,Mumbai,Andheri East (MIDC),Commercial Office,Established,1,B,45,20260919,2.0.0,2026-09-19,86.6885,12929.0107,8.0459,4.7816,6.0675,86.5334,13.4666,65.4082,34.2754
MKT-002_D046,MKT-002,Mumbai,Andheri East (MIDC),Commercial Office,Established,1,B,46,20260919,2.0.0,2026-09-19,89.2818,13314.4997,8.0467,6.1558,5.0808,88.4747,11.5253,63.0097,36.043
MKT-002_D047,MKT-002,Mumbai,Andheri East (MIDC),Commercial Office,Established,1,B,47,20260919,2.0.0,2026-09-19,102.2234,16362.0163,7.4971,5.459,9.0285,89.4646,10.5354,72.1651,33.6892
MKT-004_D001,MKT-004,Pune,Hinjewadi Phase 1,Commercial Office,Established,2,B,1,20260919,2.0.0,2026-09-19,64.0638,8749.2008,8.7867,6.883,7.6544,87.1594,12.8406,62.3558,35.1643
MKT-004_D002,MKT-004,Pune,Hinjewadi Phase 1,Commercial Office,Established,2,B,2,20260919,2.0.0,2026-09-19,70.2634,10471.5338,8.0519,7.0121,8.0905,91.6743,8.3257,67.1798,36.2483
MKT-004_D003,MKT-004,Pune,Hinjewadi Phase 1,Commercial Office,Established,2,B,3,20260919,2.0.0,2026-09-19,64.6868,9343.7943,8.3076,5.5228,5.1823,88.3288,11.6712,65.6626,33.4063
MKT-004_D004,MKT-004,Pune,Hinjewadi Phase 1,Commercial Office,Established,2,B,4,20260919,2.0.0,2026-09-19,64.5633,11107.8548,6.9749,5.9674,7.5874,89.9999,10.0001,67.9149,30.5987
MKT-004_D005,MKT-004,Pune,Hinjewadi Phase 1,Commercial Office,Established,2,B,5,20260919,2.0.0,2026-09-19,60.0442,6976.6734,10.3277,5.9282,7.1517,86.0213,13.9787,65.5245,37.9258
MKT-004_D006,MKT-004,Pune,Hinjewadi Phase 1,Commercial Office,Established,2,B,6,20260919,2.0.0,2026-09-19,72.0595,10695.6584,8.0847,8.0782,8.6799,89.9461,10.0539,73.4734,33.098
MKT-004_D007,MKT-004,Pune,Hinjewadi Phase 1,Commercial Office,Established,2,B,7,20260919,2.0.0,2026-09-19,68.7941,10479.592,7.8775,7.5094,8.6666,87.3905,12.6095,72.7007,32.5633
MKT-004_D008,MKT-004,Pune,Hinjewadi Phase 1,Commercial Office,Established,2,B,8,20260919,2.0.0,2026-09-19,57.0054,7324.8851,9.3389,5.3889,8.2338,86.0222,13.9778,65.8467,34.2778
MKT-004_D009,MKT-004,Pune,Hinjewadi Phase 1,Commercial Office,Established,2,B,9,20260919,2.0.0,2026-09-19,61.7197,10015.9668,7.3946,5.5328,8.5798,87.0759,12.9241,63.656,36.3326
MKT-004_D010,MKT-004,Pune,Hinjewadi Phase 1,Commercial Office,Established,2,B,10,20260919,2.0.0,2026-09-19,69.0229,8822.2344,9.3885,5.6732,8.601,84.7877,15.2123,65.6361,34.2766
MKT-004_D011,MKT-004,Pune,Hinjewadi Phase 1,Commercial Office,Established,2,B,11,20260919,2.0.0,2026-09-19,73.5348,10302.4946,8.5651,5.3417,7.154,86.6546,13.3454,65.2663,33.8459
MKT-004_D012,MKT-004,Pune,Hinjewadi Phase 1,Commercial Office,Established,2,B,12,20260919,2.0.0,2026-09-19,67.4852,10015.5207,8.0857,5.7384,9.7243,86.7138,13.2862,69.3998,29.5075
MKT-004_D013,MKT-004,Pune,Hinjewadi Phase 1,Commercial Office,Established,2,B,13,20260919,2.0.0,2026-09-19,63.3814,9118.1405,8.3414,4.9006,5.9151,83.9516,16.0484,66.4884,33.8753
MKT-004_D014,MKT-004,Pune,Hinjewadi Phase 1,Commercial Office,Established,2,B,14,20260919,2.0.0,2026-09-19,70.8793,9580.4068,8.878,5.9327,7.1202,86.4379,13.5621,68.7475,36.1701
MKT-004_D015,MKT-004,Pune,Hinjewadi Phase 1,Commercial Office,Established,2,B,15,20260919,2.0.0,2026-09-19,64.8888,8952.2435,8.698,3.712,6.1076,84.3162,15.6838,59.8449,35.7652
MKT-004_D016,MKT-004,Pune,Hinjewadi Phase 1,Commercial Office,Established,2,B,16,20260919,2.0.0,2026-09-19,71.7807,12401.9321,6.9454,8.4851,8.73,92.5193,7.4807,75.1701,30.9735
MKT-004_D017,MKT-004,Pune,Hinjewadi Phase 1,Commercial Office,Established,2,B,17,20260919,2.0.0,2026-09-19,63.8378,9008.7098,8.5035,7.648,6.416,83.9697,16.0303,69.5332,37.3365
MKT-004_D018,MKT-004,Pune,Hinjewadi Phase 1,Commercial Office,Established,2,B,18,20260919,2.0.0,2026-09-19,64.9704,9748.3741,7.9977,5.9643,5.8532,84.001,15.999,59.7081,39.5702
MKT-004_D019,MKT-004,Pune,Hinjewadi Phase 1,Commercial Office,Established,2,B,19,20260919,2.0.0,2026-09-19,68.9418,10369.1745,7.9785,7.8897,9.8702,92.6262,7.3738,73.9122,30.4506
MKT-004_D020,MKT-004,Pune,Hinjewadi Phase 1,Commercial Office,Established,2,B,20,20260919,2.0.0,2026-09-19,57.0936,8368.5088,8.1869,5.6203,6.1845,88.4544,11.5456,67.9222,33.8058
MKT-004_D021,MKT-004,Pune,Hinjewadi Phase 1,Commercial Office,Established,2,B,21,20260919,2.0.0,2026-09-19,62.0594,7179.6466,10.3726,5.4727,5.2954,81.7064,18.2936,65.6703,34.7427
MKT-004_D022,MKT-004,Pune,Hinjewadi Phase 1,Commercial Office,Established,2,B,22,20260919,2.0.0,2026-09-19,57.7041,7063.1442,9.8037,6.944,7.1151,86.8987,13.1013,69.4749,37.1075
MKT-004_D023,MKT-004,Pune,Hinjewadi Phase 1,Commercial Office,Established,2,B,23,20260919,2.0.0,2026-09-19,65.292,8131.7788,9.6351,5.9958,8.1313,89.923,10.077,69.6152,34.0832
MKT-004_D024,MKT-004,Pune,Hinjewadi Phase 1,Commercial Office,Established,2,B,24,20260919,2.0.0,2026-09-19,71.9792,9545.7686,9.0485,6.2773,6.3972,88.1755,11.8245,64.8456,34.6106
MKT-004_D025,MKT-004,Pune,Hinjewadi Phase 1,Commercial Office,Established,2,B,25,20260919,2.0.0,2026-09-19,60.7784,8674.6944,8.4077,4.6385,5.4051,85.0175,14.9825,67.0842,37.3983
MKT-004_D026,MKT-004,Pune,Hinjewadi Phase 1,Commercial Office,Established,2,B,26,20260919,2.0.0,2026-09-19,74.4363,10978.9281,8.1359,6.8714,9.9717,85.9729,14.0271,71.0238,32.3012
MKT-004_D027,MKT-004,Pune,Hinjewadi Phase 1,Commercial Office,Established,2,B,27,20260919,2.0.0,2026-09-19,66.6612,9399.4772,8.5104,4.9908,5.8691,84.2133,15.7867,61.5646,33.97
MKT-004_D028,MKT-004,Pune,Hinjewadi Phase 1,Commercial Office,Established,2,B,28,20260919,2.0.0,2026-09-19,65.3481,9779.4148,8.0187,7.3001,9.2342,89.6474,10.3526,71.9309,34.6084
MKT-004_D029,MKT-004,Pune,Hinjewadi Phase 1,Commercial Office,Established,2,B,29,20260919,2.0.0,2026-09-19,69.1081,10621.0882,7.808,6.9964,7.0934,91.0526,8.9474,64.2794,30.2424
MKT-004_D030,MKT-004,Pune,Hinjewadi Phase 1,Commercial Office,Established,2,B,30,20260919,2.0.0,2026-09-19,71.6248,10677.245,8.0498,4.5866,6.2833,89.5876,10.4124,60.0514,35.9032
MKT-004_D031,MKT-004,Pune,Hinjewadi Phase 1,Commercial Office,Established,2,B,31,20260919,2.0.0,2026-09-19,66.9729,9655.0636,8.3239,6.9926,7.8163,91.8442,8.1558,71.6456,31.5644
MKT-005_D001,MKT-005,Pune,Kharadi,Commercial Office,Established,2,B,1,20260919,2.0.0,2026-09-19,60.0746,7896.2949,9.1295,7.8994,6.3528,84.0478,15.9522,68.1062,37.6228
MKT-005_D002,MKT-005,Pune,Kharadi,Commercial Office,Established,2,B,2,20260919,2.0.0,2026-09-19,65.1643,8771.6751,8.9147,4.3554,6.5998,85.3865,14.6135,61.5159,35.462
MKT-005_D003,MKT-005,Pune,Kharadi,Commercial Office,Established,2,B,3,20260919,2.0.0,2026-09-19,60.3993,8248.3162,8.7871,6.1565,7.6479,83.8675,16.1325,60.3403,38.8537
MKT-005_D004,MKT-005,Pune,Kharadi,Commercial Office,Established,2,B,4,20260919,2.0.0,2026-09-19,72.7685,10813.4294,8.0753,6.6492,7.1633,87.2198,12.7802,72.5195,34.6805
MKT-005_D005,MKT-005,Pune,Kharadi,Commercial Office,Established,2,B,5,20260919,2.0.0,2026-09-19,66.0645,9339.5867,8.4883,6.8858,7.7161,90.1818,9.8182,66.9326,32.8769
MKT-005_D006,MKT-005,Pune,Kharadi,Commercial Office,Established,2,B,6,20260919,2.0.0,2026-09-19,62.876,9438.9167,7.9936,5.8498,6.9471,90.872,9.128,65.9997,34.9044
MKT-005_D007,MKT-005,Pune,Kharadi,Commercial Office,Established,2,B,7,20260919,2.0.0,2026-09-19,62.7327,9290.1452,8.1031,6.6358,9.6483,88.1926,11.8074,66.406,34.6276
MKT-005_D008,MKT-005,Pune,Kharadi,Commercial Office,Established,2,B,8,20260919,2.0.0,2026-09-19,64.8133,9538.7072,8.1537,5.6901,7.8723,88.427,11.573,67.243,33.7602
MKT-005_D009,MKT-005,Pune,Kharadi,Commercial Office,Established,2,B,9,20260919,2.0.0,2026-09-19,72.7397,10828.7478,8.0607,5.9047,7.3677,89.7071,10.2929,66.7872,34.6875
MKT-005_D010,MKT-005,Pune,Kharadi,Commercial Office,Established,2,B,10,20260919,2.0.0,2026-09-19,70.4543,9434.7183,8.9611,6.6369,6.8271,85.4561,14.5439,68.5255,34.6501
MKT-005_D011,MKT-005,Pune,Kharadi,Commercial Office,Established,2,B,11,20260919,2.0.0,2026-09-19,65.8423,10581.6566,7.4668,6.6819,9.7916,89.2249,10.7751,69.8902,33.5718
MKT-005_D012,MKT-005,Pune,Kharadi,Commercial Office,Established,2,B,12,20260919,2.0.0,2026-09-19,72.1641,9313.5326,9.298,7.225,8.4431,82.4161,17.5839,66.8653,33.8553
MKT-005_D013,MKT-005,Pune,Kharadi,Commercial Office,Established,2,B,13,20260919,2.0.0,2026-09-19,67.7312,10347.7876,7.8546,6.5853,7.4442,93.1255,6.8745,68.4009,30.7728
MKT-005_D014,MKT-005,Pune,Kharadi,Commercial Office,Established,2,B,14,20260919,2.0.0,2026-09-19,61.7962,9492.2807,7.8122,6.6726,6.198,89.4947,10.5053,68.8861,33.4397
MKT-005_D015,MKT-005,Pune,Kharadi,Commercial Office,Established,2,B,15,20260919,2.0.0,2026-09-19,66.1596,9533.4263,8.3277,6.0896,7.6382,82.5159,17.4841,67.1431,33.7675
MKT-005_D016,MKT-005,Pune,Kharadi,Commercial Office,Established,2,B,16,20260919,2.0.0,2026-09-19,73.6025,10211.6897,8.6492,6.0364,6.2585,85.7145,14.2855,65.1361,32.1667
MKT-005_D017,MKT-005,Pune,Kharadi,Commercial Office,Established,2,B,17,20260919,2.0.0,2026-09-19,69.2902,9746.8395,8.5308,5.5701,7.2167,90.1096,9.8904,67.7309,37.6692
MKT-005_D018,MKT-005,Pune,Kharadi,Commercial Office,Established,2,B,18,20260919,2.0.0,2026-09-19,62.2807,8549.7139,8.7414,5.6871,7.0474,88.1297,11.8703,68.294,33.4952
MKT-005_D019,MKT-005,Pune,Kharadi,Commercial Office,Established,2,B,19,20260919,2.0.0,2026-09-19,71.124,9740.8486,8.7619,5.1599,7.1014,87.1381,12.8619,67.616,31.0969
MKT-005_D020,MKT-005,Pune,Kharadi,Commercial Office,Established,2,B,20,20260919,2.0.0,2026-09-19,68.1858,8949.4672,9.1428,5.738,8.1127,86.0561,13.9439,65.7418,35.1944
MKT-005_D021,MKT-005,Pune,Kharadi,Commercial Office,Established,2,B,21,20260919,2.0.0,2026-09-19,63.4853,9071.5625,8.3979,5.9863,7.6189,92.2879,7.7121,66.489,33.2483
MKT-005_D022,MKT-005,Pune,Kharadi,Commercial Office,Established,2,B,22,20260919,2.0.0,2026-09-19,65.7735,9369.2002,8.4242,5.7665,7.2479,83.6189,16.3811,61.7929,33.7683
MKT-005_D023,MKT-005,Pune,Kharadi,Commercial Office,Established,2,B,23,20260919,2.0.0,2026-09-19,70.9708,10440.486,8.1572,6.7528,9.8712,89.1637,10.8363,69.9323,31.0261
MKT-005_D024,MKT-005,Pune,Kharadi,Commercial Office,Established,2,B,24,20260919,2.0.0,2026-09-19,64.6064,9235.2722,8.3947,7.5978,9.581,84.621,15.379,62.4969,36.2261
MKT-005_D025,MKT-005,Pune,Kharadi,Commercial Office,Established,2,B,25,20260919,2.0.0,2026-09-19,69.8232,10745.3485,7.7976,4.6585,5.1833,84.4663,15.5337,69.8489,35.4343
MKT-005_D026,MKT-005,Pune,Kharadi,Commercial Office,Established,2,B,26,20260919,2.0.0,2026-09-19,71.5823,10984.6152,7.8199,6.9984,7.994,87.2971,12.7029,73.6521,28.39
MKT-005_D027,MKT-005,Pune,Kharadi,Commercial Office,Established,2,B,27,20260919,2.0.0,2026-09-19,60.6826,7592.9011,9.5904,6.6432,5.3656,82.425,17.575,64.498,35.083
MKT-005_D028,MKT-005,Pune,Kharadi,Commercial Office,Established,2,B,28,20260919,2.0.0,2026-09-19,59.736,8887.17,8.0659,6.4824,5.6134,87.1295,12.8705,66.3025,36.0896
MKT-005_D029,MKT-005,Pune,Kharadi,Commercial Office,Established,2,B,29,20260919,2.0.0,2026-09-19,57.0763,7758.5674,8.8279,6.5998,8.0776,89.224,10.776,62.7093,34.3676
MKT-005_D030,MKT-005,Pune,Kharadi,Commercial Office,Established,2,B,30,20260919,2.0.0,2026-09-19,66.0475,10551.79,7.5112,7.6872,8.4622,91.1201,8.8799,65.934,33.0125
MKT-005_D031,MKT-005,Pune,Kharadi,Commercial Office,Established,2,B,31,20260919,2.0.0,2026-09-19,65.9234,8835.3861,8.9535,5.6287,6.4116,90.7021,9.2979,62.9789,38.017
MKT-005_D032,MKT-005,Pune,Kharadi,Commercial Office,Established,2,B,32,20260919,2.0.0,2026-09-19,67.218,9918.6991,8.1323,7.372,7.9887,88.4151,11.5849,71.0732,36.8277
MKT-005_D033,MKT-005,Pune,Kharadi,Commercial Office,Established,2,B,33,20260919,2.0.0,2026-09-19,62.4158,9152.1684,8.1837,7.139,7.4615,89.0966,10.9034,71.4527,32.6708
MKT-005_D034,MKT-005,Pune,Kharadi,Commercial Office,Established,2,B,34,20260919,2.0.0,2026-09-19,65.0861,9454.787,8.2607,5.0207,5.628,85.4483,14.5517,66.1567,33.9288
MKT-005_D035,MKT-005,Pune,Kharadi,Commercial Office,Established,2,B,35,20260919,2.0.0,2026-09-19,68.8024,10398.0684,7.9402,5.8549,7.0866,91.082,8.918,61.6708,38.7479
MKT-005_D036,MKT-005,Pune,Kharadi,Commercial Office,Established,2,B,36,20260919,2.0.0,2026-09-19,64.2001,8207.0755,9.387,4.8549,6.177,87.9499,12.0501,63.6819,36.3763
MKT-005_D037,MKT-005,Pune,Kharadi,Commercial Office,Established,2,B,37,20260919,2.0.0,2026-09-19,57.3252,7753.0156,8.8727,6.9473,7.1626,81.6416,18.3584,63.2746,39.2972
MKT-005_D038,MKT-005,Pune,Kharadi,Commercial Office,Established,2,B,38,20260919,2.0.0,2026-09-19,75.8721,11941.7596,7.6242,5.866,5.6897,83.9304,16.0696,66.1628,37.079
MKT-005_D039,MKT-005,Pune,Kharadi,Commercial Office,Established,2,B,39,20260919,2.0.0,2026-09-19,70.9621,10890.0132,7.8195,6.3598,9.5197,89.4175,10.5825,72.1605,30.9446
MKT-005_D040,MKT-005,Pune,Kharadi,Commercial Office,Established,2,B,40,20260919,2.0.0,2026-09-19,66.0098,8552.2459,9.2621,3.7304,9.1609,92.9903,7.0097,64.4357,34.6637
MKT-005_D041,MKT-005,Pune,Kharadi,Commercial Office,Established,2,B,41,20260919,2.0.0,2026-09-19,72.743,11010.0846,7.9283,5.6205,8.3724,91.9568,8.0432,71.5757,29.1526
MKT-005_D042,MKT-005,Pune,Kharadi,Commercial Office,Established,2,B,42,20260919,2.0.0,2026-09-19,65.0729,9086.229,8.594,7.1727,9.9788,87.6197,12.3803,68.9066,34.6923
MKT-007_D001,MKT-007,Bengaluru,Whitefield,Commercial Office,Established,1,B,1,20260919,2.0.0,2026-09-19,102.0051,16315.6153,7.5024,3.5032,5.5675,88.8988,11.1012,64.297,33.069
MKT-007_D002,MKT-007,Bengaluru,Whitefield,Commercial Office,Established,1,B,2,20260919,2.0.0,2026-09-19,82.7671,12932.4036,7.68,6.4683,6.8005,84.5731,15.4269,64.3486,36.6945
MKT-007_D003,MKT-007,Bengaluru,Whitefield,Commercial Office,Established,1,B,3,20260919,2.0.0,2026-09-19,95.3162,16881.0843,6.7756,7.1941,9.5507,86.1888,13.8112,64.9163,31.4976
MKT-007_D004,MKT-007,Bengaluru,Whitefield,Commercial Office,Established,1,B,4,20260919,2.0.0,2026-09-19,83.9603,11506.4861,8.7561,5.5222,5.0981,80.6692,19.3308,63.863,35.7472
MKT-007_D005,MKT-007,Bengaluru,Whitefield,Commercial Office,Established,1,B,5,20260919,2.0.0,2026-09-19,89.6683,13902.3654,7.7398,4.6786,7.6577,90.9732,9.0268,69.2541,35.2779
MKT-007_D006,MKT-007,Bengaluru,Whitefield,Commercial Office,Established,1,B,6,20260919,2.0.0,2026-09-19,87.0974,13437.7306,7.7779,3.8939,6.7197,87.1584,12.8416,59.9601,34.4803
MKT-007_D007,MKT-007,Bengaluru,Whitefield,Commercial Office,Established,1,B,7,20260919,2.0.0,2026-09-19,84.3894,12812.3519,7.9039,5.581,7.3291,88.1755,11.8245,66.6936,33.122
MKT-007_D008,MKT-007,Bengaluru,Whitefield,Commercial Office,Established,1,B,8,20260919,2.0.0,2026-09-19,83.599,11688.4001,8.5828,4.9682,6.4952,84.2098,15.7902,63.4181,38.651
MKT-007_D009,MKT-007,Bengaluru,Whitefield,Commercial Office,Established,1,B,9,20260919,2.0.0,2026-09-19,99.1604,16997.5883,7.0006,5.859,6.2302,84.0966,15.9034,66.3006,32.6216
MKT-007_D010,MKT-007,Bengaluru,Whitefield,Commercial Office,Established,1,B,10,20260919,2.0.0,2026-09-19,99.0524,15074.9072,7.8848,6.1178,9.3812,91.8848,8.1152,73.1437,29.2845
MKT-007_D011,MKT-007,Bengaluru,Whitefield,Commercial Office,Established,1,B,11,20260919,2.0.0,2026-09-19,89.9132,13286.7199,8.1206,4.2549,6.9467,84.2098,15.7902,58.8061,35.5864
MKT-007_D012,MKT-007,Bengaluru,Whitefield,Commercial Office,Established,1,B,12,20260919,2.0.0,2026-09-19,86.9379,14240.1671,7.3261,5.2512,8.3659,85.835,14.165,66.2996,33.5907
MKT-007_D013,MKT-007,Bengaluru,Whitefield,Commercial Office,Established,1,B,13,20260919,2.0.0,2026-09-19,88.0246,14795.1198,7.1395,7.5267,8.652,91.6211,8.3789,67.489,35.3143
MKT-007_D014,MKT-007,Bengaluru,Whitefield,Commercial Office,Established,1,B,14,20260919,2.0.0,2026-09-19,92.3747,14658.8714,7.562,7.8298,8.2013,93.3758,6.6242,71.3762,33.8614
MKT-007_D015,MKT-007,Bengaluru,Whitefield,Commercial Office,Established,1,B,15,20260919,2.0.0,2026-09-19,85.3302,11933.5664,8.5805,3.733,4.1975,86.9452,13.0548,61.7974,34.9621
MKT-007_D016,MKT-007,Bengaluru,Whitefield,Commercial Office,Established,1,B,16,20260919,2.0.0,2026-09-19,85.8199,12591.201,8.179,6.3761,10.0126,89.5472,10.4528,69.3958,33.5725
MKT-007_D017,MKT-007,Bengaluru,Whitefield,Commercial Office,Established,1,B,17,20260919,2.0.0,2026-09-19,96.7519,13947.5401,8.3242,5.5584,7.0681,86.2529,13.7471,68.6313,29.5567
MKT-007_D018,MKT-007,Bengaluru,Whitefield,Commercial Office,Established,1,B,18,20260919,2.0.0,2026-09-19,81.5299,11902.3217,8.2199,4.1993,5.7707,84.3655,15.6345,63.112,35.7479
MKT-007_D019,MKT-007,Bengaluru,Whitefield,Commercial Office,Established,1,B,19,20260919,2.0.0,2026-09-19,89.6871,13593.1608,7.9175,4.4163,6.2597,85.7062,14.2938,67.9096,33.1344
MKT-007_D020,MKT-007,Bengaluru,Whitefield,Commercial Office,Established,1,B,20,20260919,2.0.0,2026-09-19,81.5073,12638.093,7.7392,5.8245,6.0371,84.2023,15.7977,65.4786,34.5706
MKT-007_D021,MKT-007,Bengaluru,Whitefield,Commercial Office,Established,1,B,21,20260919,2.0.0,2026-09-19,87.1923,12973.4186,8.065,3.4964,4.7103,80.969,19.031,57.3214,38.4777
MKT-007_D022,MKT-007,Bengaluru,Whitefield,Commercial Office,Established,1,B,22,20260919,2.0.0,2026-09-19,102.7711,15265.7236,8.0786,7.713,7.9425,91.1887,8.8113,71.3766,30.1727
MKT-007_D023,MKT-007,Bengaluru,Whitefield,Commercial Office,Established,1,B,23,20260919,2.0.0,2026-09-19,89.5195,14137.5377,7.5985,6.2946,9.9311,87.0082,12.9918,70.5911,31.9313
MKT-007_D024,MKT-007,Bengaluru,Whitefield,Commercial Office,Established,1,B,24,20260919,2.0.0,2026-09-19,85.0142,13055.093,7.8144,5.6035,7.1478,87.6269,12.3731,65.6604,30.3719
MKT-007_D025,MKT-007,Bengaluru,Whitefield,Commercial Office,Established,1,B,25,20260919,2.0.0,2026-09-19,85.3863,13196.2656,7.7646,4.6977,8.3988,86.6342,13.3658,64.862,31.0325
MKT-007_D026,MKT-007,Bengaluru,Whitefield,Commercial Office,Established,1,B,26,20260919,2.0.0,2026-09-19,90.8649,14159.089,7.7009,8.7401,10.1202,89.4443,10.5557,69.8893,37.0179
MKT-007_D027,MKT-007,Bengaluru,Whitefield,Commercial Office,Established,1,B,27,20260919,2.0.0,2026-09-19,91.641,19683.0407,5.587,7.7021,8.7088,87.1567,12.8433,65.4585,31.014
MKT-007_D028,MKT-007,Bengaluru,Whitefield,Commercial Office,Established,1,B,28,20260919,2.0.0,2026-09-19,86.2908,13872.6808,7.4642,7.3277,8.8356,92.0941,7.9059,71.8064,33.0096
MKT-007_D029,MKT-007,Bengaluru,Whitefield,Commercial Office,Established,1,B,29,20260919,2.0.0,2026-09-19,92.1768,13081.5453,8.4556,5.7596,9.6587,91.2265,8.7735,66.5817,30.1946
MKT-007_D030,MKT-007,Bengaluru,Whitefield,Commercial Office,Established,1,B,30,20260919,2.0.0,2026-09-19,82.4961,11760.6894,8.4175,4.397,6.2447,83.3041,16.6959,62.4375,34.341
MKT-007_D031,MKT-007,Bengaluru,Whitefield,Commercial Office,Established,1,B,31,20260919,2.0.0,2026-09-19,93.1366,14250.1054,7.843,6.2559,9.4558,88.91,11.09,72.1621,32.8617
MKT-007_D032,MKT-007,Bengaluru,Whitefield,Commercial Office,Established,1,B,32,20260919,2.0.0,2026-09-19,81.7117,12340.3094,7.9458,5.2679,7.1454,89.6592,10.3408,64.9592,31.9988
MKT-007_D033,MKT-007,Bengaluru,Whitefield,Commercial Office,Established,1,B,33,20260919,2.0.0,2026-09-19,93.326,14664.2451,7.637,7.0742,6.8518,88.0181,11.9819,68.955,36.4981
MKT-007_D034,MKT-007,Bengaluru,Whitefield,Commercial Office,Established,1,B,34,20260919,2.0.0,2026-09-19,82.2922,11834.9431,8.344,8.108,7.6561,87.0344,12.9656,66.3641,37.7977
MKT-007_D035,MKT-007,Bengaluru,Whitefield,Commercial Office,Established,1,B,35,20260919,2.0.0,2026-09-19,92.4672,13019.359,8.5227,7.4208,6.6775,87.6094,12.3906,69.3979,30.5315
MKT-007_D036,MKT-007,Bengaluru,Whitefield,Commercial Office,Established,1,B,36,20260919,2.0.0,2026-09-19,89.605,11589.1589,9.2782,5.0517,7.8999,90.2285,9.7715,68.3882,33.0223
MKT-007_D037,MKT-007,Bengaluru,Whitefield,Commercial Office,Established,1,B,37,20260919,2.0.0,2026-09-19,92.6478,14321.2418,7.7631,7.2636,7.9517,88.7213,11.2787,69.1256,35.9727
MKT-007_D038,MKT-007,Bengaluru,Whitefield,Commercial Office,Established,1,B,38,20260919,2.0.0,2026-09-19,86.4895,14018.8166,7.4034,6.4273,7.144,85.5144,14.4856,64.4225,34.7712
MKT-007_D039,MKT-007,Bengaluru,Whitefield,Commercial Office,Established,1,B,39,20260919,2.0.0,2026-09-19,79.3543,12116.2307,7.8593,6.1778,8.7509,88.7029,11.2971,70.3235,31.451
MKT-007_D040,MKT-007,Bengaluru,Whitefield,Commercial Office,Established,1,B,40,20260919,2.0.0,2026-09-19,79.7836,11035.7038,8.6755,4.1928,7.7046,85.0477,14.9523,64.8768,36.6267
MKT-010_D001,MKT-010,Hyderabad,HITEC City,Commercial Office,Established,2,C,1,20260919,2.0.0,2026-09-19,77.8003,11314.6873,8.2512,5.1083,5.016,89.2499,10.7501,67.3073,30.8959
MKT-010_D002,MKT-010,Hyderabad,HITEC City,Commercial Office,Established,2,C,2,20260919,2.0.0,2026-09-19,81.6263,13687.1011,7.1565,6.998,8.0415,91.9068,8.0932,73.895,29.3637
MKT-010_D003,MKT-010,Hyderabad,HITEC City,Commercial Office,Established,2,C,3,20260919,2.0.0,2026-09-19,73.2487,10254.9074,8.5713,4.6309,5.945,89.3263,10.6737,65.3378,36.3212
MKT-010_D004,MKT-010,Hyderabad,HITEC City,Commercial Office,Established,2,C,4,20260919,2.0.0,2026-09-19,75.9071,11910.6408,7.6477,4.6682,6.0772,89.8681,10.1319,63.6037,34.7042
MKT-010_D005,MKT-010,Hyderabad,HITEC City,Commercial Office,Established,2,C,5,20260919,2.0.0,2026-09-19,73.2476,11113.0156,7.9094,5.2409,6.4199,84.9134,15.0866,58.2388,36.0206
MKT-010_D006,MKT-010,Hyderabad,HITEC City,Commercial Office,Established,2,C,6,20260919,2.0.0,2026-09-19,74.9289,12485.5329,7.2015,7.9798,10.6896,89.0591,10.9409,70.1357,31.6312
MKT-010_D007,MKT-010,Hyderabad,HITEC City,Commercial Office,Established,2,C,7,20260919,2.0.0,2026-09-19,73.6738,8956.6262,9.8707,6.4796,6.7968,81.9961,18.0039,67.1325,22.2698
MKT-010_D008,MKT-010,Hyderabad,HITEC City,Commercial Office,Established,2,C,8,20260919,2.0.0,2026-09-19,70.8668,10700.1532,7.9476,6.8464,8.2237,88.5507,11.4493,71.8521,31.3222
MKT-010_D009,MKT-010,Hyderabad,HITEC City,Commercial Office,Established,2,C,9,20260919,2.0.0,2026-09-19,72.8612,10292.2495,8.4951,5.7176,6.4642,85.4024,14.5976,67.5957,30.3022
MKT-010_D010,MKT-010,Hyderabad,HITEC City,Commercial Office,Established,2,C,10,20260919,2.0.0,2026-09-19,66.3986,9003.7572,8.8494,7.6374,8.0776,87.8925,12.1075,63.9908,36.2696
MKT-010_D011,MKT-010,Hyderabad,HITEC City,Commercial Office,Established,2,C,11,20260919,2.0.0,2026-09-19,77.0538,10862.6715,8.5121,6.6615,8.8948,91.0889,8.9111,68.1441,34.5817
MKT-010_D012,MKT-010,Hyderabad,HITEC City,Commercial Office,Established,2,C,12,20260919,2.0.0,2026-09-19,79.5445,12278.4369,7.7741,6.8896,7.2034,89.4743,10.5257,72.1471,34.0873
MKT-010_D013,MKT-010,Hyderabad,HITEC City,Commercial Office,Established,2,C,13,20260919,2.0.0,2026-09-19,71.7042,10182.3959,8.4504,6.6423,9.3491,87.7903,12.2097,68.4352,33.8213
MKT-010_D014,MKT-010,Hyderabad,HITEC City,Commercial Office,Established,2,C,14,20260919,2.0.0,2026-09-19,68.993,10560.9442,7.8394,7.2365,7.4391,87.0362,12.9638,71.6569,32.7042
MKT-010_D015,MKT-010,Hyderabad,HITEC City,Commercial Office,Established,2,C,15,20260919,2.0.0,2026-09-19,70.9596,9968.5111,8.5421,6.3132,8.2158,87.7188,12.2812,72.5948,32.6166
MKT-010_D016,MKT-010,Hyderabad,HITEC City,Commercial Office,Established,2,C,16,20260919,2.0.0,2026-09-19,69.3822,9707.9295,8.5764,5.5996,7.2892,82.3036,17.6964,62.6394,34.051
MKT-010_D017,MKT-010,Hyderabad,HITEC City,Commercial Office,Established,2,C,17,20260919,2.0.0,2026-09-19,64.6267,9076.5538,8.5442,6.889,9.5919,86.2677,13.7323,70.2829,30.6594
MKT-010_D018,MKT-010,Hyderabad,HITEC City,Commercial Office,Established,2,C,18,20260919,2.0.0,2026-09-19,74.3982,11138.5894,8.0152,5.5941,6.5077,90.291,9.709,69.6014,31.7597
MKT-010_D019,MKT-010,Hyderabad,HITEC City,Commercial Office,Established,2,C,19,20260919,2.0.0,2026-09-19,74.8343,11536.0823,7.7844,7.8217,9.8418,90.1489,9.8511,75.1406,30.5052
MKT-010_D020,MKT-010,Hyderabad,HITEC City,Commercial Office,Established,2,C,20,20260919,2.0.0,2026-09-19,71.6554,10043.6668,8.5613,7.3796,6.0426,90.8021,9.1979,71.7329,34.8644
MKT-010_D021,MKT-010,Hyderabad,HITEC City,Commercial Office,Established,2,C,21,20260919,2.0.0,2026-09-19,73.4499,10424.0496,8.4554,6.5954,7.4737,84.6401,15.3599,63.4902,37.4738
MKT-010_D022,MKT-010,Hyderabad,HITEC City,Commercial Office,Established,2,C,22,20260919,2.0.0,2026-09-19,77.5478,10939.8391,8.5063,7.769,7.0883,88.075,11.925,72.0486,34.165
MKT-010_D023,MKT-010,Hyderabad,HITEC City,Commercial Office,Established,2,C,23,20260919,2.0.0,2026-09-19,72.5846,9731.6582,8.9503,8.0239,8.4567,87.262,12.738,65.6109,37.0753
MKT-010_D024,MKT-010,Hyderabad,HITEC City,Commercial Office,Established,2,C,24,20260919,2.0.0,2026-09-19,67.7532,10200.6908,7.9704,5.9203,8.9962,89.1279,10.8721,69.1668,31.1228
MKT-010_D025,MKT-010,Hyderabad,HITEC City,Commercial Office,Established,2,C,25,20260919,2.0.0,2026-09-19,73.9156,10846.2597,8.1778,7.6416,9.5731,88.8338,11.1662,70.9554,33.0907
MKT-010_D026,MKT-010,Hyderabad,HITEC City,Commercial Office,Established,2,C,26,20260919,2.0.0,2026-09-19,81.1246,12113.9601,8.0361,6.5175,8.1136,86.8965,13.1035,66.3941,31.4069
MKT-010_D027,MKT-010,Hyderabad,HITEC City,Commercial Office,Established,2,C,27,20260919,2.0.0,2026-09-19,83.6347,11312.7055,8.8716,3.8096,8.3496,87.6152,12.3848,69.8091,29.446
MKT-010_D028,MKT-010,Hyderabad,HITEC City,Commercial Office,Established,2,C,28,20260919,2.0.0,2026-09-19,77.5193,11613.0981,8.0102,5.3413,6.9847,87.0325,12.9675,62.8696,36.0895
MKT-010_D029,MKT-010,Hyderabad,HITEC City,Commercial Office,Established,2,C,29,20260919,2.0.0,2026-09-19,72.8384,10829.4972,8.0711,3.6373,5.6518,83.4476,16.5524,61.4945,32.3117
MKT-010_D030,MKT-010,Hyderabad,HITEC City,Commercial Office,Established,2,C,30,20260919,2.0.0,2026-09-19,76.4102,11191.5227,8.193,6.2528,9.9807,90.3789,9.6211,74.8016,30.0975
MKT-010_D031,MKT-010,Hyderabad,HITEC City,Commercial Office,Established,2,C,31,20260919,2.0.0,2026-09-19,82.4665,12796.422,7.7334,6.0482,8.5035,92.0475,7.9525,74.7509,28.3187
MKT-010_D032,MKT-010,Hyderabad,HITEC City,Commercial Office,Established,2,C,32,20260919,2.0.0,2026-09-19,72.2725,9733.4817,8.9102,4.8714,8.4722,85.6932,14.3068,66.359,36.2376
MKT-010_D033,MKT-010,Hyderabad,HITEC City,Commercial Office,Established,2,C,33,20260919,2.0.0,2026-09-19,67.5664,9266.4134,8.7498,7.1479,7.313,86.5907,13.4093,65.2483,35.8776
MKT-010_D034,MKT-010,Hyderabad,HITEC City,Commercial Office,Established,2,C,34,20260919,2.0.0,2026-09-19,72.2804,10401.1146,8.3391,6.5704,7.4754,85.6536,14.3464,69.2429,36.638
MKT-010_D035,MKT-010,Hyderabad,HITEC City,Commercial Office,Established,2,C,35,20260919,2.0.0,2026-09-19,72.4344,11122.272,7.8151,5.1405,7.3307,87.3271,12.6729,67.0349,35.9513
MKT-010_D036,MKT-010,Hyderabad,HITEC City,Commercial Office,Established,2,C,36,20260919,2.0.0,2026-09-19,78.7703,8984.548,10.5208,6.2685,6.666,86.666,13.334,68.4868,35.792
MKT-013_D001,MKT-013,Chennai,Old Mahabalipuram Road (OMR),Commercial Office,Established,2,B,1,20260919,2.0.0,2026-09-19,60.7531,9106.4399,8.0057,6.721,7.6664,87.7053,12.2947,67.5322,34.4296
MKT-013_D002,MKT-013,Chennai,Old Mahabalipuram Road (OMR),Commercial Office,Established,2,B,2,20260919,2.0.0,2026-09-19,59.2158,8254.5146,8.6085,3.7355,7.6802,86.4626,13.5374,58.827,36.7942
MKT-013_D003,MKT-013,Chennai,Old Mahabalipuram Road (OMR),Commercial Office,Established,2,B,3,20260919,2.0.0,2026-09-19,61.1291,9290.6793,7.8955,8.0872,10.4503,90.4185,9.5815,74.0467,30.8079
MKT-013_D004,MKT-013,Chennai,Old Mahabalipuram Road (OMR),Commercial Office,Established,2,B,4,20260919,2.0.0,2026-09-19,71.1331,9399.0168,9.0818,6.4126,8.0704,91.5645,8.4355,71.9221,31.4808
MKT-013_D005,MKT-013,Chennai,Old Mahabalipuram Road (OMR),Commercial Office,Established,2,B,5,20260919,2.0.0,2026-09-19,63.9043,9014.9887,8.5064,7.6319,7.6634,86.921,13.079,68.6974,31.1485
MKT-013_D006,MKT-013,Chennai,Old Mahabalipuram Road (OMR),Commercial Office,Established,2,B,6,20260919,2.0.0,2026-09-19,59.8663,8145.0296,8.82,5.6533,6.4174,84.4435,15.5565,58.3521,38.1999
MKT-013_D007,MKT-013,Chennai,Old Mahabalipuram Road (OMR),Commercial Office,Established,2,B,7,20260919,2.0.0,2026-09-19,57.631,6949.2584,9.9517,6.0341,6.3968,82.0427,17.9573,67.7197,33.0643
MKT-013_D008,MKT-013,Chennai,Old Mahabalipuram Road (OMR),Commercial Office,Established,2,B,8,20260919,2.0.0,2026-09-19,56.5975,7898.1518,8.5991,6.3444,7.3019,89.2654,10.7346,64.5836,31.5152
MKT-013_D009,MKT-013,Chennai,Old Mahabalipuram Road (OMR),Commercial Office,Established,2,B,9,20260919,2.0.0,2026-09-19,59.0652,7854.6267,9.0238,7.0784,8.7827,86.1769,13.8231,65.4248,37.0906
MKT-013_D010,MKT-013,Chennai,Old Mahabalipuram Road (OMR),Commercial Office,Established,2,B,10,20260919,2.0.0,2026-09-19,69.7387,10054.287,8.3235,4.7353,7.5628,87.558,12.442,72.1179,30.9373
MKT-013_D011,MKT-013,Chennai,Old Mahabalipuram Road (OMR),Commercial Office,Established,2,B,11,20260919,2.0.0,2026-09-19,63.6413,7572.0963,10.0857,6.624,6.8035,86.6436,13.3564,70.5464,33.7651
MKT-013_D012,MKT-013,Chennai,Old Mahabalipuram Road (OMR),Commercial Office,Established,2,B,12,20260919,2.0.0,2026-09-19,58.81,8234.3375,8.5705,3.6258,7.8051,87.8285,12.1715,61.9747,31.6134
MKT-013_D013,MKT-013,Chennai,Old Mahabalipuram Road (OMR),Commercial Office,Established,2,B,13,20260919,2.0.0,2026-09-19,65.5083,10689.1451,7.3542,7.8172,7.0712,89.3857,10.6143,72.3613,30.5989
MKT-013_D014,MKT-013,Chennai,Old Mahabalipuram Road (OMR),Commercial Office,Established,2,B,14,20260919,2.0.0,2026-09-19,61.303,9709.5726,7.5764,6.6313,8.6096,87.9661,12.0339,64.1839,35.4669
MKT-013_D015,MKT-013,Chennai,Old Mahabalipuram Road (OMR),Commercial Office,Established,2,B,15,20260919,2.0.0,2026-09-19,56.7476,7750.2432,8.7864,7.505,8.1417,87.5644,12.4356,69.4934,33.5473
MKT-013_D016,MKT-013,Chennai,Old Mahabalipuram Road (OMR),Commercial Office,Established,2,B,16,20260919,2.0.0,2026-09-19,58.2135,8964.7701,7.7923,4.4164,6.4205,89.1618,10.8382,58.086,34.7648
MKT-013_D017,MKT-013,Chennai,Old Mahabalipuram Road (OMR),Commercial Office,Established,2,B,17,20260919,2.0.0,2026-09-19,69.663,11333.0978,7.3762,5.6366,6.7069,86.4764,13.5236,65.6495,31.4656
MKT-013_D018,MKT-013,Chennai,Old Mahabalipuram Road (OMR),Commercial Office,Established,2,B,18,20260919,2.0.0,2026-09-19,61.8646,9515.508,7.8017,6.2857,7.3265,87.323,12.677,65.4498,31.7718
MKT-013_D019,MKT-013,Chennai,Old Mahabalipuram Road (OMR),Commercial Office,Established,2,B,19,20260919,2.0.0,2026-09-19,67.441,9836.2869,8.2276,5.6073,6.355,88.2733,11.7267,68.4231,30.6951
MKT-013_D020,MKT-013,Chennai,Old Mahabalipuram Road (OMR),Commercial Office,Established,2,B,20,20260919,2.0.0,2026-09-19,68.2958,9898.714,8.2794,4.7281,7.1626,90.3254,9.6746,70.9189,32.8225
MKT-013_D021,MKT-013,Chennai,Old Mahabalipuram Road (OMR),Commercial Office,Established,2,B,21,20260919,2.0.0,2026-09-19,64.4114,9535.6201,8.1058,5.4072,7.6691,87.6775,12.3225,60.7116,33.458
MKT-013_D022,MKT-013,Chennai,Old Mahabalipuram Road (OMR),Commercial Office,Established,2,B,22,20260919,2.0.0,2026-09-19,63.9131,9631.6829,7.9629,7.8116,8.4445,88.7646,11.2354,67.8556,33.2306
MKT-013_D023,MKT-013,Chennai,Old Mahabalipuram Road (OMR),Commercial Office,Established,2,B,23,20260919,2.0.0,2026-09-19,65.0073,9098.0532,8.5742,7.6202,8.2075,87.3922,12.6078,69.0049,36.5842
MKT-013_D024,MKT-013,Chennai,Old Mahabalipuram Road (OMR),Commercial Office,Established,2,B,24,20260919,2.0.0,2026-09-19,60.0962,9479.6266,7.6074,6.7058,8.6446,88.8467,11.1533,66.327,32.5121
MKT-013_D025,MKT-013,Chennai,Old Mahabalipuram Road (OMR),Commercial Office,Established,2,B,25,20260919,2.0.0,2026-09-19,58.9175,7381.7329,9.5778,7.5873,8.5277,85.0883,14.9117,64.0776,37.1031
MKT-013_D026,MKT-013,Chennai,Old Mahabalipuram Road (OMR),Commercial Office,Established,2,B,26,20260919,2.0.0,2026-09-19,61.5456,12805.6868,5.7673,3.9403,6.2891,88.1411,11.8589,66.2699,35.2126
MKT-013_D027,MKT-013,Chennai,Old Mahabalipuram Road (OMR),Commercial Office,Established,2,B,27,20260919,2.0.0,2026-09-19,55.562,8096.0564,8.2354,4.9415,6.2788,84.6507,15.3493,60.4571,37.2225
MKT-013_D028,MKT-013,Chennai,Old Mahabalipuram Road (OMR),Commercial Office,Established,2,B,28,20260919,2.0.0,2026-09-19,60.9103,8597.0526,8.502,7.8439,8.5724,85.3496,14.6504,63.8104,36.2558
MKT-013_D029,MKT-013,Chennai,Old Mahabalipuram Road (OMR),Commercial Office,Established,2,B,29,20260919,2.0.0,2026-09-19,63.1019,8101.3256,9.3469,6.8861,9.8674,87.795,12.205,74.8491,30.9372
MKT-013_D030,MKT-013,Chennai,Old Mahabalipuram Road (OMR),Commercial Office,Established,2,B,30,20260919,2.0.0,2026-09-19,62.6528,8422.3802,8.9266,6.2681,5.338,82.812,17.188,67.5443,33.5954
MKT-013_D031,MKT-013,Chennai,Old Mahabalipuram Road (OMR),Commercial Office,Established,2,B,31,20260919,2.0.0,2026-09-19,61.4043,8339.7043,8.8355,3.6162,4.8288,85.8613,14.1387,62.2011,36.1373
MKT-013_D032,MKT-013,Chennai,Old Mahabalipuram Road (OMR),Commercial Office,Established,2,B,32,20260919,2.0.0,2026-09-19,66.7892,8720.0767,9.1911,4.1677,5.1436,82.7195,17.2805,66.1844,37.6129
MKT-013_D033,MKT-013,Chennai,Old Mahabalipuram Road (OMR),Commercial Office,Established,2,B,33,20260919,2.0.0,2026-09-19,62.9857,9388.4915,8.0506,6.7435,7.8224,86.4025,13.5975,70.1725,33.9984
MKT-013_D034,MKT-013,Chennai,Old Mahabalipuram Road (OMR),Commercial Office,Established,2,B,34,20260919,2.0.0,2026-09-19,66.8912,10407.9434,7.7123,5.8683,9.1711,88.8887,11.1113,68.0907,33.0127
MKT-016_D001,MKT-016,Delhi NCR,Gurugram — Cyber Hub,Commercial Office,Premium,1,B,1,20260919,2.0.0,2026-09-19,130.2254,22227.4029,7.0305,7.6735,7.5014,87.6823,12.3177,71.8853,24.8916
MKT-016_D002,MKT-016,Delhi NCR,Gurugram — Cyber Hub,Commercial Office,Premium,1,B,2,20260919,2.0.0,2026-09-19,122.3718,21333.9768,6.8832,6.6549,10.5602,87.8225,12.1775,71.9916,28.2389
MKT-016_D003,MKT-016,Delhi NCR,Gurugram — Cyber Hub,Commercial Office,Premium,1,B,3,20260919,2.0.0,2026-09-19,114.6154,19956.4284,6.8919,7.4713,9.4855,88.0958,11.9042,74.4009,25.9496
MKT-016_D004,MKT-016,Delhi NCR,Gurugram — Cyber Hub,Commercial Office,Premium,1,B,4,20260919,2.0.0,2026-09-19,132.7043,23015.9962,6.9189,7.083,9.0233,90.6195,9.3805,78.1542,24.8334
MKT-016_D005,MKT-016,Delhi NCR,Gurugram — Cyber Hub,Commercial Office,Premium,1,B,5,20260919,2.0.0,2026-09-19,128.4676,22343.5915,6.8996,7.4129,6.4695,90.8021,9.1979,69.8775,28.0638
MKT-016_D006,MKT-016,Delhi NCR,Gurugram — Cyber Hub,Commercial Office,Premium,1,B,6,20260919,2.0.0,2026-09-19,132.3332,23596.1152,6.7299,5.9374,9.0792,94.4118,5.5882,72.448,22.7375
MKT-016_D007,MKT-016,Delhi NCR,Gurugram — Cyber Hub,Commercial Office,Premium,1,B,7,20260919,2.0.0,2026-09-19,120.7466,22399.196,6.4688,6.1716,8.4066,93.0787,6.9213,70.2295,24.3804
MKT-016_D008,MKT-016,Delhi NCR,Gurugram — Cyber Hub,Commercial Office,Premium,1,B,8,20260919,2.0.0,2026-09-19,113.2182,18542.8751,7.3269,8.5319,10.0286,90.0889,9.9111,78.708,26.4062
MKT-016_D009,MKT-016,Delhi NCR,Gurugram — Cyber Hub,Commercial Office,Premium,1,B,9,20260919,2.0.0,2026-09-19,128.034,19961.5092,7.6969,8.8742,7.9679,92.8506,7.1494,77.279,27.0426
MKT-016_D010,MKT-016,Delhi NCR,Gurugram — Cyber Hub,Commercial Office,Premium,1,B,10,20260919,2.0.0,2026-09-19,126.7594,21618.0983,7.0363,5.9422,7.8635,90.5496,9.4504,75.4398,25.8871
MKT-016_D011,MKT-016,Delhi NCR,Gurugram — Cyber Hub,Commercial Office,Premium,1,B,11,20260919,2.0.0,2026-09-19,116.2638,18815.1934,7.4151,7.0058,6.504,90.6935,9.3065,73.8137,27.1784
MKT-016_D012,MKT-016,Delhi NCR,Gurugram — Cyber Hub,Commercial Office,Premium,1,B,12,20260919,2.0.0,2026-09-19,141.5965,27162.5626,6.2555,9.6013,10.8119,94.0471,5.9529,79.616,23.4733
MKT-016_D013,MKT-016,Delhi NCR,Gurugram — Cyber Hub,Commercial Office,Premium,1,B,13,20260919,2.0.0,2026-09-19,134.0834,22807.0278,7.0548,9.856,11.6434,91.7279,8.2721,82.8101,23.1091
MKT-016_D014,MKT-016,Delhi NCR,Gurugram — Cyber Hub,Commercial Office,Premium,1,B,14,20260919,2.0.0,2026-09-19,118.7459,20136.6333,7.0764,7.5645,9.7956,94.1856,5.8144,76.4474,27.1374
MKT-016_D015,MKT-016,Delhi NCR,Gurugram — Cyber Hub,Commercial Office,Premium,1,B,15,20260919,2.0.0,2026-09-19,127.6918,22321.5224,6.8647,5.4883,7.9375,88.8152,11.1848,73.6386,26.6604
MKT-016_D016,MKT-016,Delhi NCR,Gurugram — Cyber Hub,Commercial Office,Premium,1,B,16,20260919,2.0.0,2026-09-19,133.4401,20164.4486,7.9411,5.4101,7.5975,91.1893,8.8107,74.2672,23.5729
MKT-016_D017,MKT-016,Delhi NCR,Gurugram — Cyber Hub,Commercial Office,Premium,1,B,17,20260919,2.0.0,2026-09-19,115.3997,19952.7221,6.9404,5.8678,7.9564,91.4529,8.5471,74.0294,27.5399
MKT-016_D018,MKT-016,Delhi NCR,Gurugram — Cyber Hub,Commercial Office,Premium,1,B,18,20260919,2.0.0,2026-09-19,124.6653,21060.8426,7.1032,9.101,6.3521,90.0138,9.9862,71.9269,23.9996
MKT-016_D019,MKT-016,Delhi NCR,Gurugram — Cyber Hub,Commercial Office,Premium,1,B,19,20260919,2.0.0,2026-09-19,120.6159,21575.9668,6.7083,7.8511,10.0343,89.6965,10.3035,72.6579,22.2156
MKT-016_D020,MKT-016,Delhi NCR,Gurugram — Cyber Hub,Commercial Office,Premium,1,B,20,20260919,2.0.0,2026-09-19,130.5659,23401.4802,6.6953,8.9233,11.6225,92.0093,7.9907,82.422,23.8727
MKT-016_D021,MKT-016,Delhi NCR,Gurugram — Cyber Hub,Commercial Office,Premium,1,B,21,20260919,2.0.0,2026-09-19,131.1096,21652.5067,7.2662,5.2511,6.565,92.148,7.852,72.1951,24.9677
MKT-016_D022,MKT-016,Delhi NCR,Gurugram — Cyber Hub,Commercial Office,Premium,1,B,22,20260919,2.0.0,2026-09-19,123.1403,20844.4485,7.0891,9.7381,9.9163,91.3466,8.6534,80.4659,27.0981
MKT-016_D023,MKT-016,Delhi NCR,Gurugram — Cyber Hub,Commercial Office,Premium,1,B,23,20260919,2.0.0,2026-09-19,127.6524,22010.5932,6.9595,6.434,9.1736,89.7695,10.2305,73.8148,29.4824
MKT-016_D024,MKT-016,Delhi NCR,Gurugram — Cyber Hub,Commercial Office,Premium,1,B,24,20260919,2.0.0,2026-09-19,124.6651,21151.7155,7.0726,7.4266,7.4777,90.2087,9.7913,78.5432,28.2165
MKT-016_D025,MKT-016,Delhi NCR,Gurugram — Cyber Hub,Commercial Office,Premium,1,B,25,20260919,2.0.0,2026-09-19,126.3657,21678.3006,6.995,5.3867,7.0538,93.8874,6.1126,73.2036,27.5401
MKT-016_D026,MKT-016,Delhi NCR,Gurugram — Cyber Hub,Commercial Office,Premium,1,B,26,20260919,2.0.0,2026-09-19,137.4176,25637.6181,6.432,7.2196,9.1337,90.5351,9.4649,74.394,27.0974
MKT-016_D027,MKT-016,Delhi NCR,Gurugram — Cyber Hub,Commercial Office,Premium,1,B,27,20260919,2.0.0,2026-09-19,127.6282,22800.836,6.717,8.5254,9.7107,93.7953,6.2047,81.1365,24.3007
MKT-016_D028,MKT-016,Delhi NCR,Gurugram — Cyber Hub,Commercial Office,Premium,1,B,28,20260919,2.0.0,2026-09-19,139.7804,24791.3522,6.7659,7.9565,10.4591,94.2846,5.7154,80.5907,26.0184
MKT-016_D029,MKT-016,Delhi NCR,Gurugram — Cyber Hub,Commercial Office,Premium,1,B,29,20260919,2.0.0,2026-09-19,129.5109,21757.9313,7.1428,7.5155,8.628,90.4306,9.5694,77.9824,26.4669
MKT-016_D030,MKT-016,Delhi NCR,Gurugram — Cyber Hub,Commercial Office,Premium,1,B,30,20260919,2.0.0,2026-09-19,135.8196,23303.7248,6.9939,7.3356,9.9617,89.9798,10.0202,72.364,26.4283
MKT-016_D031,MKT-016,Delhi NCR,Gurugram — Cyber Hub,Commercial Office,Premium,1,B,31,20260919,2.0.0,2026-09-19,115.4335,19635.7358,7.0545,7.1005,8.9262,95.161,4.839,77.0001,22.9062
MKT-016_D032,MKT-016,Delhi NCR,Gurugram — Cyber Hub,Commercial Office,Premium,1,B,32,20260919,2.0.0,2026-09-19,123.7427,21722.078,6.836,7.0272,9.9501,88.8374,11.1626,76.0928,25.5503
MKT-016_D033,MKT-016,Delhi NCR,Gurugram — Cyber Hub,Commercial Office,Premium,1,B,33,20260919,2.0.0,2026-09-19,124.2427,21646.9556,6.8874,6.4248,9.3861,93.3886,6.6114,75.4812,24.1446
MKT-016_D034,MKT-016,Delhi NCR,Gurugram — Cyber Hub,Commercial Office,Premium,1,B,34,20260919,2.0.0,2026-09-19,127.8146,22570.5691,6.7955,8.8524,9.5,93.3547,6.6453,81.3906,22.1845
MKT-016_D035,MKT-016,Delhi NCR,Gurugram — Cyber Hub,Commercial Office,Premium,1,B,35,20260919,2.0.0,2026-09-19,136.0935,23543.4902,6.9366,7.577,9.7914,94.203,5.797,76.964,24.1611
MKT-016_D036,MKT-016,Delhi NCR,Gurugram — Cyber Hub,Commercial Office,Premium,1,B,36,20260919,2.0.0,2026-09-19,129.4634,22194.2538,6.9998,6.4472,7.5771,90.0532,9.9468,70.6995,28.3755
MKT-016_D037,MKT-016,Delhi NCR,Gurugram — Cyber Hub,Commercial Office,Premium,1,B,37,20260919,2.0.0,2026-09-19,128.4949,21554.2452,7.1538,6.3317,8.3047,86.9568,13.0432,70.8008,23.873
MKT-016_D038,MKT-016,Delhi NCR,Gurugram — Cyber Hub,Commercial Office,Premium,1,B,38,20260919,2.0.0,2026-09-19,126.9335,21975.9095,6.9312,9.0512,9.0767,91.2769,8.7231,80.0822,26.1622
MKT-016_D039,MKT-016,Delhi NCR,Gurugram — Cyber Hub,Commercial Office,Premium,1,B,39,20260919,2.0.0,2026-09-19,130.9824,22164.2303,7.0916,5.9083,7.0884,91.2782,8.7218,71.0651,26.3046
MKT-016_D040,MKT-016,Delhi NCR,Gurugram — Cyber Hub,Commercial Office,Premium,1,B,40,20260919,2.0.0,2026-09-19,125.9627,21005.5897,7.196,6.2348,7.4626,91.1947,8.8053,72.9057,25.562
MKT-016_D041,MKT-016,Delhi NCR,Gurugram — Cyber Hub,Commercial Office,Premium,1,B,41,20260919,2.0.0,2026-09-19,130.5911,21027.9306,7.4524,6.5319,8.5742,89.536,10.464,79.8864,24.6473
MKT-016_D042,MKT-016,Delhi NCR,Gurugram — Cyber Hub,Commercial Office,Premium,1,B,42,20260919,2.0.0,2026-09-19,134.3302,24031.5676,6.7077,7.608,9.2563,91.6418,8.3582,79.3154,23.6514
MKT-016_D043,MKT-016,Delhi NCR,Gurugram — Cyber Hub,Commercial Office,Premium,1,B,43,20260919,2.0.0,2026-09-19,128.3983,20247.0128,7.6099,5.226,7.5479,88.9172,11.0828,67.9523,27.6817
MKT-016_D044,MKT-016,Delhi NCR,Gurugram — Cyber Hub,Commercial Office,Premium,1,B,44,20260919,2.0.0,2026-09-19,129.5201,21649.6073,7.1791,7.9544,9.2645,91.853,8.147,77.7328,26.3488
MKT-016_D045,MKT-016,Delhi NCR,Gurugram — Cyber Hub,Commercial Office,Premium,1,B,45,20260919,2.0.0,2026-09-19,127.617,20506.3011,7.468,6.9187,5.6369,87.6545,12.3455,73.2297,25.9935
MKT-016_D046,MKT-016,Delhi NCR,Gurugram — Cyber Hub,Commercial Office,Premium,1,B,46,20260919,2.0.0,2026-09-19,129.3924,24234.2587,6.4071,8.5511,8.9469,92.8847,7.1153,75.7414,27.8072
MKT-016_D047,MKT-016,Delhi NCR,Gurugram — Cyber Hub,Commercial Office,Premium,1,B,47,20260919,2.0.0,2026-09-19,122.8609,19760.5339,7.461,6.7936,7.5688,88.2189,11.7811,69.6431,28.434
MKT-016_D048,MKT-016,Delhi NCR,Gurugram — Cyber Hub,Commercial Office,Premium,1,B,48,20260919,2.0.0,2026-09-19,110.9472,20407.2315,6.524,7.3219,9.2218,92.43,7.57,75.88,24.9327
MKT-016_D049,MKT-016,Delhi NCR,Gurugram — Cyber Hub,Commercial Office,Premium,1,B,49,20260919,2.0.0,2026-09-19,123.3303,21069.145,7.0243,8.4959,7.201,90.671,9.329,75.8208,25.1243
MKT-016_D050,MKT-016,Delhi NCR,Gurugram — Cyber Hub,Commercial Office,Premium,1,B,50,20260919,2.0.0,2026-09-19,136.8288,24000.4006,6.8413,7.943,7.3465,94.8987,5.1013,80.0577,22.4339
MKT-016_D051,MKT-016,Delhi NCR,Gurugram — Cyber Hub,Commercial Office,Premium,1,B,51,20260919,2.0.0,2026-09-19,132.5249,23146.0412,6.8707,6.7032,8.7726,90.0116,9.9884,71.651,25.5939
MKT-016_D052,MKT-016,Delhi NCR,Gurugram — Cyber Hub,Commercial Office,Premium,1,B,52,20260919,2.0.0,2026-09-19,119.4856,20698.9075,6.9271,6.9952,10.3049,89.7956,10.2044,72.5793,26.9636
MKT-016_D053,MKT-016,Delhi NCR,Gurugram — Cyber Hub,Commercial Office,Premium,1,B,53,20260919,2.0.0,2026-09-19,114.9451,20230.4556,6.8181,7.0665,7.8697,88.6969,11.3031,74.3429,26.8073
MKT-016_D054,MKT-016,Delhi NCR,Gurugram — Cyber Hub,Commercial Office,Premium,1,B,54,20260919,2.0.0,2026-09-19,125.1197,22699.5537,6.6144,7.8632,8.9032,93.5359,6.4641,80.0195,25.369
MKT-016_D055,MKT-016,Delhi NCR,Gurugram — Cyber Hub,Commercial Office,Premium,1,B,55,20260919,2.0.0,2026-09-19,111.6786,18388.5838,7.2879,6.6089,6.8475,91.2917,8.7083,70.4699,27.2005
MKT-016_D056,MKT-016,Delhi NCR,Gurugram — Cyber Hub,Commercial Office,Premium,1,B,56,20260919,2.0.0,2026-09-19,108.8981,18485.6327,7.0691,5.0467,6.4557,86.0211,13.9789,69.1837,29.7732
MKT-016_D057,MKT-016,Delhi NCR,Gurugram — Cyber Hub,Commercial Office,Premium,1,B,57,20260919,2.0.0,2026-09-19,141.1232,22131.3227,7.652,6.6933,9.5073,94.0474,5.9526,76.2728,27.8105
MKT-016_D058,MKT-016,Delhi NCR,Gurugram — Cyber Hub,Commercial Office,Premium,1,B,58,20260919,2.0.0,2026-09-19,121.3736,23190.5465,6.2805,7.2984,8.8873,93.9187,6.0813,74.9695,23.6958
MKT-016_D059,MKT-016,Delhi NCR,Gurugram — Cyber Hub,Commercial Office,Premium,1,B,59,20260919,2.0.0,2026-09-19,130.1777,23180.1592,6.7391,7.608,9.4442,91.2075,8.7925,73.3788,22.1617
MKT-016_D060,MKT-016,Delhi NCR,Gurugram — Cyber Hub,Commercial Office,Premium,1,B,60,20260919,2.0.0,2026-09-19,126.6631,22455.8108,6.7687,8.655,8.4905,90.5364,9.4636,73.5288,26.114
MKT-016_D061,MKT-016,Delhi NCR,Gurugram — Cyber Hub,Commercial Office,Premium,1,B,61,20260919,2.0.0,2026-09-19,116.2856,22051.2653,6.3281,5.2172,7.9574,91.3314,8.6686,69.9843,24.7205
MKT-016_D062,MKT-016,Delhi NCR,Gurugram — Cyber Hub,Commercial Office,Premium,1,B,62,20260919,2.0.0,2026-09-19,121.6565,19295.6537,7.5658,4.9555,6.693,87.543,12.457,67.7923,30.2698
MKT-016_D063,MKT-016,Delhi NCR,Gurugram — Cyber Hub,Commercial Office,Premium,1,B,63,20260919,2.0.0,2026-09-19,127.417,22692.9945,6.7378,8.2794,10.1595,91.8462,8.1538,74.9791,27.1296
MKT-016_D064,MKT-016,Delhi NCR,Gurugram — Cyber Hub,Commercial Office,Premium,1,B,64,20260919,2.0.0,2026-09-19,131.3597,22573.093,6.9832,6.3423,6.8487,90.5423,9.4577,75.7513,25.2005
MKT-016_D065,MKT-016,Delhi NCR,Gurugram — Cyber Hub,Commercial Office,Premium,1,B,65,20260919,2.0.0,2026-09-19,123.8648,21539.3626,6.9008,6.8187,10.7529,92.7685,7.2315,73.7159,26.1491
MKT-016_D066,MKT-016,Delhi NCR,Gurugram — Cyber Hub,Commercial Office,Premium,1,B,66,20260919,2.0.0,2026-09-19,124.4815,22980.13,6.5003,6.4007,7.4581,91.0457,8.9543,75.2829,25.1343
MKT-016_D067,MKT-016,Delhi NCR,Gurugram — Cyber Hub,Commercial Office,Premium,1,B,67,20260919,2.0.0,2026-09-19,133.2381,24492.3211,6.528,6.8134,8.0927,91.2254,8.7746,74.6578,23.2565
MKT-016_D068,MKT-016,Delhi NCR,Gurugram — Cyber Hub,Commercial Office,Premium,1,B,68,20260919,2.0.0,2026-09-19,131.2946,22460.3837,7.0147,7.3434,10.2754,90.76,9.24,80.4446,26.3088
MKT-016_D069,MKT-016,Delhi NCR,Gurugram — Cyber Hub,Commercial Office,Premium,1,B,69,20260919,2.0.0,2026-09-19,124.6699,21930.0997,6.8219,6.2679,7.8015,85.9701,14.0299,73.1895,28.419
MKT-016_D070,MKT-016,Delhi NCR,Gurugram — Cyber Hub,Commercial Office,Premium,1,B,70,20260919,2.0.0,2026-09-19,124.0951,21444.1425,6.9443,6.5531,8.4135,90.9899,9.0101,68.5446,29.4963
MKT-016_D071,MKT-016,Delhi NCR,Gurugram — Cyber Hub,Commercial Office,Premium,1,B,71,20260919,2.0.0,2026-09-19,131.313,22121.7677,7.1231,7.0602,5.6909,88.686,11.314,74.7541,24.5602
MKT-016_D072,MKT-016,Delhi NCR,Gurugram — Cyber Hub,Commercial Office,Premium,1,B,72,20260919,2.0.0,2026-09-19,123.4003,20690.163,7.157,8.8844,8.8843,92.0293,7.9707,82.5468,13.7425
MKT-016_D073,MKT-016,Delhi NCR,Gurugram — Cyber Hub,Commercial Office,Premium,1,B,73,20260919,2.0.0,2026-09-19,108.8083,17783.8813,7.342,4.6863,6.0503,86.7887,13.2113,71.4572,26.102
MKT-018_D001,MKT-018,Ahmedabad,SG Highway,Commercial Office,Established,3,C,1,20260919,2.0.0,2026-09-19,36.9118,5033.8465,8.7993,8.46,9.2554,91.8035,8.1965,67.9679,35.5977
MKT-018_D002,MKT-018,Ahmedabad,SG Highway,Commercial Office,Established,3,C,2,20260919,2.0.0,2026-09-19,47.1081,6543.5663,8.639,7.0439,6.3894,91.4111,8.5889,68.2625,35.2268
MKT-018_D003,MKT-018,Ahmedabad,SG Highway,Commercial Office,Established,3,C,3,20260919,2.0.0,2026-09-19,48.3127,7510.2984,7.7194,6.9539,9.9494,87.9607,12.0393,67.2878,30.5102
MKT-018_D004,MKT-018,Ahmedabad,SG Highway,Commercial Office,Established,3,C,4,20260919,2.0.0,2026-09-19,50.3625,6402.2199,9.4397,5.3593,8.157,84.4668,15.5332,66.6195,34.1933
MKT-018_D005,MKT-018,Ahmedabad,SG Highway,Commercial Office,Established,3,C,5,20260919,2.0.0,2026-09-19,38.4231,5013.1722,9.1973,6.2204,8.8653,84.9806,15.0194,67.0326,33.4661
MKT-018_D006,MKT-018,Ahmedabad,SG Highway,Commercial Office,Established,3,C,6,20260919,2.0.0,2026-09-19,45.1487,6275.6653,8.6331,5.9829,6.1312,88.3724,11.6276,60.8788,33.4641
MKT-018_D007,MKT-018,Ahmedabad,SG Highway,Commercial Office,Established,3,C,7,20260919,2.0.0,2026-09-19,45.445,6306.7544,8.6469,7.9601,9.0578,88.6014,11.3986,69.9107,33.1045
MKT-018_D008,MKT-018,Ahmedabad,SG Highway,Commercial Office,Established,3,C,8,20260919,2.0.0,2026-09-19,48.7431,6178.6462,9.4667,6.3321,8.1893,86.1279,13.8721,69.1739,31.3191
MKT-018_D009,MKT-018,Ahmedabad,SG Highway,Commercial Office,Established,3,C,9,20260919,2.0.0,2026-09-19,47.9099,7124.3611,8.0698,6.3363,9.3519,85.9709,14.0291,64.9396,35.0111
MKT-018_D010,MKT-018,Ahmedabad,SG Highway,Commercial Office,Established,3,C,10,20260919,2.0.0,2026-09-19,49.7959,7065.9604,8.4567,5.2969,5.6624,87.0785,12.9215,68.385,34.6303
MKT-018_D011,MKT-018,Ahmedabad,SG Highway,Commercial Office,Established,3,C,11,20260919,2.0.0,2026-09-19,50.0195,5836.8832,10.2835,6.4851,7.7648,88.4532,11.5468,72.7275,33.3853
MKT-018_D012,MKT-018,Ahmedabad,SG Highway,Commercial Office,Established,3,C,12,20260919,2.0.0,2026-09-19,51.7111,6987.2138,8.881,5.9665,6.7793,88.3207,11.6793,67.2218,32.1176
MKT-018_D013,MKT-018,Ahmedabad,SG Highway,Commercial Office,Established,3,C,13,20260919,2.0.0,2026-09-19,50.7198,7246.2374,8.3994,6.1678,9.2834,90.2496,9.7504,68.3019,34.223
MKT-018_D014,MKT-018,Ahmedabad,SG Highway,Commercial Office,Established,3,C,14,20260919,2.0.0,2026-09-19,47.2119,5372.5734,10.5451,4.0023,5.8617,83.5956,16.4044,62.1445,37.0563
MKT-018_D015,MKT-018,Ahmedabad,SG Highway,Commercial Office,Established,3,C,15,20260919,2.0.0,2026-09-19,44.5875,6307.6561,8.4826,6.17,9.7021,87.9514,12.0486,67.162,36.6736
MKT-018_D016,MKT-018,Ahmedabad,SG Highway,Commercial Office,Established,3,C,16,20260919,2.0.0,2026-09-19,46.6385,6328.6758,8.8433,4.6913,7.2374,85.7136,14.2864,67.6617,32.8296
MKT-018_D017,MKT-018,Ahmedabad,SG Highway,Commercial Office,Established,3,C,17,20260919,2.0.0,2026-09-19,52.0628,6383.5514,9.7869,5.1455,7.3874,87.1649,12.8351,68.1357,30.6916
MKT-018_D018,MKT-018,Ahmedabad,SG Highway,Commercial Office,Established,3,C,18,20260919,2.0.0,2026-09-19,46.4791,6035.6566,9.2409,5.6201,5.3992,85.1957,14.8043,60.469,31.8802
MKT-018_D019,MKT-018,Ahmedabad,SG Highway,Commercial Office,Established,3,C,19,20260919,2.0.0,2026-09-19,45.2456,6070.3249,8.9443,5.05,6.7833,84.3161,15.6839,66.7639,34.4964
MKT-018_D020,MKT-018,Ahmedabad,SG Highway,Commercial Office,Established,3,C,20,20260919,2.0.0,2026-09-19,48.7582,6013.9344,9.7291,7.5058,9.2641,88.6513,11.3487,75.2218,30.2018
MKT-018_D021,MKT-018,Ahmedabad,SG Highway,Commercial Office,Established,3,C,21,20260919,2.0.0,2026-09-19,49.5529,7551.5559,7.8743,5.6566,6.8508,88.3617,11.6383,67.8583,30.3301
MKT-018_D022,MKT-018,Ahmedabad,SG Highway,Commercial Office,Established,3,C,22,20260919,2.0.0,2026-09-19,48.4731,6606.1601,8.8051,5.2834,7.583,81.6052,18.3948,61.0624,34.2356
MKT-018_D023,MKT-018,Ahmedabad,SG Highway,Commercial Office,Established,3,C,23,20260919,2.0.0,2026-09-19,51.874,6163.5462,10.0995,4.2722,6.6499,88.858,11.142,65.4468,32.6938
MKT-018_D024,MKT-018,Ahmedabad,SG Highway,Commercial Office,Established,3,C,24,20260919,2.0.0,2026-09-19,45.6413,5687.705,9.6295,5.9271,8.2242,87.4229,12.5771,63.8618,35.7502
MKT-018_D025,MKT-018,Ahmedabad,SG Highway,Commercial Office,Established,3,C,25,20260919,2.0.0,2026-09-19,46.1679,4959.8957,11.1699,5.451,8.4947,87.483,12.517,70.2524,37.8845
MKT-018_D026,MKT-018,Ahmedabad,SG Highway,Commercial Office,Established,3,C,26,20260919,2.0.0,2026-09-19,52.6254,7096.7948,8.8985,6.6659,8.9434,88.5693,11.4307,68.1381,33.0167
MKT-003_D001,MKT-003,Mumbai,Lower Parel,Retail,Premium,1,B,1,20260919,2.0.0,2026-09-19,293.9188,54087.6191,6.5209,6.0032,4.2682,85.1495,14.8505,69.8598,32.7131
MKT-003_D002,MKT-003,Mumbai,Lower Parel,Retail,Premium,1,B,2,20260919,2.0.0,2026-09-19,310.0728,53854.3096,6.9091,4.9893,4.5024,88.581,11.419,71.4832,34.7308
MKT-003_D003,MKT-003,Mumbai,Lower Parel,Retail,Premium,1,B,3,20260919,2.0.0,2026-09-19,279.6198,54247.5107,6.1854,7.9755,9.099,92.4297,7.5703,74.6886,29.0549
MKT-003_D004,MKT-003,Mumbai,Lower Parel,Retail,Premium,1,B,4,20260919,2.0.0,2026-09-19,281.4109,50507.1436,6.686,6.1667,6.4199,87.4517,12.5483,66.894,34.9281
MKT-003_D005,MKT-003,Mumbai,Lower Parel,Retail,Premium,1,B,5,20260919,2.0.0,2026-09-19,280.0213,49364.4872,6.807,3.864,4.4316,89.8342,10.1658,65.2897,30.3563
MKT-003_D006,MKT-003,Mumbai,Lower Parel,Retail,Premium,1,B,6,20260919,2.0.0,2026-09-19,239.1925,42770.7703,6.7109,5.6731,5.3417,86.1307,13.8693,66.3875,36.1262
MKT-003_D007,MKT-003,Mumbai,Lower Parel,Retail,Premium,1,B,7,20260919,2.0.0,2026-09-19,233.9455,42292.4813,6.6379,5.8563,6.7823,91.1178,8.8822,70.8783,31.119
MKT-003_D008,MKT-003,Mumbai,Lower Parel,Retail,Premium,1,B,8,20260919,2.0.0,2026-09-19,245.8401,45609.9103,6.4681,4.0008,6.0562,87.4925,12.5075,64.1988,35.782
MKT-003_D009,MKT-003,Mumbai,Lower Parel,Retail,Premium,1,B,9,20260919,2.0.0,2026-09-19,269.4805,46557.2147,6.9458,4.2053,7.0026,88.6472,11.3528,71.0778,29.385
MKT-003_D010,MKT-003,Mumbai,Lower Parel,Retail,Premium,1,B,10,20260919,2.0.0,2026-09-19,271.7541,46012.055,7.0874,4.6086,5.7803,83.8778,16.1222,68.913,34.3119
MKT-003_D011,MKT-003,Mumbai,Lower Parel,Retail,Premium,1,B,11,20260919,2.0.0,2026-09-19,314.0091,58257.8794,6.468,4.0357,6.7863,90.9992,9.0008,75.2437,33.9809
MKT-003_D012,MKT-003,Mumbai,Lower Parel,Retail,Premium,1,B,12,20260919,2.0.0,2026-09-19,269.3203,47820.971,6.7582,4.9122,3.6908,90.278,9.722,70.0427,28.9672
MKT-003_D013,MKT-003,Mumbai,Lower Parel,Retail,Premium,1,B,13,20260919,2.0.0,2026-09-19,353.2457,63483.0523,6.6773,5.1343,7.7825,91.2565,8.7435,73.5476,29.1279
MKT-003_D014,MKT-003,Mumbai,Lower Parel,Retail,Premium,1,B,14,20260919,2.0.0,2026-09-19,351.9671,63174.8466,6.6856,6.6777,6.8365,92.7947,7.2053,79.3155,29.3679
MKT-003_D015,MKT-003,Mumbai,Lower Parel,Retail,Premium,1,B,15,20260919,2.0.0,2026-09-19,271.9569,46584.5964,7.0055,5.2076,3.4984,87.2229,12.7771,65.4284,30.8192
MKT-003_D016,MKT-003,Mumbai,Lower Parel,Retail,Premium,1,B,16,20260919,2.0.0,2026-09-19,318.9195,51550.4337,7.4239,4.1816,5.3744,87.3336,12.6664,70.5659,30.9935
MKT-003_D017,MKT-003,Mumbai,Lower Parel,Retail,Premium,1,B,17,20260919,2.0.0,2026-09-19,257.066,41472.9018,7.4381,4.8653,5.7989,85.7366,14.2634,68.9138,33.3458
MKT-003_D018,MKT-003,Mumbai,Lower Parel,Retail,Premium,1,B,18,20260919,2.0.0,2026-09-19,232.7525,37969.202,7.356,5.629,6.6449,89.4375,10.5625,69.8775,30.1853
MKT-003_D019,MKT-003,Mumbai,Lower Parel,Retail,Premium,1,B,19,20260919,2.0.0,2026-09-19,251.4888,45240.3002,6.6707,7.249,6.166,85.9772,14.0228,74.3732,36.2748
MKT-003_D020,MKT-003,Mumbai,Lower Parel,Retail,Premium,1,B,20,20260919,2.0.0,2026-09-19,281.1751,52602.4678,6.4143,5.9502,8.4089,90.9854,9.0146,69.364,30.8497
MKT-003_D021,MKT-003,Mumbai,Lower Parel,Retail,Premium,1,B,21,20260919,2.0.0,2026-09-19,267.4809,51088.3723,6.2828,5.2731,7.5522,91.1406,8.8594,68.9871,32.4829
MKT-003_D022,MKT-003,Mumbai,Lower Parel,Retail,Premium,1,B,22,20260919,2.0.0,2026-09-19,262.8135,45742.0086,6.8947,3.8118,3.7515,89.4385,10.5615,67.5261,33.4162
MKT-003_D023,MKT-003,Mumbai,Lower Parel,Retail,Premium,1,B,23,20260919,2.0.0,2026-09-19,323.0581,61830.2173,6.2699,5.5867,9.0858,92.8914,7.1086,71.3731,29.5115
MKT-003_D024,MKT-003,Mumbai,Lower Parel,Retail,Premium,1,B,24,20260919,2.0.0,2026-09-19,278.198,56289.7951,5.9307,6.6104,6.3323,91.0997,8.9003,70.1697,29.8222
MKT-003_D025,MKT-003,Mumbai,Lower Parel,Retail,Premium,1,B,25,20260919,2.0.0,2026-09-19,291.5124,52920.9649,6.6101,4.4736,5.218,85.4471,14.5529,63.724,32.0182
MKT-003_D026,MKT-003,Mumbai,Lower Parel,Retail,Premium,1,B,26,20260919,2.0.0,2026-09-19,275.8848,48686.5099,6.7999,5.3788,6.7219,89.7009,10.2991,72.8093,32.0597
MKT-003_D027,MKT-003,Mumbai,Lower Parel,Retail,Premium,1,B,27,20260919,2.0.0,2026-09-19,314.2128,52990.0676,7.1156,3.7794,6.1546,92.2384,7.7616,67.7637,28.0293
MKT-003_D028,MKT-003,Mumbai,Lower Parel,Retail,Premium,1,B,28,20260919,2.0.0,2026-09-19,306.7848,58089.6511,6.3375,7.7926,8.1448,89.1978,10.8022,74.2852,31.0564
MKT-003_D029,MKT-003,Mumbai,Lower Parel,Retail,Premium,1,B,29,20260919,2.0.0,2026-09-19,296.3867,54061.3985,6.5789,6.3235,8.5959,93.4101,6.5899,72.5336,29.2054
MKT-003_D030,MKT-003,Mumbai,Lower Parel,Retail,Premium,1,B,30,20260919,2.0.0,2026-09-19,269.6891,47369.161,6.832,3.8598,5.106,83.8488,16.1512,64.6858,29.6342
MKT-003_D031,MKT-003,Mumbai,Lower Parel,Retail,Premium,1,B,31,20260919,2.0.0,2026-09-19,238.3178,42749.7062,6.6897,6.4546,9.449,87.9429,12.0571,70.0251,35.7242
MKT-003_D032,MKT-003,Mumbai,Lower Parel,Retail,Premium,1,B,32,20260919,2.0.0,2026-09-19,272.0928,39935.0823,8.1761,3.6735,6.8341,91.2393,8.7607,68.5889,30.5928
MKT-003_D033,MKT-003,Mumbai,Lower Parel,Retail,Premium,1,B,33,20260919,2.0.0,2026-09-19,279.7,49336.3513,6.8031,6.5208,7.1934,83.7279,16.2721,73.46,34.3893
MKT-003_D034,MKT-003,Mumbai,Lower Parel,Retail,Premium,1,B,34,20260919,2.0.0,2026-09-19,275.1646,48019.1649,6.8764,5.3219,6.3141,86.063,13.937,68.5725,31.6093
MKT-003_D035,MKT-003,Mumbai,Lower Parel,Retail,Premium,1,B,35,20260919,2.0.0,2026-09-19,258.3401,43615.4228,7.1078,5.348,6.8549,88.7985,11.2015,71.7307,32.4805
MKT-003_D036,MKT-003,Mumbai,Lower Parel,Retail,Premium,1,B,36,20260919,2.0.0,2026-09-19,297.331,53328.4228,6.6906,3.6122,5.795,87.3316,12.6684,70.227,29.8959
MKT-003_D037,MKT-003,Mumbai,Lower Parel,Retail,Premium,1,B,37,20260919,2.0.0,2026-09-19,312.0292,57587.0287,6.5021,7.4003,7.7539,93.7826,6.2174,80.7336,28.4676
MKT-003_D038,MKT-003,Mumbai,Lower Parel,Retail,Premium,1,B,38,20260919,2.0.0,2026-09-19,328.6388,65887.7458,5.9854,7.9382,7.1302,91.8381,8.1619,75.9179,30.7471
MKT-003_D039,MKT-003,Mumbai,Lower Parel,Retail,Premium,1,B,39,20260919,2.0.0,2026-09-19,274.5622,54547.2441,6.0402,7.7394,5.2914,84.2232,15.7768,69.7268,28.2491
MKT-003_D040,MKT-003,Mumbai,Lower Parel,Retail,Premium,1,B,40,20260919,2.0.0,2026-09-19,267.8511,45773.8899,7.0219,4.1891,4.0054,83.9007,16.0993,63.7987,35.3262
MKT-003_D041,MKT-003,Mumbai,Lower Parel,Retail,Premium,1,B,41,20260919,2.0.0,2026-09-19,275.3629,47530.501,6.9521,3.6831,4.3203,87.5068,12.4932,65.3954,36.9444
MKT-003_D042,MKT-003,Mumbai,Lower Parel,Retail,Premium,1,B,42,20260919,2.0.0,2026-09-19,280.6172,54755.735,6.1499,4.3051,5.9762,87.1565,12.8435,71.8368,34.089
MKT-003_D043,MKT-003,Mumbai,Lower Parel,Retail,Premium,1,B,43,20260919,2.0.0,2026-09-19,249.1637,42661.8131,7.0085,8.2102,7.5966,90.0853,9.9147,75.8856,31.4558
MKT-003_D044,MKT-003,Mumbai,Lower Parel,Retail,Premium,1,B,44,20260919,2.0.0,2026-09-19,277.8272,54000.5547,6.1739,7.2798,6.6463,85.8297,14.1703,75.0261,30.4128
MKT-003_D045,MKT-003,Mumbai,Lower Parel,Retail,Premium,1,B,45,20260919,2.0.0,2026-09-19,294.6262,54100.8943,6.535,5.9761,6.6273,91.3372,8.6628,70.0894,28.8106
MKT-003_D046,MKT-003,Mumbai,Lower Parel,Retail,Premium,1,B,46,20260919,2.0.0,2026-09-19,227.5067,42299.9296,6.4541,7.144,7.334,88.1852,11.8148,72.1526,32.2214
MKT-003_D047,MKT-003,Mumbai,Lower Parel,Retail,Premium,1,B,47,20260919,2.0.0,2026-09-19,249.0479,41741.0597,7.1598,2.7854,3.927,86.8305,13.1695,64.3764,34.4232
MKT-003_D048,MKT-003,Mumbai,Lower Parel,Retail,Premium,1,B,48,20260919,2.0.0,2026-09-19,276.1827,48722.8769,6.8021,6.3341,5.8971,87.5859,12.4141,75.0562,31.4886
MKT-003_D049,MKT-003,Mumbai,Lower Parel,Retail,Premium,1,B,49,20260919,2.0.0,2026-09-19,290.2894,54279.1851,6.4177,7.5235,8.6927,90.0349,9.9651,76.4511,29.5295
MKT-003_D050,MKT-003,Mumbai,Lower Parel,Retail,Premium,1,B,50,20260919,2.0.0,2026-09-19,341.2991,61303.5447,6.6808,3.9261,6.5983,89.3021,10.6979,68.6646,31.5511
MKT-003_D051,MKT-003,Mumbai,Lower Parel,Retail,Premium,1,B,51,20260919,2.0.0,2026-09-19,281.5974,53083.4928,6.3658,4.5017,4.6866,84.9343,15.0657,67.562,36.3638
MKT-003_D052,MKT-003,Mumbai,Lower Parel,Retail,Premium,1,B,52,20260919,2.0.0,2026-09-19,223.055,41696.005,6.4195,4.5056,4.1123,85.6912,14.3088,63.1357,35.1048
MKT-003_D053,MKT-003,Mumbai,Lower Parel,Retail,Premium,1,B,53,20260919,2.0.0,2026-09-19,339.3605,60912.2605,6.6856,6.8928,7.0089,87.9734,12.0266,72.6014,32.5529
MKT-003_D054,MKT-003,Mumbai,Lower Parel,Retail,Premium,1,B,54,20260919,2.0.0,2026-09-19,273.2178,46256.4401,7.0879,4.4575,3.8094,84.6089,15.3911,65.585,33.5589
MKT-003_D055,MKT-003,Mumbai,Lower Parel,Retail,Premium,1,B,55,20260919,2.0.0,2026-09-19,292.4087,51043.448,6.8743,4.6304,5.2302,90.8819,9.1181,74.4791,28.8323
MKT-003_D056,MKT-003,Mumbai,Lower Parel,Retail,Premium,1,B,56,20260919,2.0.0,2026-09-19,280.8688,52703.9464,6.395,5.4322,5.4498,90.4047,9.5953,71.0541,31.826
MKT-003_D057,MKT-003,Mumbai,Lower Parel,Retail,Premium,1,B,57,20260919,2.0.0,2026-09-19,287.995,51719.3159,6.6821,5.8902,6.1684,86.6752,13.3248,73.3643,31.245
MKT-003_D058,MKT-003,Mumbai,Lower Parel,Retail,Premium,1,B,58,20260919,2.0.0,2026-09-19,234.3009,39697.8404,7.0825,5.8621,5.8617,90.2433,9.7567,69.765,28.199
MKT-003_D059,MKT-003,Mumbai,Lower Parel,Retail,Premium,1,B,59,20260919,2.0.0,2026-09-19,273.2437,50227.7797,6.5281,3.2343,6.6012,84.7044,15.2956,66.026,33.2106
MKT-003_D060,MKT-003,Mumbai,Lower Parel,Retail,Premium,1,B,60,20260919,2.0.0,2026-09-19,276.0558,15318.5653,21.6252,7.265,7.951,88.3588,11.6412,75.1467,33.9945
MKT-003_D061,MKT-003,Mumbai,Lower Parel,Retail,Premium,1,B,61,20260919,2.0.0,2026-09-19,303.3913,54930.0132,6.6279,8.1687,5.3173,92.2544,7.7456,79.6036,27.3594
MKT-003_D062,MKT-003,Mumbai,Lower Parel,Retail,Premium,1,B,62,20260919,2.0.0,2026-09-19,340.4274,57525.2638,7.1015,6.2097,7.4752,89.7389,10.2611,76.926,29.2051
MKT-003_D063,MKT-003,Mumbai,Lower Parel,Retail,Premium,1,B,63,20260919,2.0.0,2026-09-19,245.5997,40701.6738,7.241,3.3717,6.0574,85.7558,14.2442,65.506,36.1745
MKT-003_D064,MKT-003,Mumbai,Lower Parel,Retail,Premium,1,B,64,20260919,2.0.0,2026-09-19,266.7469,47627.883,6.7208,6.505,7.363,91.9835,8.0165,74.3133,31.1627
MKT-003_D065,MKT-003,Mumbai,Lower Parel,Retail,Premium,1,B,65,20260919,2.0.0,2026-09-19,236.1221,42418.1077,6.6798,6.2542,5.3036,89.7884,10.2116,73.5165,32.7537
MKT-003_D066,MKT-003,Mumbai,Lower Parel,Retail,Premium,1,B,66,20260919,2.0.0,2026-09-19,279.8435,51991.5541,6.459,5.1408,4.463,90.6812,9.3188,64.4631,30.1377
MKT-009_D001,MKT-009,Bengaluru,Koramangala,Retail,Established,1,B,1,20260919,2.0.0,2026-09-19,159.9428,23365.7056,8.2142,2.4304,4.3631,84.6675,15.3325,60.4831,43.3577
MKT-009_D002,MKT-009,Bengaluru,Koramangala,Retail,Established,1,B,2,20260919,2.0.0,2026-09-19,206.4763,33378.2771,7.4231,5.8991,6.3878,88.5738,11.4262,68.9932,40.7463
MKT-009_D003,MKT-009,Bengaluru,Koramangala,Retail,Established,1,B,3,20260919,2.0.0,2026-09-19,172.7572,26324.3229,7.8752,7.7437,5.455,84.8747,15.1253,67.5694,40.3547
MKT-009_D004,MKT-009,Bengaluru,Koramangala,Retail,Established,1,B,4,20260919,2.0.0,2026-09-19,185.1571,29959.9305,7.4162,3.5766,4.2759,82.7797,17.2203,57.7296,42.6305
MKT-009_D005,MKT-009,Bengaluru,Koramangala,Retail,Established,1,B,5,20260919,2.0.0,2026-09-19,160.7651,24915.69,7.7428,4.7768,5.7475,85.7501,14.2499,59.9241,35.8418
MKT-009_D006,MKT-009,Bengaluru,Koramangala,Retail,Established,1,B,6,20260919,2.0.0,2026-09-19,203.3169,30478.0538,8.0051,2.8064,5.2114,88.5839,11.4161,64.9262,39.3317
MKT-009_D007,MKT-009,Bengaluru,Koramangala,Retail,Established,1,B,7,20260919,2.0.0,2026-09-19,158.8101,25050.8834,7.6074,4.4598,4.6595,85.9123,14.0877,56.6761,45.2022
MKT-009_D008,MKT-009,Bengaluru,Koramangala,Retail,Established,1,B,8,20260919,2.0.0,2026-09-19,181.662,28664.1534,7.6051,2.8939,5.508,85.6247,14.3753,65.9666,37.3828
MKT-009_D009,MKT-009,Bengaluru,Koramangala,Retail,Established,1,B,9,20260919,2.0.0,2026-09-19,192.9543,27640.2565,8.3771,4.4562,5.7769,90.0408,9.9592,72.5711,22.2782
MKT-009_D010,MKT-009,Bengaluru,Koramangala,Retail,Established,1,B,10,20260919,2.0.0,2026-09-19,164.8347,25562.8368,7.7379,3.9583,3.4973,83.2724,16.7276,62.7558,40.1811
MKT-009_D011,MKT-009,Bengaluru,Koramangala,Retail,Established,1,B,11,20260919,2.0.0,2026-09-19,195.0073,31749.7544,7.3704,6.2525,7.0366,87.8687,12.1313,71.4161,37.255
MKT-009_D012,MKT-009,Bengaluru,Koramangala,Retail,Established,1,B,12,20260919,2.0.0,2026-09-19,139.0333,22358.9877,7.4619,6.6085,5.4479,89.1004,10.8996,62.8682,41.159
MKT-009_D013,MKT-009,Bengaluru,Koramangala,Retail,Established,1,B,13,20260919,2.0.0,2026-09-19,182.7197,18880.1685,11.6134,4.9634,5.3424,89.2627,10.7373,67.5971,35.7577
MKT-009_D014,MKT-009,Bengaluru,Koramangala,Retail,Established,1,B,14,20260919,2.0.0,2026-09-19,165.5479,26004.3804,7.6394,4.9536,4.2204,88.5362,11.4638,64.881,38.298
MKT-009_D015,MKT-009,Bengaluru,Koramangala,Retail,Established,1,B,15,20260919,2.0.0,2026-09-19,171.4291,28106.1749,7.3192,3.7223,4.8943,88.1439,11.8561,64.269,36.28
MKT-009_D016,MKT-009,Bengaluru,Koramangala,Retail,Established,1,B,16,20260919,2.0.0,2026-09-19,147.5392,24457.9825,7.2388,5.1745,5.0756,89.0411,10.9589,62.3382,38.328
MKT-009_D017,MKT-009,Bengaluru,Koramangala,Retail,Established,1,B,17,20260919,2.0.0,2026-09-19,153.2632,25331.5704,7.2603,4.2433,6.551,81.5556,18.4444,61.738,42.1789
MKT-009_D018,MKT-009,Bengaluru,Koramangala,Retail,Established,1,B,18,20260919,2.0.0,2026-09-19,191.2158,31133.179,7.3702,6.8074,6.4328,86.6259,13.3741,67.602,41.1432
MKT-009_D019,MKT-009,Bengaluru,Koramangala,Retail,Established,1,B,19,20260919,2.0.0,2026-09-19,158.0236,24357.1863,7.7853,6.2593,5.5527,83.9394,16.0606,60.3073,42.5199
MKT-009_D020,MKT-009,Bengaluru,Koramangala,Retail,Established,1,B,20,20260919,2.0.0,2026-09-19,162.4834,25639.963,7.6045,3.6933,5.2114,84.0468,15.9532,60.6275,45.1538
MKT-009_D021,MKT-009,Bengaluru,Koramangala,Retail,Established,1,B,21,20260919,2.0.0,2026-09-19,176.791,29039.3251,7.3056,5.4634,4.5673,91.481,8.519,64.0871,36.9592
MKT-009_D022,MKT-009,Bengaluru,Koramangala,Retail,Established,1,B,22,20260919,2.0.0,2026-09-19,145.6768,22198.1644,7.8751,6.5375,6.6038,88.2345,11.7655,66.1989,35.0645
MKT-009_D023,MKT-009,Bengaluru,Koramangala,Retail,Established,1,B,23,20260919,2.0.0,2026-09-19,188.481,27670.8484,8.1738,5.5187,5.1145,90.201,9.799,66.8163,36.9594
MKT-009_D024,MKT-009,Bengaluru,Koramangala,Retail,Established,1,B,24,20260919,2.0.0,2026-09-19,157.2328,22955.0942,8.2195,3.616,3.1996,91.5646,8.4354,59.7435,42.8572
MKT-009_D025,MKT-009,Bengaluru,Koramangala,Retail,Established,1,B,25,20260919,2.0.0,2026-09-19,167.4695,29062.89,6.9148,5.426,6.1262,92.5111,7.4889,65.0095,36.8775
MKT-009_D026,MKT-009,Bengaluru,Koramangala,Retail,Established,1,B,26,20260919,2.0.0,2026-09-19,175.4657,28592.3067,7.3642,8.1752,7.9502,88.9053,11.0947,72.8342,36.7401
MKT-009_D027,MKT-009,Bengaluru,Koramangala,Retail,Established,1,B,27,20260919,2.0.0,2026-09-19,137.2652,22122.2142,7.4458,3.7885,5.8853,85.6035,14.3965,55.164,42.7342
MKT-009_D028,MKT-009,Bengaluru,Koramangala,Retail,Established,1,B,28,20260919,2.0.0,2026-09-19,184.477,27686.6585,7.9956,5.2079,5.786,85.0073,14.9927,67.9326,38.3901
MKT-009_D029,MKT-009,Bengaluru,Koramangala,Retail,Established,1,B,29,20260919,2.0.0,2026-09-19,153.9373,23111.4551,7.9928,3.5118,4.1381,87.3981,12.6019,57.6631,39.4782
MKT-009_D030,MKT-009,Bengaluru,Koramangala,Retail,Established,1,B,30,20260919,2.0.0,2026-09-19,148.8858,23080.1605,7.741,6.9094,6.3156,86.3742,13.6258,69.3296,37.0758
MKT-009_D031,MKT-009,Bengaluru,Koramangala,Retail,Established,1,B,31,20260919,2.0.0,2026-09-19,172.3629,26838.3194,7.7067,4.6674,5.2817,87.8452,12.1548,63.8191,41.3455
MKT-009_D032,MKT-009,Bengaluru,Koramangala,Retail,Established,1,B,32,20260919,2.0.0,2026-09-19,160.5655,23412.0346,8.2299,4.7713,3.5069,85.9529,14.0471,60.0215,40.7337
MKT-009_D033,MKT-009,Bengaluru,Koramangala,Retail,Established,1,B,33,20260919,2.0.0,2026-09-19,186.614,28233.7235,7.9315,5.202,5.7797,82.977,17.023,61.454,41.7333
MKT-009_D034,MKT-009,Bengaluru,Koramangala,Retail,Established,1,B,34,20260919,2.0.0,2026-09-19,180.255,27365.6644,7.9043,7.6186,6.6638,92.8106,7.1894,67.7428,37.6728
MKT-009_D035,MKT-009,Bengaluru,Koramangala,Retail,Established,1,B,35,20260919,2.0.0,2026-09-19,198.3474,33364.4663,7.1338,5.2493,4.8993,89.2659,10.7341,69.3433,34.1886
MKT-009_D036,MKT-009,Bengaluru,Koramangala,Retail,Established,1,B,36,20260919,2.0.0,2026-09-19,194.6586,29032.8542,8.0457,5.5797,7.3142,87.8171,12.1829,66.3022,39.2556
MKT-009_D037,MKT-009,Bengaluru,Koramangala,Retail,Established,1,B,37,20260919,2.0.0,2026-09-19,159.8946,23682.8351,8.1018,4.6049,5.4415,84.283,15.717,63.8784,40.6788
MKT-009_D038,MKT-009,Bengaluru,Koramangala,Retail,Established,1,B,38,20260919,2.0.0,2026-09-19,173.3454,24630.4885,8.4454,3.188,5.2513,86.8089,13.1911,62.6617,42.5972
MKT-009_D039,MKT-009,Bengaluru,Koramangala,Retail,Established,1,B,39,20260919,2.0.0,2026-09-19,164.8901,24846.0518,7.9638,6.0096,5.6971,87.4933,12.5067,70.563,43.1808
MKT-009_D040,MKT-009,Bengaluru,Koramangala,Retail,Established,1,B,40,20260919,2.0.0,2026-09-19,172.3088,28532.3451,7.2469,4.5213,6.6026,89.067,10.933,61.6585,37.0146
MKT-009_D041,MKT-009,Bengaluru,Koramangala,Retail,Established,1,B,41,20260919,2.0.0,2026-09-19,161.9316,25659.4245,7.573,5.5127,6.2657,83.7585,16.2415,58.62,41.7676
MKT-009_D042,MKT-009,Bengaluru,Koramangala,Retail,Established,1,B,42,20260919,2.0.0,2026-09-19,168.9004,26312.6612,7.7028,6.3122,6.8758,91.0584,8.9416,67.466,38.6724
MKT-009_D043,MKT-009,Bengaluru,Koramangala,Retail,Established,1,B,43,20260919,2.0.0,2026-09-19,186.0938,30145.6109,7.4078,5.102,5.7335,91.3533,8.6467,70.1924,36.1512
MKT-009_D044,MKT-009,Bengaluru,Koramangala,Retail,Established,1,B,44,20260919,2.0.0,2026-09-19,178.5684,28074.4428,7.6326,7.1417,6.7528,84.4473,15.5527,71.4686,37.3438
MKT-009_D045,MKT-009,Bengaluru,Koramangala,Retail,Established,1,B,45,20260919,2.0.0,2026-09-19,142.6978,22936.1881,7.4658,6.0693,7.6418,85.9892,14.0108,68.3361,38.1443
MKT-009_D046,MKT-009,Bengaluru,Koramangala,Retail,Established,1,B,46,20260919,2.0.0,2026-09-19,161.316,25617.0899,7.5566,4.9612,3.2264,91.4379,8.5621,57.2202,45.5591
MKT-009_D047,MKT-009,Bengaluru,Koramangala,Retail,Established,1,B,47,20260919,2.0.0,2026-09-19,202.0278,32597.0772,7.4373,5.0249,6.5814,86.3654,13.6346,61.7405,39.5
MKT-009_D048,MKT-009,Bengaluru,Koramangala,Retail,Established,1,B,48,20260919,2.0.0,2026-09-19,160.0364,23948.8207,8.0189,6.3272,5.8168,86.8292,13.1708,63.5822,38.2331
MKT-009_D049,MKT-009,Bengaluru,Koramangala,Retail,Established,1,B,49,20260919,2.0.0,2026-09-19,154.5655,25066.2674,7.3995,5.5995,6.1843,89.2924,10.7076,67.0353,36.6392
MKT-009_D050,MKT-009,Bengaluru,Koramangala,Retail,Established,1,B,50,20260919,2.0.0,2026-09-19,187.6964,29129.4549,7.7322,5.1254,6.1734,85.9954,14.0046,72.1309,39.1513
MKT-009_D051,MKT-009,Bengaluru,Koramangala,Retail,Established,1,B,51,20260919,2.0.0,2026-09-19,179.4096,25286.6714,8.514,4.5726,4.2467,83.552,16.448,62.1592,41.9447
MKT-009_D052,MKT-009,Bengaluru,Koramangala,Retail,Established,1,B,52,20260919,2.0.0,2026-09-19,167.9334,25689.9018,7.8443,2.6186,5.4757,86.4115,13.5885,60.4363,39.4031
MKT-009_D053,MKT-009,Bengaluru,Koramangala,Retail,Established,1,B,53,20260919,2.0.0,2026-09-19,158.528,24026.1162,7.9178,4.9934,5.6735,79.453,20.547,57.8685,46.5874
MKT-009_D054,MKT-009,Bengaluru,Koramangala,Retail,Established,1,B,54,20260919,2.0.0,2026-09-19,163.565,26812.5597,7.3204,3.8841,6.4597,86.7777,13.2223,60.1591,37.4454
MKT-009_D055,MKT-009,Bengaluru,Koramangala,Retail,Established,1,B,55,20260919,2.0.0,2026-09-19,137.7863,19564.9506,8.451,4.8138,5.2488,80.6397,19.3603,59.557,44.8004
MKT-009_D056,MKT-009,Bengaluru,Koramangala,Retail,Established,1,B,56,20260919,2.0.0,2026-09-19,173.2083,25405.9112,8.1812,5.4556,5.6553,80.8707,19.1293,70.977,36.5315
MKT-009_D057,MKT-009,Bengaluru,Koramangala,Retail,Established,1,B,57,20260919,2.0.0,2026-09-19,165.5669,24375.8215,8.1507,3.8503,6.1074,88.3361,11.6639,62.3517,39.5448
MKT-014_D001,MKT-014,Chennai,T Nagar,Retail,Premium,2,B,1,20260919,2.0.0,2026-09-19,211.6898,36277.3955,7.0024,5.2255,7.6158,89.6495,10.3505,71.8258,29.8143
MKT-014_D002,MKT-014,Chennai,T Nagar,Retail,Premium,2,B,2,20260919,2.0.0,2026-09-19,214.1937,34277.3754,7.4986,6.1954,6.709,92.023,7.977,74.8879,31.918
MKT-014_D003,MKT-014,Chennai,T Nagar,Retail,Premium,2,B,3,20260919,2.0.0,2026-09-19,195.2937,32840.5405,7.1361,5.1682,6.6318,88.9575,11.0425,70.1848,31.6221
MKT-014_D004,MKT-014,Chennai,T Nagar,Retail,Premium,2,B,4,20260919,2.0.0,2026-09-19,172.3723,26568.9035,7.7853,6.6803,6.6648,89.8466,10.1534,71.4885,33.4758
MKT-014_D005,MKT-014,Chennai,T Nagar,Retail,Premium,2,B,5,20260919,2.0.0,2026-09-19,205.9454,38836.7666,6.3634,4.4625,5.5275,87.684,12.316,72.827,28.2787
MKT-014_D006,MKT-014,Chennai,T Nagar,Retail,Premium,2,B,6,20260919,2.0.0,2026-09-19,187.1894,29668.0822,7.5713,6.0261,5.5072,87.0844,12.9156,71.0753,34.3974
MKT-014_D007,MKT-014,Chennai,T Nagar,Retail,Premium,2,B,7,20260919,2.0.0,2026-09-19,236.2717,35601.7823,7.9638,4.4979,4.6171,87.3714,12.6286,69.9152,29.5178
MKT-014_D008,MKT-014,Chennai,T Nagar,Retail,Premium,2,B,8,20260919,2.0.0,2026-09-19,243.6444,42358.4113,6.9024,5.5229,6.5733,94.1515,5.8485,79.1235,29.0144
MKT-014_D009,MKT-014,Chennai,T Nagar,Retail,Premium,2,B,9,20260919,2.0.0,2026-09-19,211.958,34248.7871,7.4265,4.8593,4.4174,86.9637,13.0363,68.2433,32.0542
MKT-014_D010,MKT-014,Chennai,T Nagar,Retail,Premium,2,B,10,20260919,2.0.0,2026-09-19,231.6042,37010.715,7.5093,6.4783,4.2392,86.8279,13.1721,74.8934,29.6401
MKT-014_D011,MKT-014,Chennai,T Nagar,Retail,Premium,2,B,11,20260919,2.0.0,2026-09-19,204.0993,39857.6865,6.1448,5.0522,6.9638,92.879,7.121,72.0373,27.2264
MKT-014_D012,MKT-014,Chennai,T Nagar,Retail,Premium,2,B,12,20260919,2.0.0,2026-09-19,245.2483,44437.1223,6.6228,5.1142,5.8636,92.3481,7.6519,74.9327,29.3677
MKT-014_D013,MKT-014,Chennai,T Nagar,Retail,Premium,2,B,13,20260919,2.0.0,2026-09-19,217.7611,41065.449,6.3633,5.3956,7.9082,93.024,6.976,72.9589,28.7001
MKT-014_D014,MKT-014,Chennai,T Nagar,Retail,Premium,2,B,14,20260919,2.0.0,2026-09-19,195.2545,35934.4019,6.5204,5.1995,7.4532,88.5448,11.4552,65.7236,29.8721
MKT-014_D015,MKT-014,Chennai,T Nagar,Retail,Premium,2,B,15,20260919,2.0.0,2026-09-19,194.7716,33056.9683,7.0704,5.2676,5.5116,90.4322,9.5678,70.0358,35.6197
MKT-014_D016,MKT-014,Chennai,T Nagar,Retail,Premium,2,B,16,20260919,2.0.0,2026-09-19,178.4253,27543.143,7.7736,6.5536,6.0193,93.9032,6.0968,72.8375,32.0719
MKT-014_D017,MKT-014,Chennai,T Nagar,Retail,Premium,2,B,17,20260919,2.0.0,2026-09-19,226.9439,38153.3729,7.1378,6.0863,6.8191,92.966,7.034,74.4456,30.9491
MKT-014_D018,MKT-014,Chennai,T Nagar,Retail,Premium,2,B,18,20260919,2.0.0,2026-09-19,183.7994,29123.3563,7.5733,4.8668,5.5831,84.9054,15.0946,68.8531,34.1928
MKT-014_D019,MKT-014,Chennai,T Nagar,Retail,Premium,2,B,19,20260919,2.0.0,2026-09-19,212.1523,36107.7333,7.0506,5.2403,4.6391,85.0663,14.9337,68.66,34.7413
MKT-014_D020,MKT-014,Chennai,T Nagar,Retail,Premium,2,B,20,20260919,2.0.0,2026-09-19,198.9013,27851.7113,8.5697,4.394,3.5149,89.0609,10.9391,65.9818,33.3213
MKT-014_D021,MKT-014,Chennai,T Nagar,Retail,Premium,2,B,21,20260919,2.0.0,2026-09-19,190.7492,32066.2119,7.1383,7.3216,7.9869,92.1728,7.8272,71.3564,30.4757
MKT-014_D022,MKT-014,Chennai,T Nagar,Retail,Premium,2,B,22,20260919,2.0.0,2026-09-19,216.9986,36138.8391,7.2055,5.548,5.6861,88.1785,11.8215,72.537,34.7651
MKT-014_D023,MKT-014,Chennai,T Nagar,Retail,Premium,2,B,23,20260919,2.0.0,2026-09-19,212.9461,36153.605,7.068,7.1152,9.1639,92.5295,7.4705,77.5932,27.9774
MKT-014_D024,MKT-014,Chennai,T Nagar,Retail,Premium,2,B,24,20260919,2.0.0,2026-09-19,239.9935,44638.8982,6.4516,7.8377,7.5059,92.8946,7.1054,78.8036,28.4404
MKT-014_D025,MKT-014,Chennai,T Nagar,Retail,Premium,2,B,25,20260919,2.0.0,2026-09-19,203.3673,30578.9055,7.9807,5.8079,6.7158,85.3396,14.6604,67.1036,34.8758
MKT-014_D026,MKT-014,Chennai,T Nagar,Retail,Premium,2,B,26,20260919,2.0.0,2026-09-19,179.8018,27850.6444,7.7471,5.0097,5.4561,92.6384,7.3616,71.1678,34.2937
MKT-014_D027,MKT-014,Chennai,T Nagar,Retail,Premium,2,B,27,20260919,2.0.0,2026-09-19,206.8868,31896.1017,7.7835,4.8551,5.4959,90.6174,9.3826,71.4842,33.8227
MKT-014_D028,MKT-014,Chennai,T Nagar,Retail,Premium,2,B,28,20260919,2.0.0,2026-09-19,179.1715,32063.4208,6.7056,7.7913,7.2059,92.5445,7.4555,73.5855,27.7487
MKT-014_D029,MKT-014,Chennai,T Nagar,Retail,Premium,2,B,29,20260919,2.0.0,2026-09-19,208.1027,39535.0768,6.3165,6.5513,8.1157,92.1455,7.8545,72.5531,31.6287
MKT-014_D030,MKT-014,Chennai,T Nagar,Retail,Premium,2,B,30,20260919,2.0.0,2026-09-19,228.7344,41663.016,6.5881,5.6887,9.3411,91.412,8.588,74.9148,27.2592
MKT-014_D031,MKT-014,Chennai,T Nagar,Retail,Premium,2,B,31,20260919,2.0.0,2026-09-19,188.7797,33850.8504,6.6922,4.721,5.7822,90.9363,9.0637,72.7865,29.5682
MKT-014_D032,MKT-014,Chennai,T Nagar,Retail,Premium,2,B,32,20260919,2.0.0,2026-09-19,194.8199,34691.0178,6.739,7.0375,7.8104,89.6302,10.3698,75.0336,29.721
MKT-014_D033,MKT-014,Chennai,T Nagar,Retail,Premium,2,B,33,20260919,2.0.0,2026-09-19,203.0239,38285.7502,6.3634,5.1897,5.4501,86.5918,13.4082,72.1755,28.4146
MKT-014_D034,MKT-014,Chennai,T Nagar,Retail,Premium,2,B,34,20260919,2.0.0,2026-09-19,232.6536,37028.7396,7.5397,5.4786,6.1659,94.9262,5.0738,75.1646,30.3339
MKT-014_D035,MKT-014,Chennai,T Nagar,Retail,Premium,2,B,35,20260919,2.0.0,2026-09-19,193.954,36052.7361,6.4557,5.7535,6.5413,85.5113,14.4887,73.6288,30.5766
MKT-014_D036,MKT-014,Chennai,T Nagar,Retail,Premium,2,B,36,20260919,2.0.0,2026-09-19,228.921,37162.2245,7.3921,8.0799,8.0689,94.3722,5.6278,80.2033,29.6701
MKT-014_D037,MKT-014,Chennai,T Nagar,Retail,Premium,2,B,37,20260919,2.0.0,2026-09-19,244.3834,49992.0353,5.8661,8.8263,9.7295,95.2839,4.7161,81.5578,26.4464
MKT-014_D038,MKT-014,Chennai,T Nagar,Retail,Premium,2,B,38,20260919,2.0.0,2026-09-19,197.3739,34836.1754,6.7989,5.7757,6.7415,86.0412,13.9588,72.6738,31.2729
MKT-014_D039,MKT-014,Chennai,T Nagar,Retail,Premium,2,B,39,20260919,2.0.0,2026-09-19,218.7538,39061.616,6.7203,5.2932,6.7657,92.4437,7.5563,69.5836,32.3545
MKT-014_D040,MKT-014,Chennai,T Nagar,Retail,Premium,2,B,40,20260919,2.0.0,2026-09-19,234.3065,36864.6462,7.627,4.6719,3.9028,88.9541,11.0459,66.6231,33.4556
MKT-014_D041,MKT-014,Chennai,T Nagar,Retail,Premium,2,B,41,20260919,2.0.0,2026-09-19,185.1181,30940.6741,7.1796,4.8209,5.4936,88.1048,11.8952,68.6992,31.059
MKT-014_D042,MKT-014,Chennai,T Nagar,Retail,Premium,2,B,42,20260919,2.0.0,2026-09-19,218.7812,32068.2015,8.1868,4.8233,4.6857,89.6906,10.3094,68.4161,30.9184
MKT-014_D043,MKT-014,Chennai,T Nagar,Retail,Premium,2,B,43,20260919,2.0.0,2026-09-19,189.3104,30087.5809,7.5504,6.8761,5.0868,91.6684,8.3316,68.9398,32.0423
MKT-014_D044,MKT-014,Chennai,T Nagar,Retail,Premium,2,B,44,20260919,2.0.0,2026-09-19,239.3892,38691.1855,7.4246,6.9419,6.7985,93.5361,6.4639,79.7766,26.7479
MKT-014_D045,MKT-014,Chennai,T Nagar,Retail,Premium,2,B,45,20260919,2.0.0,2026-09-19,182.6,27256.4546,8.0392,5.7949,6.1725,90.1309,9.8691,69.2466,33.3453
MKT-014_D046,MKT-014,Chennai,T Nagar,Retail,Premium,2,B,46,20260919,2.0.0,2026-09-19,218.8832,39724.6408,6.612,6.9078,5.6916,91.2528,8.7472,69.2656,27.7443
MKT-014_D047,MKT-014,Chennai,T Nagar,Retail,Premium,2,B,47,20260919,2.0.0,2026-09-19,208.627,36725.2529,6.8169,7.7373,8.9746,92.8207,7.1793,78.9555,29.5701
MKT-017_D001,MKT-017,Delhi NCR,Noida — Sector 18,Retail,Established,1,C,1,20260919,2.0.0,2026-09-19,154.2471,23320.6805,7.937,2.5783,2.7579,81.5228,18.4772,59.4873,39.3842
MKT-017_D002,MKT-017,Delhi NCR,Noida — Sector 18,Retail,Established,1,C,2,20260919,2.0.0,2026-09-19,184.8828,28772.5889,7.7108,4.8314,3.8122,81.1082,18.8918,56.4269,43.1068
MKT-017_D003,MKT-017,Delhi NCR,Noida — Sector 18,Retail,Established,1,C,3,20260919,2.0.0,2026-09-19,225.9511,40805.5061,6.6447,6.2106,8.2168,91.6721,8.3279,71.1292,37.0014
MKT-017_D004,MKT-017,Delhi NCR,Noida — Sector 18,Retail,Established,1,C,4,20260919,2.0.0,2026-09-19,182.8093,25570.8718,8.5789,4.3901,6.4777,86.4427,13.5573,65.973,44.4076
MKT-017_D005,MKT-017,Delhi NCR,Noida — Sector 18,Retail,Established,1,C,5,20260919,2.0.0,2026-09-19,213.8171,33939.7553,7.5599,6.4653,6.4877,87.971,12.029,63.889,36.757
MKT-017_D006,MKT-017,Delhi NCR,Noida — Sector 18,Retail,Established,1,C,6,20260919,2.0.0,2026-09-19,190.9896,29944.9486,7.6536,5.0576,4.639,85.6593,14.3407,67.2136,36.4717
MKT-017_D007,MKT-017,Delhi NCR,Noida — Sector 18,Retail,Established,1,C,7,20260919,2.0.0,2026-09-19,155.5526,23735.9094,7.8642,7.0077,4.156,80.2382,19.7618,56.5185,45.5141
MKT-017_D008,MKT-017,Delhi NCR,Noida — Sector 18,Retail,Established,1,C,8,20260919,2.0.0,2026-09-19,216.4341,34915.1392,7.4386,3.6493,3.2946,88.7509,11.2491,62.6776,41.4811
MKT-017_D009,MKT-017,Delhi NCR,Noida — Sector 18,Retail,Established,1,C,9,20260919,2.0.0,2026-09-19,206.2424,31590.8957,7.8342,7.1014,6.4096,91.767,8.233,68.7889,34.1545
MKT-017_D010,MKT-017,Delhi NCR,Noida — Sector 18,Retail,Established,1,C,10,20260919,2.0.0,2026-09-19,161.5785,24101.6286,8.0449,4.4826,6.4071,85.1199,14.8801,62.891,43.0977
MKT-017_D011,MKT-017,Delhi NCR,Noida — Sector 18,Retail,Established,1,C,11,20260919,2.0.0,2026-09-19,185.2873,27962.9589,7.9514,5.2325,7.8031,87.549,12.451,63.5252,39.3595
MKT-017_D012,MKT-017,Delhi NCR,Noida — Sector 18,Retail,Established,1,C,12,20260919,2.0.0,2026-09-19,214.1763,30105.6368,8.537,4.2716,5.3229,84.149,15.851,62.267,43.0498
MKT-017_D013,MKT-017,Delhi NCR,Noida — Sector 18,Retail,Established,1,C,13,20260919,2.0.0,2026-09-19,165.1853,24602.1166,8.0571,3.383,5.0775,81.0316,18.9684,58.3478,44.468
MKT-017_D014,MKT-017,Delhi NCR,Noida — Sector 18,Retail,Established,1,C,14,20260919,2.0.0,2026-09-19,172.2781,29965.8125,6.899,3.5097,4.4761,86.1435,13.8565,63.1028,34.6442
MKT-017_D015,MKT-017,Delhi NCR,Noida — Sector 18,Retail,Established,1,C,15,20260919,2.0.0,2026-09-19,211.0545,35177.419,7.1997,3.7885,3.7366,90.6929,9.3071,60.7362,37.8648
MKT-017_D016,MKT-017,Delhi NCR,Noida — Sector 18,Retail,Established,1,C,16,20260919,2.0.0,2026-09-19,190.2087,30356.2849,7.519,6.262,7.7539,90.5924,9.4076,72.2713,38.9041
MKT-017_D017,MKT-017,Delhi NCR,Noida — Sector 18,Retail,Established,1,C,17,20260919,2.0.0,2026-09-19,227.7192,36857.9026,7.414,3.6179,5.9775,85.2267,14.7733,64.496,36.5521
MKT-017_D018,MKT-017,Delhi NCR,Noida — Sector 18,Retail,Established,1,C,18,20260919,2.0.0,2026-09-19,197.0106,31829.6189,7.4274,4.2756,4.6461,87.191,12.809,64.8011,38.5235
MKT-017_D019,MKT-017,Delhi NCR,Noida — Sector 18,Retail,Established,1,C,19,20260919,2.0.0,2026-09-19,215.9338,35115.2958,7.3791,3.1832,5.3745,85.0904,14.9096,60.126,43.7858
MKT-017_D020,MKT-017,Delhi NCR,Noida — Sector 18,Retail,Established,1,C,20,20260919,2.0.0,2026-09-19,204.0177,32107.2883,7.6251,7.3475,7.9078,87.2306,12.7694,70.9714,35.9935
MKT-017_D021,MKT-017,Delhi NCR,Noida — Sector 18,Retail,Established,1,C,21,20260919,2.0.0,2026-09-19,182.5054,30945.0813,7.0773,8.0773,7.168,86.6375,13.3625,64.1197,39.6941
MKT-017_D022,MKT-017,Delhi NCR,Noida — Sector 18,Retail,Established,1,C,22,20260919,2.0.0,2026-09-19,150.1389,21574.9797,8.3507,3.2491,4.0331,79.2342,20.7658,55.8048,46.1301
MKT-017_D023,MKT-017,Delhi NCR,Noida — Sector 18,Retail,Established,1,C,23,20260919,2.0.0,2026-09-19,223.3821,33300.0669,8.0498,5.4427,8.3326,84.6342,15.3658,67.1854,38.4388
MKT-017_D024,MKT-017,Delhi NCR,Noida — Sector 18,Retail,Established,1,C,24,20260919,2.0.0,2026-09-19,200.3802,29266.0522,8.2162,6.6161,6.1907,81.9733,18.0267,69.7341,39.3022
MKT-017_D025,MKT-017,Delhi NCR,Noida — Sector 18,Retail,Established,1,C,25,20260919,2.0.0,2026-09-19,187.3641,27495.3145,8.1773,4.5089,6.2703,83.5962,16.4038,60.3794,39.55
MKT-017_D026,MKT-017,Delhi NCR,Noida — Sector 18,Retail,Established,1,C,26,20260919,2.0.0,2026-09-19,185.6797,27345.8276,8.1481,3.6828,5.2929,82.8533,17.1467,59.8985,39.8413
MKT-017_D027,MKT-017,Delhi NCR,Noida — Sector 18,Retail,Established,1,C,27,20260919,2.0.0,2026-09-19,217.5787,36698.4257,7.1146,5.3978,6.3494,81.7788,18.2212,70.0989,39.5698
MKT-017_D028,MKT-017,Delhi NCR,Noida — Sector 18,Retail,Established,1,C,28,20260919,2.0.0,2026-09-19,182.297,25976.579,8.4213,5.0616,5.0141,86.8611,13.1389,64.4437,40.5299
MKT-017_D029,MKT-017,Delhi NCR,Noida — Sector 18,Retail,Established,1,C,29,20260919,2.0.0,2026-09-19,189.7465,29841.8695,7.6301,7.2366,7.289,91.7132,8.2868,71.6582,33.4181
MKT-017_D030,MKT-017,Delhi NCR,Noida — Sector 18,Retail,Established,1,C,30,20260919,2.0.0,2026-09-19,185.3065,28223.6801,7.8788,3.2364,5.4351,87.1518,12.8482,59.3321,37.6809
MKT-017_D031,MKT-017,Delhi NCR,Noida — Sector 18,Retail,Established,1,C,31,20260919,2.0.0,2026-09-19,199.1153,31875.0404,7.4961,4.6564,5.878,84.6171,15.3829,60.014,41.7768
MKT-017_D032,MKT-017,Delhi NCR,Noida — Sector 18,Retail,Established,1,C,32,20260919,2.0.0,2026-09-19,187.5794,31218.3177,7.2104,4.7504,6.2102,90.4002,9.5998,67.3591,35.5506
MKT-017_D033,MKT-017,Delhi NCR,Noida — Sector 18,Retail,Established,1,C,33,20260919,2.0.0,2026-09-19,164.9508,23897.4416,8.2829,3.8922,3.5678,80.0781,19.9219,59.05,41.029
MKT-017_D034,MKT-017,Delhi NCR,Noida — Sector 18,Retail,Established,1,C,34,20260919,2.0.0,2026-09-19,167.0273,26819.091,7.4735,5.1162,7.2089,87.045,12.955,61.8683,37.4192
MKT-017_D035,MKT-017,Delhi NCR,Noida — Sector 18,Retail,Established,1,C,35,20260919,2.0.0,2026-09-19,196.2266,33184.1427,7.0959,4.4475,6.7826,86.1565,13.8435,63.309,40.8474
MKT-017_D036,MKT-017,Delhi NCR,Noida — Sector 18,Retail,Established,1,C,36,20260919,2.0.0,2026-09-19,166.4966,23512.7134,8.4974,3.4873,3.6294,85.0945,14.9055,57.4566,46.5194
MKT-017_D037,MKT-017,Delhi NCR,Noida — Sector 18,Retail,Established,1,C,37,20260919,2.0.0,2026-09-19,215.2919,33364.2028,7.7433,2.4238,3.8635,84.1201,15.8799,61.4534,44.0527
MKT-017_D038,MKT-017,Delhi NCR,Noida — Sector 18,Retail,Established,1,C,38,20260919,2.0.0,2026-09-19,161.9703,22426.6928,8.6667,6.1854,5.8468,87.015,12.985,67.1886,37.6745
MKT-017_D039,MKT-017,Delhi NCR,Noida — Sector 18,Retail,Established,1,C,39,20260919,2.0.0,2026-09-19,213.5023,23757.7355,10.784,5.7795,7.2527,88.3993,11.6007,69.1835,37.6703
MKT-017_D040,MKT-017,Delhi NCR,Noida — Sector 18,Retail,Established,1,C,40,20260919,2.0.0,2026-09-19,202.7306,34450.3453,7.0617,4.1847,5.7678,85.705,14.295,65.3375,39.2102
MKT-017_D041,MKT-017,Delhi NCR,Noida — Sector 18,Retail,Established,1,C,41,20260919,2.0.0,2026-09-19,175.9976,26985.6658,7.8263,5.5291,3.5756,87.0776,12.9224,61.4573,39.0556
MKT-017_D042,MKT-017,Delhi NCR,Noida — Sector 18,Retail,Established,1,C,42,20260919,2.0.0,2026-09-19,172.1451,27231.5454,7.5858,5.4832,6.8035,83.0261,16.9739,65.3266,40.6837
MKT-017_D043,MKT-017,Delhi NCR,Noida — Sector 18,Retail,Established,1,C,43,20260919,2.0.0,2026-09-19,203.3919,34007.9104,7.1769,6.0583,6.5899,84.2681,15.7319,68.9209,37.8134
MKT-017_D044,MKT-017,Delhi NCR,Noida — Sector 18,Retail,Established,1,C,44,20260919,2.0.0,2026-09-19,198.539,36985.8152,6.4416,3.0163,6.1109,83.9714,16.0286,64.0572,38.4251
MKT-006_D001,MKT-006,Pune,Wakad,Residential,Growth,2,D,1,20260919,2.0.0,2026-09-19,20.6637,5946.7671,4.1697,7.4878,12.6665,80.9841,19.0159,68.4392,54.2872
MKT-006_D002,MKT-006,Pune,Wakad,Residential,Growth,2,D,2,20260919,2.0.0,2026-09-19,22.5857,6420.4684,4.2213,8.0379,9.3046,85.9535,14.0465,71.1715,56.273
MKT-006_D003,MKT-006,Pune,Wakad,Residential,Growth,2,D,3,20260919,2.0.0,2026-09-19,19.2637,5708.548,4.0494,10.1301,8.234,86.7574,13.2426,66.6539,52.0962
MKT-006_D004,MKT-006,Pune,Wakad,Residential,Growth,2,D,4,20260919,2.0.0,2026-09-19,21.3608,5740.8827,4.465,4.9551,6.3971,74.9253,25.0747,56.702,62.2951
MKT-006_D005,MKT-006,Pune,Wakad,Residential,Growth,2,D,5,20260919,2.0.0,2026-09-19,20.0123,5840.9559,4.1114,9.743,11.0917,81.6699,18.3301,69.4008,53.6138
MKT-006_D006,MKT-006,Pune,Wakad,Residential,Growth,2,D,6,20260919,2.0.0,2026-09-19,25.969,7455.248,4.18,9.5375,12.7056,88.04,11.96,72.1808,48.577
MKT-006_D007,MKT-006,Pune,Wakad,Residential,Growth,2,D,7,20260919,2.0.0,2026-09-19,23.8626,6577.4166,4.3535,6.1426,10.7373,83.2715,16.7285,63.7576,53.7573
MKT-006_D008,MKT-006,Pune,Wakad,Residential,Growth,2,D,8,20260919,2.0.0,2026-09-19,21.8747,6604.542,3.9745,7.5682,11.5225,80.92,19.08,71.3218,56.1269
MKT-006_D009,MKT-006,Pune,Wakad,Residential,Growth,2,D,9,20260919,2.0.0,2026-09-19,20.7804,5932.7349,4.2032,9.819,14.5463,79.9268,20.0732,69.9986,53.3529
MKT-006_D010,MKT-006,Pune,Wakad,Residential,Growth,2,D,10,20260919,2.0.0,2026-09-19,19.1767,5107.2856,4.5057,5.0932,7.3867,73.1931,26.8069,56.4066,56.4131
MKT-006_D011,MKT-006,Pune,Wakad,Residential,Growth,2,D,11,20260919,2.0.0,2026-09-19,22.1181,5850.3207,4.5368,9.1459,11.1985,83.874,16.126,68.0148,49.6831
MKT-006_D012,MKT-006,Pune,Wakad,Residential,Growth,2,D,12,20260919,2.0.0,2026-09-19,20.0911,5722.4408,4.2131,7.1852,7.4803,83.9392,16.0608,66.9199,57.0132
MKT-006_D013,MKT-006,Pune,Wakad,Residential,Growth,2,D,13,20260919,2.0.0,2026-09-19,20.4645,6119.4986,4.013,7.5074,8.8283,84.1769,15.8231,61.7451,55.0453
MKT-006_D014,MKT-006,Pune,Wakad,Residential,Growth,2,D,14,20260919,2.0.0,2026-09-19,24.0706,6542.1683,4.4152,6.5464,9.7194,81.4317,18.5683,67.0977,53.0439
MKT-006_D015,MKT-006,Pune,Wakad,Residential,Growth,2,D,15,20260919,2.0.0,2026-09-19,27.3343,7402.7361,4.4309,7.2253,9.0566,81.3129,18.6871,64.4569,52.2458
MKT-006_D016,MKT-006,Pune,Wakad,Residential,Growth,2,D,16,20260919,2.0.0,2026-09-19,25.8556,7649.9416,4.0558,9.7697,9.1174,81.9738,18.0262,71.3865,52.4683
MKT-006_D017,MKT-006,Pune,Wakad,Residential,Growth,2,D,17,20260919,2.0.0,2026-09-19,28.0566,9853.1939,3.417,8.4413,11.0911,89.6572,10.3428,71.5479,52.3691
MKT-006_D018,MKT-006,Pune,Wakad,Residential,Growth,2,D,18,20260919,2.0.0,2026-09-19,21.9002,6737.4312,3.9006,5.4945,10.1054,82.7604,17.2396,56.3532,57.0926
MKT-006_D019,MKT-006,Pune,Wakad,Residential,Growth,2,D,19,20260919,2.0.0,2026-09-19,21.0807,5621.8183,4.4998,6.2164,8.3546,80.6031,19.3969,57.4715,60.0492
MKT-006_D020,MKT-006,Pune,Wakad,Residential,Growth,2,D,20,20260919,2.0.0,2026-09-19,22.1521,5804.278,4.5798,6.0139,10.0145,77.638,22.362,59.5739,51.1289
MKT-006_D021,MKT-006,Pune,Wakad,Residential,Growth,2,D,21,20260919,2.0.0,2026-09-19,22.7451,5900.2286,4.6259,6.8479,10.8158,81.8764,18.1236,64.8699,55.2024
MKT-006_D022,MKT-006,Pune,Wakad,Residential,Growth,2,D,22,20260919,2.0.0,2026-09-19,23.7004,7637.2867,3.7239,6.412,11.2123,80.5224,19.4776,66.7992,55.3132
MKT-006_D023,MKT-006,Pune,Wakad,Residential,Growth,2,D,23,20260919,2.0.0,2026-09-19,27.7194,7517.2486,4.4249,8.9971,10.497,85.6933,14.3067,75.5908,54.5925
MKT-006_D024,MKT-006,Pune,Wakad,Residential,Growth,2,D,24,20260919,2.0.0,2026-09-19,27.3102,9089.7274,3.6054,7.0408,10.0431,87.6954,12.3046,70.3145,55.1865
MKT-006_D025,MKT-006,Pune,Wakad,Residential,Growth,2,D,25,20260919,2.0.0,2026-09-19,25.317,7597.0057,3.999,8.9149,14.08,86.0457,13.9543,74.0074,50.218
MKT-006_D026,MKT-006,Pune,Wakad,Residential,Growth,2,D,26,20260919,2.0.0,2026-09-19,21.7227,6469.6087,4.0292,7.2692,12.9299,87.8621,12.1379,64.4818,49.5033
MKT-006_D027,MKT-006,Pune,Wakad,Residential,Growth,2,D,27,20260919,2.0.0,2026-09-19,17.7465,5081.9932,4.1904,5.3263,9.2762,78.5741,21.4259,61.1346,53.6929
MKT-006_D028,MKT-006,Pune,Wakad,Residential,Growth,2,D,28,20260919,2.0.0,2026-09-19,20.1095,5561.0899,4.3393,7.0058,7.8735,78.761,21.239,56.5096,51.4733
MKT-006_D029,MKT-006,Pune,Wakad,Residential,Growth,2,D,29,20260919,2.0.0,2026-09-19,25.5249,8170.7439,3.7487,8.7551,11.063,87.5067,12.4933,75.2106,47.1639
MKT-006_D030,MKT-006,Pune,Wakad,Residential,Growth,2,D,30,20260919,2.0.0,2026-09-19,25.002,6374.4558,4.7067,6.489,12.8826,79.6342,20.3658,64.7617,49.4407
MKT-008_D001,MKT-008,Bengaluru,Sarjapur Road,Residential,Growth,1,C,1,20260919,2.0.0,2026-09-19,26.2574,8289.5198,3.8011,7.167,11.7891,79.0338,20.9662,63.1417,55.1668
MKT-008_D002,MKT-008,Bengaluru,Sarjapur Road,Residential,Growth,1,C,2,20260919,2.0.0,2026-09-19,30.8775,10039.1016,3.6909,7.6501,7.3706,78.3479,21.6521,65.7439,53.4675
MKT-008_D003,MKT-008,Bengaluru,Sarjapur Road,Residential,Growth,1,C,3,20260919,2.0.0,2026-09-19,29.3367,9649.2444,3.6484,7.976,9.9979,79.8009,20.1991,64.636,49.5057
MKT-008_D004,MKT-008,Bengaluru,Sarjapur Road,Residential,Growth,1,C,4,20260919,2.0.0,2026-09-19,29.6291,10362.4057,3.4311,6.9459,10.9471,82.2416,17.7584,73.098,51.2109
MKT-008_D005,MKT-008,Bengaluru,Sarjapur Road,Residential,Growth,1,C,5,20260919,2.0.0,2026-09-19,31.3291,10168.0072,3.6974,6.1611,9.3014,91.0052,8.9948,68.9667,51.6304
MKT-008_D006,MKT-008,Bengaluru,Sarjapur Road,Residential,Growth,1,C,6,20260919,2.0.0,2026-09-19,28.1646,8737.8787,3.8679,6.797,8.7385,79.548,20.452,67.5068,52.1215
MKT-008_D007,MKT-008,Bengaluru,Sarjapur Road,Residential,Growth,1,C,7,20260919,2.0.0,2026-09-19,27.721,8842.9292,3.7618,5.6522,8.1934,76.8192,23.1808,61.5922,53.0037
MKT-008_D008,MKT-008,Bengaluru,Sarjapur Road,Residential,Growth,1,C,8,20260919,2.0.0,2026-09-19,32.8004,11127.0401,3.5374,6.3324,9.3611,82.5539,17.4461,64.114,52.2102
MKT-008_D009,MKT-008,Bengaluru,Sarjapur Road,Residential,Growth,1,C,9,20260919,2.0.0,2026-09-19,29.1106,10746.2048,3.2507,6.6897,7.458,90.9233,9.0767,62.6111,49.7094
MKT-008_D010,MKT-008,Bengaluru,Sarjapur Road,Residential,Growth,1,C,10,20260919,2.0.0,2026-09-19,30.1557,9925.2303,3.6459,6.9475,10.8094,83.1649,16.8351,70.0965,51.5428
MKT-008_D011,MKT-008,Bengaluru,Sarjapur Road,Residential,Growth,1,C,11,20260919,2.0.0,2026-09-19,29.5184,9410.9395,3.7639,8.022,9.64,87.321,12.679,64.3045,50.614
MKT-008_D012,MKT-008,Bengaluru,Sarjapur Road,Residential,Growth,1,C,12,20260919,2.0.0,2026-09-19,29.8544,10105.1526,3.5453,4.5037,8.1706,80.4688,19.5312,60.9567,57.9401
MKT-008_D013,MKT-008,Bengaluru,Sarjapur Road,Residential,Growth,1,C,13,20260919,2.0.0,2026-09-19,31.5913,10939.8134,3.4653,7.5386,11.6728,84.3729,15.6271,68.1654,51.0158
MKT-008_D014,MKT-008,Bengaluru,Sarjapur Road,Residential,Growth,1,C,14,20260919,2.0.0,2026-09-19,31.3716,10299.0821,3.6553,7.6118,10.3468,78.5269,21.4731,67.3659,55.0588
MKT-008_D015,MKT-008,Bengaluru,Sarjapur Road,Residential,Growth,1,C,15,20260919,2.0.0,2026-09-19,25.4018,8780.6356,3.4715,7.1011,8.8928,79.6175,20.3825,63.1163,55.4467
MKT-008_D016,MKT-008,Bengaluru,Sarjapur Road,Residential,Growth,1,C,16,20260919,2.0.0,2026-09-19,23.6804,8287.5963,3.4288,7.6372,9.1605,74.4612,25.5388,55.5517,52.6577
MKT-008_D017,MKT-008,Bengaluru,Sarjapur Road,Residential,Growth,1,C,17,20260919,2.0.0,2026-09-19,24.7656,8172.3729,3.6365,6.1847,6.8448,87.5921,12.4079,61.4476,55.1085
MKT-008_D018,MKT-008,Bengaluru,Sarjapur Road,Residential,Growth,1,C,18,20260919,2.0.0,2026-09-19,23.9489,7367.4032,3.9008,7.0436,6.9197,79.1031,20.8969,55.8018,56.2231
MKT-008_D019,MKT-008,Bengaluru,Sarjapur Road,Residential,Growth,1,C,19,20260919,2.0.0,2026-09-19,23.9836,7497.9015,3.8384,5.3828,7.2182,74.2878,25.7122,55.8076,59.8967
MKT-008_D020,MKT-008,Bengaluru,Sarjapur Road,Residential,Growth,1,C,20,20260919,2.0.0,2026-09-19,26.0223,9169.8529,3.4054,10.4034,14.578,80.2516,19.7484,66.6379,55.2222
MKT-008_D021,MKT-008,Bengaluru,Sarjapur Road,Residential,Growth,1,C,21,20260919,2.0.0,2026-09-19,28.0599,9862.3457,3.4142,7.2185,10.5815,84.4497,15.5503,61.7263,53.9726
MKT-008_D022,MKT-008,Bengaluru,Sarjapur Road,Residential,Growth,1,C,22,20260919,2.0.0,2026-09-19,25.2573,9078.1053,3.3387,10.6371,13.1393,86.3876,13.6124,68.1235,53.4639
MKT-008_D023,MKT-008,Bengaluru,Sarjapur Road,Residential,Growth,1,C,23,20260919,2.0.0,2026-09-19,31.1336,10034.1977,3.7233,7.9088,12.1983,86.2493,13.7507,73.9148,51.1028
MKT-008_D024,MKT-008,Bengaluru,Sarjapur Road,Residential,Growth,1,C,24,20260919,2.0.0,2026-09-19,27.4431,9080.1577,3.6268,8.5923,9.6081,81.8718,18.1282,67.8803,55.0741
MKT-008_D025,MKT-008,Bengaluru,Sarjapur Road,Residential,Growth,1,C,25,20260919,2.0.0,2026-09-19,31.3163,10360.5351,3.6272,8.0296,10.7609,87.1329,12.8671,67.1906,54.1264
MKT-008_D026,MKT-008,Bengaluru,Sarjapur Road,Residential,Growth,1,C,26,20260919,2.0.0,2026-09-19,28.9281,9480.7445,3.6615,6.6447,7.9186,77.5873,22.4127,60.6715,50.6469
MKT-008_D027,MKT-008,Bengaluru,Sarjapur Road,Residential,Growth,1,C,27,20260919,2.0.0,2026-09-19,23.3856,8300.541,3.3808,10.673,13.288,89.6628,10.3372,71.7272,51.923
MKT-008_D028,MKT-008,Bengaluru,Sarjapur Road,Residential,Growth,1,C,28,20260919,2.0.0,2026-09-19,31.9264,10006.0395,3.8289,9.3295,13.0745,81.8375,18.1625,73.8685,53.9682
MKT-008_D029,MKT-008,Bengaluru,Sarjapur Road,Residential,Growth,1,C,29,20260919,2.0.0,2026-09-19,30.1703,9895.4127,3.6587,4.8344,9.842,82.6506,17.3494,66.5482,52.3776
MKT-008_D030,MKT-008,Bengaluru,Sarjapur Road,Residential,Growth,1,C,30,20260919,2.0.0,2026-09-19,23.6148,7280.3916,3.8923,5.5766,6.701,75.1102,24.8898,58.1244,60.5988
MKT-008_D031,MKT-008,Bengaluru,Sarjapur Road,Residential,Growth,1,C,31,20260919,2.0.0,2026-09-19,28.7517,10216.7547,3.377,9.2037,8.5012,84.7386,15.2614,71.1564,53.7882
MKT-008_D032,MKT-008,Bengaluru,Sarjapur Road,Residential,Growth,1,C,32,20260919,2.0.0,2026-09-19,33.615,10788.1437,3.7391,5.659,7.881,83.12,16.88,67.8321,57.3597
MKT-008_D033,MKT-008,Bengaluru,Sarjapur Road,Residential,Growth,1,C,33,20260919,2.0.0,2026-09-19,26.5869,8888.5191,3.5894,7.5019,8.694,76.2175,23.7825,65.7568,53.9906
MKT-008_D034,MKT-008,Bengaluru,Sarjapur Road,Residential,Growth,1,C,34,20260919,2.0.0,2026-09-19,28.2739,9528.1588,3.5609,7.6033,10.6561,90.1536,9.8464,70.2846,51.9528
MKT-008_D035,MKT-008,Bengaluru,Sarjapur Road,Residential,Growth,1,C,35,20260919,2.0.0,2026-09-19,26.5878,8552.9972,3.7303,5.3246,6.7996,85.1098,14.8902,60.2801,49.7238
MKT-008_D036,MKT-008,Bengaluru,Sarjapur Road,Residential,Growth,1,C,36,20260919,2.0.0,2026-09-19,30.1291,9410.6157,3.8419,8.2496,7.8201,85.4243,14.5757,62.0072,52.5056
MKT-008_D037,MKT-008,Bengaluru,Sarjapur Road,Residential,Growth,1,C,37,20260919,2.0.0,2026-09-19,25.6581,7718.3233,3.9892,4.5509,5.9491,80.8201,19.1799,58.7905,57.8838
MKT-008_D038,MKT-008,Bengaluru,Sarjapur Road,Residential,Growth,1,C,38,20260919,2.0.0,2026-09-19,23.4516,7857.7237,3.5814,9.6019,8.1434,78.6077,21.3923,67.2111,56.8566
MKT-008_D039,MKT-008,Bengaluru,Sarjapur Road,Residential,Growth,1,C,39,20260919,2.0.0,2026-09-19,25.6248,8413.7332,3.6547,7.5929,9.4864,83.4393,16.5607,59.5845,57.7791
MKT-008_D040,MKT-008,Bengaluru,Sarjapur Road,Residential,Growth,1,C,40,20260919,2.0.0,2026-09-19,31.8262,10611.3303,3.5991,5.8739,9.0064,85.2433,14.7567,64.2089,52.5258
MKT-011_D001,MKT-011,Hyderabad,Gachibowli,Residential,Established,2,C,1,20260919,2.0.0,2026-09-19,26.0602,9209.6791,3.3956,5.9515,7.279,84.0714,15.9286,63.3164,45.5929
MKT-011_D002,MKT-011,Hyderabad,Gachibowli,Residential,Established,2,C,2,20260919,2.0.0,2026-09-19,31.6276,10428.5587,3.6393,5.1238,7.5808,78.9329,21.0671,65.7896,45.5758
MKT-011_D003,MKT-011,Hyderabad,Gachibowli,Residential,Established,2,C,3,20260919,2.0.0,2026-09-19,30.1066,9588.1573,3.768,7.9816,8.6591,87.459,12.541,71.9393,41.9011
MKT-011_D004,MKT-011,Hyderabad,Gachibowli,Residential,Established,2,C,4,20260919,2.0.0,2026-09-19,25.1961,7807.8248,3.8724,5.4583,9.2829,85.6857,14.3143,63.1035,48.1701
MKT-011_D005,MKT-011,Hyderabad,Gachibowli,Residential,Established,2,C,5,20260919,2.0.0,2026-09-19,29.1066,9345.4914,3.7374,4.5698,7.6411,82.3984,17.6016,63.0504,48.6038
MKT-011_D006,MKT-011,Hyderabad,Gachibowli,Residential,Established,2,C,6,20260919,2.0.0,2026-09-19,30.0728,11729.2607,3.0767,7.4546,8.8982,88.1097,11.8903,74.6468,43.8598
MKT-011_D007,MKT-011,Hyderabad,Gachibowli,Residential,Established,2,C,7,20260919,2.0.0,2026-09-19,37.1339,11021.301,4.0431,8.4179,10.1799,88.1996,11.8004,76.4921,44.7908
MKT-011_D008,MKT-011,Hyderabad,Gachibowli,Residential,Established,2,C,8,20260919,2.0.0,2026-09-19,25.262,7136.9529,4.2475,6.1219,6.1261,86.1817,13.8183,62.467,48.2605
MKT-011_D009,MKT-011,Hyderabad,Gachibowli,Residential,Established,2,C,9,20260919,2.0.0,2026-09-19,30.6249,9687.1634,3.7937,6.7945,11.2469,89.6046,10.3954,72.4026,41.3662
MKT-011_D010,MKT-011,Hyderabad,Gachibowli,Residential,Established,2,C,10,20260919,2.0.0,2026-09-19,27.4423,9718.0721,3.3886,6.8291,9.1722,84.4022,15.5978,64.7861,43.0293
MKT-011_D011,MKT-011,Hyderabad,Gachibowli,Residential,Established,2,C,11,20260919,2.0.0,2026-09-19,25.3663,7499.7456,4.0587,6.8239,5.8952,85.0231,14.9769,62.5799,46.9957
MKT-011_D012,MKT-011,Hyderabad,Gachibowli,Residential,Established,2,C,12,20260919,2.0.0,2026-09-19,36.9818,12812.5726,3.4636,6.5395,6.3599,91.7338,8.2662,64.8923,39.9758
MKT-011_D013,MKT-011,Hyderabad,Gachibowli,Residential,Established,2,C,13,20260919,2.0.0,2026-09-19,28.027,6558.3547,5.1282,7.6303,10.4613,85.7834,14.2166,65.616,46.2607
MKT-011_D014,MKT-011,Hyderabad,Gachibowli,Residential,Established,2,C,14,20260919,2.0.0,2026-09-19,32.2614,11706.4633,3.307,7.5442,9.6594,84.2169,15.7831,70.8852,41.3955
MKT-011_D015,MKT-011,Hyderabad,Gachibowli,Residential,Established,2,C,15,20260919,2.0.0,2026-09-19,31.4536,10956.5909,3.4449,7.9649,7.5416,84.9863,15.0137,71.3583,44.7342
MKT-011_D016,MKT-011,Hyderabad,Gachibowli,Residential,Established,2,C,16,20260919,2.0.0,2026-09-19,33.6848,11082.0483,3.6475,9.1051,6.596,86.6248,13.3752,73.2398,41.1313
MKT-011_D017,MKT-011,Hyderabad,Gachibowli,Residential,Established,2,C,17,20260919,2.0.0,2026-09-19,29.2324,11002.3249,3.1883,8.9507,11.5753,91.2306,8.7694,75.7004,41.0113
MKT-011_D018,MKT-011,Hyderabad,Gachibowli,Residential,Established,2,C,18,20260919,2.0.0,2026-09-19,31.6525,11118.6491,3.4162,8.9094,11.1027,87.2753,12.7247,71.986,41.2841
MKT-011_D019,MKT-011,Hyderabad,Gachibowli,Residential,Established,2,C,19,20260919,2.0.0,2026-09-19,32.2386,11019.6317,3.5107,7.7464,10.2382,83.5058,16.4942,68.4698,45.3051
MKT-011_D020,MKT-011,Hyderabad,Gachibowli,Residential,Established,2,C,20,20260919,2.0.0,2026-09-19,34.8106,11022.9834,3.7896,7.9742,7.7623,85.0239,14.9761,68.4795,46.8111
MKT-011_D021,MKT-011,Hyderabad,Gachibowli,Residential,Established,2,C,21,20260919,2.0.0,2026-09-19,25.5873,8504.7458,3.6103,8.4931,7.8436,88.2722,11.7278,67.252,46.2533
MKT-011_D022,MKT-011,Hyderabad,Gachibowli,Residential,Established,2,C,22,20260919,2.0.0,2026-09-19,22.6589,6797.869,3.9999,5.9961,6.9062,85.864,14.136,61.2607,45.5448
MKT-011_D023,MKT-011,Hyderabad,Gachibowli,Residential,Established,2,C,23,20260919,2.0.0,2026-09-19,35.8387,12902.2289,3.3333,9.8334,9.6034,87.6362,12.3638,75.8926,39.3776
MKT-011_D024,MKT-011,Hyderabad,Gachibowli,Residential,Established,2,C,24,20260919,2.0.0,2026-09-19,33.7172,11370.5648,3.5584,6.3171,11.3996,90.3968,9.6032,69.636,42.2542
MKT-011_D025,MKT-011,Hyderabad,Gachibowli,Residential,Established,2,C,25,20260919,2.0.0,2026-09-19,32.0537,10098.684,3.8089,5.3785,8.4585,85.7928,14.2072,66.2953,45.2739
MKT-011_D026,MKT-011,Hyderabad,Gachibowli,Residential,Established,2,C,26,20260919,2.0.0,2026-09-19,34.2458,11496.0152,3.5747,7.2251,7.5604,85.9961,14.0039,69.0819,43.4967
MKT-011_D027,MKT-011,Hyderabad,Gachibowli,Residential,Established,2,C,27,20260919,2.0.0,2026-09-19,27.6562,9287.0491,3.5735,9.2169,10.8309,86.0776,13.9224,79.0606,42.1965
MKT-011_D028,MKT-011,Hyderabad,Gachibowli,Residential,Established,2,C,28,20260919,2.0.0,2026-09-19,32.7763,10188.4011,3.8604,5.4213,7.0535,82.8611,17.1389,63.3935,45.8476
MKT-011_D029,MKT-011,Hyderabad,Gachibowli,Residential,Established,2,C,29,20260919,2.0.0,2026-09-19,29.8403,10090.0932,3.5489,6.408,9.4499,86.5418,13.4582,79.8673,39.6284
MKT-011_D030,MKT-011,Hyderabad,Gachibowli,Residential,Established,2,C,30,20260919,2.0.0,2026-09-19,35.8869,13252.7691,3.2495,8.8404,9.4609,86.8181,13.1819,72.5983,44.9379
MKT-011_D031,MKT-011,Hyderabad,Gachibowli,Residential,Established,2,C,31,20260919,2.0.0,2026-09-19,26.5276,8413.164,3.7837,5.404,5.328,81.0364,18.9636,62.2245,46.3547
MKT-011_D032,MKT-011,Hyderabad,Gachibowli,Residential,Established,2,C,32,20260919,2.0.0,2026-09-19,29.1693,8983.1031,3.8966,5.3373,8.4524,83.5659,16.4341,65.8275,46.3135
MKT-011_D033,MKT-011,Hyderabad,Gachibowli,Residential,Established,2,C,33,20260919,2.0.0,2026-09-19,27.5509,9281.3184,3.5621,7.2999,7.8988,83.7815,16.2185,65.0698,47.5478
MKT-011_D034,MKT-011,Hyderabad,Gachibowli,Residential,Established,2,C,34,20260919,2.0.0,2026-09-19,26.4689,8160.4779,3.8923,4.2511,7.945,86.2734,13.7266,61.6725,46.6198
MKT-011_D035,MKT-011,Hyderabad,Gachibowli,Residential,Established,2,C,35,20260919,2.0.0,2026-09-19,30.3899,10424.1435,3.4984,7.4446,7.2273,86.9831,13.0169,74.5721,39.8384
MKT-011_D036,MKT-011,Hyderabad,Gachibowli,Residential,Established,2,C,36,20260919,2.0.0,2026-09-19,26.4141,7986.4692,3.9688,6.9458,8.6132,89.7158,10.2842,68.3138,48.3041
MKT-011_D037,MKT-011,Hyderabad,Gachibowli,Residential,Established,2,C,37,20260919,2.0.0,2026-09-19,27.9303,8516.1004,3.9356,8.8264,7.5876,85.1535,14.8465,71.7005,48.6139
MKT-011_D038,MKT-011,Hyderabad,Gachibowli,Residential,Established,2,C,38,20260919,2.0.0,2026-09-19,34.475,10894.6477,3.7973,5.6742,9.2741,89.6295,10.3705,69.1494,41.4077
MKT-011_D039,MKT-011,Hyderabad,Gachibowli,Residential,Established,2,C,39,20260919,2.0.0,2026-09-19,32.2637,11372.0727,3.4045,8.8818,8.0038,91.5842,8.4158,69.0579,43.5546
MKT-011_D040,MKT-011,Hyderabad,Gachibowli,Residential,Established,2,C,40,20260919,2.0.0,2026-09-19,27.045,9032.3905,3.5931,6.2891,7.3624,86.9902,13.0098,61.5819,44.9489
MKT-011_D041,MKT-011,Hyderabad,Gachibowli,Residential,Established,2,C,41,20260919,2.0.0,2026-09-19,33.1085,11676.8105,3.4025,8.498,10.3941,85.5852,14.4148,72.0138,41.7455
MKT-011_D042,MKT-011,Hyderabad,Gachibowli,Residential,Established,2,C,42,20260919,2.0.0,2026-09-19,30.0968,10144.8626,3.56,7.132,7.8992,90.2482,9.7518,70.3076,47.3497
MKT-012_D001,MKT-012,Hyderabad,Banjara Hills,Residential,Premium,2,D,1,20260919,2.0.0,2026-09-19,38.8224,19021.3789,2.4492,8.0479,9.7825,93.4035,6.5965,79.885,31.4548
MKT-012_D002,MKT-012,Hyderabad,Banjara Hills,Residential,Premium,2,D,2,20260919,2.0.0,2026-09-19,35.4898,17541.2819,2.4279,10.4886,11.449,89.9547,10.0453,82.9739,33.252
MKT-012_D003,MKT-012,Hyderabad,Banjara Hills,Residential,Premium,2,D,3,20260919,2.0.0,2026-09-19,29.5906,12054.976,2.9456,5.8348,7.7314,85.1251,14.8749,70.1071,40.6587
MKT-012_D004,MKT-012,Hyderabad,Banjara Hills,Residential,Premium,2,D,4,20260919,2.0.0,2026-09-19,34.5057,4720.03,8.7726,8.0961,12.1813,91.5394,8.4606,77.5049,37.7251
MKT-012_D005,MKT-012,Hyderabad,Banjara Hills,Residential,Premium,2,D,5,20260919,2.0.0,2026-09-19,40.9157,18768.6221,2.616,6.5357,8.5017,90.3054,9.6946,76.3998,37.1528
MKT-012_D006,MKT-012,Hyderabad,Banjara Hills,Residential,Premium,2,D,6,20260919,2.0.0,2026-09-19,37.6411,20192.2765,2.237,7.6848,12.1657,95.3677,4.6323,77.1116,32.6528
MKT-012_D007,MKT-012,Hyderabad,Banjara Hills,Residential,Premium,2,D,7,20260919,2.0.0,2026-09-19,38.0213,16434.2742,2.7762,8.2371,8.3219,88.2518,11.7482,75.2645,34.8478
MKT-012_D008,MKT-012,Hyderabad,Banjara Hills,Residential,Premium,2,D,8,20260919,2.0.0,2026-09-19,39.5029,16227.4609,2.9212,7.8756,10.2335,90.3712,9.6288,74.7154,36.058
MKT-012_D009,MKT-012,Hyderabad,Banjara Hills,Residential,Premium,2,D,9,20260919,2.0.0,2026-09-19,29.0351,11376.9144,3.0625,7.1274,9.0147,85.1043,14.8957,70.9046,37.8625
MKT-012_D010,MKT-012,Hyderabad,Banjara Hills,Residential,Premium,2,D,10,20260919,2.0.0,2026-09-19,35.9652,15694.3104,2.7499,8.0451,8.419,85.1312,14.8688,70.6184,38.5827
MKT-012_D011,MKT-012,Hyderabad,Banjara Hills,Residential,Premium,2,D,11,20260919,2.0.0,2026-09-19,38.4945,16327.7893,2.8291,7.6656,9.6367,88.7947,11.2053,77.622,35.1771
MKT-012_D012,MKT-012,Hyderabad,Banjara Hills,Residential,Premium,2,D,12,20260919,2.0.0,2026-09-19,35.3082,17322.3499,2.446,8.8612,10.7735,85.1395,14.8605,79.734,36.9209
MKT-012_D013,MKT-012,Hyderabad,Banjara Hills,Residential,Premium,2,D,13,20260919,2.0.0,2026-09-19,39.0061,19894.8853,2.3527,6.8029,11.1752,87.7291,12.2709,73.7147,34.0511
MKT-012_D014,MKT-012,Hyderabad,Banjara Hills,Residential,Premium,2,D,14,20260919,2.0.0,2026-09-19,33.6893,15498.0127,2.6085,8.99,8.5912,85.6164,14.3836,75.738,38.1553
MKT-012_D015,MKT-012,Hyderabad,Banjara Hills,Residential,Premium,2,D,15,20260919,2.0.0,2026-09-19,43.9803,23869.3317,2.2111,11.7211,11.8818,92.2216,7.7784,83.721,36.4842
MKT-012_D016,MKT-012,Hyderabad,Banjara Hills,Residential,Premium,2,D,16,20260919,2.0.0,2026-09-19,38.4564,15965.5508,2.8905,5.3154,7.683,93.4608,6.5392,69.5861,35.9926
MKT-012_D017,MKT-012,Hyderabad,Banjara Hills,Residential,Premium,2,D,17,20260919,2.0.0,2026-09-19,42.8787,19384.5797,2.6544,7.3021,9.0698,84.9334,15.0666,72.3598,39.1983
MKT-012_D018,MKT-012,Hyderabad,Banjara Hills,Residential,Premium,2,D,18,20260919,2.0.0,2026-09-19,35.2925,17737.9807,2.3876,11.6024,13.0877,94.0938,5.9062,80.9668,35.4708
MKT-012_D019,MKT-012,Hyderabad,Banjara Hills,Residential,Premium,2,D,19,20260919,2.0.0,2026-09-19,40.9384,17717.4357,2.7728,8.0841,9.4901,90.1408,9.8592,81.3378,33.4527
MKT-012_D020,MKT-012,Hyderabad,Banjara Hills,Residential,Premium,2,D,20,20260919,2.0.0,2026-09-19,45.0051,22086.028,2.4453,7.8734,10.2165,89.0366,10.9634,78.914,36.2064
MKT-012_D021,MKT-012,Hyderabad,Banjara Hills,Residential,Premium,2,D,21,20260919,2.0.0,2026-09-19,40.3187,23060.0839,2.0981,10.1656,11.6153,93.1768,6.8232,85.093,31.2745
MKT-012_D022,MKT-012,Hyderabad,Banjara Hills,Residential,Premium,2,D,22,20260919,2.0.0,2026-09-19,43.268,21125.7827,2.4577,6.201,7.6994,93.0504,6.9496,77.6319,34.6338
MKT-012_D023,MKT-012,Hyderabad,Banjara Hills,Residential,Premium,2,D,23,20260919,2.0.0,2026-09-19,34.465,12830.7884,3.2233,7.3238,7.2277,91.1016,8.8984,69.906,36.0395
MKT-012_D024,MKT-012,Hyderabad,Banjara Hills,Residential,Premium,2,D,24,20260919,2.0.0,2026-09-19,38.4055,17585.0729,2.6208,9.0506,12.601,92.633,7.367,85.3557,30.9203
MKT-012_D025,MKT-012,Hyderabad,Banjara Hills,Residential,Premium,2,D,25,20260919,2.0.0,2026-09-19,40.2304,17230.9162,2.8017,6.6165,7.2412,85.948,14.052,66.5818,40.683
MKT-012_D026,MKT-012,Hyderabad,Banjara Hills,Residential,Premium,2,D,26,20260919,2.0.0,2026-09-19,38.3304,15361.773,2.9942,6.9,9.1743,91.4197,8.5803,79.8563,37.3378
MKT-012_D027,MKT-012,Hyderabad,Banjara Hills,Residential,Premium,2,D,27,20260919,2.0.0,2026-09-19,47.7884,25869.3881,2.2168,9.7338,13.0318,95.2628,4.7372,86.1703,33.3333
MKT-012_D028,MKT-012,Hyderabad,Banjara Hills,Residential,Premium,2,D,28,20260919,2.0.0,2026-09-19,43.1347,19539.577,2.6491,7.7403,8.6928,85.9732,14.0268,74.6587,35.5832
MKT-012_D029,MKT-012,Hyderabad,Banjara Hills,Residential,Premium,2,D,29,20260919,2.0.0,2026-09-19,43.3294,17161.8624,3.0297,8.6098,8.795,88.0857,11.9143,76.5642,39.1703
MKT-012_D030,MKT-012,Hyderabad,Banjara Hills,Residential,Premium,2,D,30,20260919,2.0.0,2026-09-19,40.4305,18005.1501,2.6946,6.6109,10.9445,89.1942,10.8058,74.9354,36.5902
MKT-012_D031,MKT-012,Hyderabad,Banjara Hills,Residential,Premium,2,D,31,20260919,2.0.0,2026-09-19,41.3778,18549.3722,2.6768,10.2125,10.1022,92.0037,7.9963,75.3851,35.9063
MKT-012_D032,MKT-012,Hyderabad,Banjara Hills,Residential,Premium,2,D,32,20260919,2.0.0,2026-09-19,39.2239,17450.7043,2.6972,8.7411,9.834,89.3829,10.6171,71.2485,39.9822
MKT-012_D033,MKT-012,Hyderabad,Banjara Hills,Residential,Premium,2,D,33,20260919,2.0.0,2026-09-19,32.555,14116.0392,2.7675,9.9173,10.8838,90.8585,9.1415,76.4365,39.8382
MKT-012_D034,MKT-012,Hyderabad,Banjara Hills,Residential,Premium,2,D,34,20260919,2.0.0,2026-09-19,37.4607,15723.6066,2.8589,6.298,10.3848,84.9194,15.0806,76.2206,35.6382
MKT-012_D035,MKT-012,Hyderabad,Banjara Hills,Residential,Premium,2,D,35,20260919,2.0.0,2026-09-19,35.7463,14757.2082,2.9068,6.8762,7.7342,86.2691,13.7309,72.3787,36.8835
MKT-012_D036,MKT-012,Hyderabad,Banjara Hills,Residential,Premium,2,D,36,20260919,2.0.0,2026-09-19,31.3367,14739.2203,2.5513,6.4052,10.5127,89.405,10.595,77.1397,38.4013
MKT-012_D037,MKT-012,Hyderabad,Banjara Hills,Residential,Premium,2,D,37,20260919,2.0.0,2026-09-19,37.4138,15291.0818,2.9361,8.0647,9.1991,87.5426,12.4574,75.4868,37.045
MKT-012_D038,MKT-012,Hyderabad,Banjara Hills,Residential,Premium,2,D,38,20260919,2.0.0,2026-09-19,49.3764,23815.0926,2.488,6.526,8.7336,89.4461,10.5539,79.733,33.3685
MKT-012_D039,MKT-012,Hyderabad,Banjara Hills,Residential,Premium,2,D,39,20260919,2.0.0,2026-09-19,43.271,21566.8321,2.4076,8.9258,8.5855,86.993,13.007,77.4541,37.8804
MKT-012_D040,MKT-012,Hyderabad,Banjara Hills,Residential,Premium,2,D,40,20260919,2.0.0,2026-09-19,33.9871,15334.2049,2.6597,7.6663,7.8247,87.7846,12.2154,70.1089,39.717
MKT-012_D041,MKT-012,Hyderabad,Banjara Hills,Residential,Premium,2,D,41,20260919,2.0.0,2026-09-19,37.828,15397.3918,2.9481,7.7738,9.0835,86.6796,13.3204,73.0372,40.2596
MKT-012_D042,MKT-012,Hyderabad,Banjara Hills,Residential,Premium,2,D,42,20260919,2.0.0,2026-09-19,46.3154,22012.8699,2.5248,8.3891,8.8199,91.2864,8.7136,80.6459,33.9868
MKT-012_D043,MKT-012,Hyderabad,Banjara Hills,Residential,Premium,2,D,43,20260919,2.0.0,2026-09-19,41.2087,19617.1594,2.5208,7.5254,9.0306,89.2661,10.7339,78.7158,37.9702
MKT-012_D044,MKT-012,Hyderabad,Banjara Hills,Residential,Premium,2,D,44,20260919,2.0.0,2026-09-19,32.1099,14110.4076,2.7307,9.0242,12.0756,83.2526,16.7474,78.2919,34.2041
MKT-012_D045,MKT-012,Hyderabad,Banjara Hills,Residential,Premium,2,D,45,20260919,2.0.0,2026-09-19,31.952,14509.2618,2.6426,11.2228,11.4119,88.7819,11.2181,75.0617,36.5831
MKT-012_D046,MKT-012,Hyderabad,Banjara Hills,Residential,Premium,2,D,46,20260919,2.0.0,2026-09-19,38.286,13686.0485,3.3569,8.1113,11.8018,88.7135,11.2865,79.0308,39.5864
MKT-012_D047,MKT-012,Hyderabad,Banjara Hills,Residential,Premium,2,D,47,20260919,2.0.0,2026-09-19,41.2928,20971.4052,2.3628,10.27,13.0422,91.7468,8.2532,86.4417,33.8645
MKT-015_D001,MKT-015,Chennai,Velachery,Residential,Established,2,C,1,20260919,2.0.0,2026-09-19,25.7994,9578.006,3.2323,10.273,10.686,92.7621,7.2379,75.8995,41.8964
MKT-015_D002,MKT-015,Chennai,Velachery,Residential,Established,2,C,2,20260919,2.0.0,2026-09-19,22.9408,7638.5475,3.6039,8.0945,8.5227,83.9701,16.0299,69.3507,43.1599
MKT-015_D003,MKT-015,Chennai,Velachery,Residential,Established,2,C,3,20260919,2.0.0,2026-09-19,21.1466,7207.4731,3.5208,8.022,8.9809,83.7324,16.2676,66.4986,46.0816
MKT-015_D004,MKT-015,Chennai,Velachery,Residential,Established,2,C,4,20260919,2.0.0,2026-09-19,28.1113,10183.0196,3.3127,6.1944,10.3937,85.8359,14.1641,70.4996,42.3708
MKT-015_D005,MKT-015,Chennai,Velachery,Residential,Established,2,C,5,20260919,2.0.0,2026-09-19,23.1261,6159.0058,4.5058,6.2165,6.8177,81.0685,18.9315,67.1439,48.1501
MKT-015_D006,MKT-015,Chennai,Velachery,Residential,Established,2,C,6,20260919,2.0.0,2026-09-19,27.3353,9278.0033,3.5355,8.2474,7.5693,85.5837,14.4163,62.6857,46.1049
MKT-015_D007,MKT-015,Chennai,Velachery,Residential,Established,2,C,7,20260919,2.0.0,2026-09-19,27.7354,10275.0199,3.2392,8.6702,11.232,89.8243,10.1757,79.2991,40.9726
MKT-015_D008,MKT-015,Chennai,Velachery,Residential,Established,2,C,8,20260919,2.0.0,2026-09-19,23.0386,6953.8824,3.9757,7.0637,9.9505,89.0157,10.9843,67.0145,44.6416
MKT-015_D009,MKT-015,Chennai,Velachery,Residential,Established,2,C,9,20260919,2.0.0,2026-09-19,22.3698,7858.4564,3.4159,8.4688,10.0656,90.6592,9.3408,66.6903,42.1038
MKT-015_D010,MKT-015,Chennai,Velachery,Residential,Established,2,C,10,20260919,2.0.0,2026-09-19,27.149,10096.1526,3.2269,8.5823,11.7038,87.9568,12.0432,76.5703,43.8101
MKT-015_D011,MKT-015,Chennai,Velachery,Residential,Established,2,C,11,20260919,2.0.0,2026-09-19,25.2651,8001.9294,3.7889,8.555,10.3771,87.5468,12.4532,65.3076,43.9666
MKT-015_D012,MKT-015,Chennai,Velachery,Residential,Established,2,C,12,20260919,2.0.0,2026-09-19,21.7672,6951.6354,3.7575,6.572,7.5752,86.4634,13.5366,63.3335,45.235
MKT-015_D013,MKT-015,Chennai,Velachery,Residential,Established,2,C,13,20260919,2.0.0,2026-09-19,21.2472,6406.6716,3.9797,6.1936,6.513,84.7128,15.2872,63.6391,45.5256
MKT-015_D014,MKT-015,Chennai,Velachery,Residential,Established,2,C,14,20260919,2.0.0,2026-09-19,27.9979,9672.542,3.4735,7.2186,11.2678,89.9715,10.0285,79.8548,38.4053
MKT-015_D015,MKT-015,Chennai,Velachery,Residential,Established,2,C,15,20260919,2.0.0,2026-09-19,24.0396,7966.3366,3.6212,8.4675,12.4385,91.0097,8.9903,73.5071,40.3721
MKT-015_D016,MKT-015,Chennai,Velachery,Residential,Established,2,C,16,20260919,2.0.0,2026-09-19,19.9558,5772.6072,4.1484,8.8543,12.1322,85.0603,14.9397,75.5221,43.7613
MKT-015_D017,MKT-015,Chennai,Velachery,Residential,Established,2,C,17,20260919,2.0.0,2026-09-19,25.8661,8571.9207,3.621,5.3896,7.8251,82.3849,17.6151,70.5604,45.8358
MKT-015_D018,MKT-015,Chennai,Velachery,Residential,Established,2,C,18,20260919,2.0.0,2026-09-19,18.7444,6299.9654,3.5704,6.3046,7.8155,83.5388,16.4612,62.0256,47.8356
MKT-015_D019,MKT-015,Chennai,Velachery,Residential,Established,2,C,19,20260919,2.0.0,2026-09-19,25.0387,8537.6816,3.5193,7.9452,9.5456,81.3459,18.6541,70.9538,42.1011
MKT-015_D020,MKT-015,Chennai,Velachery,Residential,Established,2,C,20,20260919,2.0.0,2026-09-19,23.0289,7160.6631,3.8592,9.1873,11.1628,89.2296,10.7704,73.7365,44.7084
MKT-015_D021,MKT-015,Chennai,Velachery,Residential,Established,2,C,21,20260919,2.0.0,2026-09-19,24.0212,9210.4052,3.1297,7.035,7.8717,91.4787,8.5213,71.6146,41.272
MKT-015_D022,MKT-015,Chennai,Velachery,Residential,Established,2,C,22,20260919,2.0.0,2026-09-19,30.1782,10904.9121,3.3209,5.47,6.7097,84.8392,15.1608,72.0814,40.8831
MKT-015_D023,MKT-015,Chennai,Velachery,Residential,Established,2,C,23,20260919,2.0.0,2026-09-19,21.9118,7673.6661,3.4266,8.5613,8.1569,84.484,15.516,65.2387,43.4377
MKT-015_D024,MKT-015,Chennai,Velachery,Residential,Established,2,C,24,20260919,2.0.0,2026-09-19,23.8184,9314.1319,3.0687,9.2883,10.1986,87.7379,12.2621,73.5048,41.5937
MKT-015_D025,MKT-015,Chennai,Velachery,Residential,Established,2,C,25,20260919,2.0.0,2026-09-19,29.5286,10551.4837,3.3582,5.9214,8.2506,86.1189,13.8811,67.669,43.5589
MKT-015_D026,MKT-015,Chennai,Velachery,Residential,Established,2,C,26,20260919,2.0.0,2026-09-19,28.6041,10477.9824,3.2759,6.587,9.8594,89.449,10.551,75.1055,41.5772
MKT-015_D027,MKT-015,Chennai,Velachery,Residential,Established,2,C,27,20260919,2.0.0,2026-09-19,26.5357,8555.5927,3.7219,7.2497,9.7406,83.0746,16.9254,72.1259,47.5754
MKT-015_D028,MKT-015,Chennai,Velachery,Residential,Established,2,C,28,20260919,2.0.0,2026-09-19,20.3513,6544.804,3.7314,7.0087,11.525,87.1769,12.8231,68.6506,44.3268
MKT-015_D029,MKT-015,Chennai,Velachery,Residential,Established,2,C,29,20260919,2.0.0,2026-09-19,21.5098,7513.6188,3.4353,9.6755,9.9579,85.9211,14.0789,69.1379,42.009
MKT-015_D030,MKT-015,Chennai,Velachery,Residential,Established,2,C,30,20260919,2.0.0,2026-09-19,24.9049,6777.205,4.4098,8.036,10.0636,84.1048,15.8952,70.1615,28.7575
MKT-015_D031,MKT-015,Chennai,Velachery,Residential,Established,2,C,31,20260919,2.0.0,2026-09-19,23.334,7435.6967,3.7657,7.3847,8.0334,86.2986,13.7014,73.356,40.4931
MKT-015_D032,MKT-015,Chennai,Velachery,Residential,Established,2,C,32,20260919,2.0.0,2026-09-19,23.4865,9584.9653,2.9404,5.8203,7.2076,82.8259,17.1741,64.8907,44.6512
MKT-015_D033,MKT-015,Chennai,Velachery,Residential,Established,2,C,33,20260919,2.0.0,2026-09-19,29.6033,10616.9538,3.346,7.9607,10.318,91.1825,8.8175,67.0005,42.128
MKT-015_D034,MKT-015,Chennai,Velachery,Residential,Established,2,C,34,20260919,2.0.0,2026-09-19,25.0048,9125.7329,3.288,9.4204,12.1863,91.5045,8.4955,76.4594,42.3333
MKT-015_D035,MKT-015,Chennai,Velachery,Residential,Established,2,C,35,20260919,2.0.0,2026-09-19,24.5939,7464.3053,3.9538,5.9682,6.627,82.8335,17.1665,70.3304,45.6013
MKT-015_D036,MKT-015,Chennai,Velachery,Residential,Established,2,C,36,20260919,2.0.0,2026-09-19,26.7998,10379.0587,3.0985,6.6049,7.9247,87.4751,12.5249,68.3624,40.5905
MKT-015_D037,MKT-015,Chennai,Velachery,Residential,Established,2,C,37,20260919,2.0.0,2026-09-19,27.7801,8825.6752,3.7772,4.6998,5.5347,86.1087,13.8913,67.6819,43.0729
MKT-019_D001,MKT-019,Mumbai,Navi Mumbai — Mahape,Commercial Office,Growth,1,D,1,20260919,2.0.0,2026-09-19,65.8821,8503.0345,9.2977,9.1446,10.0843,66.8943,33.1057,61.8267,48.9166
MKT-019_D002,MKT-019,Mumbai,Navi Mumbai — Mahape,Commercial Office,Growth,1,D,2,20260919,2.0.0,2026-09-19,72.0915,10842.1246,7.979,12.0494,9.4441,76.6324,23.3676,77.2053,42.7042
MKT-019_D003,MKT-019,Mumbai,Navi Mumbai — Mahape,Commercial Office,Growth,1,D,3,20260919,2.0.0,2026-09-19,79.4696,12361.1334,7.7148,11.7659,13.1265,87.0294,12.9706,79.8422,41.6755
MKT-019_D004,MKT-019,Mumbai,Navi Mumbai — Mahape,Commercial Office,Growth,1,D,4,20260919,2.0.0,2026-09-19,64.5723,8264.5995,9.3757,5.9035,8.7905,81.7538,18.2462,67.8307,52.2333
MKT-019_D005,MKT-019,Mumbai,Navi Mumbai — Mahape,Commercial Office,Growth,1,D,5,20260919,2.0.0,2026-09-19,74.0892,10876.2714,8.1744,11.5555,13.0012,81.0451,18.9549,70.1113,47.5846
MKT-019_D006,MKT-019,Mumbai,Navi Mumbai — Mahape,Commercial Office,Growth,1,D,6,20260919,2.0.0,2026-09-19,74.007,10995.0357,8.0771,7.0901,6.8315,78.3035,21.6965,69.3799,46.1976
MKT-019_D007,MKT-019,Mumbai,Navi Mumbai — Mahape,Commercial Office,Growth,1,D,7,20260919,2.0.0,2026-09-19,56.4777,7568.6143,8.9545,6.468,8.6345,72.2049,27.7951,60.5967,59.1537
MKT-019_D008,MKT-019,Mumbai,Navi Mumbai — Mahape,Commercial Office,Growth,1,D,8,20260919,2.0.0,2026-09-19,64.1758,8643.9548,8.9092,9.2391,11.4873,82.8529,17.1471,73.5507,47.1636
MKT-019_D009,MKT-019,Mumbai,Navi Mumbai — Mahape,Commercial Office,Growth,1,D,9,20260919,2.0.0,2026-09-19,66.766,9208.1188,8.7009,8.4657,6.7581,75.0211,24.9789,64.3969,50.7505
MKT-019_D010,MKT-019,Mumbai,Navi Mumbai — Mahape,Commercial Office,Growth,1,D,10,20260919,2.0.0,2026-09-19,66.1099,9050.8599,8.7651,6.8681,6.6578,76.6856,23.3144,61.0653,57.8757
MKT-019_D011,MKT-019,Mumbai,Navi Mumbai — Mahape,Commercial Office,Growth,1,D,11,20260919,2.0.0,2026-09-19,67.9321,9528.6028,8.5551,9.1681,10.0086,80.1572,19.8428,65.6641,48.7578
MKT-019_D012,MKT-019,Mumbai,Navi Mumbai — Mahape,Commercial Office,Growth,1,D,12,20260919,2.0.0,2026-09-19,64.4469,9997.4101,7.7356,11.8737,12.686,82.2504,17.7496,70.9646,41.688
MKT-019_D013,MKT-019,Mumbai,Navi Mumbai — Mahape,Commercial Office,Growth,1,D,13,20260919,2.0.0,2026-09-19,67.6748,9532.2536,8.5195,11.2477,9.8076,71.4538,28.5462,66.2563,57.8089
MKT-019_D014,MKT-019,Mumbai,Navi Mumbai — Mahape,Commercial Office,Growth,1,D,14,20260919,2.0.0,2026-09-19,68.6826,9861.5509,8.3576,8.0711,7.0447,81.9884,18.0116,65.8399,49.9267
MKT-019_D015,MKT-019,Mumbai,Navi Mumbai — Mahape,Commercial Office,Growth,1,D,15,20260919,2.0.0,2026-09-19,71.3195,10533.9494,8.1245,10.324,11.8935,74.9746,25.0254,70.109,53.9096
MKT-019_D016,MKT-019,Mumbai,Navi Mumbai — Mahape,Commercial Office,Growth,1,D,16,20260919,2.0.0,2026-09-19,65.4895,9312.1222,8.4393,10.442,10.8882,76.9113,23.0887,71.8259,45.6587
MKT-019_D017,MKT-019,Mumbai,Navi Mumbai — Mahape,Commercial Office,Growth,1,D,17,20260919,2.0.0,2026-09-19,55.7248,7302.7803,9.1567,9.4841,11.4318,71.2756,28.7244,60.7021,57.4262
MKT-019_D018,MKT-019,Mumbai,Navi Mumbai — Mahape,Commercial Office,Growth,1,D,18,20260919,2.0.0,2026-09-19,64.1977,9603.8501,8.0215,12.0284,11.6625,78.5969,21.4031,70.9555,46.8139
MKT-019_D019,MKT-019,Mumbai,Navi Mumbai — Mahape,Commercial Office,Growth,1,D,19,20260919,2.0.0,2026-09-19,64.8649,9232.6926,8.4307,8.9596,11.9544,82.0122,17.9878,66.983,49.4672
MKT-019_D020,MKT-019,Mumbai,Navi Mumbai — Mahape,Commercial Office,Growth,1,D,20,20260919,2.0.0,2026-09-19,65.1885,9228.6399,8.4765,7.9498,9.9527,79.7465,20.2535,61.194,53.8534
MKT-019_D021,MKT-019,Mumbai,Navi Mumbai — Mahape,Commercial Office,Growth,1,D,21,20260919,2.0.0,2026-09-19,64.9873,8743.3138,8.9194,9.842,9.1572,78.9264,21.0736,66.322,48.9153
MKT-019_D022,MKT-019,Mumbai,Navi Mumbai — Mahape,Commercial Office,Growth,1,D,22,20260919,2.0.0,2026-09-19,63.1025,8122.6689,9.3224,4.487,5.8893,67.8425,32.1575,53.7666,50.1448
MKT-019_D023,MKT-019,Mumbai,Navi Mumbai — Mahape,Commercial Office,Growth,1,D,23,20260919,2.0.0,2026-09-19,58.4334,8006.9623,8.7574,8.4639,8.2417,74.1211,25.8789,57.0697,58.4204
MKT-019_D024,MKT-019,Mumbai,Navi Mumbai — Mahape,Commercial Office,Growth,1,D,24,20260919,2.0.0,2026-09-19,67.0123,8866.5794,9.0694,7.8123,8.2682,83.2893,16.7107,63.4711,54.2247
MKT-019_D025,MKT-019,Mumbai,Navi Mumbai — Mahape,Commercial Office,Growth,1,D,25,20260919,2.0.0,2026-09-19,60.9293,8546.7034,8.5548,5.7418,7.3803,79.7686,20.2314,53.2472,57.5619
MKT-019_D026,MKT-019,Mumbai,Navi Mumbai — Mahape,Commercial Office,Growth,1,D,26,20260919,2.0.0,2026-09-19,71.8567,10063.0574,8.5688,5.2819,4.8001,74.2131,25.7869,54.6717,47.9508
MKT-019_D027,MKT-019,Mumbai,Navi Mumbai — Mahape,Commercial Office,Growth,1,D,27,20260919,2.0.0,2026-09-19,70.0539,9656.5024,8.7055,9.3118,8.0432,76.6805,23.3195,70.2544,53.0803
MKT-019_D028,MKT-019,Mumbai,Navi Mumbai — Mahape,Commercial Office,Growth,1,D,28,20260919,2.0.0,2026-09-19,72.2279,11692.2114,7.4129,8.2763,8.123,86.6823,13.3177,74.1223,45.8782
MKT-019_D029,MKT-019,Mumbai,Navi Mumbai — Mahape,Commercial Office,Growth,1,D,29,20260919,2.0.0,2026-09-19,73.7188,9354.8186,9.4564,7.0772,7.4368,78.6283,21.3717,67.14,51.3295
MKT-019_D030,MKT-019,Mumbai,Navi Mumbai — Mahape,Commercial Office,Growth,1,D,30,20260919,2.0.0,2026-09-19,77.1647,11049.2157,8.3805,7.8898,12.7993,77.1524,22.8476,68.6713,53.665
MKT-019_D031,MKT-019,Mumbai,Navi Mumbai — Mahape,Commercial Office,Growth,1,D,31,20260919,2.0.0,2026-09-19,63.5783,8978.8481,8.4971,8.1335,8.1095,69.0831,30.9169,58.6105,57.102
MKT-019_D032,MKT-019,Mumbai,Navi Mumbai — Mahape,Commercial Office,Growth,1,D,32,20260919,2.0.0,2026-09-19,69.6769,9375.6686,8.918,4.3885,5.567,66.5325,33.4675,59.7904,48.7804
MKT-019_D033,MKT-019,Mumbai,Navi Mumbai — Mahape,Commercial Office,Growth,1,D,33,20260919,2.0.0,2026-09-19,69.1351,9960.4641,8.3291,7.0729,10.1905,71.3917,28.6083,66.1712,47.0977
MKT-019_D034,MKT-019,Mumbai,Navi Mumbai — Mahape,Commercial Office,Growth,1,D,34,20260919,2.0.0,2026-09-19,65.3905,9134.2016,8.5906,8.0973,8.6187,72.436,27.564,59.5297,53.064
MKT-019_D035,MKT-019,Mumbai,Navi Mumbai — Mahape,Commercial Office,Growth,1,D,35,20260919,2.0.0,2026-09-19,67.3285,9725.8206,8.3072,10.2701,10.9487,81.0261,18.9739,72.0182,47.3922
MKT-020_D001,MKT-020,Mumbai,Thane — Wagle Estate,Commercial Office,Established,1,D,1,20260919,2.0.0,2026-09-19,110.4514,17102.703,7.7498,4.8924,6.1769,89.9453,10.0547,68.3125,32.6366
MKT-020_D002,MKT-020,Mumbai,Thane — Wagle Estate,Commercial Office,Established,1,D,2,20260919,2.0.0,2026-09-19,93.8493,15320.3672,7.3509,6.476,7.6395,86.8043,13.1957,69.5123,31.9319
MKT-020_D003,MKT-020,Mumbai,Thane — Wagle Estate,Commercial Office,Established,1,D,3,20260919,2.0.0,2026-09-19,91.1252,13874.9719,7.8811,7.0897,7.6183,91.0126,8.9874,67.4131,34.9874
MKT-020_D004,MKT-020,Mumbai,Thane — Wagle Estate,Commercial Office,Established,1,D,4,20260919,2.0.0,2026-09-19,100.7603,14975.6721,8.0739,4.9744,5.6111,83.4695,16.5305,62.8406,32.4263
MKT-020_D005,MKT-020,Mumbai,Thane — Wagle Estate,Commercial Office,Established,1,D,5,20260919,2.0.0,2026-09-19,99.1752,15498.0453,7.679,6.1281,6.2205,85.5844,14.4156,67.2153,32.067
MKT-020_D006,MKT-020,Mumbai,Thane — Wagle Estate,Commercial Office,Established,1,D,6,20260919,2.0.0,2026-09-19,100.9178,15639.9036,7.7431,8.7392,10.2336,89.798,10.202,76.0037,30.0916
MKT-020_D007,MKT-020,Mumbai,Thane — Wagle Estate,Commercial Office,Established,1,D,7,20260919,2.0.0,2026-09-19,90.4918,13350.3493,8.1339,4.342,6.7232,85.3741,14.6259,60.1813,37.269
MKT-020_D008,MKT-020,Mumbai,Thane — Wagle Estate,Commercial Office,Established,1,D,8,20260919,2.0.0,2026-09-19,96.6885,13353.0477,8.6891,5.6907,7.5754,85.6167,14.3833,70.1412,34.6651
MKT-020_D009,MKT-020,Mumbai,Thane — Wagle Estate,Commercial Office,Established,1,D,9,20260919,2.0.0,2026-09-19,109.4986,17979.8677,7.3081,4.8227,6.3986,87.6957,12.3043,72.8351,32.0501
MKT-020_D010,MKT-020,Mumbai,Thane — Wagle Estate,Commercial Office,Established,1,D,10,20260919,2.0.0,2026-09-19,97.425,14447.7555,8.0919,4.7786,7.8484,85.6632,14.3368,69.374,33.0059
MKT-020_D011,MKT-020,Mumbai,Thane — Wagle Estate,Commercial Office,Established,1,D,11,20260919,2.0.0,2026-09-19,91.7709,14349.0347,7.6747,5.3856,8.9516,88.9016,11.0984,64.7833,36.7806
MKT-020_D012,MKT-020,Mumbai,Thane — Wagle Estate,Commercial Office,Established,1,D,12,20260919,2.0.0,2026-09-19,102.2343,14928.0096,8.2182,7.0373,5.6833,90.4754,9.5246,69.2508,33.0391
MKT-020_D013,MKT-020,Mumbai,Thane — Wagle Estate,Commercial Office,Established,1,D,13,20260919,2.0.0,2026-09-19,88.9923,13487.6572,7.9177,7.3761,6.4729,90.311,9.689,69.4101,34.3367
MKT-020_D014,MKT-020,Mumbai,Thane — Wagle Estate,Commercial Office,Established,1,D,14,20260919,2.0.0,2026-09-19,91.1761,13150.4273,8.32,6.0066,6.4874,88.651,11.349,65.8931,32.9214
MKT-020_D015,MKT-020,Mumbai,Thane — Wagle Estate,Commercial Office,Established,1,D,15,20260919,2.0.0,2026-09-19,100.0886,16142.4616,7.4404,6.4265,5.9494,89.4381,10.5619,63.7367,32.6269
MKT-020_D016,MKT-020,Mumbai,Thane — Wagle Estate,Commercial Office,Established,1,D,16,20260919,2.0.0,2026-09-19,104.3336,16819.059,7.444,5.6862,6.251,87.6202,12.3798,73.162,35.1203
MKT-020_D017,MKT-020,Mumbai,Thane — Wagle Estate,Commercial Office,Established,1,D,17,20260919,2.0.0,2026-09-19,93.7359,13003.8576,8.65,5.4339,7.5845,87.0785,12.9215,62.7902,38.1233
MKT-020_D018,MKT-020,Mumbai,Thane — Wagle Estate,Commercial Office,Established,1,D,18,20260919,2.0.0,2026-09-19,98.469,15497.8513,7.6245,5.7815,6.8846,89.2516,10.7484,67.5482,33.7967
MKT-020_D019,MKT-020,Mumbai,Thane — Wagle Estate,Commercial Office,Established,1,D,19,20260919,2.0.0,2026-09-19,99.0826,15155.7876,7.8451,5.7247,7.4025,85.5657,14.4343,68.7052,34.0369
MKT-020_D020,MKT-020,Mumbai,Thane — Wagle Estate,Commercial Office,Established,1,D,20,20260919,2.0.0,2026-09-19,111.7937,18177.7962,7.38,7.6941,9.6352,91.6397,8.3603,74.1228,29.1163
MKT-020_D021,MKT-020,Mumbai,Thane — Wagle Estate,Commercial Office,Established,1,D,21,20260919,2.0.0,2026-09-19,100.849,15437.4169,7.8393,4.7061,8.201,85.6575,14.3425,65.6683,34.8851
MKT-020_D022,MKT-020,Mumbai,Thane — Wagle Estate,Commercial Office,Established,1,D,22,20260919,2.0.0,2026-09-19,110.6418,15681.7393,8.4665,4.4026,6.8803,86.3794,13.6206,65.3794,34.6993
MKT-020_D023,MKT-020,Mumbai,Thane — Wagle Estate,Commercial Office,Established,1,D,23,20260919,2.0.0,2026-09-19,99.6296,15329.568,7.799,6.4503,7.8314,81.9241,18.0759,67.7881,34.6636
MKT-020_D024,MKT-020,Mumbai,Thane — Wagle Estate,Commercial Office,Established,1,D,24,20260919,2.0.0,2026-09-19,98.6306,15292.6475,7.7395,6.2761,7.722,91.7075,8.2925,71.2743,31.9613
MKT-020_D025,MKT-020,Mumbai,Thane — Wagle Estate,Commercial Office,Established,1,D,25,20260919,2.0.0,2026-09-19,93.2241,12744.3164,8.7779,6.0897,8.1046,86.2807,13.7193,70.1007,31.6836
MKT-020_D026,MKT-020,Mumbai,Thane — Wagle Estate,Commercial Office,Established,1,D,26,20260919,2.0.0,2026-09-19,84.665,12744.9637,7.9716,7.0686,7.6985,88.0759,11.9241,68.7737,33.5254
MKT-020_D027,MKT-020,Mumbai,Thane — Wagle Estate,Commercial Office,Established,1,D,27,20260919,2.0.0,2026-09-19,86.331,12041.6021,8.6033,3.6402,6.4218,81.1371,18.8629,58.6609,40.2008
MKT-020_D028,MKT-020,Mumbai,Thane — Wagle Estate,Commercial Office,Established,1,D,28,20260919,2.0.0,2026-09-19,90.6383,12881.1192,8.4438,5.0426,8.4222,83.2462,16.7538,63.6496,35.086
MKT-020_D029,MKT-020,Mumbai,Thane — Wagle Estate,Commercial Office,Established,1,D,29,20260919,2.0.0,2026-09-19,102.1194,10906.6492,11.2356,5.2601,6.3661,81.3136,18.6864,65.5461,32.7649
MKT-020_D030,MKT-020,Mumbai,Thane — Wagle Estate,Commercial Office,Established,1,D,30,20260919,2.0.0,2026-09-19,85.4046,12518.1575,8.1869,5.8344,7.8617,82.9753,17.0247,61.0668,38.1478
MKT-020_D031,MKT-020,Mumbai,Thane — Wagle Estate,Commercial Office,Established,1,D,31,20260919,2.0.0,2026-09-19,96.0449,16169.1555,7.128,7.802,10.0682,90.1152,9.8848,68.6692,35.9077
MKT-020_D032,MKT-020,Mumbai,Thane — Wagle Estate,Commercial Office,Established,1,D,32,20260919,2.0.0,2026-09-19,91.905,12988.4442,8.4911,5.5168,6.4834,86.9483,13.0517,66.1766,35.357
MKT-020_D033,MKT-020,Mumbai,Thane — Wagle Estate,Commercial Office,Established,1,D,33,20260919,2.0.0,2026-09-19,96.1324,14214.2391,8.1157,8.6935,10.5074,87.5793,12.4207,68.0409,37.657
MKT-020_D034,MKT-020,Mumbai,Thane — Wagle Estate,Commercial Office,Established,1,D,34,20260919,2.0.0,2026-09-19,98.6468,14916.2039,7.9361,7.0744,9.2158,85.525,14.475,70.7095,31.5789
MKT-020_D035,MKT-020,Mumbai,Thane — Wagle Estate,Commercial Office,Established,1,D,35,20260919,2.0.0,2026-09-19,105.3986,17052.9208,7.4168,7.0291,7.4919,88.8699,11.1301,67.0729,29.395
MKT-020_D036,MKT-020,Mumbai,Thane — Wagle Estate,Commercial Office,Established,1,D,36,20260919,2.0.0,2026-09-19,95.7166,14014.0873,8.196,5.7021,6.6943,87.1503,12.8497,63.5336,33.7907
MKT-020_D037,MKT-020,Mumbai,Thane — Wagle Estate,Commercial Office,Established,1,D,37,20260919,2.0.0,2026-09-19,96.7606,13774.7665,8.4294,5.007,5.9546,81.3814,18.6186,61.2092,36.5254
MKT-020_D038,MKT-020,Mumbai,Thane — Wagle Estate,Commercial Office,Established,1,D,38,20260919,2.0.0,2026-09-19,104.1558,16751.5026,7.4612,6.553,6.7567,82.474,17.526,66.6058,34.2087
MKT-020_D039,MKT-020,Mumbai,Thane — Wagle Estate,Commercial Office,Established,1,D,39,20260919,2.0.0,2026-09-19,97.6438,14535.5491,8.0611,7.4384,6.8573,87.6149,12.3851,66.7095,32.983
MKT-020_D040,MKT-020,Mumbai,Thane — Wagle Estate,Commercial Office,Established,1,D,40,20260919,2.0.0,2026-09-19,90.651,12387.3533,8.7816,5.5803,6.9364,87.718,12.282,67.334,34.6072
MKT-020_D041,MKT-020,Mumbai,Thane — Wagle Estate,Commercial Office,Established,1,D,41,20260919,2.0.0,2026-09-19,101.2094,16739.9589,7.2552,4.8371,7.7601,86.6368,13.3632,67.8651,32.8646
MKT-020_D042,MKT-020,Mumbai,Thane — Wagle Estate,Commercial Office,Established,1,D,42,20260919,2.0.0,2026-09-19,97.2425,15098.6527,7.7286,6.4996,6.1056,88.4274,11.5726,67.909,32.7181
MKT-020_D043,MKT-020,Mumbai,Thane — Wagle Estate,Commercial Office,Established,1,D,43,20260919,2.0.0,2026-09-19,95.905,15153.2346,7.5948,6.8107,9.9211,88.576,11.424,70.3885,30.6906
MKT-020_D044,MKT-020,Mumbai,Thane — Wagle Estate,Commercial Office,Established,1,D,44,20260919,2.0.0,2026-09-19,95.9495,14454.4198,7.9657,7.886,8.6115,84.9474,15.0526,69.8889,33.6832
MKT-020_D045,MKT-020,Mumbai,Thane — Wagle Estate,Commercial Office,Established,1,D,45,20260919,2.0.0,2026-09-19,84.307,12127.4903,8.3421,4.9223,7.3613,82.2033,17.7967,58.8995,39.1801
MKT-020_D046,MKT-020,Mumbai,Thane — Wagle Estate,Commercial Office,Established,1,D,46,20260919,2.0.0,2026-09-19,105.5991,16774.4179,7.5543,5.9647,7.5488,89.3033,10.6967,71.4428,30.9224
MKT-020_D047,MKT-020,Mumbai,Thane — Wagle Estate,Commercial Office,Established,1,D,47,20260919,2.0.0,2026-09-19,89.8411,13626.3686,7.9118,6.7177,9.5607,84.8446,15.1554,68.5368,36.1531
MKT-020_D048,MKT-020,Mumbai,Thane — Wagle Estate,Commercial Office,Established,1,D,48,20260919,2.0.0,2026-09-19,106.1088,16275.024,7.8237,5.7149,7.121,88.857,11.143,64.7205,33.3972
MKT-020_D049,MKT-020,Mumbai,Thane — Wagle Estate,Commercial Office,Established,1,D,49,20260919,2.0.0,2026-09-19,108.2273,15908.6895,8.1636,6.6584,6.3648,84.84,15.16,70.2766,35.0771
MKT-020_D050,MKT-020,Mumbai,Thane — Wagle Estate,Commercial Office,Established,1,D,50,20260919,2.0.0,2026-09-19,92.4586,12847.625,8.6359,6.2382,7.2075,83.7807,16.2193,66.7404,37.19
MKT-020_D051,MKT-020,Mumbai,Thane — Wagle Estate,Commercial Office,Established,1,D,51,20260919,2.0.0,2026-09-19,91.0605,12172.8262,8.9768,3.7317,5.704,85.4171,14.5829,62.4605,22.8304
MKT-021_D001,MKT-021,Mumbai,Malad — Mindspace,Commercial Office,Established,1,C,1,20260919,2.0.0,2026-09-19,98.4575,14385.5811,8.213,5.0253,6.4573,88.192,11.808,64.7945,33.6297
MKT-021_D002,MKT-021,Mumbai,Malad — Mindspace,Commercial Office,Established,1,C,2,20260919,2.0.0,2026-09-19,96.6578,14848.5635,7.8115,6.9074,10.0256,89.5987,10.4013,73.3895,30.9665
MKT-021_D003,MKT-021,Mumbai,Malad — Mindspace,Commercial Office,Established,1,C,3,20260919,2.0.0,2026-09-19,92.351,13640.1198,8.1246,5.5571,8.0991,86.6092,13.3908,66.1242,34.1789
MKT-021_D004,MKT-021,Mumbai,Malad — Mindspace,Commercial Office,Established,1,C,4,20260919,2.0.0,2026-09-19,94.9894,14962.3788,7.6183,5.7422,6.4107,91.7045,8.2955,67.8811,34.2471
MKT-021_D005,MKT-021,Mumbai,Malad — Mindspace,Commercial Office,Established,1,C,5,20260919,2.0.0,2026-09-19,101.8446,16518.9048,7.3984,5.7,7.1589,90.6176,9.3824,71.2246,33.1107
MKT-021_D006,MKT-021,Mumbai,Malad — Mindspace,Commercial Office,Established,1,C,6,20260919,2.0.0,2026-09-19,100.4624,13604.6782,8.8613,5.8601,6.5185,82.1401,17.8599,64.71,37.816
MKT-021_D007,MKT-021,Mumbai,Malad — Mindspace,Commercial Office,Established,1,C,7,20260919,2.0.0,2026-09-19,86.473,11612.7941,8.9356,5.3802,7.5403,85.1114,14.8886,70.086,32.8249
MKT-021_D008,MKT-021,Mumbai,Malad — Mindspace,Commercial Office,Established,1,C,8,20260919,2.0.0,2026-09-19,96.3775,13544.5084,8.5387,4.9353,6.0365,88.7538,11.2462,62.0837,37.5834
MKT-021_D009,MKT-021,Mumbai,Malad — Mindspace,Commercial Office,Established,1,C,9,20260919,2.0.0,2026-09-19,100.218,14909.3155,8.0662,5.8839,6.9274,88.3729,11.6271,72.4593,32.5768
MKT-021_D010,MKT-021,Mumbai,Malad — Mindspace,Commercial Office,Established,1,C,10,20260919,2.0.0,2026-09-19,99.0396,15124.4338,7.858,3.8018,6.4793,88.3875,11.6125,64.0789,34.0671
MKT-021_D011,MKT-021,Mumbai,Malad — Mindspace,Commercial Office,Established,1,C,11,20260919,2.0.0,2026-09-19,93.599,14081.7319,7.9762,6.3034,7.739,85.2154,14.7846,67.7054,33.702
MKT-021_D012,MKT-021,Mumbai,Malad — Mindspace,Commercial Office,Established,1,C,12,20260919,2.0.0,2026-09-19,107.2519,16465.6634,7.8164,6.1719,7.6434,85.3682,14.6318,65.9408,36.8106
MKT-021_D013,MKT-021,Mumbai,Malad — Mindspace,Commercial Office,Established,1,C,13,20260919,2.0.0,2026-09-19,104.6396,15376.5898,8.1661,5.251,9.466,87.781,12.219,69.6978,34.6878
MKT-021_D014,MKT-021,Mumbai,Malad — Mindspace,Commercial Office,Established,1,C,14,20260919,2.0.0,2026-09-19,101.2508,14890.7636,8.1595,6.804,6.8085,85.7987,14.2013,68.2683,34.4778
MKT-021_D015,MKT-021,Mumbai,Malad — Mindspace,Commercial Office,Established,1,C,15,20260919,2.0.0,2026-09-19,103.8997,15246.7868,8.1774,6.2226,7.898,86.6609,13.3391,66.1569,33.6939
MKT-021_D016,MKT-021,Mumbai,Malad — Mindspace,Commercial Office,Established,1,C,16,20260919,2.0.0,2026-09-19,96.4586,14465.5517,8.0018,4.8109,5.7263,83.6797,16.3203,64.1342,39.2324
MKT-021_D017,MKT-021,Mumbai,Malad — Mindspace,Commercial Office,Established,1,C,17,20260919,2.0.0,2026-09-19,94.1601,13782.0608,8.1985,5.9399,8.1458,83.0046,16.9954,63.3025,34.9622
MKT-021_D018,MKT-021,Mumbai,Malad — Mindspace,Commercial Office,Established,1,C,18,20260919,2.0.0,2026-09-19,95.5158,14937.0961,7.6734,5.1247,7.0606,83.119,16.881,62.191,34.1849
MKT-021_D019,MKT-021,Mumbai,Malad — Mindspace,Commercial Office,Established,1,C,19,20260919,2.0.0,2026-09-19,96.9036,15315.6505,7.5925,6.6197,6.564,87.4706,12.5294,68.988,31.0538
MKT-021_D020,MKT-021,Mumbai,Malad — Mindspace,Commercial Office,Established,1,C,20,20260919,2.0.0,2026-09-19,91.6558,12830.5789,8.5722,4.9349,6.9896,88.8724,11.1276,66.2053,34.0317
MKT-021_D021,MKT-021,Mumbai,Malad — Mindspace,Commercial Office,Established,1,C,21,20260919,2.0.0,2026-09-19,89.109,12829.0197,8.3351,4.4433,4.7366,82.9797,17.0203,58.4062,36.1231
MKT-021_D022,MKT-021,Mumbai,Malad — Mindspace,Commercial Office,Established,1,C,22,20260919,2.0.0,2026-09-19,96.9731,14131.2967,8.2348,5.5784,6.8686,87.5354,12.4646,65.9249,35.868
MKT-021_D023,MKT-021,Mumbai,Malad — Mindspace,Commercial Office,Established,1,C,23,20260919,2.0.0,2026-09-19,102.7077,15822.36,7.7896,7.0311,7.3044,85.4505,14.5495,69.3673,32.4427
MKT-021_D024,MKT-021,Mumbai,Malad — Mindspace,Commercial Office,Established,1,C,24,20260919,2.0.0,2026-09-19,91.618,12183.8167,9.0236,6.7328,6.2676,82.7163,17.2837,69.2673,34.4678
MKT-021_D025,MKT-021,Mumbai,Malad — Mindspace,Commercial Office,Established,1,C,25,20260919,2.0.0,2026-09-19,89.6533,12693.324,8.4756,6.5484,6.9591,85.6909,14.3091,65.3653,33.1596
MKT-021_D026,MKT-021,Mumbai,Malad — Mindspace,Commercial Office,Established,1,C,26,20260919,2.0.0,2026-09-19,113.2749,17635.9365,7.7076,6.4896,5.6802,87.8478,12.1522,70.7113,32.8095
MKT-021_D027,MKT-021,Mumbai,Malad — Mindspace,Commercial Office,Established,1,C,27,20260919,2.0.0,2026-09-19,89.0267,13315.1815,8.0233,7.2215,9.6749,84.5956,15.4044,65.5456,36.0112
MKT-021_D028,MKT-021,Mumbai,Malad — Mindspace,Commercial Office,Established,1,C,28,20260919,2.0.0,2026-09-19,97.4289,13985.5555,8.3597,6.1354,6.9457,87.8323,12.1677,70.3569,32.4705
MKT-021_D029,MKT-021,Mumbai,Malad — Mindspace,Commercial Office,Established,1,C,29,20260919,2.0.0,2026-09-19,93.5189,15435.1913,7.2706,5.7319,9.0293,89.786,10.214,61.3592,33.7198
MKT-021_D030,MKT-021,Mumbai,Malad — Mindspace,Commercial Office,Established,1,C,30,20260919,2.0.0,2026-09-19,106.3025,17211.7562,7.4114,4.5441,9.3172,92.4706,7.5294,70.5878,29.8068
MKT-021_D031,MKT-021,Mumbai,Malad — Mindspace,Commercial Office,Established,1,C,31,20260919,2.0.0,2026-09-19,103.0836,14771.8738,8.374,7.2608,8.3458,86.0567,13.9433,72.6485,32.5578
MKT-021_D032,MKT-021,Mumbai,Malad — Mindspace,Commercial Office,Established,1,C,32,20260919,2.0.0,2026-09-19,98.8057,14486.6368,8.1846,5.4952,5.8615,88.2223,11.7777,66.7896,31.9192
MKT-021_D033,MKT-021,Mumbai,Malad — Mindspace,Commercial Office,Established,1,C,33,20260919,2.0.0,2026-09-19,86.4694,12240.1252,8.4773,4.6586,6.203,85.475,14.525,64.1682,34.7499
MKT-021_D034,MKT-021,Mumbai,Malad — Mindspace,Commercial Office,Established,1,C,34,20260919,2.0.0,2026-09-19,101.6299,16242.7929,7.5083,4.9092,5.5867,87.6094,12.3906,66.8001,33.176
MKT-021_D035,MKT-021,Mumbai,Malad — Mindspace,Commercial Office,Established,1,C,35,20260919,2.0.0,2026-09-19,94.6514,14790.1097,7.6796,5.2372,4.6859,89.2883,10.7117,61.3078,32.0004
MKT-021_D036,MKT-021,Mumbai,Malad — Mindspace,Commercial Office,Established,1,C,36,20260919,2.0.0,2026-09-19,87.651,12709.9645,8.2755,3.4607,7.7903,84.8388,15.1612,64.9649,35.1176
MKT-021_D037,MKT-021,Mumbai,Malad — Mindspace,Commercial Office,Established,1,C,37,20260919,2.0.0,2026-09-19,94.059,14272.4178,7.9083,6.1158,9.2084,88.5999,11.4001,71.2337,32.5851
MKT-021_D038,MKT-021,Mumbai,Malad — Mindspace,Commercial Office,Established,1,C,38,20260919,2.0.0,2026-09-19,98.0798,15244.3712,7.7206,7.3613,9.0975,87.9142,12.0858,70.4661,29.8712
MKT-021_D039,MKT-021,Mumbai,Malad — Mindspace,Commercial Office,Established,1,C,39,20260919,2.0.0,2026-09-19,99.0413,13818.4282,8.6008,4.1121,5.5185,81.6342,18.3658,65.2027,37.456
MKT-021_D040,MKT-021,Mumbai,Malad — Mindspace,Commercial Office,Established,1,C,40,20260919,2.0.0,2026-09-19,98.047,14703.9641,8.0017,6.3293,5.8925,86.4041,13.5959,62.8188,34.047
MKT-021_D041,MKT-021,Mumbai,Malad — Mindspace,Commercial Office,Established,1,C,41,20260919,2.0.0,2026-09-19,96.9835,13000.6913,8.9518,4.5649,6.5731,82.4907,17.5093,62.7601,37.7621
MKT-021_D042,MKT-021,Mumbai,Malad — Mindspace,Commercial Office,Established,1,C,42,20260919,2.0.0,2026-09-19,104.5266,16094.6935,7.7934,5.5216,6.6434,90.0647,9.9353,69.2241,32.3815
MKT-021_D043,MKT-021,Mumbai,Malad — Mindspace,Commercial Office,Established,1,C,43,20260919,2.0.0,2026-09-19,103.8093,17433.044,7.1457,7.8526,9.9613,92.6487,7.3513,74.6063,29.338
MKT-021_D044,MKT-021,Mumbai,Malad — Mindspace,Commercial Office,Established,1,C,44,20260919,2.0.0,2026-09-19,95.6652,13724.4038,8.3645,4.3602,8.0918,87.7154,12.2846,64.7897,33.498
MKT-022_D001,MKT-022,Delhi NCR,Gurugram — Golf Course Road,Commercial Office,Premium,1,C,1,20260919,2.0.0,2026-09-19,124.1317,20237.3693,7.3605,7.7782,8.6882,91.4372,8.5628,74.4795,25.8987
MKT-022_D002,MKT-022,Delhi NCR,Gurugram — Golf Course Road,Commercial Office,Premium,1,C,2,20260919,2.0.0,2026-09-19,125.9536,22353.2939,6.7616,8.415,7.9792,93.8081,6.1919,78.0577,24.4672
MKT-022_D003,MKT-022,Delhi NCR,Gurugram — Golf Course Road,Commercial Office,Premium,1,C,3,20260919,2.0.0,2026-09-19,131.0507,21308.1514,7.3803,8.7503,10.1764,90.0328,9.9672,80.635,23.5959
MKT-022_D004,MKT-022,Delhi NCR,Gurugram — Golf Course Road,Commercial Office,Premium,1,C,4,20260919,2.0.0,2026-09-19,128.8893,21644.883,7.1457,7.8817,8.3552,93.2931,6.7069,79.9796,24.01
MKT-022_D005,MKT-022,Delhi NCR,Gurugram — Golf Course Road,Commercial Office,Premium,1,C,5,20260919,2.0.0,2026-09-19,126.1348,21405.0841,7.0713,6.8566,8.2732,87.0464,12.9536,76.1325,24.3874
MKT-022_D006,MKT-022,Delhi NCR,Gurugram — Golf Course Road,Commercial Office,Premium,1,C,6,20260919,2.0.0,2026-09-19,127.1181,23125.6565,6.5962,9.2564,11.3299,92.2626,7.7374,82.7801,23.7904
MKT-022_D007,MKT-022,Delhi NCR,Gurugram — Golf Course Road,Commercial Office,Premium,1,C,7,20260919,2.0.0,2026-09-19,131.247,21698.6774,7.2583,5.1143,9.8112,87.9672,12.0328,74.3574,25.9184
MKT-022_D008,MKT-022,Delhi NCR,Gurugram — Golf Course Road,Commercial Office,Premium,1,C,8,20260919,2.0.0,2026-09-19,118.7658,19882.0818,7.1682,6.1347,7.6024,90.5194,9.4806,74.1898,26.9374
MKT-022_D009,MKT-022,Delhi NCR,Gurugram — Golf Course Road,Commercial Office,Premium,1,C,9,20260919,2.0.0,2026-09-19,123.7091,20001.6991,7.4219,5.9962,5.9592,88.4988,11.5012,75.1273,23.6403
MKT-022_D010,MKT-022,Delhi NCR,Gurugram — Golf Course Road,Commercial Office,Premium,1,C,10,20260919,2.0.0,2026-09-19,120.3778,21942.6051,6.5832,5.2544,5.8944,89.8031,10.1969,73.3572,28.055
MKT-022_D011,MKT-022,Delhi NCR,Gurugram — Golf Course Road,Commercial Office,Premium,1,C,11,20260919,2.0.0,2026-09-19,130.7167,21766.8218,7.2064,7.0468,8.627,94.9393,5.0607,80.652,24.9224
MKT-022_D012,MKT-022,Delhi NCR,Gurugram — Golf Course Road,Commercial Office,Premium,1,C,12,20260919,2.0.0,2026-09-19,124.449,22076.1539,6.7647,6.0582,8.3152,89.6728,10.3272,74.7167,27.0821
MKT-022_D013,MKT-022,Delhi NCR,Gurugram — Golf Course Road,Commercial Office,Premium,1,C,13,20260919,2.0.0,2026-09-19,132.117,22887.9159,6.9268,7.3459,6.6107,90.3281,9.6719,76.8568,25.3543
MKT-022_D014,MKT-022,Delhi NCR,Gurugram — Golf Course Road,Commercial Office,Premium,1,C,14,20260919,2.0.0,2026-09-19,131.3383,25168.1823,6.2621,7.365,9.2789,88.6544,11.3456,79.9288,25.1933
MKT-022_D015,MKT-022,Delhi NCR,Gurugram — Golf Course Road,Commercial Office,Premium,1,C,15,20260919,2.0.0,2026-09-19,126.9945,22040.5267,6.9142,5.1939,6.8919,87.9142,12.0858,73.9266,26.5871
MKT-022_D016,MKT-022,Delhi NCR,Gurugram — Golf Course Road,Commercial Office,Premium,1,C,16,20260919,2.0.0,2026-09-19,122.1691,22016.2059,6.6589,7.824,7.7736,87.9205,12.0795,75.1301,25.4779
MKT-022_D017,MKT-022,Delhi NCR,Gurugram — Golf Course Road,Commercial Office,Premium,1,C,17,20260919,2.0.0,2026-09-19,121.9007,21052.3853,6.9484,5.959,9.7865,89.6674,10.3326,68.8263,23.3605
MKT-022_D018,MKT-022,Delhi NCR,Gurugram — Golf Course Road,Commercial Office,Premium,1,C,18,20260919,2.0.0,2026-09-19,140.8123,23333.9534,7.2416,5.3073,8.7163,91.8448,8.1552,77.7577,25.3505
MKT-022_D019,MKT-022,Delhi NCR,Gurugram — Golf Course Road,Commercial Office,Premium,1,C,19,20260919,2.0.0,2026-09-19,112.7828,18967.3708,7.1354,5.3259,8.3464,92.9366,7.0634,75.6337,24.7151
MKT-022_D020,MKT-022,Delhi NCR,Gurugram — Golf Course Road,Commercial Office,Premium,1,C,20,20260919,2.0.0,2026-09-19,125.8341,21862.9543,6.9067,8.838,9.9351,87.1485,12.8515,81.6102,22.8057
MKT-022_D021,MKT-022,Delhi NCR,Gurugram — Golf Course Road,Commercial Office,Premium,1,C,21,20260919,2.0.0,2026-09-19,130.6505,23952.6105,6.5454,9.2281,11.3906,93.8735,6.1265,79.6156,22.7979
MKT-022_D022,MKT-022,Delhi NCR,Gurugram — Golf Course Road,Commercial Office,Premium,1,C,22,20260919,2.0.0,2026-09-19,135.0532,24024.926,6.7457,6.546,8.6249,90.489,9.511,75.3833,24.4828
MKT-022_D023,MKT-022,Delhi NCR,Gurugram — Golf Course Road,Commercial Office,Premium,1,C,23,20260919,2.0.0,2026-09-19,111.8219,18014.0502,7.449,7.7741,9.7872,89.0971,10.9029,76.9317,24.902
MKT-022_D024,MKT-022,Delhi NCR,Gurugram — Golf Course Road,Commercial Office,Premium,1,C,24,20260919,2.0.0,2026-09-19,113.6037,19037.6574,7.1608,5.0642,5.8798,90.8124,9.1876,68.7674,27.534
MKT-022_D025,MKT-022,Delhi NCR,Gurugram — Golf Course Road,Commercial Office,Premium,1,C,25,20260919,2.0.0,2026-09-19,127.0644,21668.1585,7.0369,8.3895,9.8669,90.6448,9.3552,75.3575,24.7338
MKT-022_D026,MKT-022,Delhi NCR,Gurugram — Golf Course Road,Commercial Office,Premium,1,C,26,20260919,2.0.0,2026-09-19,123.0992,21906.0144,6.7433,5.8915,9.0737,89.5368,10.4632,69.7324,27.0478
MKT-022_D027,MKT-022,Delhi NCR,Gurugram — Golf Course Road,Commercial Office,Premium,1,C,27,20260919,2.0.0,2026-09-19,126.2008,20533.6191,7.3753,6.0109,8.6663,87.3098,12.6902,71.8178,29.3978
MKT-022_D028,MKT-022,Delhi NCR,Gurugram — Golf Course Road,Commercial Office,Premium,1,C,28,20260919,2.0.0,2026-09-19,133.647,24335.1125,6.5903,7.633,8.096,94.4894,5.5106,76.3148,24.5369
MKT-022_D029,MKT-022,Delhi NCR,Gurugram — Golf Course Road,Commercial Office,Premium,1,C,29,20260919,2.0.0,2026-09-19,121.7144,21377.2394,6.8324,6.9324,7.8822,89.8717,10.1283,73.9722,24.0399
MKT-022_D030,MKT-022,Delhi NCR,Gurugram — Golf Course Road,Commercial Office,Premium,1,C,30,20260919,2.0.0,2026-09-19,120.6067,22249.1124,6.5049,8.3478,10.1144,92.4736,7.5264,78.1151,23.4418
MKT-022_D031,MKT-022,Delhi NCR,Gurugram — Golf Course Road,Commercial Office,Premium,1,C,31,20260919,2.0.0,2026-09-19,111.6414,17957.6917,7.4603,7.3582,9.5356,87.8381,12.1619,67.6537,29.6624
MKT-022_D032,MKT-022,Delhi NCR,Gurugram — Golf Course Road,Commercial Office,Premium,1,C,32,20260919,2.0.0,2026-09-19,123.3597,20243.7713,7.3125,5.4181,8.4333,93.8047,6.1953,72.4586,25.6258
MKT-022_D033,MKT-022,Delhi NCR,Gurugram — Golf Course Road,Commercial Office,Premium,1,C,33,20260919,2.0.0,2026-09-19,131.6143,6644.3446,23.7702,7.1989,8.9611,92.1957,7.8043,77.4015,25.422
MKT-022_D034,MKT-022,Delhi NCR,Gurugram — Golf Course Road,Commercial Office,Premium,1,C,34,20260919,2.0.0,2026-09-19,127.4258,21780.1901,7.0206,4.8522,7.8926,88.4311,11.5689,69.8183,25.7059
MKT-022_D035,MKT-022,Delhi NCR,Gurugram — Golf Course Road,Commercial Office,Premium,1,C,35,20260919,2.0.0,2026-09-19,121.7769,20261.2814,7.2124,5.7329,8.0715,88.8408,11.1592,74.6161,25.388
MKT-022_D036,MKT-022,Delhi NCR,Gurugram — Golf Course Road,Commercial Office,Premium,1,C,36,20260919,2.0.0,2026-09-19,113.567,18926.7767,7.2004,9.0804,9.6746,89.8922,10.1078,75.7782,26.8324
MKT-022_D037,MKT-022,Delhi NCR,Gurugram — Golf Course Road,Commercial Office,Premium,1,C,37,20260919,2.0.0,2026-09-19,118.4725,20949.3401,6.7862,7.8383,10.3686,92.056,7.944,80.2268,22.5486
MKT-022_D038,MKT-022,Delhi NCR,Gurugram — Golf Course Road,Commercial Office,Premium,1,C,38,20260919,2.0.0,2026-09-19,126.7378,24126.3097,6.3037,7.3054,9.7175,91.8767,8.1233,78.082,24.4969
MKT-022_D039,MKT-022,Delhi NCR,Gurugram — Golf Course Road,Commercial Office,Premium,1,C,39,20260919,2.0.0,2026-09-19,136.3532,25385.5731,6.4455,8.8118,10.4086,93.0767,6.9233,83.6814,23.2111
MKT-022_D040,MKT-022,Delhi NCR,Gurugram — Golf Course Road,Commercial Office,Premium,1,C,40,20260919,2.0.0,2026-09-19,114.4064,19829.154,6.9235,6.919,8.0682,90.4222,9.5778,71.4852,24.8532
MKT-022_D041,MKT-022,Delhi NCR,Gurugram — Golf Course Road,Commercial Office,Premium,1,C,41,20260919,2.0.0,2026-09-19,128.6972,24020.3192,6.4294,6.2508,6.5728,86.9105,13.0895,73.0571,26.1202
MKT-022_D042,MKT-022,Delhi NCR,Gurugram — Golf Course Road,Commercial Office,Premium,1,C,42,20260919,2.0.0,2026-09-19,113.4481,19469.9956,6.9922,6.5047,9.7394,90.615,9.385,72.6366,25.4604
MKT-022_D043,MKT-022,Delhi NCR,Gurugram — Golf Course Road,Commercial Office,Premium,1,C,43,20260919,2.0.0,2026-09-19,111.7427,19625.1836,6.8326,7.1837,9.3535,89.6505,10.3495,80.2996,24.393
MKT-022_D044,MKT-022,Delhi NCR,Gurugram — Golf Course Road,Commercial Office,Premium,1,C,44,20260919,2.0.0,2026-09-19,137.8607,25503.745,6.4866,5.8864,7.6852,91.5819,8.4181,74.9556,25.0376
MKT-022_D045,MKT-022,Delhi NCR,Gurugram — Golf Course Road,Commercial Office,Premium,1,C,45,20260919,2.0.0,2026-09-19,128.2625,21151.4089,7.2768,6.0149,5.8974,90.9773,9.0227,76.3186,26.7626
MKT-022_D046,MKT-022,Delhi NCR,Gurugram — Golf Course Road,Commercial Office,Premium,1,C,46,20260919,2.0.0,2026-09-19,139.9539,24245.3799,6.9269,6.2023,7.6723,93.1282,6.8718,75.4396,23.0257
MKT-022_D047,MKT-022,Delhi NCR,Gurugram — Golf Course Road,Commercial Office,Premium,1,C,47,20260919,2.0.0,2026-09-19,138.8389,23981.4244,6.9473,5.219,8.675,89.751,10.249,76.1207,23.9486
MKT-022_D048,MKT-022,Delhi NCR,Gurugram — Golf Course Road,Commercial Office,Premium,1,C,48,20260919,2.0.0,2026-09-19,111.0279,19329.8305,6.8926,6.035,7.6994,90.0948,9.9052,70.8076,27.9016
MKT-022_D049,MKT-022,Delhi NCR,Gurugram — Golf Course Road,Commercial Office,Premium,1,C,49,20260919,2.0.0,2026-09-19,120.8797,20225.6081,7.1719,6.1039,7.705,93.5831,6.4169,76.0027,25.8698
MKT-022_D050,MKT-022,Delhi NCR,Gurugram — Golf Course Road,Commercial Office,Premium,1,C,50,20260919,2.0.0,2026-09-19,136.4751,25050.1147,6.5377,6.3923,8.059,92.1759,7.8241,76.2788,27.3871
MKT-022_D051,MKT-022,Delhi NCR,Gurugram — Golf Course Road,Commercial Office,Premium,1,C,51,20260919,2.0.0,2026-09-19,131.0077,21729.7401,7.2348,6.0838,8.3526,90.8482,9.1518,77.1152,25.3377
MKT-022_D052,MKT-022,Delhi NCR,Gurugram — Golf Course Road,Commercial Office,Premium,1,C,52,20260919,2.0.0,2026-09-19,124.2104,20207.5685,7.3761,7.4076,7.5154,92.3095,7.6905,70.2696,28.443
MKT-022_D053,MKT-022,Delhi NCR,Gurugram — Golf Course Road,Commercial Office,Premium,1,C,53,20260919,2.0.0,2026-09-19,124.5838,21199.7613,7.052,6.3737,8.7367,86.5608,13.4392,69.6622,26.5497
MKT-022_D054,MKT-022,Delhi NCR,Gurugram — Golf Course Road,Commercial Office,Premium,1,C,54,20260919,2.0.0,2026-09-19,120.9198,21849.8603,6.6409,7.346,8.0166,90.3051,9.6949,72.8862,27.3681
MKT-022_D055,MKT-022,Delhi NCR,Gurugram — Golf Course Road,Commercial Office,Premium,1,C,55,20260919,2.0.0,2026-09-19,124.7625,22514.7424,6.6496,6.2087,10.478,92.4566,7.5434,72.2227,25.7148
MKT-022_D056,MKT-022,Delhi NCR,Gurugram — Golf Course Road,Commercial Office,Premium,1,C,56,20260919,2.0.0,2026-09-19,126.2599,19944.7339,7.5966,4.5304,5.5855,87.1279,12.8721,67.7753,28.0377
MKT-022_D057,MKT-022,Delhi NCR,Gurugram — Golf Course Road,Commercial Office,Premium,1,C,57,20260919,2.0.0,2026-09-19,122.8291,19035.6205,7.7431,5.0914,7.1452,85.3433,14.6567,72.2953,26.6491
MKT-022_D058,MKT-022,Delhi NCR,Gurugram — Golf Course Road,Commercial Office,Premium,1,C,58,20260919,2.0.0,2026-09-19,130.5414,22302.9665,7.0237,6.9571,7.8899,89.0307,10.9693,70.6051,28.2485
MKT-022_D059,MKT-022,Delhi NCR,Gurugram — Golf Course Road,Commercial Office,Premium,1,C,59,20260919,2.0.0,2026-09-19,117.8477,19725.8603,7.1691,8.0068,10.6412,90.5163,9.4837,76.0452,25.2545
MKT-022_D060,MKT-022,Delhi NCR,Gurugram — Golf Course Road,Commercial Office,Premium,1,C,60,20260919,2.0.0,2026-09-19,117.0688,20195.5722,6.9561,5.5343,8.1716,89.3924,10.6076,72.0896,27.6736
MKT-022_D061,MKT-022,Delhi NCR,Gurugram — Golf Course Road,Commercial Office,Premium,1,C,61,20260919,2.0.0,2026-09-19,123.9227,23650.6497,6.2877,6.8275,9.1336,88.7235,11.2765,68.3737,28.02
MKT-022_D062,MKT-022,Delhi NCR,Gurugram — Golf Course Road,Commercial Office,Premium,1,C,62,20260919,2.0.0,2026-09-19,126.1578,22171.2985,6.8282,8.3892,8.4895,93.7162,6.2838,81.7275,23.2646
MKT-022_D063,MKT-022,Delhi NCR,Gurugram — Golf Course Road,Commercial Office,Premium,1,C,63,20260919,2.0.0,2026-09-19,112.1732,19114.5437,7.0422,5.8504,7.7865,87.4792,12.5208,70.6605,25.7603
MKT-022_D064,MKT-022,Delhi NCR,Gurugram — Golf Course Road,Commercial Office,Premium,1,C,64,20260919,2.0.0,2026-09-19,107.7265,18038.8843,7.1663,4.8468,5.7493,88.4917,11.5083,69.3897,27.099
MKT-022_D065,MKT-022,Delhi NCR,Gurugram — Golf Course Road,Commercial Office,Premium,1,C,65,20260919,2.0.0,2026-09-19,111.487,18867.5199,7.0907,5.9986,9.58,86.5147,13.4853,71.345,27.591
MKT-022_D066,MKT-022,Delhi NCR,Gurugram — Golf Course Road,Commercial Office,Premium,1,C,66,20260919,2.0.0,2026-09-19,139.3326,26170.4127,6.3889,7.8554,9.2483,92.0339,7.9661,75.8241,24.2215
MKT-022_D067,MKT-022,Delhi NCR,Gurugram — Golf Course Road,Commercial Office,Premium,1,C,67,20260919,2.0.0,2026-09-19,135.0685,23964.3867,6.7635,8.4431,10.5195,91.5149,8.4851,78.8956,24.9233
MKT-022_D068,MKT-022,Delhi NCR,Gurugram — Golf Course Road,Commercial Office,Premium,1,C,68,20260919,2.0.0,2026-09-19,127.9804,21684.5514,7.0823,6.0822,8.6673,88.2769,11.7231,76.0942,26.5174
MKT-022_D069,MKT-022,Delhi NCR,Gurugram — Golf Course Road,Commercial Office,Premium,1,C,69,20260919,2.0.0,2026-09-19,131.7938,22917.0644,6.9011,7.479,10.6278,93.9764,6.0236,81.0467,21.915
MKT-023_D001,MKT-023,Delhi NCR,Noida — Sector 62,Commercial Office,Growth,1,D,1,20260919,2.0.0,2026-09-19,60.8602,8142.6354,8.9691,6.6907,11.0233,77.1382,22.8618,72.2522,44.3129
MKT-023_D002,MKT-023,Delhi NCR,Noida — Sector 62,Commercial Office,Growth,1,D,2,20260919,2.0.0,2026-09-19,66.1314,9585.5729,8.2789,9.7599,11.4509,83.4662,16.5338,70.3462,44.8347
MKT-023_D003,MKT-023,Delhi NCR,Noida — Sector 62,Commercial Office,Growth,1,D,3,20260919,2.0.0,2026-09-19,53.9015,7442.4996,8.6909,9.5539,8.0493,73.8968,26.1032,66.2401,57.7733
MKT-023_D004,MKT-023,Delhi NCR,Noida — Sector 62,Commercial Office,Growth,1,D,4,20260919,2.0.0,2026-09-19,50.6112,6637.9005,9.1495,8.92,6.7299,73.7019,26.2981,56.8222,51.7338
MKT-023_D005,MKT-023,Delhi NCR,Noida — Sector 62,Commercial Office,Growth,1,D,5,20260919,2.0.0,2026-09-19,59.4994,8023.4978,8.8988,6.979,8.6771,78.6604,21.3396,59.1592,53.9356
MKT-023_D006,MKT-023,Delhi NCR,Noida — Sector 62,Commercial Office,Growth,1,D,6,20260919,2.0.0,2026-09-19,66.2421,9262.4921,8.582,8.0703,7.849,75.2915,24.7085,62.4379,50.5858
MKT-023_D007,MKT-023,Delhi NCR,Noida — Sector 62,Commercial Office,Growth,1,D,7,20260919,2.0.0,2026-09-19,58.5507,8196.5309,8.572,7.8667,12.0274,86.7069,13.2931,66.9095,45.9373
MKT-023_D008,MKT-023,Delhi NCR,Noida — Sector 62,Commercial Office,Growth,1,D,8,20260919,2.0.0,2026-09-19,54.1354,7509.6445,8.6505,8.1685,8.444,73.1895,26.8105,61.0565,53.3162
MKT-023_D009,MKT-023,Delhi NCR,Noida — Sector 62,Commercial Office,Growth,1,D,9,20260919,2.0.0,2026-09-19,58.8245,8464.019,8.3399,7.3605,6.9861,69.5121,30.4879,61.7365,48.692
MKT-023_D010,MKT-023,Delhi NCR,Noida — Sector 62,Commercial Office,Growth,1,D,10,20260919,2.0.0,2026-09-19,59.3586,8181.2209,8.7066,7.8952,10.3033,73.0864,26.9136,57.3051,47.6165
MKT-023_D011,MKT-023,Delhi NCR,Noida — Sector 62,Commercial Office,Growth,1,D,11,20260919,2.0.0,2026-09-19,60.0551,9070.401,7.9452,11.6287,8.4103,77.9599,22.0401,69.0431,46.3646
MKT-023_D012,MKT-023,Delhi NCR,Noida — Sector 62,Commercial Office,Growth,1,D,12,20260919,2.0.0,2026-09-19,66.1386,8702.144,9.1203,6.5329,5.001,73.3777,26.6223,57.4157,52.645
MKT-023_D013,MKT-023,Delhi NCR,Noida — Sector 62,Commercial Office,Growth,1,D,13,20260919,2.0.0,2026-09-19,62.8796,9030.9344,8.3552,9.8777,9.4172,78.4474,21.5526,62.7265,45.1589
MKT-023_D014,MKT-023,Delhi NCR,Noida — Sector 62,Commercial Office,Growth,1,D,14,20260919,2.0.0,2026-09-19,56.7831,7921.7768,8.6016,6.9818,7.9465,73.9193,26.0807,62.7516,55.3081
MKT-023_D015,MKT-023,Delhi NCR,Noida — Sector 62,Commercial Office,Growth,1,D,15,20260919,2.0.0,2026-09-19,60.9854,8905.4205,8.2177,9.5288,10.2714,85.3965,14.6035,70.137,45.0985
MKT-023_D016,MKT-023,Delhi NCR,Noida — Sector 62,Commercial Office,Growth,1,D,16,20260919,2.0.0,2026-09-19,56.1826,8479.2986,7.951,11.4566,9.9069,83.3145,16.6855,65.6983,45.4912
MKT-023_D017,MKT-023,Delhi NCR,Noida — Sector 62,Commercial Office,Growth,1,D,17,20260919,2.0.0,2026-09-19,51.7898,4829.2505,12.869,10.4763,10.8852,78.6518,21.3482,57.4245,56.2372
MKT-023_D018,MKT-023,Delhi NCR,Noida — Sector 62,Commercial Office,Growth,1,D,18,20260919,2.0.0,2026-09-19,59.1954,7639.5905,9.2982,6.6451,9.0374,70.9787,29.0213,59.4814,47.4362
MKT-023_D019,MKT-023,Delhi NCR,Noida — Sector 62,Commercial Office,Growth,1,D,19,20260919,2.0.0,2026-09-19,63.5727,9092.8496,8.3898,5.5691,7.755,78.1881,21.8119,62.0535,44.9686
MKT-023_D020,MKT-023,Delhi NCR,Noida — Sector 62,Commercial Office,Growth,1,D,20,20260919,2.0.0,2026-09-19,64.497,9468.7614,8.1739,8.168,9.0387,74.0883,25.9117,67.2493,48.5257
MKT-023_D021,MKT-023,Delhi NCR,Noida — Sector 62,Commercial Office,Growth,1,D,21,20260919,2.0.0,2026-09-19,67.4519,9276.6907,8.7253,12.234,11.7665,79.4777,20.5223,75.7156,50.1808
MKT-023_D022,MKT-023,Delhi NCR,Noida — Sector 62,Commercial Office,Growth,1,D,22,20260919,2.0.0,2026-09-19,51.8166,7170.784,8.6713,8.2213,5.5663,76.3223,23.6777,60.2554,50.0057
MKT-023_D023,MKT-023,Delhi NCR,Noida — Sector 62,Commercial Office,Growth,1,D,23,20260919,2.0.0,2026-09-19,58.4624,8413.0934,8.3388,9.3928,11.7454,79.3932,20.6068,69.3847,52.4641
MKT-023_D024,MKT-023,Delhi NCR,Noida — Sector 62,Commercial Office,Growth,1,D,24,20260919,2.0.0,2026-09-19,66.4869,10288.9691,7.7543,12.136,11.3674,82.9878,17.0122,77.4758,48.2733
MKT-023_D025,MKT-023,Delhi NCR,Noida — Sector 62,Commercial Office,Growth,1,D,25,20260919,2.0.0,2026-09-19,61.2759,7998.776,9.1928,9.7349,8.0577,80.3997,19.6003,68.9969,53.4768
MKT-023_D026,MKT-023,Delhi NCR,Noida — Sector 62,Commercial Office,Growth,1,D,26,20260919,2.0.0,2026-09-19,65.0504,9117.1924,8.5619,7.0722,7.5083,77.8721,22.1279,62.1129,49.5805
MKT-023_D027,MKT-023,Delhi NCR,Noida — Sector 62,Commercial Office,Growth,1,D,27,20260919,2.0.0,2026-09-19,64.2133,8900.4834,8.6575,7.9412,8.5646,72.2505,27.7495,69.7268,59.9916
MKT-023_D028,MKT-023,Delhi NCR,Noida — Sector 62,Commercial Office,Growth,1,D,28,20260919,2.0.0,2026-09-19,61.5194,8486.5362,8.6989,5.4413,6.9634,80.0396,19.9604,66.0576,46.2667
MKT-023_D029,MKT-023,Delhi NCR,Noida — Sector 62,Commercial Office,Growth,1,D,29,20260919,2.0.0,2026-09-19,62.0848,8536.8252,8.7271,9.0457,9.6083,76.4079,23.5921,68.2661,45.274
MKT-023_D030,MKT-023,Delhi NCR,Noida — Sector 62,Commercial Office,Growth,1,D,30,20260919,2.0.0,2026-09-19,64.169,8868.1197,8.6831,7.4112,11.2135,77.7118,22.2882,73.9877,50.9224
MKT-023_D031,MKT-023,Delhi NCR,Noida — Sector 62,Commercial Office,Growth,1,D,31,20260919,2.0.0,2026-09-19,59.4685,8366.5805,8.5294,11.4005,8.5128,77.7615,22.2385,67.4764,49.8081
MKT-023_D032,MKT-023,Delhi NCR,Noida — Sector 62,Commercial Office,Growth,1,D,32,20260919,2.0.0,2026-09-19,57.3757,8444.3637,8.1535,6.9653,7.9694,80.3432,19.6568,71.405,45.0899
MKT-023_D033,MKT-023,Delhi NCR,Noida — Sector 62,Commercial Office,Growth,1,D,33,20260919,2.0.0,2026-09-19,63.7851,8896.3964,8.6037,9.7575,12.2014,83.3994,16.6006,73.7211,43.0428
MKT-023_D034,MKT-023,Delhi NCR,Noida — Sector 62,Commercial Office,Growth,1,D,34,20260919,2.0.0,2026-09-19,56.9457,7253.228,9.4213,7.8431,8.2193,72.899,27.101,59.9747,52.5554
MKT-023_D035,MKT-023,Delhi NCR,Noida — Sector 62,Commercial Office,Growth,1,D,35,20260919,2.0.0,2026-09-19,66.3499,8999.9834,8.8467,7.6853,12.3238,79.4894,20.5106,66.6415,46.6581
MKT-023_D036,MKT-023,Delhi NCR,Noida — Sector 62,Commercial Office,Growth,1,D,36,20260919,2.0.0,2026-09-19,61.1632,9077.5945,8.0854,8.3284,8.7186,84.7651,15.2349,60.0294,45.2431
MKT-023_D037,MKT-023,Delhi NCR,Noida — Sector 62,Commercial Office,Growth,1,D,37,20260919,2.0.0,2026-09-19,57.4674,8123.441,8.4891,6.7235,10.0065,78.5321,21.4679,64.9247,44.7224
MKT-023_D038,MKT-023,Delhi NCR,Noida — Sector 62,Commercial Office,Growth,1,D,38,20260919,2.0.0,2026-09-19,57.4341,7072.3586,9.7451,5.4305,7.9316,68.9447,31.0553,58.2244,56.8669
MKT-023_D039,MKT-023,Delhi NCR,Noida — Sector 62,Commercial Office,Growth,1,D,39,20260919,2.0.0,2026-09-19,58.3039,8261.1675,8.4691,6.3114,7.5234,72.9128,27.0872,66.4012,49.6184
MKT-023_D040,MKT-023,Delhi NCR,Noida — Sector 62,Commercial Office,Growth,1,D,40,20260919,2.0.0,2026-09-19,67.7473,8843.875,9.1924,7.9865,8.8568,74.7918,25.2082,60.9865,47.8885
MKT-023_D041,MKT-023,Delhi NCR,Noida — Sector 62,Commercial Office,Growth,1,D,41,20260919,2.0.0,2026-09-19,61.0478,7805.7062,9.3851,8.7849,8.7447,77.7596,22.2404,73.2362,54.7255
MKT-023_D042,MKT-023,Delhi NCR,Noida — Sector 62,Commercial Office,Growth,1,D,42,20260919,2.0.0,2026-09-19,60.7682,8940.0484,8.1568,9.9161,12.0663,83.675,16.325,69.1313,51.2234
MKT-023_D043,MKT-023,Delhi NCR,Noida — Sector 62,Commercial Office,Growth,1,D,43,20260919,2.0.0,2026-09-19,57.2725,7331.9179,9.3737,6.4771,5.2472,75.0885,24.9115,59.6521,47.9545
MKT-024_D001,MKT-024,Delhi NCR,Aerocity,Commercial Office,Premium,1,C,1,20260919,2.0.0,2026-09-19,108.7945,18063.3994,7.2275,4.4823,7.0876,86.3039,13.6961,67.1893,27.1394
MKT-024_D002,MKT-024,Delhi NCR,Aerocity,Commercial Office,Premium,1,C,2,20260919,2.0.0,2026-09-19,115.5561,18727.9789,7.4043,7.5076,8.186,88.1555,11.8445,67.7509,28.2456
MKT-024_D003,MKT-024,Delhi NCR,Aerocity,Commercial Office,Premium,1,C,3,20260919,2.0.0,2026-09-19,127.9324,21246.3992,7.2256,7.7807,10.2266,89.9261,10.0739,72.738,27.3891
MKT-024_D004,MKT-024,Delhi NCR,Aerocity,Commercial Office,Premium,1,C,4,20260919,2.0.0,2026-09-19,116.2482,19460.5588,7.1682,7.5786,8.0754,92.0213,7.9787,75.4166,25.3567
MKT-024_D005,MKT-024,Delhi NCR,Aerocity,Commercial Office,Premium,1,C,5,20260919,2.0.0,2026-09-19,126.5272,21370.0743,7.1049,6.4428,7.4052,88.4964,11.5036,77.2309,26.9664
MKT-024_D006,MKT-024,Delhi NCR,Aerocity,Commercial Office,Premium,1,C,6,20260919,2.0.0,2026-09-19,125.4227,20706.6165,7.2686,6.8113,7.639,92.0724,7.9276,73.8199,27.0324
MKT-024_D007,MKT-024,Delhi NCR,Aerocity,Commercial Office,Premium,1,C,7,20260919,2.0.0,2026-09-19,125.7202,22700.2901,6.6459,6.5642,9.0307,90.9668,9.0332,79.2455,22.5057
MKT-024_D008,MKT-024,Delhi NCR,Aerocity,Commercial Office,Premium,1,C,8,20260919,2.0.0,2026-09-19,132.6974,23509.1134,6.7734,6.2785,8.0685,91.176,8.824,76.268,26.8668
MKT-024_D009,MKT-024,Delhi NCR,Aerocity,Commercial Office,Premium,1,C,9,20260919,2.0.0,2026-09-19,111.5634,19973.4909,6.7027,7.5953,9.4519,94.7538,5.2462,76.5886,26.1233
MKT-024_D010,MKT-024,Delhi NCR,Aerocity,Commercial Office,Premium,1,C,10,20260919,2.0.0,2026-09-19,123.1962,21418.7593,6.9021,6.1637,8.6618,94.138,5.862,77.122,25.6601
MKT-024_D011,MKT-024,Delhi NCR,Aerocity,Commercial Office,Premium,1,C,11,20260919,2.0.0,2026-09-19,118.8233,19840.7635,7.1866,5.1502,5.3672,87.6931,12.3069,68.2474,24.8319
MKT-024_D012,MKT-024,Delhi NCR,Aerocity,Commercial Office,Premium,1,C,12,20260919,2.0.0,2026-09-19,107.1675,15946.5719,8.0645,6.7511,7.4832,85.1683,14.8317,68.9434,28.7513
MKT-024_D013,MKT-024,Delhi NCR,Aerocity,Commercial Office,Premium,1,C,13,20260919,2.0.0,2026-09-19,113.4178,19619.7006,6.937,9.2462,11.1969,91.2442,8.7558,77.3544,24.4775
MKT-024_D014,MKT-024,Delhi NCR,Aerocity,Commercial Office,Premium,1,C,14,20260919,2.0.0,2026-09-19,126.7818,21753.9043,6.9936,5.1153,6.2728,88.4213,11.5787,71.617,25.9002
MKT-024_D015,MKT-024,Delhi NCR,Aerocity,Commercial Office,Premium,1,C,15,20260919,2.0.0,2026-09-19,116.8041,20934.006,6.6956,8.1953,6.5887,92.0809,7.9191,69.8593,29.7818
MKT-024_D016,MKT-024,Delhi NCR,Aerocity,Commercial Office,Premium,1,C,16,20260919,2.0.0,2026-09-19,117.0976,19249.1264,7.2999,4.7566,7.4463,88.5221,11.4779,73.0119,25.4139
MKT-024_D017,MKT-024,Delhi NCR,Aerocity,Commercial Office,Premium,1,C,17,20260919,2.0.0,2026-09-19,132.2613,23694.8152,6.6982,5.1951,8.0239,94.056,5.944,74.8661,26.6488
MKT-024_D018,MKT-024,Delhi NCR,Aerocity,Commercial Office,Premium,1,C,18,20260919,2.0.0,2026-09-19,118.6461,19321.9065,7.3686,7.8753,9.1631,86.4792,13.5208,74.1052,26.4841
MKT-024_D019,MKT-024,Delhi NCR,Aerocity,Commercial Office,Premium,1,C,19,20260919,2.0.0,2026-09-19,137.9412,24724.4965,6.695,8.5569,9.9092,93.6932,6.3068,77.4109,23.2898
MKT-024_D020,MKT-024,Delhi NCR,Aerocity,Commercial Office,Premium,1,C,20,20260919,2.0.0,2026-09-19,124.2076,21404.1607,6.9636,6.8206,8.173,94.4774,5.5226,77.8845,24.8622
MKT-024_D021,MKT-024,Delhi NCR,Aerocity,Commercial Office,Premium,1,C,21,20260919,2.0.0,2026-09-19,127.0922,22716.8416,6.7136,6.8435,7.2397,90.2701,9.7299,75.9504,24.1249
MKT-024_D022,MKT-024,Delhi NCR,Aerocity,Commercial Office,Premium,1,C,22,20260919,2.0.0,2026-09-19,124.891,22289.7773,6.7237,8.7373,10.447,93.0292,6.9708,77.3719,25.7147
MKT-024_D023,MKT-024,Delhi NCR,Aerocity,Commercial Office,Premium,1,C,23,20260919,2.0.0,2026-09-19,126.5877,21379.6635,7.1051,5.7209,7.7589,86.4784,13.5216,68.3837,28.6968
MKT-024_D024,MKT-024,Delhi NCR,Aerocity,Commercial Office,Premium,1,C,24,20260919,2.0.0,2026-09-19,112.4263,18889.9714,7.142,8.0349,8.0404,87.5526,12.4474,69.8727,29.3979
MKT-024_D025,MKT-024,Delhi NCR,Aerocity,Commercial Office,Premium,1,C,25,20260919,2.0.0,2026-09-19,124.7573,22518.451,6.6483,8.8281,10.1648,94.232,5.768,78.5921,22.9467
MKT-024_D026,MKT-024,Delhi NCR,Aerocity,Commercial Office,Premium,1,C,26,20260919,2.0.0,2026-09-19,116.8301,18585.2643,7.5434,6.594,8.3885,86.4514,13.5486,74.2878,27.3231
MKT-024_D027,MKT-024,Delhi NCR,Aerocity,Commercial Office,Premium,1,C,27,20260919,2.0.0,2026-09-19,113.2059,19205.5533,7.0733,7.4488,9.6714,88.9265,11.0735,72.8515,26.3193
MKT-024_D028,MKT-024,Delhi NCR,Aerocity,Commercial Office,Premium,1,C,28,20260919,2.0.0,2026-09-19,129.4677,22939.3998,6.7727,8.2183,10.1302,92.7449,7.2551,77.2669,23.0668
MKT-024_D029,MKT-024,Delhi NCR,Aerocity,Commercial Office,Premium,1,C,29,20260919,2.0.0,2026-09-19,117.6967,18625.8278,7.5828,6.9257,9.9372,90.3156,9.6844,74.6865,26.5411
MKT-024_D030,MKT-024,Delhi NCR,Aerocity,Commercial Office,Premium,1,C,30,20260919,2.0.0,2026-09-19,127.5517,22434.792,6.8225,6.8505,7.2619,88.8005,11.1995,76.3484,25.9252
MKT-024_D031,MKT-024,Delhi NCR,Aerocity,Commercial Office,Premium,1,C,31,20260919,2.0.0,2026-09-19,118.3185,20493.3155,6.9282,6.7827,8.4537,90.9734,9.0266,76.4853,25.732
MKT-024_D032,MKT-024,Delhi NCR,Aerocity,Commercial Office,Premium,1,C,32,20260919,2.0.0,2026-09-19,125.7622,22197.2317,6.7988,9.4386,9.4961,95.1512,4.8488,81.6873,25.5322
MKT-024_D033,MKT-024,Delhi NCR,Aerocity,Commercial Office,Premium,1,C,33,20260919,2.0.0,2026-09-19,128.4868,23945.6424,6.4389,8.5496,11.3093,89.7544,10.2456,78.1873,25.4438
MKT-024_D034,MKT-024,Delhi NCR,Aerocity,Commercial Office,Premium,1,C,34,20260919,2.0.0,2026-09-19,115.5681,18612.0099,7.4512,5.149,6.7183,88.0503,11.9497,68.6082,29.2536
MKT-024_D035,MKT-024,Delhi NCR,Aerocity,Commercial Office,Premium,1,C,35,20260919,2.0.0,2026-09-19,132.7553,23041.095,6.914,4.6145,6.4684,91.8908,8.1092,72.7111,23.8493
MKT-024_D036,MKT-024,Delhi NCR,Aerocity,Commercial Office,Premium,1,C,36,20260919,2.0.0,2026-09-19,126.6632,20296.3031,7.4888,6.611,9.7655,90.1577,9.8423,72.3347,24.6015
MKT-024_D037,MKT-024,Delhi NCR,Aerocity,Commercial Office,Premium,1,C,37,20260919,2.0.0,2026-09-19,122.7795,20866.0182,7.061,7.0432,7.0682,92.1225,7.8775,75.6019,26.0637
MKT-024_D038,MKT-024,Delhi NCR,Aerocity,Commercial Office,Premium,1,C,38,20260919,2.0.0,2026-09-19,126.5858,21669.7354,7.0099,6.5921,8.4253,94.2781,5.7219,74.8058,24.8036
MKT-024_D039,MKT-024,Delhi NCR,Aerocity,Commercial Office,Premium,1,C,39,20260919,2.0.0,2026-09-19,126.7774,21746.8749,6.9956,9.1546,10.2144,95.1673,4.8327,79.3888,23.2306
MKT-024_D040,MKT-024,Delhi NCR,Aerocity,Commercial Office,Premium,1,C,40,20260919,2.0.0,2026-09-19,122.4929,21365.3522,6.8799,6.888,8.5775,89.4792,10.5208,73.9345,27.3748
MKT-024_D041,MKT-024,Delhi NCR,Aerocity,Commercial Office,Premium,1,C,41,20260919,2.0.0,2026-09-19,122.6534,18658.1835,7.8884,4.584,6.837,86.2441,13.7559,69.4371,28.5684
MKT-024_D042,MKT-024,Delhi NCR,Aerocity,Commercial Office,Premium,1,C,42,20260919,2.0.0,2026-09-19,123.6788,21893.1448,6.779,7.5945,10.8856,92.7817,7.2183,79.5994,23.2638
MKT-024_D043,MKT-024,Delhi NCR,Aerocity,Commercial Office,Premium,1,C,43,20260919,2.0.0,2026-09-19,131.3296,21401.3036,7.3638,6.1681,8.1555,92.3042,7.6958,77.3649,25.5824
MKT-024_D044,MKT-024,Delhi NCR,Aerocity,Commercial Office,Premium,1,C,44,20260919,2.0.0,2026-09-19,111.4096,18623.0353,7.1788,5.7011,5.6016,91.4203,8.5797,66.6377,30.2144
MKT-024_D045,MKT-024,Delhi NCR,Aerocity,Commercial Office,Premium,1,C,45,20260919,2.0.0,2026-09-19,131.7746,26908.9896,5.8765,8.2429,9.5657,92.9067,7.0933,76.9003,26.9497
MKT-024_D046,MKT-024,Delhi NCR,Aerocity,Commercial Office,Premium,1,C,46,20260919,2.0.0,2026-09-19,128.1304,23152.3205,6.6411,8.5638,10.9686,91.4075,8.5925,77.541,25.0748
MKT-024_D047,MKT-024,Delhi NCR,Aerocity,Commercial Office,Premium,1,C,47,20260919,2.0.0,2026-09-19,126.5573,21474.0984,7.0722,9.452,9.6254,92.2137,7.7863,80.3215,23.5649
MKT-024_D048,MKT-024,Delhi NCR,Aerocity,Commercial Office,Premium,1,C,48,20260919,2.0.0,2026-09-19,111.5266,16532.695,8.095,8.9269,7.8723,88.7922,11.2078,73.4856,28.7289
MKT-024_D049,MKT-024,Delhi NCR,Aerocity,Commercial Office,Premium,1,C,49,20260919,2.0.0,2026-09-19,121.7131,21763.2956,6.7111,8.5304,8.3602,93.7229,6.2771,76.8449,26.4007
MKT-024_D050,MKT-024,Delhi NCR,Aerocity,Commercial Office,Premium,1,C,50,20260919,2.0.0,2026-09-19,125.7807,22829.5019,6.6115,6.4319,7.2656,92.3142,7.6858,79.73,26.0689
MKT-024_D051,MKT-024,Delhi NCR,Aerocity,Commercial Office,Premium,1,C,51,20260919,2.0.0,2026-09-19,122.0916,21671.0836,6.7606,6.7459,8.0651,92.4105,7.5895,74.2846,26.5273
MKT-024_D052,MKT-024,Delhi NCR,Aerocity,Commercial Office,Premium,1,C,52,20260919,2.0.0,2026-09-19,136.9042,24005.727,6.8436,6.8709,7.3605,92.8304,7.1696,76.9807,24.1889
MKT-024_D053,MKT-024,Delhi NCR,Aerocity,Commercial Office,Premium,1,C,53,20260919,2.0.0,2026-09-19,140.1156,26051.9856,6.454,5.6829,6.7973,95.0877,4.9123,79.2397,22.482
MKT-024_D054,MKT-024,Delhi NCR,Aerocity,Commercial Office,Premium,1,C,54,20260919,2.0.0,2026-09-19,135.1412,23032.1066,7.041,6.9474,8.2275,93.3525,6.6475,77.1545,23.8667
MKT-024_D055,MKT-024,Delhi NCR,Aerocity,Commercial Office,Premium,1,C,55,20260919,2.0.0,2026-09-19,129.6734,21540.2501,7.2241,4.5402,6.3583,86.63,13.37,69.0978,26.3895
MKT-024_D056,MKT-024,Delhi NCR,Aerocity,Commercial Office,Premium,1,C,56,20260919,2.0.0,2026-09-19,126.6279,21434.014,7.0894,8.9012,8.7048,88.365,11.635,72.0178,25.2622
MKT-024_D057,MKT-024,Delhi NCR,Aerocity,Commercial Office,Premium,1,C,57,20260919,2.0.0,2026-09-19,111.6574,18868.3206,7.1013,7.0176,10.2943,89.5542,10.4458,79.3189,24.7173
MKT-024_D058,MKT-024,Delhi NCR,Aerocity,Commercial Office,Premium,1,C,58,20260919,2.0.0,2026-09-19,128.6897,23092.6457,6.6873,6.9025,9.4985,91.7402,8.2598,75.2409,23.9065
MKT-024_D059,MKT-024,Delhi NCR,Aerocity,Commercial Office,Premium,1,C,59,20260919,2.0.0,2026-09-19,131.1373,20801.6932,7.565,8.8857,10.5236,93.9763,6.0237,80.4185,25.9187
MKT-024_D060,MKT-024,Delhi NCR,Aerocity,Commercial Office,Premium,1,C,60,20260919,2.0.0,2026-09-19,118.4119,20794.3846,6.8333,5.9304,9.7965,90.5281,9.4719,68.7019,27.0453
MKT-024_D061,MKT-024,Delhi NCR,Aerocity,Commercial Office,Premium,1,C,61,20260919,2.0.0,2026-09-19,134.694,22339.2149,7.2354,7.8429,9.0835,89.9818,10.0182,77.5465,27.2985
MKT-024_D062,MKT-024,Delhi NCR,Aerocity,Commercial Office,Premium,1,C,62,20260919,2.0.0,2026-09-19,121.5423,21843.8794,6.677,6.9519,6.409,90.1536,9.8464,75.4735,27.5343
MKT-024_D063,MKT-024,Delhi NCR,Aerocity,Commercial Office,Premium,1,C,63,20260919,2.0.0,2026-09-19,133.0464,21738.0494,7.3445,6.9576,8.0136,91.9773,8.0227,77.1303,29.5063
MKT-024_D064,MKT-024,Delhi NCR,Aerocity,Commercial Office,Premium,1,C,64,20260919,2.0.0,2026-09-19,120.8455,21234.3872,6.8292,5.6776,9.2272,93.4408,6.5592,68.7985,26.4974
MKT-024_D065,MKT-024,Delhi NCR,Aerocity,Commercial Office,Premium,1,C,65,20260919,2.0.0,2026-09-19,129.2295,22235.9419,6.9741,8.0193,8.9102,91.1979,8.8021,73.9213,25.2489
MKT-024_D066,MKT-024,Delhi NCR,Aerocity,Commercial Office,Premium,1,C,66,20260919,2.0.0,2026-09-19,131.1526,21351.1061,7.3712,7.4767,7.33,90.7705,9.2295,79.3762,27.3737
MKT-024_D067,MKT-024,Delhi NCR,Aerocity,Commercial Office,Premium,1,C,67,20260919,2.0.0,2026-09-19,123.7212,23439.1836,6.3341,7.1115,8.5843,89.9546,10.0454,71.6758,27.5805
MKT-024_D068,MKT-024,Delhi NCR,Aerocity,Commercial Office,Premium,1,C,68,20260919,2.0.0,2026-09-19,124.728,21214.4634,7.0553,6.1912,7.8867,87.9134,12.0866,73.8289,24.5108
MKT-024_D069,MKT-024,Delhi NCR,Aerocity,Commercial Office,Premium,1,C,69,20260919,2.0.0,2026-09-19,133.6662,25743.8953,6.2306,6.6578,10.0195,93.1135,6.8865,72.9782,23.9621
MKT-024_D070,MKT-024,Delhi NCR,Aerocity,Commercial Office,Premium,1,C,70,20260919,2.0.0,2026-09-19,142.0855,25888.5759,6.586,8.7202,10.7845,94.4743,5.5257,83.8565,22.7983
MKT-024_D071,MKT-024,Delhi NCR,Aerocity,Commercial Office,Premium,1,C,71,20260919,2.0.0,2026-09-19,132.7341,22735.1686,7.0059,7.5274,9.8188,89.9148,10.0852,75.2929,25.4631
MKT-024_D072,MKT-024,Delhi NCR,Aerocity,Commercial Office,Premium,1,C,72,20260919,2.0.0,2026-09-19,121.1459,21683.6409,6.7044,7.1587,9.0066,89.6899,10.3101,76.8701,24.6711
MKT-024_D073,MKT-024,Delhi NCR,Aerocity,Commercial Office,Premium,1,C,73,20260919,2.0.0,2026-09-19,118.1959,18989.5729,7.4691,6.6753,7.6844,91.1126,8.8874,71.9395,26.0228
MKT-024_D074,MKT-024,Delhi NCR,Aerocity,Commercial Office,Premium,1,C,74,20260919,2.0.0,2026-09-19,112.7169,19246.6797,7.0277,8.3014,9.6855,88.5572,11.4428,79.2283,25.8802
MKT-024_D075,MKT-024,Delhi NCR,Aerocity,Commercial Office,Premium,1,C,75,20260919,2.0.0,2026-09-19,109.3832,18948.1846,6.9273,7.0417,9.4061,92.1355,7.8645,75.1823,25.6627
MKT-025_D001,MKT-025,Delhi NCR,Gurugram — Sector 44,Commercial Office,Established,1,D,1,20260919,2.0.0,2026-09-19,79.061,10707.4569,8.8605,5.8765,6.2901,83.2595,16.7405,64.4507,38.8223
MKT-025_D002,MKT-025,Delhi NCR,Gurugram — Sector 44,Commercial Office,Established,1,D,2,20260919,2.0.0,2026-09-19,88.2194,11998.7481,8.8229,6.3849,6.6897,85.22,14.78,67.9874,34.317
MKT-025_D003,MKT-025,Delhi NCR,Gurugram — Sector 44,Commercial Office,Established,1,D,3,20260919,2.0.0,2026-09-19,80.7995,12116.0993,8.0025,5.5403,7.4858,85.8283,14.1717,62.4937,35.1048
MKT-025_D004,MKT-025,Delhi NCR,Gurugram — Sector 44,Commercial Office,Established,1,D,4,20260919,2.0.0,2026-09-19,88.1986,12902.224,8.2031,6.8605,8.7641,92.3798,7.6202,69.5071,34.6872
MKT-025_D005,MKT-025,Delhi NCR,Gurugram — Sector 44,Commercial Office,Established,1,D,5,20260919,2.0.0,2026-09-19,75.6824,10978.9276,8.2721,6.3656,6.9432,85.964,14.036,66.1077,33.5224
MKT-025_D006,MKT-025,Delhi NCR,Gurugram — Sector 44,Commercial Office,Established,1,D,6,20260919,2.0.0,2026-09-19,87.6354,13457.2485,7.8146,5.3721,7.2054,87.1593,12.8407,66.9439,29.734
MKT-025_D007,MKT-025,Delhi NCR,Gurugram — Sector 44,Commercial Office,Established,1,D,7,20260919,2.0.0,2026-09-19,84.2698,12060.2895,8.3849,4.9572,8.4807,86.6599,13.3401,65.7302,37.8906
MKT-025_D008,MKT-025,Delhi NCR,Gurugram — Sector 44,Commercial Office,Established,1,D,8,20260919,2.0.0,2026-09-19,86.6739,12527.6698,8.3023,8.5147,8.6954,88.7334,11.2666,71.7577,30.8003
MKT-025_D009,MKT-025,Delhi NCR,Gurugram — Sector 44,Commercial Office,Established,1,D,9,20260919,2.0.0,2026-09-19,86.2888,12728.5518,8.135,6.7758,8.0734,88.0441,11.9559,64.5504,34.1469
MKT-025_D010,MKT-025,Delhi NCR,Gurugram — Sector 44,Commercial Office,Established,1,D,10,20260919,2.0.0,2026-09-19,94.8588,14985.1904,7.5962,5.2091,7.2216,89.0515,10.9485,68.1644,33.1555
MKT-025_D011,MKT-025,Delhi NCR,Gurugram — Sector 44,Commercial Office,Established,1,D,11,20260919,2.0.0,2026-09-19,85.8121,12987.553,7.9287,5.8079,7.8988,88.5475,11.4525,68.6055,34.1834
MKT-025_D012,MKT-025,Delhi NCR,Gurugram — Sector 44,Commercial Office,Established,1,D,12,20260919,2.0.0,2026-09-19,94.0233,13381.2368,8.4318,6.3902,8.6725,89.5201,10.4799,69.9871,32.2523
MKT-025_D013,MKT-025,Delhi NCR,Gurugram — Sector 44,Commercial Office,Established,1,D,13,20260919,2.0.0,2026-09-19,85.3465,11430.3262,8.96,4.0669,6.2429,84.2632,15.7368,62.5866,36.2527
MKT-025_D014,MKT-025,Delhi NCR,Gurugram — Sector 44,Commercial Office,Established,1,D,14,20260919,2.0.0,2026-09-19,85.6563,14273.9324,7.2011,6.6747,8.6882,91.4706,8.5294,73.2046,31.3504
MKT-025_D015,MKT-025,Delhi NCR,Gurugram — Sector 44,Commercial Office,Established,1,D,15,20260919,2.0.0,2026-09-19,90.0966,14208.7088,7.6091,5.9193,9.2712,90.7341,9.2659,70.3855,36.6339
MKT-025_D016,MKT-025,Delhi NCR,Gurugram — Sector 44,Commercial Office,Established,1,D,16,20260919,2.0.0,2026-09-19,87.3503,12589.9498,8.3257,4.9208,5.9078,85.5599,14.4401,64.3683,37.7378
MKT-025_D017,MKT-025,Delhi NCR,Gurugram — Sector 44,Commercial Office,Established,1,D,17,20260919,2.0.0,2026-09-19,103.2112,16884.2879,7.3354,4.0502,7.1302,84.2064,15.7936,64.3262,32.0627
MKT-025_D018,MKT-025,Delhi NCR,Gurugram — Sector 44,Commercial Office,Established,1,D,18,20260919,2.0.0,2026-09-19,82.8504,12857.4252,7.7325,6.1906,8.7685,88.8629,11.1371,66.2419,36.3452
MKT-025_D019,MKT-025,Delhi NCR,Gurugram — Sector 44,Commercial Office,Established,1,D,19,20260919,2.0.0,2026-09-19,84.0239,12626.0646,7.9858,5.8399,6.7466,91.8624,8.1376,66.8686,33.3463
MKT-025_D020,MKT-025,Delhi NCR,Gurugram — Sector 44,Commercial Office,Established,1,D,20,20260919,2.0.0,2026-09-19,81.5198,11809.7208,8.2833,5.0874,6.9103,82.9933,17.0067,62.1232,38.4485
MKT-025_D021,MKT-025,Delhi NCR,Gurugram — Sector 44,Commercial Office,Established,1,D,21,20260919,2.0.0,2026-09-19,91.8,13417.4047,8.2102,5.7472,8.3831,84.7063,15.2937,67.9196,33.6728
MKT-025_D022,MKT-025,Delhi NCR,Gurugram — Sector 44,Commercial Office,Established,1,D,22,20260919,2.0.0,2026-09-19,84.4689,11958.5835,8.4761,4.9478,6.5579,84.6698,15.3302,64.838,37.2236
MKT-025_D023,MKT-025,Delhi NCR,Gurugram — Sector 44,Commercial Office,Established,1,D,23,20260919,2.0.0,2026-09-19,93.0621,14447.4309,7.7297,7.3126,9.6968,89.6129,10.3871,73.3676,30.418
MKT-025_D024,MKT-025,Delhi NCR,Gurugram — Sector 44,Commercial Office,Established,1,D,24,20260919,2.0.0,2026-09-19,84.9229,12202.0725,8.3517,7.3509,7.8299,86.3476,13.6524,69.262,37.8572
MKT-025_D025,MKT-025,Delhi NCR,Gurugram — Sector 44,Commercial Office,Established,1,D,25,20260919,2.0.0,2026-09-19,92.1798,14885.9314,7.4309,5.5348,7.4838,90.3808,9.6192,61.9394,33.3781
MKT-025_D026,MKT-025,Delhi NCR,Gurugram — Sector 44,Commercial Office,Established,1,D,26,20260919,2.0.0,2026-09-19,87.7628,12945.995,8.135,5.0091,8.5111,86.4753,13.5247,62.0197,36.2499
MKT-025_D027,MKT-025,Delhi NCR,Gurugram — Sector 44,Commercial Office,Established,1,D,27,20260919,2.0.0,2026-09-19,80.5452,11768.0495,8.2133,8.2101,9.7915,89.4528,10.5472,73.4009,33.0367
MKT-025_D028,MKT-025,Delhi NCR,Gurugram — Sector 44,Commercial Office,Established,1,D,28,20260919,2.0.0,2026-09-19,88.2188,13121.0649,8.0681,4.1203,4.59,88.0024,11.9976,64.5354,33.3866
MKT-025_D029,MKT-025,Delhi NCR,Gurugram — Sector 44,Commercial Office,Established,1,D,29,20260919,2.0.0,2026-09-19,97.0565,13470.6309,8.6461,6.0239,7.2013,87.1289,12.8711,66.4451,32.1091
MKT-025_D030,MKT-025,Delhi NCR,Gurugram — Sector 44,Commercial Office,Established,1,D,30,20260919,2.0.0,2026-09-19,79.7307,10757.4828,8.894,4.5536,6.7125,80.5036,19.4964,59.9244,35.7375
MKT-025_D031,MKT-025,Delhi NCR,Gurugram — Sector 44,Commercial Office,Established,1,D,31,20260919,2.0.0,2026-09-19,78.3022,11798.9234,7.9637,5.0575,5.1751,82.455,17.545,58.8674,35.1956
MKT-025_D032,MKT-025,Delhi NCR,Gurugram — Sector 44,Commercial Office,Established,1,D,32,20260919,2.0.0,2026-09-19,91.3481,14831.1535,7.391,4.5672,7.9132,91.8431,8.1569,64.5434,31.6421
MKT-025_D033,MKT-025,Delhi NCR,Gurugram — Sector 44,Commercial Office,Established,1,D,33,20260919,2.0.0,2026-09-19,100.0725,15057.519,7.9752,5.0527,8.2574,89.8348,10.1652,71.5938,33.983
MKT-025_D034,MKT-025,Delhi NCR,Gurugram — Sector 44,Commercial Office,Established,1,D,34,20260919,2.0.0,2026-09-19,86.993,13373.5307,7.8058,6.3325,6.8417,86.82,13.18,67.4012,32.1963
MKT-025_D035,MKT-025,Delhi NCR,Gurugram — Sector 44,Commercial Office,Established,1,D,35,20260919,2.0.0,2026-09-19,98.9973,15166.7653,7.8327,7.438,7.2039,87.7084,12.2916,67.6865,31.0918
MKT-025_D036,MKT-025,Delhi NCR,Gurugram — Sector 44,Commercial Office,Established,1,D,36,20260919,2.0.0,2026-09-19,85.1906,12318.106,8.2991,4.2411,7.3961,85.0769,14.9231,63.8921,30.8332
MKT-025_D037,MKT-025,Delhi NCR,Gurugram — Sector 44,Commercial Office,Established,1,D,37,20260919,2.0.0,2026-09-19,83.4917,12396.2485,8.0823,6.6841,8.2152,84.6615,15.3385,66.503,38.6466
MKT-025_D038,MKT-025,Delhi NCR,Gurugram — Sector 44,Commercial Office,Established,1,D,38,20260919,2.0.0,2026-09-19,96.1178,14255.7114,8.0909,4.7055,6.3877,88.5045,11.4955,65.9456,33.7872
MKT-025_D039,MKT-025,Delhi NCR,Gurugram — Sector 44,Commercial Office,Established,1,D,39,20260919,2.0.0,2026-09-19,85.5144,12138.5946,8.4538,5.7014,7.1014,86.206,13.794,64.5113,36.1038
MKT-025_D040,MKT-025,Delhi NCR,Gurugram — Sector 44,Commercial Office,Established,1,D,40,20260919,2.0.0,2026-09-19,88.6106,13935.0815,7.6306,6.9584,10.325,91.8954,8.1046,73.5904,29.9953
MKT-025_D041,MKT-025,Delhi NCR,Gurugram — Sector 44,Commercial Office,Established,1,D,41,20260919,2.0.0,2026-09-19,79.8254,11707.5775,8.1819,6.8851,7.9723,85.3499,14.6501,67.6289,36.6884
MKT-025_D042,MKT-025,Delhi NCR,Gurugram — Sector 44,Commercial Office,Established,1,D,42,20260919,2.0.0,2026-09-19,85.7084,14446.1121,7.1196,5.5062,7.2615,86.5332,13.4668,62.2332,33.7026
MKT-025_D043,MKT-025,Delhi NCR,Gurugram — Sector 44,Commercial Office,Established,1,D,43,20260919,2.0.0,2026-09-19,78.5475,11093.744,8.4964,5.5643,6.4146,84.6654,15.3346,62.4906,37.7866
MKT-025_D044,MKT-025,Delhi NCR,Gurugram — Sector 44,Commercial Office,Established,1,D,44,20260919,2.0.0,2026-09-19,82.4489,12922.8613,7.6561,4.9055,7.0089,86.8645,13.1355,60.1915,39.0719
MKT-025_D045,MKT-025,Delhi NCR,Gurugram — Sector 44,Commercial Office,Established,1,D,45,20260919,2.0.0,2026-09-19,96.6764,14630.4134,7.9295,6.0922,6.6159,88.3773,11.6227,72.1423,31.4197
MKT-025_D046,MKT-025,Delhi NCR,Gurugram — Sector 44,Commercial Office,Established,1,D,46,20260919,2.0.0,2026-09-19,89.9036,13112.039,8.2279,5.5671,8.0764,89.2755,10.7245,66.8978,32.256
MKT-025_D047,MKT-025,Delhi NCR,Gurugram — Sector 44,Commercial Office,Established,1,D,47,20260919,2.0.0,2026-09-19,97.3719,15326.4562,7.6238,4.2636,5.9734,92.3051,7.6949,69.3589,34.2757
MKT-025_D048,MKT-025,Delhi NCR,Gurugram — Sector 44,Commercial Office,Established,1,D,48,20260919,2.0.0,2026-09-19,94.0468,14096.2849,8.0061,5.8433,7.6498,88.6727,11.3273,71.2428,36.9804
MKT-025_D049,MKT-025,Delhi NCR,Gurugram — Sector 44,Commercial Office,Established,1,D,49,20260919,2.0.0,2026-09-19,92.5269,14098.652,7.8754,8.4326,7.2226,91.4262,8.5738,68.6778,32.8327
MKT-025_D050,MKT-025,Delhi NCR,Gurugram — Sector 44,Commercial Office,Established,1,D,50,20260919,2.0.0,2026-09-19,89.5955,12969.4008,8.2899,7.0147,8.5502,90.4708,9.5292,68.6397,36.1482
MKT-025_D051,MKT-025,Delhi NCR,Gurugram — Sector 44,Commercial Office,Established,1,D,51,20260919,2.0.0,2026-09-19,75.5598,11492.3055,7.8898,5.3148,6.1712,82.083,17.917,57.6423,39.2369
MKT-025_D052,MKT-025,Delhi NCR,Gurugram — Sector 44,Commercial Office,Established,1,D,52,20260919,2.0.0,2026-09-19,92.1633,14209.6131,7.7832,8.323,9.648,90.4149,9.5851,73.9876,31.7051
MKT-025_D053,MKT-025,Delhi NCR,Gurugram — Sector 44,Commercial Office,Established,1,D,53,20260919,2.0.0,2026-09-19,85.9531,12909.5585,7.9897,7.1391,8.9583,86.3872,13.6128,71.3331,35.2258
MKT-025_D054,MKT-025,Delhi NCR,Gurugram — Sector 44,Commercial Office,Established,1,D,54,20260919,2.0.0,2026-09-19,95.7197,13761.1332,8.347,6.3237,9.1985,88.9231,11.0769,70.036,32.4494
MKT-025_D055,MKT-025,Delhi NCR,Gurugram — Sector 44,Commercial Office,Established,1,D,55,20260919,2.0.0,2026-09-19,95.0852,15016.998,7.5982,5.4879,5.9706,81.6277,18.3723,66.7963,33.3335
MKT-026_D001,MKT-026,Bengaluru,Outer Ring Road,Commercial Office,Premium,1,B,1,20260919,2.0.0,2026-09-19,104.6947,17047.9696,7.3694,7.3,8.5309,91.2797,8.7203,74.5167,25.4227
MKT-026_D002,MKT-026,Bengaluru,Outer Ring Road,Commercial Office,Premium,1,B,2,20260919,2.0.0,2026-09-19,104.8979,18364.8602,6.8543,5.0341,7.3235,89.3084,10.6916,69.8299,27.2661
MKT-026_D003,MKT-026,Bengaluru,Outer Ring Road,Commercial Office,Premium,1,B,3,20260919,2.0.0,2026-09-19,101.7975,17833.9425,6.8497,8.8051,10.2102,92.0888,7.9112,77.018,25.2251
MKT-026_D004,MKT-026,Bengaluru,Outer Ring Road,Commercial Office,Premium,1,B,4,20260919,2.0.0,2026-09-19,115.8816,21325.1207,6.5208,6.6865,10.8922,93.0305,6.9695,77.5632,24.3423
MKT-026_D005,MKT-026,Bengaluru,Outer Ring Road,Commercial Office,Premium,1,B,5,20260919,2.0.0,2026-09-19,114.121,19401.1975,7.0586,6.5473,6.7835,91.6748,8.3252,78.5111,25.9046
MKT-026_D006,MKT-026,Bengaluru,Outer Ring Road,Commercial Office,Premium,1,B,6,20260919,2.0.0,2026-09-19,115.4074,23112.668,5.9919,8.7435,9.6024,92.9009,7.0991,80.4585,24.4409
MKT-026_D007,MKT-026,Bengaluru,Outer Ring Road,Commercial Office,Premium,1,B,7,20260919,2.0.0,2026-09-19,101.2652,18278.1618,6.6483,7.2187,9.2072,89.7941,10.2059,73.6236,25.9112
MKT-026_D008,MKT-026,Bengaluru,Outer Ring Road,Commercial Office,Premium,1,B,8,20260919,2.0.0,2026-09-19,104.0641,19628.8347,6.3619,7.2543,9.5659,88.7759,11.2241,75.7935,24.6321
MKT-026_D009,MKT-026,Bengaluru,Outer Ring Road,Commercial Office,Premium,1,B,9,20260919,2.0.0,2026-09-19,95.1054,16429.4632,6.9465,6.4866,8.0751,88.3916,11.6084,69.4931,29.1534
MKT-026_D010,MKT-026,Bengaluru,Outer Ring Road,Commercial Office,Premium,1,B,10,20260919,2.0.0,2026-09-19,119.7361,19764.3041,7.2698,7.7676,9.8959,90.9013,9.0987,82.673,26.2526
MKT-026_D011,MKT-026,Bengaluru,Outer Ring Road,Commercial Office,Premium,1,B,11,20260919,2.0.0,2026-09-19,114.9213,18952.8665,7.2762,8.7154,8.2098,88.9645,11.0355,80.8403,25.2004
MKT-026_D012,MKT-026,Bengaluru,Outer Ring Road,Commercial Office,Premium,1,B,12,20260919,2.0.0,2026-09-19,98.6239,18090.3256,6.5421,7.6524,9.3656,91.7957,8.2043,76.8402,21.787
MKT-026_D013,MKT-026,Bengaluru,Outer Ring Road,Commercial Office,Premium,1,B,13,20260919,2.0.0,2026-09-19,103.5826,22306.1916,5.5724,8.0016,8.2229,93.421,6.579,74.6124,28.822
MKT-026_D014,MKT-026,Bengaluru,Outer Ring Road,Commercial Office,Premium,1,B,14,20260919,2.0.0,2026-09-19,103.9648,18651.0184,6.6891,7.5617,9.6032,93.2097,6.7903,70.8085,23.7893
MKT-026_D015,MKT-026,Bengaluru,Outer Ring Road,Commercial Office,Premium,1,B,15,20260919,2.0.0,2026-09-19,106.5947,16101.3318,7.9443,8.9202,9.2722,90.4254,9.5746,75.5229,29.1484
MKT-026_D016,MKT-026,Bengaluru,Outer Ring Road,Commercial Office,Premium,1,B,16,20260919,2.0.0,2026-09-19,108.1486,18843.4651,6.8872,8.0232,9.9468,90.305,9.695,73.643,26.744
MKT-026_D017,MKT-026,Bengaluru,Outer Ring Road,Commercial Office,Premium,1,B,17,20260919,2.0.0,2026-09-19,98.3638,17706.7421,6.6662,8.0794,8.5826,88.8515,11.1485,75.0774,25.5311
MKT-026_D018,MKT-026,Bengaluru,Outer Ring Road,Commercial Office,Premium,1,B,18,20260919,2.0.0,2026-09-19,117.6777,19058.4976,7.4095,7.742,8.4031,92.0634,7.9366,76.585,22.7464
MKT-026_D019,MKT-026,Bengaluru,Outer Ring Road,Commercial Office,Premium,1,B,19,20260919,2.0.0,2026-09-19,106.1955,16507.1178,7.72,6.5559,8.0608,89.1375,10.8625,72.8606,29.4024
MKT-026_D020,MKT-026,Bengaluru,Outer Ring Road,Commercial Office,Premium,1,B,20,20260919,2.0.0,2026-09-19,111.1311,18409.6906,7.2439,7.4063,9.3151,90.2057,9.7943,73.2857,25.501
MKT-026_D021,MKT-026,Bengaluru,Outer Ring Road,Commercial Office,Premium,1,B,21,20260919,2.0.0,2026-09-19,105.8955,17727.4286,7.1682,8.8852,9.6941,90.7064,9.2936,76.8692,24.8879
MKT-026_D022,MKT-026,Bengaluru,Outer Ring Road,Commercial Office,Premium,1,B,22,20260919,2.0.0,2026-09-19,95.5178,15818.2803,7.2461,6.0393,5.8149,89.3218,10.6782,67.4061,27.6103
MKT-026_D023,MKT-026,Bengaluru,Outer Ring Road,Commercial Office,Premium,1,B,23,20260919,2.0.0,2026-09-19,109.5281,19889.7505,6.6081,7.4637,7.8282,94.7492,5.2508,74.162,25.0371
MKT-026_D024,MKT-026,Bengaluru,Outer Ring Road,Commercial Office,Premium,1,B,24,20260919,2.0.0,2026-09-19,105.3874,19673.3677,6.4282,8.322,10.3263,88.8553,11.1447,76.4273,22.0934
MKT-026_D025,MKT-026,Bengaluru,Outer Ring Road,Commercial Office,Premium,1,B,25,20260919,2.0.0,2026-09-19,102.5104,15852.682,7.7597,7.7246,9.4358,89.0543,10.9457,70.7768,27.6815
MKT-026_D026,MKT-026,Bengaluru,Outer Ring Road,Commercial Office,Premium,1,B,26,20260919,2.0.0,2026-09-19,104.6822,16126.5169,7.7896,6.5367,8.7067,88.8808,11.1192,77.1991,28.6883
MKT-026_D027,MKT-026,Bengaluru,Outer Ring Road,Commercial Office,Premium,1,B,27,20260919,2.0.0,2026-09-19,104.4133,17204.5512,7.2827,5.3256,6.912,89.01,10.99,71.6773,28.344
MKT-026_D028,MKT-026,Bengaluru,Outer Ring Road,Commercial Office,Premium,1,B,28,20260919,2.0.0,2026-09-19,104.0995,16082.0966,7.7676,4.7615,6.2054,88.684,11.316,68.7727,28.4302
MKT-026_D029,MKT-026,Bengaluru,Outer Ring Road,Commercial Office,Premium,1,B,29,20260919,2.0.0,2026-09-19,107.6564,18225.6071,7.0883,6.8208,8.8456,91.4536,8.5464,74.967,24.9966
MKT-026_D030,MKT-026,Bengaluru,Outer Ring Road,Commercial Office,Premium,1,B,30,20260919,2.0.0,2026-09-19,117.8837,20185.2456,7.0081,8.1473,7.7153,94.1263,5.8737,79.2027,29.1955
MKT-026_D031,MKT-026,Bengaluru,Outer Ring Road,Commercial Office,Premium,1,B,31,20260919,2.0.0,2026-09-19,120.3223,21083.6992,6.8483,7.4129,8.2758,89.8382,10.1618,79.1302,23.789
MKT-026_D032,MKT-026,Bengaluru,Outer Ring Road,Commercial Office,Premium,1,B,32,20260919,2.0.0,2026-09-19,109.7222,18512.3931,7.1123,8.8017,9.6879,93.8546,6.1454,80.4488,24.0209
MKT-026_D033,MKT-026,Bengaluru,Outer Ring Road,Commercial Office,Premium,1,B,33,20260919,2.0.0,2026-09-19,108.9516,18137.5903,7.2083,7.1838,8.012,94.4431,5.5569,80.0274,24.8377
MKT-026_D034,MKT-026,Bengaluru,Outer Ring Road,Commercial Office,Premium,1,B,34,20260919,2.0.0,2026-09-19,111.4738,19688.3225,6.7943,4.2415,5.2544,91.4142,8.5858,66.0003,30.1406
MKT-026_D035,MKT-026,Bengaluru,Outer Ring Road,Commercial Office,Premium,1,B,35,20260919,2.0.0,2026-09-19,110.7392,18836.4775,7.0548,5.2581,7.2415,91.2308,8.7692,69.7374,27.3685
MKT-026_D036,MKT-026,Bengaluru,Outer Ring Road,Commercial Office,Premium,1,B,36,20260919,2.0.0,2026-09-19,100.369,16764.2831,7.1845,7.5875,7.0679,90.7071,9.2929,70.5639,27.596
MKT-026_D037,MKT-026,Bengaluru,Outer Ring Road,Commercial Office,Premium,1,B,37,20260919,2.0.0,2026-09-19,110.766,19994.712,6.6477,7.5276,10.735,93.2346,6.7654,77.887,26.3615
MKT-026_D038,MKT-026,Bengaluru,Outer Ring Road,Commercial Office,Premium,1,B,38,20260919,2.0.0,2026-09-19,108.6224,19125.2541,6.8154,7.4668,5.4556,90.4712,9.5288,72.6989,27.2177
MKT-026_D039,MKT-026,Bengaluru,Outer Ring Road,Commercial Office,Premium,1,B,39,20260919,2.0.0,2026-09-19,104.9013,17877.7142,7.0413,6.9059,7.0825,89.1162,10.8838,76.4424,24.1148
MKT-026_D040,MKT-026,Bengaluru,Outer Ring Road,Commercial Office,Premium,1,B,40,20260919,2.0.0,2026-09-19,105.8862,16462.3079,7.7184,5.2839,7.1098,86.3547,13.6453,72.5276,24.9222
MKT-026_D041,MKT-026,Bengaluru,Outer Ring Road,Commercial Office,Premium,1,B,41,20260919,2.0.0,2026-09-19,104.5124,17146.7467,7.3142,7.001,6.9938,93.2546,6.7454,73.7397,27.1251
MKT-026_D042,MKT-026,Bengaluru,Outer Ring Road,Commercial Office,Premium,1,B,42,20260919,2.0.0,2026-09-19,106.526,17229.3834,7.4194,6.656,8.4571,88.1587,11.8413,72.5629,25.0043
MKT-026_D043,MKT-026,Bengaluru,Outer Ring Road,Commercial Office,Premium,1,B,43,20260919,2.0.0,2026-09-19,115.9306,20610.9633,6.7496,9.1303,9.5016,93.1699,6.8301,80.2239,23.478
MKT-026_D044,MKT-026,Bengaluru,Outer Ring Road,Commercial Office,Premium,1,B,44,20260919,2.0.0,2026-09-19,106.1289,18299.8916,6.9593,6.0468,6.4577,86.5129,13.4871,68.1503,27.9228
MKT-026_D045,MKT-026,Bengaluru,Outer Ring Road,Commercial Office,Premium,1,B,45,20260919,2.0.0,2026-09-19,109.1579,19120.0764,6.8509,6.6915,9.8864,90.5713,9.4287,75.5474,24.8634
MKT-026_D046,MKT-026,Bengaluru,Outer Ring Road,Commercial Office,Premium,1,B,46,20260919,2.0.0,2026-09-19,107.6349,18896.291,6.8353,7.3269,7.5576,93.4212,6.5788,73.242,29.3484
MKT-026_D047,MKT-026,Bengaluru,Outer Ring Road,Commercial Office,Premium,1,B,47,20260919,2.0.0,2026-09-19,115.7936,18695.3228,7.4325,7.0786,8.4409,89.2526,10.7474,72.679,25.3514
MKT-026_D048,MKT-026,Bengaluru,Outer Ring Road,Commercial Office,Premium,1,B,48,20260919,2.0.0,2026-09-19,102.7508,17020.2134,7.2444,5.745,7.6724,90.9229,9.0771,72.0926,23.9794
MKT-026_D049,MKT-026,Bengaluru,Outer Ring Road,Commercial Office,Premium,1,B,49,20260919,2.0.0,2026-09-19,115.36,21433.7713,6.4586,8.9305,10.9641,94.559,5.441,78.5121,23.8658
MKT-026_D050,MKT-026,Bengaluru,Outer Ring Road,Commercial Office,Premium,1,B,50,20260919,2.0.0,2026-09-19,113.7946,20723.6844,6.5892,5.666,9.5563,90.6037,9.3963,69.8907,27.3023
MKT-026_D051,MKT-026,Bengaluru,Outer Ring Road,Commercial Office,Premium,1,B,51,20260919,2.0.0,2026-09-19,110.335,18063.8733,7.3297,6.9412,7.5298,89.9923,10.0077,78.7968,22.6488
MKT-026_D052,MKT-026,Bengaluru,Outer Ring Road,Commercial Office,Premium,1,B,52,20260919,2.0.0,2026-09-19,100.2263,17821.5359,6.7487,4.4844,6.4763,89.4401,10.5599,66.4631,24.2235
MKT-026_D053,MKT-026,Bengaluru,Outer Ring Road,Commercial Office,Premium,1,B,53,20260919,2.0.0,2026-09-19,113.155,20602.1824,6.5909,7.734,8.5219,91.3017,8.6983,77.5724,23.0709
MKT-026_D054,MKT-026,Bengaluru,Outer Ring Road,Commercial Office,Premium,1,B,54,20260919,2.0.0,2026-09-19,103.2583,16191.0228,7.653,7.8112,8.5159,88.877,11.123,76.1393,27.076
MKT-027_D001,MKT-027,Bengaluru,Electronic City Phase 1,Commercial Office,Growth,1,D,1,20260919,2.0.0,2026-09-19,70.4954,10095.9783,8.379,7.3446,7.9804,71.762,28.238,65.9756,53.2709
MKT-027_D002,MKT-027,Bengaluru,Electronic City Phase 1,Commercial Office,Growth,1,D,2,20260919,2.0.0,2026-09-19,64.8321,8287.8747,9.387,8.7487,8.3194,77.7217,22.2783,67.1932,55.3088
MKT-027_D003,MKT-027,Bengaluru,Electronic City Phase 1,Commercial Office,Growth,1,D,3,20260919,2.0.0,2026-09-19,62.7554,9205.1458,8.1809,8.2889,11.0841,77.2153,22.7847,60.439,51.2348
MKT-027_D004,MKT-027,Bengaluru,Electronic City Phase 1,Commercial Office,Growth,1,D,4,20260919,2.0.0,2026-09-19,66.7552,9438.6908,8.487,7.6361,9.7681,68.3287,31.6713,55.0218,55.2365
MKT-027_D005,MKT-027,Bengaluru,Electronic City Phase 1,Commercial Office,Growth,1,D,5,20260919,2.0.0,2026-09-19,71.902,9853.3523,8.7566,9.2037,9.3638,80.8376,19.1624,64.7442,50.687
MKT-027_D006,MKT-027,Bengaluru,Electronic City Phase 1,Commercial Office,Growth,1,D,6,20260919,2.0.0,2026-09-19,75.3099,11115.226,8.1305,9.2662,9.6216,82.8145,17.1855,63.3414,43.8729
MKT-027_D007,MKT-027,Bengaluru,Electronic City Phase 1,Commercial Office,Growth,1,D,7,20260919,2.0.0,2026-09-19,75.4575,10869.0608,8.3309,8.8999,8.3104,77.5081,22.4919,70.9978,47.2862
MKT-027_D008,MKT-027,Bengaluru,Electronic City Phase 1,Commercial Office,Growth,1,D,8,20260919,2.0.0,2026-09-19,74.6524,10874.3842,8.238,7.3525,10.0739,72.161,27.839,66.3687,45.3741
MKT-027_D009,MKT-027,Bengaluru,Electronic City Phase 1,Commercial Office,Growth,1,D,9,20260919,2.0.0,2026-09-19,69.045,10419.6419,7.9517,8.4033,7.0137,77.9561,22.0439,60.5077,45.4649
MKT-027_D010,MKT-027,Bengaluru,Electronic City Phase 1,Commercial Office,Growth,1,D,10,20260919,2.0.0,2026-09-19,69.9469,9886.4343,8.49,6.9917,10.6998,75.9217,24.0783,65.9863,48.5908
MKT-027_D011,MKT-027,Bengaluru,Electronic City Phase 1,Commercial Office,Growth,1,D,11,20260919,2.0.0,2026-09-19,71.7176,10801.1364,7.9678,10.4389,11.7373,87.353,12.647,69.2325,47.0843
MKT-027_D012,MKT-027,Bengaluru,Electronic City Phase 1,Commercial Office,Growth,1,D,12,20260919,2.0.0,2026-09-19,76.9988,10309.2677,8.9627,5.0804,7.4216,78.698,21.302,58.0275,48.972
MKT-027_D013,MKT-027,Bengaluru,Electronic City Phase 1,Commercial Office,Growth,1,D,13,20260919,2.0.0,2026-09-19,72.9931,11549.359,7.5841,9.7143,12.7446,81.6745,18.3255,71.3914,42.7101
MKT-027_D014,MKT-027,Bengaluru,Electronic City Phase 1,Commercial Office,Growth,1,D,14,20260919,2.0.0,2026-09-19,69.697,11693.7729,7.1522,12.8788,13.6295,81.9127,18.0873,76.1555,43.2715
MKT-027_D015,MKT-027,Bengaluru,Electronic City Phase 1,Commercial Office,Growth,1,D,15,20260919,2.0.0,2026-09-19,69.6139,9103.7002,9.1761,6.9137,10.2789,72.2503,27.7497,56.8187,50.9669
MKT-027_D016,MKT-027,Bengaluru,Electronic City Phase 1,Commercial Office,Growth,1,D,16,20260919,2.0.0,2026-09-19,67.1542,8937.3433,9.0167,6.3614,6.8275,68.6173,31.3827,55.3587,59.578
MKT-027_D017,MKT-027,Bengaluru,Electronic City Phase 1,Commercial Office,Growth,1,D,17,20260919,2.0.0,2026-09-19,75.2511,11790.8136,7.6586,11.2431,8.5277,80.2725,19.7275,71.7583,49.4208
MKT-027_D018,MKT-027,Bengaluru,Electronic City Phase 1,Commercial Office,Growth,1,D,18,20260919,2.0.0,2026-09-19,71.4715,9336.8929,9.1857,7.078,6.891,78.3052,21.6948,57.7248,58.3666
MKT-027_D019,MKT-027,Bengaluru,Electronic City Phase 1,Commercial Office,Growth,1,D,19,20260919,2.0.0,2026-09-19,73.5222,10238.7554,8.6169,6.01,9.1746,73.4271,26.5729,63.0484,47.5171
MKT-027_D020,MKT-027,Bengaluru,Electronic City Phase 1,Commercial Office,Growth,1,D,20,20260919,2.0.0,2026-09-19,76.6953,10779.0114,8.5383,7.1197,6.8352,75.2303,24.7697,72.7235,52.2992
MKT-027_D021,MKT-027,Bengaluru,Electronic City Phase 1,Commercial Office,Growth,1,D,21,20260919,2.0.0,2026-09-19,62.1775,7957.5612,9.3764,11.098,11.3932,73.4105,26.5895,63.3082,57.9776
MKT-027_D022,MKT-027,Bengaluru,Electronic City Phase 1,Commercial Office,Growth,1,D,22,20260919,2.0.0,2026-09-19,60.2635,8307.168,8.7053,6.3686,6.623,67.1457,32.8543,53.1401,53.1087
MKT-027_D023,MKT-027,Bengaluru,Electronic City Phase 1,Commercial Office,Growth,1,D,23,20260919,2.0.0,2026-09-19,67.7069,8948.2168,9.0798,7.3174,8.7284,79.3403,20.6597,61.9257,51.7814
MKT-027_D024,MKT-027,Bengaluru,Electronic City Phase 1,Commercial Office,Growth,1,D,24,20260919,2.0.0,2026-09-19,76.6333,10001.5199,9.1946,5.556,9.497,75.6828,24.3172,62.9941,45.8261
MKT-027_D025,MKT-027,Bengaluru,Electronic City Phase 1,Commercial Office,Growth,1,D,25,20260919,2.0.0,2026-09-19,76.6065,10998.984,8.3578,6.2983,6.6913,77.0309,22.9691,65.4764,46.3947
MKT-027_D026,MKT-027,Bengaluru,Electronic City Phase 1,Commercial Office,Growth,1,D,26,20260919,2.0.0,2026-09-19,68.587,10044.1906,8.1942,8.8807,10.7866,77.5217,22.4783,65.821,49.1922
MKT-027_D027,MKT-027,Bengaluru,Electronic City Phase 1,Commercial Office,Growth,1,D,27,20260919,2.0.0,2026-09-19,69.1402,10059.2121,8.248,7.0775,8.6594,85.0692,14.9308,72.2652,42.5893
MKT-027_D028,MKT-027,Bengaluru,Electronic City Phase 1,Commercial Office,Growth,1,D,28,20260919,2.0.0,2026-09-19,63.5103,8897.959,8.5651,10.9193,9.2054,80.6753,19.3247,69.9494,49.2147
MKT-027_D029,MKT-027,Bengaluru,Electronic City Phase 1,Commercial Office,Growth,1,D,29,20260919,2.0.0,2026-09-19,64.9716,9207.0932,8.468,8.6535,7.2488,73.5131,26.4869,58.1265,57.0451
MKT-027_D030,MKT-027,Bengaluru,Electronic City Phase 1,Commercial Office,Growth,1,D,30,20260919,2.0.0,2026-09-19,75.4289,10071.8763,8.9869,6.4621,8.7752,79.3613,20.6387,57.4494,48.6137
MKT-027_D031,MKT-027,Bengaluru,Electronic City Phase 1,Commercial Office,Growth,1,D,31,20260919,2.0.0,2026-09-19,73.9996,11026.8142,8.0531,9.7766,13.0603,84.9604,15.0396,76.8531,43.3757
MKT-027_D032,MKT-027,Bengaluru,Electronic City Phase 1,Commercial Office,Growth,1,D,32,20260919,2.0.0,2026-09-19,67.0711,9300.9866,8.6534,10.2422,10.6417,79.9295,20.0705,67.2511,52.7309
MKT-027_D033,MKT-027,Bengaluru,Electronic City Phase 1,Commercial Office,Growth,1,D,33,20260919,2.0.0,2026-09-19,73.5059,10537.2602,8.371,6.7123,7.0353,75.8165,24.1835,70.5145,44.6532
MKT-027_D034,MKT-027,Bengaluru,Electronic City Phase 1,Commercial Office,Growth,1,D,34,20260919,2.0.0,2026-09-19,66.0276,9028.9408,8.7755,9.394,10.2241,78.2183,21.7817,65.8723,57.9049
MKT-027_D035,MKT-027,Bengaluru,Electronic City Phase 1,Commercial Office,Growth,1,D,35,20260919,2.0.0,2026-09-19,77.8351,11798.2125,7.9166,10.9766,7.4903,83.9082,16.0918,64.01,46.0038
MKT-027_D036,MKT-027,Bengaluru,Electronic City Phase 1,Commercial Office,Growth,1,D,36,20260919,2.0.0,2026-09-19,71.8903,10200.2622,8.4575,8.0488,9.7734,85.1313,14.8687,67.4578,44.8259
MKT-027_D037,MKT-027,Bengaluru,Electronic City Phase 1,Commercial Office,Growth,1,D,37,20260919,2.0.0,2026-09-19,65.441,9081.8414,8.6468,4.6474,5.743,68.0389,31.9611,53.86,56.4669
MKT-027_D038,MKT-027,Bengaluru,Electronic City Phase 1,Commercial Office,Growth,1,D,38,20260919,2.0.0,2026-09-19,72.0137,9840.1825,8.782,10.1537,9.4775,78.2183,21.7817,66.0163,46.2761
MKT-027_D039,MKT-027,Bengaluru,Electronic City Phase 1,Commercial Office,Growth,1,D,39,20260919,2.0.0,2026-09-19,60.8306,7739.2506,9.432,4.6888,8.2666,69.2802,30.7198,53.0223,50.9769
MKT-027_D040,MKT-027,Bengaluru,Electronic City Phase 1,Commercial Office,Growth,1,D,40,20260919,2.0.0,2026-09-19,66.6387,9596.0675,8.3333,6.2831,6.7268,77.559,22.441,54.8785,51.1628
MKT-027_D041,MKT-027,Bengaluru,Electronic City Phase 1,Commercial Office,Growth,1,D,41,20260919,2.0.0,2026-09-19,77.7838,10837.3379,8.6129,8.8115,8.4512,83.5007,16.4993,70.7932,43.8235
MKT-028_D001,MKT-028,Bengaluru,Hebbal,Commercial Office,Established,1,D,1,20260919,2.0.0,2026-09-19,90.2606,12919.4808,8.3837,5.9607,8.041,85.2974,14.7026,69.2616,36.4591
MKT-028_D002,MKT-028,Bengaluru,Hebbal,Commercial Office,Established,1,D,2,20260919,2.0.0,2026-09-19,101.3011,15203.6022,7.9956,7.3502,7.7224,90.746,9.254,72.9869,31.6901
MKT-028_D003,MKT-028,Bengaluru,Hebbal,Commercial Office,Established,1,D,3,20260919,2.0.0,2026-09-19,75.9728,11258.27,8.0978,5.1378,6.5345,82.7435,17.2565,63.8302,36.7698
MKT-028_D004,MKT-028,Bengaluru,Hebbal,Commercial Office,Established,1,D,4,20260919,2.0.0,2026-09-19,94.2563,14486.3705,7.8079,7.0355,8.9852,90.015,9.985,76.2452,30.1965
MKT-028_D005,MKT-028,Bengaluru,Hebbal,Commercial Office,Established,1,D,5,20260919,2.0.0,2026-09-19,91.8596,13291.3484,8.2935,7.0004,7.4544,92.6334,7.3666,72.554,35.4024
MKT-028_D006,MKT-028,Bengaluru,Hebbal,Commercial Office,Established,1,D,6,20260919,2.0.0,2026-09-19,99.5235,15075.5197,7.922,5.6146,7.3213,88.3843,11.6157,68.8238,30.6564
MKT-028_D007,MKT-028,Bengaluru,Hebbal,Commercial Office,Established,1,D,7,20260919,2.0.0,2026-09-19,91.706,13097.183,8.4024,4.6249,7.272,86.4265,13.5735,66.9029,30.2808
MKT-028_D008,MKT-028,Bengaluru,Hebbal,Commercial Office,Established,1,D,8,20260919,2.0.0,2026-09-19,81.3751,13139.801,7.4316,6.7426,9.0826,86.5865,13.4135,72.2835,33.0985
MKT-028_D009,MKT-028,Bengaluru,Hebbal,Commercial Office,Established,1,D,9,20260919,2.0.0,2026-09-19,77.5876,11599.824,8.0264,5.0986,6.5028,87.3662,12.6338,61.8124,37.0452
MKT-028_D010,MKT-028,Bengaluru,Hebbal,Commercial Office,Established,1,D,10,20260919,2.0.0,2026-09-19,87.3658,13710.4659,7.6466,5.4893,6.3157,89.3992,10.6008,68.8904,37.7685
MKT-028_D011,MKT-028,Bengaluru,Hebbal,Commercial Office,Established,1,D,11,20260919,2.0.0,2026-09-19,102.6421,16386.4345,7.5166,6.1117,6.0042,87.9681,12.0319,73.1819,30.8871
MKT-028_D012,MKT-028,Bengaluru,Hebbal,Commercial Office,Established,1,D,12,20260919,2.0.0,2026-09-19,83.9008,12107.6825,8.3155,5.5816,6.0953,83.0478,16.9522,61.7491,33.1755
MKT-028_D013,MKT-028,Bengaluru,Hebbal,Commercial Office,Established,1,D,13,20260919,2.0.0,2026-09-19,90.0479,13963.1442,7.7388,6.0615,7.3069,87.4425,12.5575,67.1213,36.5673
MKT-028_D014,MKT-028,Bengaluru,Hebbal,Commercial Office,Established,1,D,14,20260919,2.0.0,2026-09-19,93.7048,14026.1295,8.0169,5.8518,10.3103,91.7712,8.2288,69.2162,35.9359
MKT-028_D015,MKT-028,Bengaluru,Hebbal,Commercial Office,Established,1,D,15,20260919,2.0.0,2026-09-19,91.8429,13345.6354,8.2582,3.6748,4.0996,81.971,18.029,65.8168,36.259
MKT-028_D016,MKT-028,Bengaluru,Hebbal,Commercial Office,Established,1,D,16,20260919,2.0.0,2026-09-19,83.5696,12676.4393,7.911,5.9228,6.2178,85.5878,14.4122,61.6492,34.316
MKT-028_D017,MKT-028,Bengaluru,Hebbal,Commercial Office,Established,1,D,17,20260919,2.0.0,2026-09-19,91.0974,13497.1727,8.0992,5.4606,7.1362,87.142,12.858,73.0045,32.4755
MKT-028_D018,MKT-028,Bengaluru,Hebbal,Commercial Office,Established,1,D,18,20260919,2.0.0,2026-09-19,82.8764,11784.8924,8.4389,7.5225,9.7512,87.8558,12.1442,67.9993,34.3321
MKT-028_D019,MKT-028,Bengaluru,Hebbal,Commercial Office,Established,1,D,19,20260919,2.0.0,2026-09-19,87.899,13327.0688,7.9146,6.659,5.9845,85.9483,14.0517,67.1643,36.413
MKT-028_D020,MKT-028,Bengaluru,Hebbal,Commercial Office,Established,1,D,20,20260919,2.0.0,2026-09-19,86.1338,13010.5194,7.9444,7.0456,7.8014,88.5661,11.4339,69.6356,36.5498
MKT-028_D021,MKT-028,Bengaluru,Hebbal,Commercial Office,Established,1,D,21,20260919,2.0.0,2026-09-19,83.5593,13374.9209,7.4969,8.7586,10.1946,88.9785,11.0215,73.5974,33.0871
MKT-028_D022,MKT-028,Bengaluru,Hebbal,Commercial Office,Established,1,D,22,20260919,2.0.0,2026-09-19,87.0751,14453.607,7.2293,4.8374,8.0969,84.3039,15.6961,59.5493,32.6278
MKT-028_D023,MKT-028,Bengaluru,Hebbal,Commercial Office,Established,1,D,23,20260919,2.0.0,2026-09-19,83.9538,13129.0717,7.6734,7.3503,8.3121,83.2848,16.7152,64.9331,37.3829
MKT-028_D024,MKT-028,Bengaluru,Hebbal,Commercial Office,Established,1,D,24,20260919,2.0.0,2026-09-19,85.898,12026.6856,8.5707,4.2806,4.6482,83.6391,16.3609,61.1362,38.3494
MKT-028_D025,MKT-028,Bengaluru,Hebbal,Commercial Office,Established,1,D,25,20260919,2.0.0,2026-09-19,86.2718,12961.1594,7.9874,5.9305,6.2243,88.0676,11.9324,65.7604,32.6568
MKT-028_D026,MKT-028,Bengaluru,Hebbal,Commercial Office,Established,1,D,26,20260919,2.0.0,2026-09-19,79.7961,11908.8626,8.0407,6.035,7.2255,87.8064,12.1936,64.9287,35.7252
MKT-028_D027,MKT-028,Bengaluru,Hebbal,Commercial Office,Established,1,D,27,20260919,2.0.0,2026-09-19,94.3317,13514.0036,8.3764,5.2483,5.209,89.4497,10.5503,64.855,33.8283
MKT-028_D028,MKT-028,Bengaluru,Hebbal,Commercial Office,Established,1,D,28,20260919,2.0.0,2026-09-19,90.9633,13784.8702,7.9185,4.7669,6.5932,85.5539,14.4461,66.7007,35.9387
MKT-028_D029,MKT-028,Bengaluru,Hebbal,Commercial Office,Established,1,D,29,20260919,2.0.0,2026-09-19,94.7968,15208.3321,7.4799,6.194,6.7469,86.7391,13.2609,72.5781,33.5564
MKT-028_D030,MKT-028,Bengaluru,Hebbal,Commercial Office,Established,1,D,30,20260919,2.0.0,2026-09-19,81.8126,12701.9644,7.7291,6.0813,8.7276,84.6063,15.3937,67.4781,34.5666
MKT-028_D031,MKT-028,Bengaluru,Hebbal,Commercial Office,Established,1,D,31,20260919,2.0.0,2026-09-19,81.0564,11734.6995,8.2889,5.3443,4.9038,89.4048,10.5952,61.7805,35.63
MKT-028_D032,MKT-028,Bengaluru,Hebbal,Commercial Office,Established,1,D,32,20260919,2.0.0,2026-09-19,87.735,12976.2541,8.1134,4.4393,5.6904,86.5817,13.4183,67.6184,31.5347
MKT-028_D033,MKT-028,Bengaluru,Hebbal,Commercial Office,Established,1,D,33,20260919,2.0.0,2026-09-19,96.2764,15447.48,7.479,7.4544,8.7532,92.8977,7.1023,72.2304,33.1257
MKT-028_D034,MKT-028,Bengaluru,Hebbal,Commercial Office,Established,1,D,34,20260919,2.0.0,2026-09-19,80.6239,11063.8229,8.7446,5.2813,8.2983,88.6464,11.3536,66.1176,35.696
MKT-028_D035,MKT-028,Bengaluru,Hebbal,Commercial Office,Established,1,D,35,20260919,2.0.0,2026-09-19,94.4667,14821.3845,7.6484,8.6806,9.6636,89.9726,10.0274,71.511,32.3007
MKT-028_D036,MKT-028,Bengaluru,Hebbal,Commercial Office,Established,1,D,36,20260919,2.0.0,2026-09-19,76.5924,11380.6,8.0761,6.4323,7.369,83.4391,16.5609,60.4575,38.4991
MKT-028_D037,MKT-028,Bengaluru,Hebbal,Commercial Office,Established,1,D,37,20260919,2.0.0,2026-09-19,92.6339,13424.4298,8.2805,5.2969,8.8759,86.1586,13.8414,63.776,35.6618
MKT-028_D038,MKT-028,Bengaluru,Hebbal,Commercial Office,Established,1,D,38,20260919,2.0.0,2026-09-19,95.4393,14061.4335,8.1448,4.0889,6.2006,85.4784,14.5216,67.1921,30.0362
MKT-028_D039,MKT-028,Bengaluru,Hebbal,Commercial Office,Established,1,D,39,20260919,2.0.0,2026-09-19,92.6639,14056.4728,7.9107,7.319,9.05,90.3327,9.6673,74.3484,31.8397
MKT-028_D040,MKT-028,Bengaluru,Hebbal,Commercial Office,Established,1,D,40,20260919,2.0.0,2026-09-19,91.7324,13718.8285,8.0239,5.02,6.4009,83.2813,16.7187,64.6467,37.3575
MKT-028_D041,MKT-028,Bengaluru,Hebbal,Commercial Office,Established,1,D,41,20260919,2.0.0,2026-09-19,90.3459,14376.031,7.5414,5.7572,9.4958,89.5418,10.4582,68.1518,32.7792
MKT-029_D001,MKT-029,Bengaluru,Manyata Tech Park,Commercial Office,Established,1,C,1,20260919,2.0.0,2026-09-19,92.0583,14531.2525,7.6022,7.91,8.1203,82.6828,17.3172,70.4067,34.0612
MKT-029_D002,MKT-029,Bengaluru,Manyata Tech Park,Commercial Office,Established,1,C,2,20260919,2.0.0,2026-09-19,86.6656,12927.1307,8.045,5.9782,10.1071,92.2395,7.7605,72.6782,32.7195
MKT-029_D003,MKT-029,Bengaluru,Manyata Tech Park,Commercial Office,Established,1,C,3,20260919,2.0.0,2026-09-19,91.2225,14332.5238,7.6377,5.9765,8.5143,90.6745,9.3255,66.3247,36.6646
MKT-029_D004,MKT-029,Bengaluru,Manyata Tech Park,Commercial Office,Established,1,C,4,20260919,2.0.0,2026-09-19,96.7041,14722.4891,7.8822,7.326,8.9976,86.0326,13.9674,71.4134,34.2826
MKT-029_D005,MKT-029,Bengaluru,Manyata Tech Park,Commercial Office,Established,1,C,5,20260919,2.0.0,2026-09-19,82.5626,12686.9952,7.8092,8.094,8.3145,89.4841,10.5159,70.6338,33.6053
MKT-029_D006,MKT-029,Bengaluru,Manyata Tech Park,Commercial Office,Established,1,C,6,20260919,2.0.0,2026-09-19,88.4338,13294.9044,7.9821,5.8843,7.9141,87.9967,12.0033,70.302,31.0309
MKT-029_D007,MKT-029,Bengaluru,Manyata Tech Park,Commercial Office,Established,1,C,7,20260919,2.0.0,2026-09-19,94.4232,15492.0958,7.3139,7.8601,9.5285,87.446,12.554,70.6361,32.1847
MKT-029_D008,MKT-029,Bengaluru,Manyata Tech Park,Commercial Office,Established,1,C,8,20260919,2.0.0,2026-09-19,83.2574,12225.4229,8.1722,4.0467,7.1877,87.1089,12.8911,63.5971,35.6992
MKT-029_D009,MKT-029,Bengaluru,Manyata Tech Park,Commercial Office,Established,1,C,9,20260919,2.0.0,2026-09-19,84.3018,12394.1346,8.1621,5.3526,9.3712,87.9132,12.0868,70.143,35.6754
MKT-029_D010,MKT-029,Bengaluru,Manyata Tech Park,Commercial Office,Established,1,C,10,20260919,2.0.0,2026-09-19,84.407,11740.1919,8.6275,5.2103,8.9005,90.7634,9.2366,66.6748,33.2155
MKT-029_D011,MKT-029,Bengaluru,Manyata Tech Park,Commercial Office,Established,1,C,11,20260919,2.0.0,2026-09-19,86.0574,12103.7547,8.532,5.0699,6.9037,87.8669,12.1331,64.2065,36.6737
MKT-029_D012,MKT-029,Bengaluru,Manyata Tech Park,Commercial Office,Established,1,C,12,20260919,2.0.0,2026-09-19,97.9951,14401.1653,8.1656,7.6796,9.6875,89.6667,10.3333,71.3927,30.4854
MKT-029_D013,MKT-029,Bengaluru,Manyata Tech Park,Commercial Office,Established,1,C,13,20260919,2.0.0,2026-09-19,82.2398,12458.251,7.9215,6.0533,7.4848,89.624,10.376,66.9222,37.5246
MKT-029_D014,MKT-029,Bengaluru,Manyata Tech Park,Commercial Office,Established,1,C,14,20260919,2.0.0,2026-09-19,91.7822,14448.1622,7.623,6.1636,9.0057,89.2114,10.7886,67.0563,33.5741
MKT-029_D015,MKT-029,Bengaluru,Manyata Tech Park,Commercial Office,Established,1,C,15,20260919,2.0.0,2026-09-19,79.9839,11932.8921,8.0434,4.7547,6.9464,84.2453,15.7547,62.9062,39.5771
MKT-029_D016,MKT-029,Bengaluru,Manyata Tech Park,Commercial Office,Established,1,C,16,20260919,2.0.0,2026-09-19,96.4008,12931.4549,8.9457,3.8634,6.7176,88.6657,11.3343,64.4566,32.6895
MKT-029_D017,MKT-029,Bengaluru,Manyata Tech Park,Commercial Office,Established,1,C,17,20260919,2.0.0,2026-09-19,89.168,12878.8697,8.3083,5.8009,7.7996,84.5507,15.4493,64.3333,38.4118
MKT-029_D018,MKT-029,Bengaluru,Manyata Tech Park,Commercial Office,Established,1,C,18,20260919,2.0.0,2026-09-19,87.5881,13037.8712,8.0616,6.7483,8.9431,86.9142,13.0858,68.5131,34.8774
MKT-029_D019,MKT-029,Bengaluru,Manyata Tech Park,Commercial Office,Established,1,C,19,20260919,2.0.0,2026-09-19,88.214,13001.009,8.1422,5.9842,6.3103,87.002,12.998,64.6157,35.6451
MKT-029_D020,MKT-029,Bengaluru,Manyata Tech Park,Commercial Office,Established,1,C,20,20260919,2.0.0,2026-09-19,87.8952,13888.2456,7.5945,7.1169,9.4016,88.2899,11.7101,69.3533,30.6677
MKT-029_D021,MKT-029,Bengaluru,Manyata Tech Park,Commercial Office,Established,1,C,21,20260919,2.0.0,2026-09-19,86.9953,13138.11,7.9459,5.5514,6.4304,87.8322,12.1678,67.0374,31.8493
MKT-029_D022,MKT-029,Bengaluru,Manyata Tech Park,Commercial Office,Established,1,C,22,20260919,2.0.0,2026-09-19,92.5721,13770.5884,8.0669,7.1183,10.179,82.4026,17.5974,64.6262,33.4878
MKT-029_D023,MKT-029,Bengaluru,Manyata Tech Park,Commercial Office,Established,1,C,23,20260919,2.0.0,2026-09-19,84.2944,13451.0156,7.5201,4.3994,6.8088,91.1416,8.8584,63.7074,31.4771
MKT-029_D024,MKT-029,Bengaluru,Manyata Tech Park,Commercial Office,Established,1,C,24,20260919,2.0.0,2026-09-19,85.1758,12702.6255,8.0464,8.4107,9.6036,91.5723,8.4277,70.9286,31.8956
MKT-029_D025,MKT-029,Bengaluru,Manyata Tech Park,Commercial Office,Established,1,C,25,20260919,2.0.0,2026-09-19,85.8786,14426.2573,7.1435,5.6243,7.7528,88.8054,11.1946,63.8833,30.6322
MKT-029_D026,MKT-029,Bengaluru,Manyata Tech Park,Commercial Office,Established,1,C,26,20260919,2.0.0,2026-09-19,84.4341,12560.9783,8.0663,4.854,6.5993,85.9184,14.0816,67.9217,30.9516
MKT-029_D027,MKT-029,Bengaluru,Manyata Tech Park,Commercial Office,Established,1,C,27,20260919,2.0.0,2026-09-19,91.607,14948.4903,7.3538,5.2276,7.0983,89.9641,10.0359,63.9986,32.2333
MKT-029_D028,MKT-029,Bengaluru,Manyata Tech Park,Commercial Office,Established,1,C,28,20260919,2.0.0,2026-09-19,87.5797,11372.2897,9.2414,3.7257,6.282,85.3035,14.6965,62.9719,33.5243
MKT-029_D029,MKT-029,Bengaluru,Manyata Tech Park,Commercial Office,Established,1,C,29,20260919,2.0.0,2026-09-19,96.9326,15381.4585,7.5623,5.2974,7.8196,88.7083,11.2917,68.6658,30.9313
MKT-029_D030,MKT-029,Bengaluru,Manyata Tech Park,Commercial Office,Established,1,C,30,20260919,2.0.0,2026-09-19,85.5267,14075.5647,7.2915,6.7554,7.3616,89.5718,10.4282,66.3755,37.4924
MKT-029_D031,MKT-029,Bengaluru,Manyata Tech Park,Commercial Office,Established,1,C,31,20260919,2.0.0,2026-09-19,84.2089,12459.4968,8.1103,5.6533,7.6544,88.5559,11.4441,72.05,32.9691
MKT-029_D032,MKT-029,Bengaluru,Manyata Tech Park,Commercial Office,Established,1,C,32,20260919,2.0.0,2026-09-19,81.3817,11784.5901,8.2869,5.93,5.824,86.9897,13.0103,62.1108,39.2701
MKT-029_D033,MKT-029,Bengaluru,Manyata Tech Park,Commercial Office,Established,1,C,33,20260919,2.0.0,2026-09-19,90.8794,13275.7395,8.2146,5.0016,8.1315,87.1216,12.8784,66.9379,39.4622
MKT-029_D034,MKT-029,Bengaluru,Manyata Tech Park,Commercial Office,Established,1,C,34,20260919,2.0.0,2026-09-19,76.403,10557.065,8.6846,6.4183,8.2617,86.5673,13.4327,61.382,39.3048
MKT-029_D035,MKT-029,Bengaluru,Manyata Tech Park,Commercial Office,Established,1,C,35,20260919,2.0.0,2026-09-19,81.3634,10929.4503,8.9333,7.2998,7.0223,89.4359,10.5641,73.5124,34.8716
MKT-029_D036,MKT-029,Bengaluru,Manyata Tech Park,Commercial Office,Established,1,C,36,20260919,2.0.0,2026-09-19,81.2584,14036.9163,6.9467,4.1608,5.7412,86.1092,13.8908,58.5001,33.3334
MKT-029_D037,MKT-029,Bengaluru,Manyata Tech Park,Commercial Office,Established,1,C,37,20260919,2.0.0,2026-09-19,86.8702,13418.3406,7.7688,8.0581,8.6927,87.7783,12.2217,69.3402,33.8841
MKT-029_D038,MKT-029,Bengaluru,Manyata Tech Park,Commercial Office,Established,1,C,38,20260919,2.0.0,2026-09-19,92.975,14945.3383,7.4652,6.7759,9.0463,89.8149,10.1851,72.4572,29.8826
MKT-029_D039,MKT-029,Bengaluru,Manyata Tech Park,Commercial Office,Established,1,C,39,20260919,2.0.0,2026-09-19,85.8693,11910.6034,8.6514,4.4384,5.4622,87.1059,12.8941,60.3902,37.1594
MKT-029_D040,MKT-029,Bengaluru,Manyata Tech Park,Commercial Office,Established,1,C,40,20260919,2.0.0,2026-09-19,97.7215,15932.0237,7.3604,8.4675,9.9027,92.3071,7.6929,71.2075,33.7066
MKT-029_D041,MKT-029,Bengaluru,Manyata Tech Park,Commercial Office,Established,1,C,41,20260919,2.0.0,2026-09-19,81.0892,12392.2612,7.8522,6.3414,9.158,87.8047,12.1953,65.5611,31.9641
MKT-029_D042,MKT-029,Bengaluru,Manyata Tech Park,Commercial Office,Established,1,C,42,20260919,2.0.0,2026-09-19,80.0406,10784.1239,8.9065,3.8236,4.3257,80.9691,19.0309,59.5898,37.7827
MKT-029_D043,MKT-029,Bengaluru,Manyata Tech Park,Commercial Office,Established,1,C,43,20260919,2.0.0,2026-09-19,90.071,13940.4504,7.7534,5.1583,6.4909,86.9556,13.0444,60.5779,38.7596
MKT-029_D044,MKT-029,Bengaluru,Manyata Tech Park,Commercial Office,Established,1,C,44,20260919,2.0.0,2026-09-19,91.1623,13460.8179,8.1269,7.3881,9.7036,91.1939,8.8061,73.5523,31.6763
MKT-029_D045,MKT-029,Bengaluru,Manyata Tech Park,Commercial Office,Established,1,C,45,20260919,2.0.0,2026-09-19,84.7842,12437.3875,8.1803,7.0214,8.6019,86.7023,13.2977,68.8948,34.9456
MKT-029_D046,MKT-029,Bengaluru,Manyata Tech Park,Commercial Office,Established,1,C,46,20260919,2.0.0,2026-09-19,93.2179,15579.5826,7.18,7.455,10.7907,89.6242,10.3758,76.1319,28.4081
MKT-029_D047,MKT-029,Bengaluru,Manyata Tech Park,Commercial Office,Established,1,C,47,20260919,2.0.0,2026-09-19,97.3824,15126.8951,7.7252,7.3026,8.6629,91.7859,8.2141,65.0919,36.4211
MKT-029_D048,MKT-029,Bengaluru,Manyata Tech Park,Commercial Office,Established,1,C,48,20260919,2.0.0,2026-09-19,93.2783,14262.4017,7.8482,6.0156,6.5909,87.1851,12.8149,69.9486,35.114
MKT-029_D049,MKT-029,Bengaluru,Manyata Tech Park,Commercial Office,Established,1,C,49,20260919,2.0.0,2026-09-19,95.3062,14787.24,7.7342,4.9567,7.6932,85.9382,14.0618,69.6836,31.6235
MKT-029_D050,MKT-029,Bengaluru,Manyata Tech Park,Commercial Office,Established,1,C,50,20260919,2.0.0,2026-09-19,84.6295,12616.9393,8.0491,5.1745,5.8199,86.9284,13.0716,60.5877,33.1074
MKT-030_D001,MKT-030,Hyderabad,Financial District,Commercial Office,Established,2,D,1,20260919,2.0.0,2026-09-19,72.9392,10210.7255,8.5721,6.4645,7.3372,87.4452,12.5548,65.1504,33.1521
MKT-030_D002,MKT-030,Hyderabad,Financial District,Commercial Office,Established,2,D,2,20260919,2.0.0,2026-09-19,70.7612,9789.6008,8.6738,7.3829,7.4588,88.2395,11.7605,62.2076,35.5837
MKT-030_D003,MKT-030,Hyderabad,Financial District,Commercial Office,Established,2,D,3,20260919,2.0.0,2026-09-19,80.0776,10981.5394,8.7504,6.0849,8.4822,82.8363,17.1637,66.4561,29.9541
MKT-030_D004,MKT-030,Hyderabad,Financial District,Commercial Office,Established,2,D,4,20260919,2.0.0,2026-09-19,74.1462,10564.029,8.4225,5.8059,7.1048,86.956,13.044,63.5438,34.3114
MKT-030_D005,MKT-030,Hyderabad,Financial District,Commercial Office,Established,2,D,5,20260919,2.0.0,2026-09-19,70.0146,10284.1902,8.1696,8.4166,9.4963,82.604,17.396,70.41,38.5748
MKT-030_D006,MKT-030,Hyderabad,Financial District,Commercial Office,Established,2,D,6,20260919,2.0.0,2026-09-19,78.5649,10702.4179,8.809,7.9495,8.2239,90.1828,9.8172,71.5995,30.2755
MKT-030_D007,MKT-030,Hyderabad,Financial District,Commercial Office,Established,2,D,7,20260919,2.0.0,2026-09-19,64.5309,8781.0189,8.8187,8.3094,8.9833,89.0856,10.9144,66.7093,34.0786
MKT-030_D008,MKT-030,Hyderabad,Financial District,Commercial Office,Established,2,D,8,20260919,2.0.0,2026-09-19,79.0078,13656.4376,6.9425,8.7385,10.3487,90.437,9.563,75.4569,29.9924
MKT-030_D009,MKT-030,Hyderabad,Financial District,Commercial Office,Established,2,D,9,20260919,2.0.0,2026-09-19,68.1132,9622.3952,8.4943,5.7876,6.519,87.4014,12.5986,67.3028,32.9856
MKT-030_D010,MKT-030,Hyderabad,Financial District,Commercial Office,Established,2,D,10,20260919,2.0.0,2026-09-19,79.4837,13132.2236,7.2631,6.5003,7.7241,89.6898,10.3102,68.6212,33.0009
MKT-030_D011,MKT-030,Hyderabad,Financial District,Commercial Office,Established,2,D,11,20260919,2.0.0,2026-09-19,66.6769,9064.7031,8.8268,5.0812,7.4377,85.6449,14.3551,64.2538,35.2647
MKT-030_D012,MKT-030,Hyderabad,Financial District,Commercial Office,Established,2,D,12,20260919,2.0.0,2026-09-19,73.1568,9402.5695,9.3366,7.5507,5.9975,84.4261,15.5739,67.4,33.5223
MKT-030_D013,MKT-030,Hyderabad,Financial District,Commercial Office,Established,2,D,13,20260919,2.0.0,2026-09-19,64.8699,9014.4676,8.6354,6.4391,6.7694,86.8573,13.1427,67.7091,36.1681
MKT-030_D014,MKT-030,Hyderabad,Financial District,Commercial Office,Established,2,D,14,20260919,2.0.0,2026-09-19,80.0353,10329.5164,9.2979,5.5823,8.6837,87.9729,12.0271,66.0446,34.0573
MKT-030_D015,MKT-030,Hyderabad,Financial District,Commercial Office,Established,2,D,15,20260919,2.0.0,2026-09-19,71.1714,9257.4215,9.2256,5.0382,5.8128,88.0145,11.9855,61.3625,33.6964
MKT-030_D016,MKT-030,Hyderabad,Financial District,Commercial Office,Established,2,D,16,20260919,2.0.0,2026-09-19,73.5791,10799.1401,8.1761,7.5369,8.7338,89.418,10.582,70.3432,34.981
MKT-030_D017,MKT-030,Hyderabad,Financial District,Commercial Office,Established,2,D,17,20260919,2.0.0,2026-09-19,77.8374,11180.6879,8.3541,6.7533,8.3966,89.3894,10.6106,71.9347,30.202
MKT-030_D018,MKT-030,Hyderabad,Financial District,Commercial Office,Established,2,D,18,20260919,2.0.0,2026-09-19,65.9339,8379.4287,9.4423,3.4555,4.3074,81.2787,18.7213,60.9876,35.8936
MKT-030_D019,MKT-030,Hyderabad,Financial District,Commercial Office,Established,2,D,19,20260919,2.0.0,2026-09-19,68.2825,9683.5277,8.4617,7.0606,6.6767,87.2546,12.7454,66.3786,35.5529
MKT-030_D020,MKT-030,Hyderabad,Financial District,Commercial Office,Established,2,D,20,20260919,2.0.0,2026-09-19,76.0306,11007.6175,8.2885,5.8581,7.8798,85.8206,14.1794,67.5889,33.6428
MKT-030_D021,MKT-030,Hyderabad,Financial District,Commercial Office,Established,2,D,21,20260919,2.0.0,2026-09-19,73.4469,9830.038,8.966,7.1222,8.6793,84.8997,15.1003,69.4078,37.3885
MKT-030_D022,MKT-030,Hyderabad,Financial District,Commercial Office,Established,2,D,22,20260919,2.0.0,2026-09-19,65.5289,8635.48,9.106,6.2633,7.1701,86.1443,13.8557,67.9742,33.0272
MKT-030_D023,MKT-030,Hyderabad,Financial District,Commercial Office,Established,2,D,23,20260919,2.0.0,2026-09-19,71.6893,10593.765,8.1205,7.3112,10.1841,84.8236,15.1764,71.5997,34.3832
MKT-030_D024,MKT-030,Hyderabad,Financial District,Commercial Office,Established,2,D,24,20260919,2.0.0,2026-09-19,66.5326,10473.7558,7.6228,5.396,7.414,86.7339,13.2661,65.2815,31.6911
MKT-030_D025,MKT-030,Hyderabad,Financial District,Commercial Office,Established,2,D,25,20260919,2.0.0,2026-09-19,76.7713,12314.1123,7.4813,6.9178,6.5489,90.2959,9.7041,67.8612,30.1128
MKT-030_D026,MKT-030,Hyderabad,Financial District,Commercial Office,Established,2,D,26,20260919,2.0.0,2026-09-19,66.056,8128.2078,9.7521,4.9299,6.9794,87.3942,12.6058,61.8589,37.5826
MKT-030_D027,MKT-030,Hyderabad,Financial District,Commercial Office,Established,2,D,27,20260919,2.0.0,2026-09-19,70.1684,10167.3772,8.2816,6.296,7.7373,86.6796,13.3204,65.7722,36.3792
MKT-030_D028,MKT-030,Hyderabad,Financial District,Commercial Office,Established,2,D,28,20260919,2.0.0,2026-09-19,69.7745,9284.4268,9.0183,4.2232,7.6615,86.4657,13.5343,59.879,39.0374
MKT-030_D029,MKT-030,Hyderabad,Financial District,Commercial Office,Established,2,D,29,20260919,2.0.0,2026-09-19,74.9523,11554.1919,7.7844,5.4462,7.4848,88.3708,11.6292,67.5848,33.8362
MKT-030_D030,MKT-030,Hyderabad,Financial District,Commercial Office,Established,2,D,30,20260919,2.0.0,2026-09-19,65.8746,8730.2881,9.0546,4.7588,5.9749,83.8278,16.1722,61.5893,39.8978
MKT-030_D031,MKT-030,Hyderabad,Financial District,Commercial Office,Established,2,D,31,20260919,2.0.0,2026-09-19,68.4782,8586.647,9.57,4.5869,6.8757,85.4722,14.5278,66.3146,36.8539
MKT-030_D032,MKT-030,Hyderabad,Financial District,Commercial Office,Established,2,D,32,20260919,2.0.0,2026-09-19,65.3297,8650.5128,9.0625,4.6601,6.6954,90.1001,9.8999,61.8561,36.7419
MKT-030_D033,MKT-030,Hyderabad,Financial District,Commercial Office,Established,2,D,33,20260919,2.0.0,2026-09-19,70.2372,10386.557,8.1148,5.8574,7.5896,91.01,8.99,68.955,34.0471
MKT-030_D034,MKT-030,Hyderabad,Financial District,Commercial Office,Established,2,D,34,20260919,2.0.0,2026-09-19,65.737,10051.1925,7.8483,5.1724,5.1832,88.4548,11.5452,64.5726,34.3808
MKT-030_D035,MKT-030,Hyderabad,Financial District,Commercial Office,Established,2,D,35,20260919,2.0.0,2026-09-19,74.4991,11543.7987,7.7443,6.6205,6.1677,88.2634,11.7366,64.8685,32.3189
MKT-030_D036,MKT-030,Hyderabad,Financial District,Commercial Office,Established,2,D,36,20260919,2.0.0,2026-09-19,71.8456,10981.2097,7.8511,4.2588,5.0731,90.7519,9.2481,64.0837,31.7244
MKT-030_D037,MKT-030,Hyderabad,Financial District,Commercial Office,Established,2,D,37,20260919,2.0.0,2026-09-19,66.0276,9868.1674,8.0292,4.6969,7.0333,86.3473,13.6527,58.8209,36.4387
MKT-030_D038,MKT-030,Hyderabad,Financial District,Commercial Office,Established,2,D,38,20260919,2.0.0,2026-09-19,80.1419,11900.827,8.081,7.6027,8.7759,89.5974,10.4026,71.3734,32.6315
MKT-030_D039,MKT-030,Hyderabad,Financial District,Commercial Office,Established,2,D,39,20260919,2.0.0,2026-09-19,67.8464,9056.5123,8.9897,5.4026,6.1133,83.0154,16.9846,67.5582,36.8387
MKT-031_D001,MKT-031,Hyderabad,Pocharam,Commercial Office,Peripheral,2,E,1,20260919,2.0.0,2026-09-19,45.6133,5336.076,10.2577,4.6112,4.8422,65.3868,34.6132,48.3252,67.7502
MKT-031_D002,MKT-031,Hyderabad,Pocharam,Commercial Office,Peripheral,2,E,2,20260919,2.0.0,2026-09-19,44.8262,5239.8863,10.2658,9.4445,8.1322,65.2929,34.7071,54.4969,61.4887
MKT-031_D003,MKT-031,Hyderabad,Pocharam,Commercial Office,Peripheral,2,E,3,20260919,2.0.0,2026-09-19,39.313,4606.3293,10.2415,8.6803,8.3864,68.1831,31.8169,51.5243,62.4486
MKT-031_D004,MKT-031,Hyderabad,Pocharam,Commercial Office,Peripheral,2,E,4,20260919,2.0.0,2026-09-19,46.5091,5534.126,10.0849,5.9521,3.225,60.7948,39.2052,45.803,66.0482
MKT-031_D005,MKT-031,Hyderabad,Pocharam,Commercial Office,Peripheral,2,E,5,20260919,2.0.0,2026-09-19,44.2921,5403.4488,9.8364,7.3178,6.9083,63.0048,36.9952,52.7761,63.5148
MKT-031_D006,MKT-031,Hyderabad,Pocharam,Commercial Office,Peripheral,2,E,6,20260919,2.0.0,2026-09-19,45.2684,6025.132,9.0159,3.7717,7.1469,62.6464,37.3536,45.8238,64.7186
MKT-031_D007,MKT-031,Hyderabad,Pocharam,Commercial Office,Peripheral,2,E,7,20260919,2.0.0,2026-09-19,48.1009,6580.231,8.7719,9.145,10.8937,73.8743,26.1257,63.2049,56.9236
MKT-031_D008,MKT-031,Hyderabad,Pocharam,Commercial Office,Peripheral,2,E,8,20260919,2.0.0,2026-09-19,51.1725,5398.0363,11.3758,3.2138,5.4591,68.0261,31.9739,51.6817,61.5774
MKT-031_D009,MKT-031,Hyderabad,Pocharam,Commercial Office,Peripheral,2,E,9,20260919,2.0.0,2026-09-19,46.4238,5534.1614,10.0663,8.14,7.7583,76.7313,23.2687,57.6749,56.0302
MKT-031_D010,MKT-031,Hyderabad,Pocharam,Commercial Office,Peripheral,2,E,10,20260919,2.0.0,2026-09-19,43.1337,5191.3407,9.9705,7.7428,8.0556,67.2429,32.7571,48.0088,62.6083
MKT-031_D011,MKT-031,Hyderabad,Pocharam,Commercial Office,Peripheral,2,E,11,20260919,2.0.0,2026-09-19,50.4452,6693.6567,9.0435,6.8205,7.8168,61.9753,38.0247,51.1876,64.4965
MKT-031_D012,MKT-031,Hyderabad,Pocharam,Commercial Office,Peripheral,2,E,12,20260919,2.0.0,2026-09-19,35.9148,4834.8783,8.9139,5.9766,9.0403,70.1382,29.8618,49.4167,62.6991
MKT-031_D013,MKT-031,Hyderabad,Pocharam,Commercial Office,Peripheral,2,E,13,20260919,2.0.0,2026-09-19,50.4801,6921.7406,8.7516,6.8385,9.9645,74.7899,25.2101,61.3825,55.5564
MKT-031_D014,MKT-031,Hyderabad,Pocharam,Commercial Office,Peripheral,2,E,14,20260919,2.0.0,2026-09-19,43.6073,4578.6777,11.4288,6.8235,8.2379,69.1427,30.8573,48.8226,67.1579
MKT-031_D015,MKT-031,Hyderabad,Pocharam,Commercial Office,Peripheral,2,E,15,20260919,2.0.0,2026-09-19,45.4233,5211.7442,10.4587,6.749,5.0884,69.5075,30.4925,54.4814,60.497
MKT-031_D016,MKT-031,Hyderabad,Pocharam,Commercial Office,Peripheral,2,E,16,20260919,2.0.0,2026-09-19,43.72,5370.055,9.7697,4.9957,5.7545,67.1923,32.8077,52.5119,60.3425
MKT-031_D017,MKT-031,Hyderabad,Pocharam,Commercial Office,Peripheral,2,E,17,20260919,2.0.0,2026-09-19,43.0412,5683.097,9.0882,6.7823,7.3004,58.0942,41.9058,43.2934,61.8958
MKT-031_D018,MKT-031,Hyderabad,Pocharam,Commercial Office,Peripheral,2,E,18,20260919,2.0.0,2026-09-19,52.3611,7447.6454,8.4367,4.2417,4.1159,68.6907,31.3093,49.1295,58.0849
MKT-031_D019,MKT-031,Hyderabad,Pocharam,Commercial Office,Peripheral,2,E,19,20260919,2.0.0,2026-09-19,51.7784,6873.8666,9.0392,6.6029,7.4991,74.94,25.06,55.5529,59.0668
MKT-031_D020,MKT-031,Hyderabad,Pocharam,Commercial Office,Peripheral,2,E,20,20260919,2.0.0,2026-09-19,38.1116,4745.6465,9.637,3.4761,4.5582,70.4903,29.5097,38.8245,65.7817
MKT-031_D021,MKT-031,Hyderabad,Pocharam,Commercial Office,Peripheral,2,E,21,20260919,2.0.0,2026-09-19,47.1872,5737.8842,9.8686,6.1206,6.0147,63.6165,36.3835,50.9363,64.4331
MKT-031_D022,MKT-031,Hyderabad,Pocharam,Commercial Office,Peripheral,2,E,22,20260919,2.0.0,2026-09-19,48.3613,5962.7071,9.7328,5.6451,6.5629,67.5857,32.4143,50.2476,57.2199
MKT-031_D023,MKT-031,Hyderabad,Pocharam,Commercial Office,Peripheral,2,E,23,20260919,2.0.0,2026-09-19,39.4497,4907.641,9.6461,3.2215,3.778,65.3212,34.6788,48.431,65.3285
MKT-031_D024,MKT-031,Hyderabad,Pocharam,Commercial Office,Peripheral,2,E,24,20260919,2.0.0,2026-09-19,49.7915,6204.938,9.6294,8.7124,7.5967,77.9346,22.0654,61.4522,54.5518
MKT-031_D025,MKT-031,Hyderabad,Pocharam,Commercial Office,Peripheral,2,E,25,20260919,2.0.0,2026-09-19,44.5928,5951.2126,8.9917,8.3008,5.5168,72.1895,27.8105,59.4224,59.0684
MKT-031_D026,MKT-031,Hyderabad,Pocharam,Commercial Office,Peripheral,2,E,26,20260919,2.0.0,2026-09-19,50.0554,6386.3903,9.4054,7.4815,6.7286,74.4985,25.5015,56.1941,62.7522
MKT-032_D001,MKT-032,Pune,Magarpatta City,Commercial Office,Established,2,D,1,20260919,2.0.0,2026-09-19,71.958,10397.4942,8.3049,6.4997,7.5554,84.8899,15.1101,67.7698,34.859
MKT-032_D002,MKT-032,Pune,Magarpatta City,Commercial Office,Established,2,D,2,20260919,2.0.0,2026-09-19,57.8716,7840.9787,8.8568,6.2404,6.3009,87.9103,12.0897,66.31,33.2473
MKT-032_D003,MKT-032,Pune,Magarpatta City,Commercial Office,Established,2,D,3,20260919,2.0.0,2026-09-19,68.0748,8900.2787,9.1783,3.7504,7.2807,84.2986,15.7014,65.625,34.3274
MKT-032_D004,MKT-032,Pune,Magarpatta City,Commercial Office,Established,2,D,4,20260919,2.0.0,2026-09-19,58.2501,7765.3571,9.0015,4.1111,7.1093,86.1084,13.8916,60.3371,36.5656
MKT-032_D005,MKT-032,Pune,Magarpatta City,Commercial Office,Established,2,D,5,20260919,2.0.0,2026-09-19,70.4682,10254.5709,8.2463,4.8539,6.9826,88.6166,11.3834,65.2545,35.4428
MKT-032_D006,MKT-032,Pune,Magarpatta City,Commercial Office,Established,2,D,6,20260919,2.0.0,2026-09-19,69.582,10641.2972,7.8466,5.7467,6.7013,88.3944,11.6056,65.4101,33.4207
MKT-032_D007,MKT-032,Pune,Magarpatta City,Commercial Office,Established,2,D,7,20260919,2.0.0,2026-09-19,64.0149,9916.8919,7.7462,4.8162,7.3746,88.2635,11.7365,66.4254,32.7666
MKT-032_D008,MKT-032,Pune,Magarpatta City,Commercial Office,Established,2,D,8,20260919,2.0.0,2026-09-19,59.1492,7361.8959,9.6414,4.8411,7.4595,84.9184,15.0816,59.1609,38.385
MKT-032_D009,MKT-032,Pune,Magarpatta City,Commercial Office,Established,2,D,9,20260919,2.0.0,2026-09-19,68.9817,9735.3465,8.5028,8.2267,10.2845,87.0149,12.9851,74.4669,31.9937
MKT-032_D010,MKT-032,Pune,Magarpatta City,Commercial Office,Established,2,D,10,20260919,2.0.0,2026-09-19,66.7748,9311.9424,8.605,4.4656,5.7979,81.8257,18.1743,58.2596,38.3142
MKT-032_D011,MKT-032,Pune,Magarpatta City,Commercial Office,Established,2,D,11,20260919,2.0.0,2026-09-19,62.1973,9388.7301,7.9496,6.3133,7.9188,84.2421,15.7579,67.7792,34.6105
MKT-032_D012,MKT-032,Pune,Magarpatta City,Commercial Office,Established,2,D,12,20260919,2.0.0,2026-09-19,61.9562,8713.0449,8.5329,6.2311,5.2758,84.1191,15.8809,66.8455,36.9697
MKT-032_D013,MKT-032,Pune,Magarpatta City,Commercial Office,Established,2,D,13,20260919,2.0.0,2026-09-19,64.2428,9705.4234,7.9431,8.0194,9.7778,91.0252,8.9748,68.1195,34.5099
MKT-032_D014,MKT-032,Pune,Magarpatta City,Commercial Office,Established,2,D,14,20260919,2.0.0,2026-09-19,65.3367,8060.4616,9.727,5.9498,6.9426,84.6803,15.3197,63.2331,36.4722
MKT-032_D015,MKT-032,Pune,Magarpatta City,Commercial Office,Established,2,D,15,20260919,2.0.0,2026-09-19,60.6574,7960.5994,9.1436,7.2435,9.9502,82.9013,17.0987,69.6627,33.069
MKT-032_D016,MKT-032,Pune,Magarpatta City,Commercial Office,Established,2,D,16,20260919,2.0.0,2026-09-19,69.1689,10056.711,8.2535,5.4866,7.8499,89.2976,10.7024,66.0169,39.3153
MKT-032_D017,MKT-032,Pune,Magarpatta City,Commercial Office,Established,2,D,17,20260919,2.0.0,2026-09-19,57.8956,9208.649,7.5445,4.6161,8.4133,88.311,11.689,63.5012,35.2115
MKT-032_D018,MKT-032,Pune,Magarpatta City,Commercial Office,Established,2,D,18,20260919,2.0.0,2026-09-19,75.3903,10869.5769,8.3231,6.3124,9.5875,88.6888,11.3112,74.7761,30.4428
MKT-032_D019,MKT-032,Pune,Magarpatta City,Commercial Office,Established,2,D,19,20260919,2.0.0,2026-09-19,68.2674,9905.7796,8.27,7.1461,8.277,88.5443,11.4557,70.4104,35.2021
MKT-032_D020,MKT-032,Pune,Magarpatta City,Commercial Office,Established,2,D,20,20260919,2.0.0,2026-09-19,61.5344,8663.6253,8.5231,6.9218,7.1433,88.1606,11.8394,70.0337,31.4143
MKT-032_D021,MKT-032,Pune,Magarpatta City,Commercial Office,Established,2,D,21,20260919,2.0.0,2026-09-19,66.4546,9667.4475,8.2489,4.7442,7.1642,83.8446,16.1554,58.273,35.8127
MKT-032_D022,MKT-032,Pune,Magarpatta City,Commercial Office,Established,2,D,22,20260919,2.0.0,2026-09-19,65.7576,8726.0211,9.043,7.1978,9.5952,85.4452,14.5548,70.2654,32.4059
MKT-032_D023,MKT-032,Pune,Magarpatta City,Commercial Office,Established,2,D,23,20260919,2.0.0,2026-09-19,66.9449,9279.3525,8.6573,5.7431,7.774,88.0884,11.9116,66.5671,34.0167
MKT-032_D024,MKT-032,Pune,Magarpatta City,Commercial Office,Established,2,D,24,20260919,2.0.0,2026-09-19,56.6965,7326.633,9.2861,5.8533,5.5614,84.7139,15.2861,66.0015,38.6056
MKT-032_D025,MKT-032,Pune,Magarpatta City,Commercial Office,Established,2,D,25,20260919,2.0.0,2026-09-19,72.4469,11277.1816,7.709,5.5398,7.8365,88.4205,11.5795,62.0904,34.5087
MKT-032_D026,MKT-032,Pune,Magarpatta City,Commercial Office,Established,2,D,26,20260919,2.0.0,2026-09-19,66.9237,9412.8583,8.5318,6.162,7.3683,85.6082,14.3918,67.8628,33.2638
MKT-032_D027,MKT-032,Pune,Magarpatta City,Commercial Office,Established,2,D,27,20260919,2.0.0,2026-09-19,66.6237,8926.6851,8.9561,6.6083,7.1769,84.7831,15.2169,72.4254,32.5356
MKT-032_D028,MKT-032,Pune,Magarpatta City,Commercial Office,Established,2,D,28,20260919,2.0.0,2026-09-19,70.1006,10625.3852,7.917,4.5076,6.776,87.4694,12.5306,69.8714,32.9325
MKT-032_D029,MKT-032,Pune,Magarpatta City,Commercial Office,Established,2,D,29,20260919,2.0.0,2026-09-19,70.285,11868.6057,7.1063,7.2246,10.3073,87.9294,12.0706,71.1369,31.758
MKT-032_D030,MKT-032,Pune,Magarpatta City,Commercial Office,Established,2,D,30,20260919,2.0.0,2026-09-19,70.8495,10756.5863,7.9039,7.6565,9.0448,90.7482,9.2518,73.1323,34.712
MKT-032_D031,MKT-032,Pune,Magarpatta City,Commercial Office,Established,2,D,31,20260919,2.0.0,2026-09-19,61.788,8997.2362,8.2409,8.0809,9.3287,92.2618,7.7382,74.23,32.7572
MKT-032_D032,MKT-032,Pune,Magarpatta City,Commercial Office,Established,2,D,32,20260919,2.0.0,2026-09-19,65.2119,9417.851,8.3091,4.1679,7.8742,86.7372,13.2628,61.2725,33.8174
MKT-032_D033,MKT-032,Pune,Magarpatta City,Commercial Office,Established,2,D,33,20260919,2.0.0,2026-09-19,61.1408,8580.5857,8.5506,6.6837,7.6528,86.7229,13.2771,68.7256,34.6546
MKT-032_D034,MKT-032,Pune,Magarpatta City,Commercial Office,Established,2,D,34,20260919,2.0.0,2026-09-19,69.5529,10355.0167,8.0602,7.8173,8.538,83.988,16.012,70.2931,33.4424
MKT-033_D001,MKT-033,Pune,Viman Nagar,Commercial Office,Established,2,D,1,20260919,2.0.0,2026-09-19,68.0577,11700.8964,6.9797,7.8653,10.5056,87.3644,12.6356,71.4973,30.0998
MKT-033_D002,MKT-033,Pune,Viman Nagar,Commercial Office,Established,2,D,2,20260919,2.0.0,2026-09-19,64.4724,9747.64,7.937,6.5633,8.6104,88.7452,11.2548,68.3179,30.8906
MKT-033_D003,MKT-033,Pune,Viman Nagar,Commercial Office,Established,2,D,3,20260919,2.0.0,2026-09-19,67.1682,9610.8839,8.3865,6.8752,8.8977,91.2024,8.7976,68.3752,31.6353
MKT-033_D004,MKT-033,Pune,Viman Nagar,Commercial Office,Established,2,D,4,20260919,2.0.0,2026-09-19,65.1168,8556.4159,9.1324,5.7704,8.2231,85.5545,14.4455,64.7962,33.6997
MKT-033_D005,MKT-033,Pune,Viman Nagar,Commercial Office,Established,2,D,5,20260919,2.0.0,2026-09-19,71.1941,10277.3352,8.3127,6.9057,7.3526,92.0259,7.9741,68.3915,34.926
MKT-033_D006,MKT-033,Pune,Viman Nagar,Commercial Office,Established,2,D,6,20260919,2.0.0,2026-09-19,65.5183,9022.7931,8.7137,5.8426,6.1232,87.1888,12.8112,65.9055,36.1481
MKT-033_D007,MKT-033,Pune,Viman Nagar,Commercial Office,Established,2,D,7,20260919,2.0.0,2026-09-19,69.8011,10332.4065,8.1067,5.5718,7.3511,88.4519,11.5481,68.141,32.5951
MKT-033_D008,MKT-033,Pune,Viman Nagar,Commercial Office,Established,2,D,8,20260919,2.0.0,2026-09-19,62.7027,9103.2532,8.2655,6.9138,6.5557,81.8464,18.1536,66.7133,34.7458
MKT-033_D009,MKT-033,Pune,Viman Nagar,Commercial Office,Established,2,D,9,20260919,2.0.0,2026-09-19,69.1548,9597.7527,8.6464,6.073,6.3823,87.9862,12.0138,66.5041,30.8064
MKT-033_D010,MKT-033,Pune,Viman Nagar,Commercial Office,Established,2,D,10,20260919,2.0.0,2026-09-19,66.1235,8695.6933,9.125,4.2778,6.4917,85.9592,14.0408,67.0665,36.217
MKT-033_D011,MKT-033,Pune,Viman Nagar,Commercial Office,Established,2,D,11,20260919,2.0.0,2026-09-19,66.1621,10282.6329,7.7212,7.6571,7.4652,89.2969,10.7031,74.014,32.1091
MKT-033_D012,MKT-033,Pune,Viman Nagar,Commercial Office,Established,2,D,12,20260919,2.0.0,2026-09-19,70.6544,10769.3393,7.8728,6.5455,9.1106,90.5176,9.4824,69.1314,29.7145
MKT-033_D013,MKT-033,Pune,Viman Nagar,Commercial Office,Established,2,D,13,20260919,2.0.0,2026-09-19,72.5118,10082.8462,8.6299,6.5246,6.9958,90.8912,9.1088,70.4737,33.4658
MKT-033_D014,MKT-033,Pune,Viman Nagar,Commercial Office,Established,2,D,14,20260919,2.0.0,2026-09-19,67.0265,9923.1061,8.1055,3.8803,5.9349,81.627,18.373,59.9857,35.7734
MKT-033_D015,MKT-033,Pune,Viman Nagar,Commercial Office,Established,2,D,15,20260919,2.0.0,2026-09-19,63.9685,9789.2351,7.8415,6.0152,7.8667,88.7809,11.2191,63.351,35.7013
MKT-033_D016,MKT-033,Pune,Viman Nagar,Commercial Office,Established,2,D,16,20260919,2.0.0,2026-09-19,75.112,11059.2081,8.1502,6.8558,7.9031,90.0674,9.9326,71.6494,31.7415
MKT-033_D017,MKT-033,Pune,Viman Nagar,Commercial Office,Established,2,D,17,20260919,2.0.0,2026-09-19,60.2028,7905.0044,9.1389,5.4772,5.6937,85.2339,14.7661,62.2055,34.4726
MKT-033_D018,MKT-033,Pune,Viman Nagar,Commercial Office,Established,2,D,18,20260919,2.0.0,2026-09-19,64.179,9827.0985,7.837,6.0933,8.5403,84.9411,15.0589,66.2533,32.9785
MKT-033_D019,MKT-033,Pune,Viman Nagar,Commercial Office,Established,2,D,19,20260919,2.0.0,2026-09-19,75.9873,11619.7834,7.8474,6.5277,8.8251,88.7628,11.2372,71.6949,33.466
MKT-033_D020,MKT-033,Pune,Viman Nagar,Commercial Office,Established,2,D,20,20260919,2.0.0,2026-09-19,66.4823,8259.8958,9.6586,4.6354,5.4799,81.141,18.859,60.6182,38.557
MKT-033_D021,MKT-033,Pune,Viman Nagar,Commercial Office,Established,2,D,21,20260919,2.0.0,2026-09-19,64.0701,8852.2029,8.6853,3.8617,7.9848,84.758,15.242,60.5453,35.7806
MKT-033_D022,MKT-033,Pune,Viman Nagar,Commercial Office,Established,2,D,22,20260919,2.0.0,2026-09-19,56.7894,7154.4873,9.5251,4.5587,6.3793,86.9811,13.0189,60.531,39.7116
MKT-033_D023,MKT-033,Pune,Viman Nagar,Commercial Office,Established,2,D,23,20260919,2.0.0,2026-09-19,60.8036,8818.9151,8.2736,6.8626,8.4456,87.2598,12.7402,70.4428,33.2273
MKT-033_D024,MKT-033,Pune,Viman Nagar,Commercial Office,Established,2,D,24,20260919,2.0.0,2026-09-19,73.8253,11079.4689,7.9959,4.539,7.0714,83.7603,16.2397,62.0577,35.2404
MKT-033_D025,MKT-033,Pune,Viman Nagar,Commercial Office,Established,2,D,25,20260919,2.0.0,2026-09-19,72.1579,11431.9324,7.5744,6.1727,9.2214,88.0067,11.9933,69.3693,34.3387
MKT-033_D026,MKT-033,Pune,Viman Nagar,Commercial Office,Established,2,D,26,20260919,2.0.0,2026-09-19,67.9197,9464.5589,8.6115,4.7661,7.8598,88.1766,11.8234,65.0752,33.6212
MKT-033_D027,MKT-033,Pune,Viman Nagar,Commercial Office,Established,2,D,27,20260919,2.0.0,2026-09-19,62.2034,9415.8574,7.9275,6.1874,8.5203,86.1765,13.8235,65.9846,35.2089
MKT-033_D028,MKT-033,Pune,Viman Nagar,Commercial Office,Established,2,D,28,20260919,2.0.0,2026-09-19,67.6524,10519.4605,7.7174,7.3906,8.8979,88.9449,11.0551,71.5594,35.0613
MKT-033_D029,MKT-033,Pune,Viman Nagar,Commercial Office,Established,2,D,29,20260919,2.0.0,2026-09-19,58.858,7546.2236,9.3596,5.1236,7.9659,84.4059,15.5941,62.958,37.4621
MKT-033_D030,MKT-033,Pune,Viman Nagar,Commercial Office,Established,2,D,30,20260919,2.0.0,2026-09-19,69.5203,10479.7352,7.9605,7.9007,8.7562,88.1691,11.8309,72.346,32.4372
MKT-034_D001,MKT-034,Pune,Baner,Commercial Office,Growth,2,D,1,20260919,2.0.0,2026-09-19,47.8343,6572.8758,8.733,6.1516,6.1723,74.4842,25.5158,56.9588,49.7868
MKT-034_D002,MKT-034,Pune,Baner,Commercial Office,Growth,2,D,2,20260919,2.0.0,2026-09-19,49.6668,6979.4916,8.5393,8.9672,11.5537,75.4376,24.5624,68.18,50.115
MKT-034_D003,MKT-034,Pune,Baner,Commercial Office,Growth,2,D,3,20260919,2.0.0,2026-09-19,49.6634,7016.2019,8.4941,7.6447,8.4883,83.1872,16.8128,67.2709,46.2563
MKT-034_D004,MKT-034,Pune,Baner,Commercial Office,Growth,2,D,4,20260919,2.0.0,2026-09-19,58.2095,7733.1443,9.0327,9.0072,11.4503,70.5534,29.4466,65.8683,48.2223
MKT-034_D005,MKT-034,Pune,Baner,Commercial Office,Growth,2,D,5,20260919,2.0.0,2026-09-19,49.5926,6470.4347,9.1974,8.3408,9.2729,74.9721,25.0279,70.9845,44.4877
MKT-034_D006,MKT-034,Pune,Baner,Commercial Office,Growth,2,D,6,20260919,2.0.0,2026-09-19,55.3384,7689.7835,8.6356,9.797,8.8209,81.4606,18.5394,71.027,54.4366
MKT-034_D007,MKT-034,Pune,Baner,Commercial Office,Growth,2,D,7,20260919,2.0.0,2026-09-19,52.818,7409.2009,8.5544,7.9869,10.0274,78.3966,21.6034,63.6357,49.1975
MKT-034_D008,MKT-034,Pune,Baner,Commercial Office,Growth,2,D,8,20260919,2.0.0,2026-09-19,64.7133,9011.1334,8.6178,9.6337,10.6101,83.6899,16.3101,74.7269,46.7832
MKT-034_D009,MKT-034,Pune,Baner,Commercial Office,Growth,2,D,9,20260919,2.0.0,2026-09-19,57.5023,7141.5583,9.6621,6.7169,8.1739,75.543,24.457,62.5917,53.177
MKT-034_D010,MKT-034,Pune,Baner,Commercial Office,Growth,2,D,10,20260919,2.0.0,2026-09-19,46.5082,5937.25,9.4,10.8108,9.188,78.773,21.227,60.4608,55.8343
MKT-034_D011,MKT-034,Pune,Baner,Commercial Office,Growth,2,D,11,20260919,2.0.0,2026-09-19,63.7922,8582.4434,8.9194,7.2907,11.4577,77.9608,22.0392,70.6173,51.0555
MKT-034_D012,MKT-034,Pune,Baner,Commercial Office,Growth,2,D,12,20260919,2.0.0,2026-09-19,57.2797,8269.7995,8.3116,7.5055,6.221,83.9934,16.0066,71.2488,43.9817
MKT-034_D013,MKT-034,Pune,Baner,Commercial Office,Growth,2,D,13,20260919,2.0.0,2026-09-19,53.4111,6830.1103,9.3839,9.1915,11.3557,71.2587,28.7413,65.8803,52.9639
MKT-034_D014,MKT-034,Pune,Baner,Commercial Office,Growth,2,D,14,20260919,2.0.0,2026-09-19,59.329,7709.839,9.2343,10.5674,10.4699,81.4999,18.5001,75.8643,52.4205
MKT-034_D015,MKT-034,Pune,Baner,Commercial Office,Growth,2,D,15,20260919,2.0.0,2026-09-19,58.5864,8028.1068,8.7572,8.3576,10.8579,79.6291,20.3709,71.5827,45.0829
MKT-034_D016,MKT-034,Pune,Baner,Commercial Office,Growth,2,D,16,20260919,2.0.0,2026-09-19,44.8207,6347.1449,8.4739,8.9663,10.2138,71.0077,28.9923,55.8715,55.3588
MKT-034_D017,MKT-034,Pune,Baner,Commercial Office,Growth,2,D,17,20260919,2.0.0,2026-09-19,54.0889,8192.3143,7.9229,10.4096,10.0421,80.2415,19.7585,66.3488,46.683
MKT-034_D018,MKT-034,Pune,Baner,Commercial Office,Growth,2,D,18,20260919,2.0.0,2026-09-19,53.7568,7183.0764,8.9806,9.0682,6.6466,77.2101,22.7899,60.3892,58.4342
MKT-034_D019,MKT-034,Pune,Baner,Commercial Office,Growth,2,D,19,20260919,2.0.0,2026-09-19,49.0827,6930.3032,8.4988,6.9559,5.7564,75.5826,24.4174,60.1457,51.4217
MKT-034_D020,MKT-034,Pune,Baner,Commercial Office,Growth,2,D,20,20260919,2.0.0,2026-09-19,44.5237,5850.0925,9.1329,9.4033,8.6244,70.3945,29.6055,61.6465,53.0276
MKT-034_D021,MKT-034,Pune,Baner,Commercial Office,Growth,2,D,21,20260919,2.0.0,2026-09-19,54.673,7213.6693,9.0949,9.1599,8.7735,66.6353,33.3647,60.4295,57.4157
MKT-034_D022,MKT-034,Pune,Baner,Commercial Office,Growth,2,D,22,20260919,2.0.0,2026-09-19,50.2802,6988.1825,8.634,7.5628,12.8489,80.9115,19.0885,63.949,47.9776
MKT-034_D023,MKT-034,Pune,Baner,Commercial Office,Growth,2,D,23,20260919,2.0.0,2026-09-19,52.0463,7471.4063,8.3593,8.1932,9.1511,84.9846,15.0154,63.9395,51.6489
MKT-034_D024,MKT-034,Pune,Baner,Commercial Office,Growth,2,D,24,20260919,2.0.0,2026-09-19,56.206,7379.8364,9.1394,10.1457,12.1121,81.2456,18.7544,74.9384,49.5221
MKT-034_D025,MKT-034,Pune,Baner,Commercial Office,Growth,2,D,25,20260919,2.0.0,2026-09-19,61.8607,7624.0931,9.7366,7.5083,8.3096,78.5508,21.4492,63.4957,52.9734
MKT-034_D026,MKT-034,Pune,Baner,Commercial Office,Growth,2,D,26,20260919,2.0.0,2026-09-19,58.1031,7145.1885,9.7581,8.243,12.2425,84.9309,15.0691,69.4205,47.9046
MKT-035_D001,MKT-035,Chennai,Perungudi,Commercial Office,Established,2,C,1,20260919,2.0.0,2026-09-19,58.9535,7991.8284,8.8521,5.4527,6.1455,81.5141,18.4859,66.1652,33.7481
MKT-035_D002,MKT-035,Chennai,Perungudi,Commercial Office,Established,2,C,2,20260919,2.0.0,2026-09-19,67.5758,9418.2446,8.61,6.5979,6.2694,87.6097,12.3903,61.6213,37.8539
MKT-035_D003,MKT-035,Chennai,Perungudi,Commercial Office,Established,2,C,3,20260919,2.0.0,2026-09-19,68.2929,9443.497,8.6781,6.4143,6.8654,90.4912,9.5088,68.3509,32.6187
MKT-035_D004,MKT-035,Chennai,Perungudi,Commercial Office,Established,2,C,4,20260919,2.0.0,2026-09-19,63.2277,8527.3515,8.8976,6.6704,6.764,87.9694,12.0306,69.6498,34.4485
MKT-035_D005,MKT-035,Chennai,Perungudi,Commercial Office,Established,2,C,5,20260919,2.0.0,2026-09-19,62.1577,9407.5732,7.9286,5.3241,7.4702,89.3493,10.6507,67.8751,31.5866
MKT-035_D006,MKT-035,Chennai,Perungudi,Commercial Office,Established,2,C,6,20260919,2.0.0,2026-09-19,66.9655,9444.0358,8.5089,4.9464,7.6936,89.691,10.309,69.3468,34.5621
MKT-035_D007,MKT-035,Chennai,Perungudi,Commercial Office,Established,2,C,7,20260919,2.0.0,2026-09-19,66.9594,10160.286,7.9084,5.7313,8.3439,89.3064,10.6936,74.0644,29.9726
MKT-035_D008,MKT-035,Chennai,Perungudi,Commercial Office,Established,2,C,8,20260919,2.0.0,2026-09-19,58.9454,9080.5777,7.7896,4.0426,7.4352,87.3281,12.6719,58.5482,37.7216
MKT-035_D009,MKT-035,Chennai,Perungudi,Commercial Office,Established,2,C,9,20260919,2.0.0,2026-09-19,66.0665,10723.4809,7.3931,6.5109,9.034,85.3192,14.6808,68.8937,31.9565
MKT-035_D010,MKT-035,Chennai,Perungudi,Commercial Office,Established,2,C,10,20260919,2.0.0,2026-09-19,61.0423,7982.3682,9.1766,6.0799,6.78,89.1235,10.8765,69.1467,38.2617
MKT-035_D011,MKT-035,Chennai,Perungudi,Commercial Office,Established,2,C,11,20260919,2.0.0,2026-09-19,69.7569,9926.2317,8.433,7.1694,10.5338,93.2842,6.7158,70.5624,34.587
MKT-035_D012,MKT-035,Chennai,Perungudi,Commercial Office,Established,2,C,12,20260919,2.0.0,2026-09-19,61.9271,8845.0234,8.4016,3.9892,4.5863,84.6951,15.3049,61.9856,33.0703
MKT-035_D013,MKT-035,Chennai,Perungudi,Commercial Office,Established,2,C,13,20260919,2.0.0,2026-09-19,65.0782,8915.5805,8.7593,7.95,9.2504,89.4101,10.5899,75.7508,31.601
MKT-035_D014,MKT-035,Chennai,Perungudi,Commercial Office,Established,2,C,14,20260919,2.0.0,2026-09-19,67.4598,8881.7611,9.1144,5.7443,6.59,87.2108,12.7892,67.5609,32.7546
MKT-035_D015,MKT-035,Chennai,Perungudi,Commercial Office,Established,2,C,15,20260919,2.0.0,2026-09-19,66.6866,10367.1134,7.719,5.2349,5.2076,83.1097,16.8903,65.121,29.6429
MKT-035_D016,MKT-035,Chennai,Perungudi,Commercial Office,Established,2,C,16,20260919,2.0.0,2026-09-19,69.316,7251.7361,11.4702,5.9105,7.3278,91.7735,8.2265,70.6491,31.0887
MKT-035_D017,MKT-035,Chennai,Perungudi,Commercial Office,Established,2,C,17,20260919,2.0.0,2026-09-19,56.2975,7622.2291,8.8631,6.2445,6.2014,82.7362,17.2638,59.5743,38.957
MKT-035_D018,MKT-035,Chennai,Perungudi,Commercial Office,Established,2,C,18,20260919,2.0.0,2026-09-19,67.6252,9367.5264,8.6629,6.5398,8.1449,88.4432,11.5568,67.8919,35.0639
MKT-035_D019,MKT-035,Chennai,Perungudi,Commercial Office,Established,2,C,19,20260919,2.0.0,2026-09-19,67.652,8816.2861,9.2082,6.9615,7.7106,87.7019,12.2981,68.2656,32.2602
MKT-035_D020,MKT-035,Chennai,Perungudi,Commercial Office,Established,2,C,20,20260919,2.0.0,2026-09-19,63.601,9334.1324,8.1766,5.6963,6.459,85.1307,14.8693,64.4293,33.8844
MKT-035_D021,MKT-035,Chennai,Perungudi,Commercial Office,Established,2,C,21,20260919,2.0.0,2026-09-19,66.0544,9557.7982,8.2933,5.0596,8.2372,89.1772,10.8228,66.114,31.1019
MKT-035_D022,MKT-035,Chennai,Perungudi,Commercial Office,Established,2,C,22,20260919,2.0.0,2026-09-19,63.1168,8817.2442,8.59,6.5614,6.7775,89.9367,10.0633,68.8535,29.7912
MKT-035_D023,MKT-035,Chennai,Perungudi,Commercial Office,Established,2,C,23,20260919,2.0.0,2026-09-19,58.3424,8278.2133,8.4572,4.1644,6.3464,83.8259,16.1741,60.5184,34.763
MKT-035_D024,MKT-035,Chennai,Perungudi,Commercial Office,Established,2,C,24,20260919,2.0.0,2026-09-19,58.9083,7459.0265,9.4771,3.1309,4.1386,80.8782,19.1218,57.7394,37.7439
MKT-035_D025,MKT-035,Chennai,Perungudi,Commercial Office,Established,2,C,25,20260919,2.0.0,2026-09-19,69.346,10234.1486,8.1311,6.119,8.1285,87.9326,12.0674,72.9062,30.3631
MKT-035_D026,MKT-035,Chennai,Perungudi,Commercial Office,Established,2,C,26,20260919,2.0.0,2026-09-19,62.1304,7769.7501,9.5957,4.3603,7.7037,83.1974,16.8026,69.0422,33.8224
MKT-035_D027,MKT-035,Chennai,Perungudi,Commercial Office,Established,2,C,27,20260919,2.0.0,2026-09-19,59.0943,7641.2211,9.2803,4.7233,7.4876,82.0307,17.9693,64.1204,37.4697
MKT-035_D028,MKT-035,Chennai,Perungudi,Commercial Office,Established,2,C,28,20260919,2.0.0,2026-09-19,59.0904,7439.7255,9.5311,5.1231,6.5398,89.3057,10.6943,70.3417,33.8288
MKT-035_D029,MKT-035,Chennai,Perungudi,Commercial Office,Established,2,C,29,20260919,2.0.0,2026-09-19,62.6988,9274.9806,8.112,5.5458,9.792,90.5632,9.4368,65.9311,32.2235
MKT-035_D030,MKT-035,Chennai,Perungudi,Commercial Office,Established,2,C,30,20260919,2.0.0,2026-09-19,56.6701,7386.0283,9.2071,5.8236,4.8172,82.4074,17.5926,61.6445,38.5657
MKT-035_D031,MKT-035,Chennai,Perungudi,Commercial Office,Established,2,C,31,20260919,2.0.0,2026-09-19,57.7886,7628.9653,9.0899,5.5795,6.4254,90.4884,9.5116,66.8906,38.2478
MKT-035_D032,MKT-035,Chennai,Perungudi,Commercial Office,Established,2,C,32,20260919,2.0.0,2026-09-19,64.5114,8108.4746,9.5473,6.105,7.6753,84.1592,15.8408,67.7402,35.4111
MKT-035_D033,MKT-035,Chennai,Perungudi,Commercial Office,Established,2,C,33,20260919,2.0.0,2026-09-19,69.1305,10802.6269,7.6793,6.73,8.218,88.4136,11.5864,69.4534,29.8771
MKT-035_D034,MKT-035,Chennai,Perungudi,Commercial Office,Established,2,C,34,20260919,2.0.0,2026-09-19,62.871,9168.7932,8.2285,6.2452,8.7352,92.9363,7.0637,68.0443,31.8296
MKT-035_D035,MKT-035,Chennai,Perungudi,Commercial Office,Established,2,C,35,20260919,2.0.0,2026-09-19,64.1845,9874.7291,7.7999,6.0348,5.606,83.013,16.987,67.9961,35.3106
MKT-035_D036,MKT-035,Chennai,Perungudi,Commercial Office,Established,2,C,36,20260919,2.0.0,2026-09-19,58.0904,8363.1558,8.3352,4.8268,9.9849,87.4307,12.5693,69.7296,30.9672
MKT-035_D037,MKT-035,Chennai,Perungudi,Commercial Office,Established,2,C,37,20260919,2.0.0,2026-09-19,59.2061,8435.8716,8.422,6.4881,5.6627,92.8171,7.1829,70.6073,33.918
MKT-035_D038,MKT-035,Chennai,Perungudi,Commercial Office,Established,2,C,38,20260919,2.0.0,2026-09-19,55.5321,7809.8966,8.5326,6.0533,7.9844,87.3173,12.6827,68.1075,33.4517
MKT-035_D039,MKT-035,Chennai,Perungudi,Commercial Office,Established,2,C,39,20260919,2.0.0,2026-09-19,61.0348,8922.4082,8.2087,5.8587,7.8421,87.4079,12.5921,68.7819,35.5923
MKT-035_D040,MKT-035,Chennai,Perungudi,Commercial Office,Established,2,C,40,20260919,2.0.0,2026-09-19,61.9445,9177.3357,8.0997,5.5997,5.9997,85.1268,14.8732,61.3739,35.291
MKT-035_D041,MKT-035,Chennai,Perungudi,Commercial Office,Established,2,C,41,20260919,2.0.0,2026-09-19,69.5002,11028.708,7.5621,4.9898,8.8409,88.195,11.805,66.0405,30.6537
MKT-036_D001,MKT-036,Chennai,Ambattur,Commercial Office,Growth,2,D,1,20260919,2.0.0,2026-09-19,51.9893,7661.5317,8.1429,7.6042,8.2822,70.5765,29.4235,68.5878,45.3109
MKT-036_D002,MKT-036,Chennai,Ambattur,Commercial Office,Growth,2,D,2,20260919,2.0.0,2026-09-19,45.2267,6886.9394,7.8804,10.2232,8.9262,79.1187,20.8813,65.0853,45.9066
MKT-036_D003,MKT-036,Chennai,Ambattur,Commercial Office,Growth,2,D,3,20260919,2.0.0,2026-09-19,42.0983,3909.3331,12.9224,7.7517,9.8945,72.0314,27.9686,62.436,59.7466
MKT-036_D004,MKT-036,Chennai,Ambattur,Commercial Office,Growth,2,D,4,20260919,2.0.0,2026-09-19,53.6391,8038.9694,8.0069,11.9308,11.3892,78.5866,21.4134,78.8812,42.9144
MKT-036_D005,MKT-036,Chennai,Ambattur,Commercial Office,Growth,2,D,5,20260919,2.0.0,2026-09-19,46.4643,6145.539,9.0728,8.4918,10.3391,72.9476,27.0524,73.7799,48.5091
MKT-036_D006,MKT-036,Chennai,Ambattur,Commercial Office,Growth,2,D,6,20260919,2.0.0,2026-09-19,45.511,5817.8617,9.3872,11.2092,8.6403,83.9149,16.0851,77.0243,50.5931
MKT-036_D007,MKT-036,Chennai,Ambattur,Commercial Office,Growth,2,D,7,20260919,2.0.0,2026-09-19,42.1028,6031.576,8.3765,8.9366,6.3003,81.7796,18.2204,65.4555,48.0083
MKT-036_D008,MKT-036,Chennai,Ambattur,Commercial Office,Growth,2,D,8,20260919,2.0.0,2026-09-19,50.3547,6796.9953,8.89,9.9435,8.9983,82.8713,17.1287,69.247,48.017
MKT-036_D009,MKT-036,Chennai,Ambattur,Commercial Office,Growth,2,D,9,20260919,2.0.0,2026-09-19,46.0811,6575.2024,8.41,7.1096,9.2188,71.9476,28.0524,72.4687,43.8369
MKT-036_D010,MKT-036,Chennai,Ambattur,Commercial Office,Growth,2,D,10,20260919,2.0.0,2026-09-19,51.0687,6439.5154,9.5166,7.1184,9.002,75.6754,24.3246,65.6775,47.7726
MKT-036_D011,MKT-036,Chennai,Ambattur,Commercial Office,Growth,2,D,11,20260919,2.0.0,2026-09-19,42.0063,5878.6832,8.5746,5.6652,8.9516,76.0885,23.9115,61.9682,48.0687
MKT-036_D012,MKT-036,Chennai,Ambattur,Commercial Office,Growth,2,D,12,20260919,2.0.0,2026-09-19,44.7202,6509.5292,8.244,6.8997,8.9395,83.0779,16.9221,67.836,42.9566
MKT-036_D013,MKT-036,Chennai,Ambattur,Commercial Office,Growth,2,D,13,20260919,2.0.0,2026-09-19,42.5534,5789.9568,8.8194,6.5223,5.7069,69.489,30.511,57.5007,56.8674
MKT-036_D014,MKT-036,Chennai,Ambattur,Commercial Office,Growth,2,D,14,20260919,2.0.0,2026-09-19,48.3922,7065.3403,8.2191,8.9433,9.452,77.585,22.415,64.2053,47.7365
MKT-036_D015,MKT-036,Chennai,Ambattur,Commercial Office,Growth,2,D,15,20260919,2.0.0,2026-09-19,36.9873,4653.4772,9.538,7.0189,8.1003,66.6484,33.3516,59.1077,59.9701
MKT-036_D016,MKT-036,Chennai,Ambattur,Commercial Office,Growth,2,D,16,20260919,2.0.0,2026-09-19,46.4285,7838.8577,7.1074,8.6186,9.116,80.3379,19.6621,66.7049,42.4902
MKT-036_D017,MKT-036,Chennai,Ambattur,Commercial Office,Growth,2,D,17,20260919,2.0.0,2026-09-19,38.0826,5045.5676,9.0573,5.721,9.3198,75.942,24.058,61.5322,49.1958
MKT-036_D018,MKT-036,Chennai,Ambattur,Commercial Office,Growth,2,D,18,20260919,2.0.0,2026-09-19,42.0847,5154.2782,9.798,9.2018,11.0933,72.872,27.128,68.5141,52.6203
MKT-036_D019,MKT-036,Chennai,Ambattur,Commercial Office,Growth,2,D,19,20260919,2.0.0,2026-09-19,41.2033,5188.2472,9.53,6.5978,8.3247,76.8518,23.1482,59.1152,50.1727
MKT-036_D020,MKT-036,Chennai,Ambattur,Commercial Office,Growth,2,D,20,20260919,2.0.0,2026-09-19,43.8915,5779.2463,9.1136,8.5348,7.5448,71.3002,28.6998,64.5741,53.976
MKT-036_D021,MKT-036,Chennai,Ambattur,Commercial Office,Growth,2,D,21,20260919,2.0.0,2026-09-19,49.591,6781.7498,8.7749,8.9626,9.3193,73.1374,26.8626,60.9163,52.3165
MKT-036_D022,MKT-036,Chennai,Ambattur,Commercial Office,Growth,2,D,22,20260919,2.0.0,2026-09-19,38.442,5046.9652,9.1402,9.033,9.7956,77.457,22.543,63.6668,57.2404
MKT-036_D023,MKT-036,Chennai,Ambattur,Commercial Office,Growth,2,D,23,20260919,2.0.0,2026-09-19,50.8067,7711.9455,7.9057,12.1983,10.3568,87.4478,12.5522,78.608,42.2188
MKT-036_D024,MKT-036,Chennai,Ambattur,Commercial Office,Growth,2,D,24,20260919,2.0.0,2026-09-19,44.6639,5788.886,9.2585,5.114,8.2591,79.1013,20.8987,60.8402,43.6103
MKT-036_D025,MKT-036,Chennai,Ambattur,Commercial Office,Growth,2,D,25,20260919,2.0.0,2026-09-19,45.7329,6090.4,9.0108,8.114,9.6794,79.0054,20.9946,64.6568,51.3041
MKT-036_D026,MKT-036,Chennai,Ambattur,Commercial Office,Growth,2,D,26,20260919,2.0.0,2026-09-19,44.5935,5938.4375,9.0112,8.1735,7.1775,83.0767,16.9233,61.6396,48.7023
MKT-037_D001,MKT-037,Kolkata,Salt Lake Sector V,Commercial Office,Established,3,C,1,20260919,2.0.0,2026-09-19,46.1124,5030.7743,10.9993,3.6942,5.228,81.6087,18.3913,60.9267,36.977
MKT-037_D002,MKT-037,Kolkata,Salt Lake Sector V,Commercial Office,Established,3,C,2,20260919,2.0.0,2026-09-19,52.0085,7609.2017,8.2019,7.7605,9.3431,87.0269,12.9731,69.714,34.3878
MKT-037_D003,MKT-037,Kolkata,Salt Lake Sector V,Commercial Office,Established,3,C,3,20260919,2.0.0,2026-09-19,50.5126,5727.5578,10.5831,7.3609,6.8716,83.4613,16.5387,69.2729,34.3725
MKT-037_D004,MKT-037,Kolkata,Salt Lake Sector V,Commercial Office,Established,3,C,4,20260919,2.0.0,2026-09-19,46.1617,6762.3224,8.1916,6.0059,6.8952,87.4563,12.5437,72.37,29.4167
MKT-037_D005,MKT-037,Kolkata,Salt Lake Sector V,Commercial Office,Established,3,C,5,20260919,2.0.0,2026-09-19,46.4688,5850.8917,9.5306,6.5705,6.5337,91.0336,8.9664,65.0628,35.5389
MKT-037_D006,MKT-037,Kolkata,Salt Lake Sector V,Commercial Office,Established,3,C,6,20260919,2.0.0,2026-09-19,46.1698,5879.0488,9.4239,4.8439,7.7718,87.2022,12.7978,66.7561,30.2571
MKT-037_D007,MKT-037,Kolkata,Salt Lake Sector V,Commercial Office,Established,3,C,7,20260919,2.0.0,2026-09-19,50.8813,7048.5938,8.6624,5.8882,5.1315,86.7504,13.2496,65.301,33.0649
MKT-037_D008,MKT-037,Kolkata,Salt Lake Sector V,Commercial Office,Established,3,C,8,20260919,2.0.0,2026-09-19,48.0713,5631.1819,10.244,5.822,9.2908,89.1584,10.8416,71.1608,34.748
MKT-037_D009,MKT-037,Kolkata,Salt Lake Sector V,Commercial Office,Established,3,C,9,20260919,2.0.0,2026-09-19,50.9553,8401.7985,7.2778,7.8545,10.1742,89.2736,10.7264,70.4077,30.2983
MKT-037_D010,MKT-037,Kolkata,Salt Lake Sector V,Commercial Office,Established,3,C,10,20260919,2.0.0,2026-09-19,47.0681,5720.4112,9.8737,6.231,7.7852,93.1393,6.8607,72.1897,33.3097
MKT-037_D011,MKT-037,Kolkata,Salt Lake Sector V,Commercial Office,Established,3,C,11,20260919,2.0.0,2026-09-19,43.1687,4345.7458,11.9203,4.9912,6.3771,82.1552,17.8448,62.4681,34.8001
MKT-037_D012,MKT-037,Kolkata,Salt Lake Sector V,Commercial Office,Established,3,C,12,20260919,2.0.0,2026-09-19,53.6781,7462.9256,8.6312,6.9458,9.6698,92.9855,7.0145,70.6112,32.2566
MKT-037_D013,MKT-037,Kolkata,Salt Lake Sector V,Commercial Office,Established,3,C,13,20260919,2.0.0,2026-09-19,47.0035,6308.8999,8.9404,8.1034,9.5507,89.6582,10.3418,71.8202,35.1032
MKT-037_D014,MKT-037,Kolkata,Salt Lake Sector V,Commercial Office,Established,3,C,14,20260919,2.0.0,2026-09-19,52.4237,6909.0474,9.1052,5.8812,8.5949,89.0506,10.9494,66.2831,35.3801
MKT-037_D015,MKT-037,Kolkata,Salt Lake Sector V,Commercial Office,Established,3,C,15,20260919,2.0.0,2026-09-19,46.553,5700.7836,9.7993,6.1996,6.8021,83.5657,16.4343,64.5028,34.711
MKT-037_D016,MKT-037,Kolkata,Salt Lake Sector V,Commercial Office,Established,3,C,16,20260919,2.0.0,2026-09-19,53.2089,6221.3717,10.2631,6.7276,9.4861,90.9397,9.0603,69.3949,33.4576
MKT-037_D017,MKT-037,Kolkata,Salt Lake Sector V,Commercial Office,Established,3,C,17,20260919,2.0.0,2026-09-19,53.3491,7241.4151,8.8407,6.5509,6.38,85.4871,14.5129,72.0004,35.2042
MKT-037_D018,MKT-037,Kolkata,Salt Lake Sector V,Commercial Office,Established,3,C,18,20260919,2.0.0,2026-09-19,51.8315,6759.4851,9.2016,4.3693,5.9967,82.9762,17.0238,62.4999,37.028
MKT-037_D019,MKT-037,Kolkata,Salt Lake Sector V,Commercial Office,Established,3,C,19,20260919,2.0.0,2026-09-19,51.9109,7302.5498,8.5303,5.2117,6.927,88.4154,11.5846,68.7301,31.9183
MKT-037_D020,MKT-037,Kolkata,Salt Lake Sector V,Commercial Office,Established,3,C,20,20260919,2.0.0,2026-09-19,46.6433,6320.8211,8.8552,5.2051,6.9219,81.2709,18.7291,61.3257,38.3856
MKT-037_D021,MKT-037,Kolkata,Salt Lake Sector V,Commercial Office,Established,3,C,21,20260919,2.0.0,2026-09-19,41.4473,5179.9524,9.6018,5.1618,6.3926,84.5829,15.4171,66.2211,34.2263
MKT-037_D022,MKT-037,Kolkata,Salt Lake Sector V,Commercial Office,Established,3,C,22,20260919,2.0.0,2026-09-19,52.1158,6676.6467,9.3668,6.2566,8.3531,84.4222,15.5778,66.189,38.9548
MKT-037_D023,MKT-037,Kolkata,Salt Lake Sector V,Commercial Office,Established,3,C,23,20260919,2.0.0,2026-09-19,40.014,4978.9166,9.644,4.1033,6.5951,81.3153,18.6847,63.9852,32.5911
MKT-037_D024,MKT-037,Kolkata,Salt Lake Sector V,Commercial Office,Established,3,C,24,20260919,2.0.0,2026-09-19,48.9281,5608.5383,10.4686,5.29,6.9154,82.3101,17.6899,67.3242,34.6553
MKT-037_D025,MKT-037,Kolkata,Salt Lake Sector V,Commercial Office,Established,3,C,25,20260919,2.0.0,2026-09-19,48.3722,6726.4582,8.6296,5.3562,6.5075,88.9185,11.0815,66.2018,35.9584
MKT-037_D026,MKT-037,Kolkata,Salt Lake Sector V,Commercial Office,Established,3,C,26,20260919,2.0.0,2026-09-19,49.55,5773.0543,10.2996,6.2324,8.8358,87.3909,12.6091,66.7881,31.0804
MKT-037_D027,MKT-037,Kolkata,Salt Lake Sector V,Commercial Office,Established,3,C,27,20260919,2.0.0,2026-09-19,46.4138,6804.523,8.1852,5.6501,6.6915,90.1953,9.8047,66.2351,35.3511
MKT-037_D028,MKT-037,Kolkata,Salt Lake Sector V,Commercial Office,Established,3,C,28,20260919,2.0.0,2026-09-19,52.1091,7599.6855,8.2281,6.7735,7.4401,90.7542,9.2458,65.095,35.0082
MKT-037_D029,MKT-037,Kolkata,Salt Lake Sector V,Commercial Office,Established,3,C,29,20260919,2.0.0,2026-09-19,44.3676,6261.0694,8.5035,6.9744,8.3992,91.583,8.417,69.3234,30.9393
MKT-038_D001,MKT-038,Ahmedabad,GIFT City,Commercial Office,Growth,3,D,1,20260919,2.0.0,2026-09-19,47.7923,5178.0246,11.0758,6.4001,7.4698,66.6831,33.3169,60.1622,51.8653
MKT-038_D002,MKT-038,Ahmedabad,GIFT City,Commercial Office,Growth,3,D,2,20260919,2.0.0,2026-09-19,50.9582,6953.9857,8.7935,8.1347,8.8247,85.1581,14.8419,58.9205,49.6591
MKT-038_D003,MKT-038,Ahmedabad,GIFT City,Commercial Office,Growth,3,D,3,20260919,2.0.0,2026-09-19,54.121,7494.8435,8.6653,6.6279,9.87,82.6948,17.3052,61.3963,43.3545
MKT-038_D004,MKT-038,Ahmedabad,GIFT City,Commercial Office,Growth,3,D,4,20260919,2.0.0,2026-09-19,50.9664,5689.6877,10.7492,5.9173,8.0564,78.6659,21.3341,59.4905,54.1282
MKT-038_D005,MKT-038,Ahmedabad,GIFT City,Commercial Office,Growth,3,D,5,20260919,2.0.0,2026-09-19,47.7958,6174.9419,9.2883,10.2033,8.5609,70.2995,29.7005,68.0782,58.0808
MKT-038_D006,MKT-038,Ahmedabad,GIFT City,Commercial Office,Growth,3,D,6,20260919,2.0.0,2026-09-19,58.5664,6914.7101,10.1638,7.7643,10.9575,83.2543,16.7457,64.2052,46.0963
MKT-038_D007,MKT-038,Ahmedabad,GIFT City,Commercial Office,Growth,3,D,7,20260919,2.0.0,2026-09-19,49.3337,5783.6723,10.2358,7.0131,8.0254,81.0508,18.9492,67.352,44.5371
MKT-038_D008,MKT-038,Ahmedabad,GIFT City,Commercial Office,Growth,3,D,8,20260919,2.0.0,2026-09-19,49.2652,6005.816,9.8435,6.7478,9.8478,76.9099,23.0901,63.3536,55.8469
MKT-038_D009,MKT-038,Ahmedabad,GIFT City,Commercial Office,Growth,3,D,9,20260919,2.0.0,2026-09-19,45.759,5193.357,10.5733,6.3745,9.9309,75.3621,24.6379,56.0818,55.0166
MKT-038_D010,MKT-038,Ahmedabad,GIFT City,Commercial Office,Growth,3,D,10,20260919,2.0.0,2026-09-19,49.3503,6141.3935,9.6428,7.9052,13.0079,78.1844,21.8156,65.6181,49.0913
MKT-038_D011,MKT-038,Ahmedabad,GIFT City,Commercial Office,Growth,3,D,11,20260919,2.0.0,2026-09-19,54.6977,6642.6218,9.8812,9.2108,8.9784,76.1677,23.8323,60.8968,54.4748
MKT-038_D012,MKT-038,Ahmedabad,GIFT City,Commercial Office,Growth,3,D,12,20260919,2.0.0,2026-09-19,53.6658,5632.5238,11.4334,6.2704,12.1731,69.9314,30.0686,70.0861,52.5052
MKT-038_D013,MKT-038,Ahmedabad,GIFT City,Commercial Office,Growth,3,D,13,20260919,2.0.0,2026-09-19,58.4917,7454.6087,9.4157,9.4086,10.2609,79.6214,20.3786,68.9181,48.1058
MKT-038_D014,MKT-038,Ahmedabad,GIFT City,Commercial Office,Growth,3,D,14,20260919,2.0.0,2026-09-19,52.7421,6479.3088,9.7681,5.9201,6.8834,75.3485,24.6515,58.8583,45.2399
MKT-038_D015,MKT-038,Ahmedabad,GIFT City,Commercial Office,Growth,3,D,15,20260919,2.0.0,2026-09-19,51.8235,5902.6096,10.5357,8.2495,6.4874,72.2724,27.7276,54.1667,52.0058
MKT-038_D016,MKT-038,Ahmedabad,GIFT City,Commercial Office,Growth,3,D,16,20260919,2.0.0,2026-09-19,50.9496,6218.2305,9.8323,10.0409,9.5753,85.3372,14.6628,68.3849,43.8183
MKT-038_D017,MKT-038,Ahmedabad,GIFT City,Commercial Office,Growth,3,D,17,20260919,2.0.0,2026-09-19,59.5854,6919.5534,10.3334,7.2585,6.2904,77.9823,22.0177,68.7804,50.092
MKT-038_D018,MKT-038,Ahmedabad,GIFT City,Commercial Office,Growth,3,D,18,20260919,2.0.0,2026-09-19,50.5672,5697.373,10.6506,7.0037,9.8871,80.8499,19.1501,61.31,46.9387
MKT-038_D019,MKT-038,Ahmedabad,GIFT City,Commercial Office,Growth,3,D,19,20260919,2.0.0,2026-09-19,51.2392,7673.2914,8.0131,8.0817,10.648,72.491,27.509,62.4793,47.7807
MKT-038_D020,MKT-038,Ahmedabad,GIFT City,Commercial Office,Growth,3,D,20,20260919,2.0.0,2026-09-19,51.6543,7064.3321,8.7744,8.6541,11.6226,83.4571,16.5429,68.42,46.5098
MKT-038_D021,MKT-038,Ahmedabad,GIFT City,Commercial Office,Growth,3,D,21,20260919,2.0.0,2026-09-19,56.0833,8306.5648,8.102,9.741,9.8993,81.8588,18.1412,71.0123,44.0414
MKT-038_D022,MKT-038,Ahmedabad,GIFT City,Commercial Office,Growth,3,D,22,20260919,2.0.0,2026-09-19,50.6683,6447.9551,9.4297,9.6485,8.1991,69.4402,30.5598,61.4244,48.4209
MKT-038_D023,MKT-038,Ahmedabad,GIFT City,Commercial Office,Growth,3,D,23,20260919,2.0.0,2026-09-19,53.244,7108.8374,8.9878,10.8514,10.9885,86.4773,13.5227,71.1499,52.7945
MKT-038_D024,MKT-038,Ahmedabad,GIFT City,Commercial Office,Growth,3,D,24,20260919,2.0.0,2026-09-19,54.2763,6196.7501,10.5106,8.3157,8.6367,78.1262,21.8738,62.4252,48.2045
MKT-038_D025,MKT-038,Ahmedabad,GIFT City,Commercial Office,Growth,3,D,25,20260919,2.0.0,2026-09-19,50.5149,7574.2033,8.0032,7.7307,11.0716,82.2119,17.7881,72.05,48.1035
MKT-038_D026,MKT-038,Ahmedabad,GIFT City,Commercial Office,Growth,3,D,26,20260919,2.0.0,2026-09-19,52.1695,5866.523,10.6713,7.2096,7.0076,67.9429,32.0571,56.1053,50.4844
MKT-039_D001,MKT-039,Delhi NCR,Manesar,Commercial Office,Peripheral,1,E,1,20260919,2.0.0,2026-09-19,42.7989,5701.2556,9.0083,4.0941,7.7777,75.4434,24.5566,55.5416,56.2514
MKT-039_D002,MKT-039,Delhi NCR,Manesar,Commercial Office,Peripheral,1,E,2,20260919,2.0.0,2026-09-19,43.1192,5700.5349,9.0769,6.7173,6.7779,73.1922,26.8078,60.9685,60.867
MKT-039_D003,MKT-039,Delhi NCR,Manesar,Commercial Office,Peripheral,1,E,3,20260919,2.0.0,2026-09-19,44.6279,6227.3841,8.5997,6.1737,7.0379,75.0209,24.9791,51.2459,61.4361
MKT-039_D004,MKT-039,Delhi NCR,Manesar,Commercial Office,Peripheral,1,E,4,20260919,2.0.0,2026-09-19,41.5129,6019.3045,8.276,6.7952,6.9081,76.5744,23.4256,57.286,59.6939
MKT-039_D005,MKT-039,Delhi NCR,Manesar,Commercial Office,Peripheral,1,E,5,20260919,2.0.0,2026-09-19,42.4856,5846.6973,8.7199,3.8359,6.1148,71.8891,28.1109,48.9375,56.5841
MKT-039_D006,MKT-039,Delhi NCR,Manesar,Commercial Office,Peripheral,1,E,6,20260919,2.0.0,2026-09-19,40.1805,4958.0964,9.7248,6.0923,6.744,65.1648,34.8352,50.0751,67.2989
MKT-039_D007,MKT-039,Delhi NCR,Manesar,Commercial Office,Peripheral,1,E,7,20260919,2.0.0,2026-09-19,39.9129,5637.4611,8.4959,6.235,5.9432,67.1609,32.8391,45.8778,60.6361
MKT-039_D008,MKT-039,Delhi NCR,Manesar,Commercial Office,Peripheral,1,E,8,20260919,2.0.0,2026-09-19,39.0826,5286.2037,8.872,7.1929,6.4872,66.5841,33.4159,49.3378,63.1929
MKT-039_D009,MKT-039,Delhi NCR,Manesar,Commercial Office,Peripheral,1,E,9,20260919,2.0.0,2026-09-19,32.968,4560.7266,8.6744,5.2637,4.1305,71.3678,28.6322,46.4623,63.6387
MKT-039_D010,MKT-039,Delhi NCR,Manesar,Commercial Office,Peripheral,1,E,10,20260919,2.0.0,2026-09-19,35.4949,4527.1803,9.4085,7.1979,6.0511,63.9099,36.0901,47.5552,65.0522
MKT-039_D011,MKT-039,Delhi NCR,Manesar,Commercial Office,Peripheral,1,E,11,20260919,2.0.0,2026-09-19,43.5283,5404.4608,9.665,5.5202,4.9822,69.2782,30.7218,50.0933,60.6303
MKT-039_D012,MKT-039,Delhi NCR,Manesar,Commercial Office,Peripheral,1,E,12,20260919,2.0.0,2026-09-19,33.9588,4580.2682,8.897,4.7611,4.2224,70.4579,29.5421,44.4087,62.0367
MKT-039_D013,MKT-039,Delhi NCR,Manesar,Commercial Office,Peripheral,1,E,13,20260919,2.0.0,2026-09-19,47.9204,6710.2743,8.5696,5.1906,7.212,63.2756,36.7244,53.1176,60.2869
MKT-039_D014,MKT-039,Delhi NCR,Manesar,Commercial Office,Peripheral,1,E,14,20260919,2.0.0,2026-09-19,44.3176,6161.3147,8.6315,8.9461,10.4177,71.603,28.397,58.0607,57.8925
MKT-039_D015,MKT-039,Delhi NCR,Manesar,Commercial Office,Peripheral,1,E,15,20260919,2.0.0,2026-09-19,37.544,4923.501,9.1506,7.8727,5.6283,74.8688,25.1312,51.981,57.2518
MKT-039_D016,MKT-039,Delhi NCR,Manesar,Commercial Office,Peripheral,1,E,16,20260919,2.0.0,2026-09-19,48.8541,6425.3177,9.1241,4.6934,7.3368,68.3069,31.6931,55.8431,65.1696
MKT-039_D017,MKT-039,Delhi NCR,Manesar,Commercial Office,Peripheral,1,E,17,20260919,2.0.0,2026-09-19,41.9711,5899.1578,8.5377,6.3154,7.3262,66.5906,33.4094,51.6016,61.4057
MKT-039_D018,MKT-039,Delhi NCR,Manesar,Commercial Office,Peripheral,1,E,18,20260919,2.0.0,2026-09-19,35.4537,4202.5924,10.1234,7.4042,4.4019,64.801,35.199,44.4023,64.6914
MKT-039_D019,MKT-039,Delhi NCR,Manesar,Commercial Office,Peripheral,1,E,19,20260919,2.0.0,2026-09-19,44.7856,6031.7451,8.91,7.3581,4.7795,69.5393,30.4607,53.5944,58.3804
MKT-039_D020,MKT-039,Delhi NCR,Manesar,Commercial Office,Peripheral,1,E,20,20260919,2.0.0,2026-09-19,47.2527,6067.2794,9.3458,5.0641,7.0186,71.8908,28.1092,47.4932,59.9856
MKT-039_D021,MKT-039,Delhi NCR,Manesar,Commercial Office,Peripheral,1,E,21,20260919,2.0.0,2026-09-19,38.6254,4678.2597,9.9076,6.177,6.5357,70.4157,29.5843,43.9808,63.6266
MKT-039_D022,MKT-039,Delhi NCR,Manesar,Commercial Office,Peripheral,1,E,22,20260919,2.0.0,2026-09-19,43.2289,5605.9685,9.2535,5.1808,6.8307,68.5179,31.4821,48.7745,63.1893
MKT-039_D023,MKT-039,Delhi NCR,Manesar,Commercial Office,Peripheral,1,E,23,20260919,2.0.0,2026-09-19,46.8574,6588.3083,8.5346,6.4242,6.0586,75.4386,24.5614,56.0339,59.6635
MKT-039_D024,MKT-039,Delhi NCR,Manesar,Commercial Office,Peripheral,1,E,24,20260919,2.0.0,2026-09-19,37.7191,4766.6038,9.4958,6.3393,5.0916,64.2756,35.7244,52.416,60.2281
MKT-039_D025,MKT-039,Delhi NCR,Manesar,Commercial Office,Peripheral,1,E,25,20260919,2.0.0,2026-09-19,39.5254,4895.55,9.6885,7.2304,6.9857,70.4417,29.5583,54.4284,56.716
MKT-039_D026,MKT-039,Delhi NCR,Manesar,Commercial Office,Peripheral,1,E,26,20260919,2.0.0,2026-09-19,47.8896,6796.5259,8.4554,7.5457,6.8552,78.8568,21.1432,61.4212,57.0724
MKT-040_D001,MKT-040,Mumbai,Linking Road — Bandra,Retail,Premium,1,D,1,20260919,2.0.0,2026-09-19,280.2046,55954.0005,6.0093,6.7594,7.9867,93.2055,6.7945,79.2048,26.9024
MKT-040_D002,MKT-040,Mumbai,Linking Road — Bandra,Retail,Premium,1,D,2,20260919,2.0.0,2026-09-19,262.543,41958.2452,7.5087,5.4203,7.8276,84.2307,15.7693,71.7319,32.8586
MKT-040_D003,MKT-040,Mumbai,Linking Road — Bandra,Retail,Premium,1,D,3,20260919,2.0.0,2026-09-19,318.3792,59473.869,6.4239,8.8565,8.2326,92.277,7.723,81.2133,27.052
MKT-040_D004,MKT-040,Mumbai,Linking Road — Bandra,Retail,Premium,1,D,4,20260919,2.0.0,2026-09-19,296.6406,48775.9594,7.298,4.9283,3.9772,84.667,15.333,74.0551,32.9193
MKT-040_D005,MKT-040,Mumbai,Linking Road — Bandra,Retail,Premium,1,D,5,20260919,2.0.0,2026-09-19,323.1249,60712.9553,6.3866,6.1412,6.7358,92.5189,7.4811,76.4709,28.0166
MKT-040_D006,MKT-040,Mumbai,Linking Road — Bandra,Retail,Premium,1,D,6,20260919,2.0.0,2026-09-19,307.4246,59546.859,6.1953,7.7393,6.0791,92.2989,7.7011,77.077,30.9788
MKT-040_D007,MKT-040,Mumbai,Linking Road — Bandra,Retail,Premium,1,D,7,20260919,2.0.0,2026-09-19,295.633,57576.4926,6.1615,6.1433,8.6219,88.9921,11.0079,69.3948,28.8316
MKT-040_D008,MKT-040,Mumbai,Linking Road — Bandra,Retail,Premium,1,D,8,20260919,2.0.0,2026-09-19,286.2892,53503.1746,6.4211,7.6387,7.2589,87.5736,12.4264,75.0295,31.4814
MKT-040_D009,MKT-040,Mumbai,Linking Road — Bandra,Retail,Premium,1,D,9,20260919,2.0.0,2026-09-19,277.3087,47484.3149,7.008,5.6528,7.9251,93.525,6.475,74.2879,32.2981
MKT-040_D010,MKT-040,Mumbai,Linking Road — Bandra,Retail,Premium,1,D,10,20260919,2.0.0,2026-09-19,295.7453,53668.2938,6.6127,5.4998,4.2422,91.3714,8.6286,73.0206,28.417
MKT-040_D011,MKT-040,Mumbai,Linking Road — Bandra,Retail,Premium,1,D,11,20260919,2.0.0,2026-09-19,301.2598,54076.3724,6.6852,6.9481,5.0538,90.2165,9.7835,70.9961,32.5797
MKT-040_D012,MKT-040,Mumbai,Linking Road — Bandra,Retail,Premium,1,D,12,20260919,2.0.0,2026-09-19,276.644,48688.1544,6.8183,3.6377,3.7335,92.3353,7.6647,64.5253,32.2467
MKT-040_D013,MKT-040,Mumbai,Linking Road — Bandra,Retail,Premium,1,D,13,20260919,2.0.0,2026-09-19,274.454,44372.8521,7.4222,4.8977,5.4061,87.9325,12.0675,72.7165,33.0238
MKT-040_D014,MKT-040,Mumbai,Linking Road — Bandra,Retail,Premium,1,D,14,20260919,2.0.0,2026-09-19,278.5928,47585.7501,7.0255,6.1211,6.9233,91.2511,8.7489,69.7971,32.2723
MKT-040_D015,MKT-040,Mumbai,Linking Road — Bandra,Retail,Premium,1,D,15,20260919,2.0.0,2026-09-19,268.0618,48524.3105,6.6291,3.3787,6.8,91.222,8.778,70.7792,30.2706
MKT-040_D016,MKT-040,Mumbai,Linking Road — Bandra,Retail,Premium,1,D,16,20260919,2.0.0,2026-09-19,311.5107,54076.6563,6.9126,6.2935,4.7477,86.4141,13.5859,73.0492,29.9427
MKT-040_D017,MKT-040,Mumbai,Linking Road — Bandra,Retail,Premium,1,D,17,20260919,2.0.0,2026-09-19,300.4365,53052.6013,6.7956,5.7984,7.0922,88.9834,11.0166,72.5873,34.7541
MKT-040_D018,MKT-040,Mumbai,Linking Road — Bandra,Retail,Premium,1,D,18,20260919,2.0.0,2026-09-19,265.4631,43393.8769,7.341,5.0236,4.7208,90.235,9.765,66.0082,32.71
MKT-040_D019,MKT-040,Mumbai,Linking Road — Bandra,Retail,Premium,1,D,19,20260919,2.0.0,2026-09-19,267.6061,48726.1838,6.5904,5.5184,8.8186,88.4352,11.5648,68.713,32.4002
MKT-040_D020,MKT-040,Mumbai,Linking Road — Bandra,Retail,Premium,1,D,20,20260919,2.0.0,2026-09-19,265.3745,49538.8149,6.4283,5.9761,6.3679,91.2201,8.7799,72.3978,31.7869
MKT-040_D021,MKT-040,Mumbai,Linking Road — Bandra,Retail,Premium,1,D,21,20260919,2.0.0,2026-09-19,242.9232,40435.413,7.2092,5.5385,5.2043,91.088,8.912,67.3942,32.8184
MKT-040_D022,MKT-040,Mumbai,Linking Road — Bandra,Retail,Premium,1,D,22,20260919,2.0.0,2026-09-19,276.7768,45060.5821,7.3708,4.9293,4.9109,86.9146,13.0854,64.7421,35.4271
MKT-040_D023,MKT-040,Mumbai,Linking Road — Bandra,Retail,Premium,1,D,23,20260919,2.0.0,2026-09-19,272.4525,47121.3167,6.9383,3.775,4.9963,88.6556,11.3444,71.3647,30.0487
MKT-040_D024,MKT-040,Mumbai,Linking Road — Bandra,Retail,Premium,1,D,24,20260919,2.0.0,2026-09-19,256.5889,41302.4619,7.4549,4.5814,4.3503,84.7955,15.2045,67.8394,33.1448
MKT-040_D025,MKT-040,Mumbai,Linking Road — Bandra,Retail,Premium,1,D,25,20260919,2.0.0,2026-09-19,282.8285,48640.3753,6.9776,4.9972,6.8703,91.8137,8.1863,68.9064,31.424
MKT-040_D026,MKT-040,Mumbai,Linking Road — Bandra,Retail,Premium,1,D,26,20260919,2.0.0,2026-09-19,276.9881,48636.1489,6.8341,5.2051,6.5155,92.8636,7.1364,78.0225,29.0518
MKT-040_D027,MKT-040,Mumbai,Linking Road — Bandra,Retail,Premium,1,D,27,20260919,2.0.0,2026-09-19,289.9274,57250.8771,6.077,7.6084,8.5995,91.3435,8.6565,77.927,29.3111
MKT-040_D028,MKT-040,Mumbai,Linking Road — Bandra,Retail,Premium,1,D,28,20260919,2.0.0,2026-09-19,270.1214,48683.4021,6.6582,5.159,5.8556,84.8316,15.1684,71.4047,31.0192
MKT-040_D029,MKT-040,Mumbai,Linking Road — Bandra,Retail,Premium,1,D,29,20260919,2.0.0,2026-09-19,224.9123,40000.0099,6.7474,6.2551,6.1462,94.3446,5.6554,69.5862,29.397
MKT-040_D030,MKT-040,Mumbai,Linking Road — Bandra,Retail,Premium,1,D,30,20260919,2.0.0,2026-09-19,322.0728,64792.6432,5.965,3.4415,6.383,90.7981,9.2019,66.0519,32.328
MKT-040_D031,MKT-040,Mumbai,Linking Road — Bandra,Retail,Premium,1,D,31,20260919,2.0.0,2026-09-19,239.6153,41201.7979,6.9788,6.3414,5.2754,83.6067,16.3933,68.3326,29.5863
MKT-040_D032,MKT-040,Mumbai,Linking Road — Bandra,Retail,Premium,1,D,32,20260919,2.0.0,2026-09-19,295.7448,55590.2019,6.3841,6.4826,6.3952,91.5834,8.4166,69.8532,30.3838
MKT-040_D033,MKT-040,Mumbai,Linking Road — Bandra,Retail,Premium,1,D,33,20260919,2.0.0,2026-09-19,287.1477,48141.6176,7.1576,3.8427,5.2576,89.1202,10.8798,73.607,32.7219
MKT-040_D034,MKT-040,Mumbai,Linking Road — Bandra,Retail,Premium,1,D,34,20260919,2.0.0,2026-09-19,315.7211,54117.7981,7.0008,5.5917,5.2321,91.01,8.99,70.1793,31.861
MKT-040_D035,MKT-040,Mumbai,Linking Road — Bandra,Retail,Premium,1,D,35,20260919,2.0.0,2026-09-19,262.0585,46145.714,6.8147,6.8076,9.1083,88.1809,11.8191,72.7769,32.1366
MKT-040_D036,MKT-040,Mumbai,Linking Road — Bandra,Retail,Premium,1,D,36,20260919,2.0.0,2026-09-19,289.0461,52596.8027,6.5946,5.8032,7.0691,92.9947,7.0053,74.3697,30.3287
MKT-040_D037,MKT-040,Mumbai,Linking Road — Bandra,Retail,Premium,1,D,37,20260919,2.0.0,2026-09-19,303.1654,55663.2442,6.5357,6.8777,7.4929,93.311,6.689,76.3411,29.9706
MKT-040_D038,MKT-040,Mumbai,Linking Road — Bandra,Retail,Premium,1,D,38,20260919,2.0.0,2026-09-19,285.9209,51459.8975,6.6674,4.2041,5.7963,88.832,11.168,63.9381,36.0745
MKT-040_D039,MKT-040,Mumbai,Linking Road — Bandra,Retail,Premium,1,D,39,20260919,2.0.0,2026-09-19,271.2244,43433.4623,7.4935,6.983,7.0502,88.1088,11.8912,66.4223,36.3116
MKT-040_D040,MKT-040,Mumbai,Linking Road — Bandra,Retail,Premium,1,D,40,20260919,2.0.0,2026-09-19,322.5672,56712.2112,6.8253,4.8504,5.7101,94.7001,5.2999,69.5686,33.8844
MKT-040_D041,MKT-040,Mumbai,Linking Road — Bandra,Retail,Premium,1,D,41,20260919,2.0.0,2026-09-19,265.1765,50906.395,6.2509,6.4248,4.7054,92.9264,7.0736,70.2298,29.8927
MKT-040_D042,MKT-040,Mumbai,Linking Road — Bandra,Retail,Premium,1,D,42,20260919,2.0.0,2026-09-19,264.079,49973.7089,6.3412,5.3326,7.3541,88.9836,11.0164,69.4747,33.6028
MKT-040_D043,MKT-040,Mumbai,Linking Road — Bandra,Retail,Premium,1,D,43,20260919,2.0.0,2026-09-19,277.9082,45794.7677,7.2823,5.7111,4.2206,89.1283,10.8717,68.4564,33.054
MKT-040_D044,MKT-040,Mumbai,Linking Road — Bandra,Retail,Premium,1,D,44,20260919,2.0.0,2026-09-19,269.9017,46114.4382,7.0234,6.0412,5.3139,88.4778,11.5222,74.319,32.2156
MKT-040_D045,MKT-040,Mumbai,Linking Road — Bandra,Retail,Premium,1,D,45,20260919,2.0.0,2026-09-19,273.7139,45291.4857,7.2521,4.0436,6.2387,85.2542,14.7458,67.6925,34.8077
MKT-040_D046,MKT-040,Mumbai,Linking Road — Bandra,Retail,Premium,1,D,46,20260919,2.0.0,2026-09-19,323.8495,58710.9447,6.6192,6.1816,9.0145,89.9428,10.0572,77.2057,28.976
MKT-040_D047,MKT-040,Mumbai,Linking Road — Bandra,Retail,Premium,1,D,47,20260919,2.0.0,2026-09-19,268.583,46477.6708,6.9345,5.7257,4.371,87.5577,12.4423,68.7789,36.5426
MKT-040_D048,MKT-040,Mumbai,Linking Road — Bandra,Retail,Premium,1,D,48,20260919,2.0.0,2026-09-19,261.9385,50891.59,6.1764,8.3911,4.7359,91.2669,8.7331,74.9048,28.0932
MKT-040_D049,MKT-040,Mumbai,Linking Road — Bandra,Retail,Premium,1,D,49,20260919,2.0.0,2026-09-19,284.7002,54940.2143,6.2184,6.5424,8.9417,92.8326,7.1674,76.6581,29.0928
MKT-040_D050,MKT-040,Mumbai,Linking Road — Bandra,Retail,Premium,1,D,50,20260919,2.0.0,2026-09-19,305.0389,55639.6066,6.5789,8.1281,7.3265,89.2373,10.7627,78.7031,31.7019
MKT-040_D051,MKT-040,Mumbai,Linking Road — Bandra,Retail,Premium,1,D,51,20260919,2.0.0,2026-09-19,271.7842,44696.1223,7.2969,7.6172,9.5603,87.4145,12.5855,71.8532,34.254
MKT-040_D052,MKT-040,Mumbai,Linking Road — Bandra,Retail,Premium,1,D,52,20260919,2.0.0,2026-09-19,223.2981,38482.3802,6.9631,4.1367,4.93,83.7288,16.2712,64.0465,31.2993
MKT-040_D053,MKT-040,Mumbai,Linking Road — Bandra,Retail,Premium,1,D,53,20260919,2.0.0,2026-09-19,242.26,42498.4447,6.8405,7.1964,8.6347,85.1949,14.8051,70.9489,32.2351
MKT-040_D054,MKT-040,Mumbai,Linking Road — Bandra,Retail,Premium,1,D,54,20260919,2.0.0,2026-09-19,313.123,53682.3969,6.9995,8.4025,9.4279,90.4789,9.5211,79.0022,29.4791
MKT-040_D055,MKT-040,Mumbai,Linking Road — Bandra,Retail,Premium,1,D,55,20260919,2.0.0,2026-09-19,284.8047,54806.525,6.2359,5.3032,6.4619,93.591,6.409,71.8515,27.7577
MKT-040_D056,MKT-040,Mumbai,Linking Road — Bandra,Retail,Premium,1,D,56,20260919,2.0.0,2026-09-19,329.6274,64600.3143,6.1231,6.0051,5.1233,94.1026,5.8974,71.2943,26.7762
MKT-040_D057,MKT-040,Mumbai,Linking Road — Bandra,Retail,Premium,1,D,57,20260919,2.0.0,2026-09-19,262.8412,50155.1304,6.2887,6.6213,7.8439,93.1914,6.8086,77.0397,27.8381
MKT-040_D058,MKT-040,Mumbai,Linking Road — Bandra,Retail,Premium,1,D,58,20260919,2.0.0,2026-09-19,286.0628,53526.3341,6.4132,6.4074,7.0104,94.6963,5.3037,77.1059,32.085
MKT-040_D059,MKT-040,Mumbai,Linking Road — Bandra,Retail,Premium,1,D,59,20260919,2.0.0,2026-09-19,269.9559,45100.5851,7.1828,4.9753,4.5877,88.0068,11.9932,66.5973,32.0806
MKT-040_D060,MKT-040,Mumbai,Linking Road — Bandra,Retail,Premium,1,D,60,20260919,2.0.0,2026-09-19,287.7815,54374.4012,6.3511,3.6447,4.1405,91.323,8.677,66.9068,32.4143
MKT-040_D061,MKT-040,Mumbai,Linking Road — Bandra,Retail,Premium,1,D,61,20260919,2.0.0,2026-09-19,295.8774,54376.9628,6.5295,7.7819,7.9225,88.672,11.328,76.1401,28.8683
MKT-041_D001,MKT-041,Delhi NCR,Connaught Place,Retail,Premium,1,C,1,20260919,2.0.0,2026-09-19,226.4927,41967.3742,6.4763,5.5026,5.6676,93.0511,6.9489,74.3704,28.2992
MKT-041_D002,MKT-041,Delhi NCR,Connaught Place,Retail,Premium,1,C,2,20260919,2.0.0,2026-09-19,240.2958,43334.586,6.6542,5.3676,8.3474,92.8345,7.1655,73.9138,27.3449
MKT-041_D003,MKT-041,Delhi NCR,Connaught Place,Retail,Premium,1,C,3,20260919,2.0.0,2026-09-19,215.6382,42039.7282,6.1553,7.5981,8.9567,92.2269,7.7731,75.9013,28.2268
MKT-041_D004,MKT-041,Delhi NCR,Connaught Place,Retail,Premium,1,C,4,20260919,2.0.0,2026-09-19,241.6413,45536.3493,6.3679,7.7938,9.4847,93.6383,6.3617,79.5076,26.9468
MKT-041_D005,MKT-041,Delhi NCR,Connaught Place,Retail,Premium,1,C,5,20260919,2.0.0,2026-09-19,235.2299,47278.9439,5.9704,8.8052,8.4089,94.3236,5.6764,78.7071,27.4296
MKT-041_D006,MKT-041,Delhi NCR,Connaught Place,Retail,Premium,1,C,6,20260919,2.0.0,2026-09-19,198.6717,37926.3609,6.286,6.6537,4.7717,88.2557,11.7443,71.2599,34.2444
MKT-041_D007,MKT-041,Delhi NCR,Connaught Place,Retail,Premium,1,C,7,20260919,2.0.0,2026-09-19,220.3634,39262.1983,6.7351,4.4732,7.6914,89.8657,10.1343,75.034,30.4024
MKT-041_D008,MKT-041,Delhi NCR,Connaught Place,Retail,Premium,1,C,8,20260919,2.0.0,2026-09-19,229.4726,42061.0263,6.5468,7.3242,8.6272,89.209,10.791,80.3955,28.9279
MKT-041_D009,MKT-041,Delhi NCR,Connaught Place,Retail,Premium,1,C,9,20260919,2.0.0,2026-09-19,227.3305,38830.6464,7.0253,5.6057,8.1923,90.0079,9.9921,72.4362,29.578
MKT-041_D010,MKT-041,Delhi NCR,Connaught Place,Retail,Premium,1,C,10,20260919,2.0.0,2026-09-19,213.5905,41384.5414,6.1933,6.9649,9.2789,92.9042,7.0958,76.765,29.4503
MKT-041_D011,MKT-041,Delhi NCR,Connaught Place,Retail,Premium,1,C,11,20260919,2.0.0,2026-09-19,206.6449,35142.0469,7.0563,7,6.2411,89.3718,10.6282,73.271,28.5297
MKT-041_D012,MKT-041,Delhi NCR,Connaught Place,Retail,Premium,1,C,12,20260919,2.0.0,2026-09-19,254.3772,46789.2367,6.524,7.4601,6.1301,90.1975,9.8025,79.0736,28.4709
MKT-041_D013,MKT-041,Delhi NCR,Connaught Place,Retail,Premium,1,C,13,20260919,2.0.0,2026-09-19,205.5495,34847.3249,7.0783,5.1554,6.6589,90.8415,9.1585,75.6184,33.6615
MKT-041_D014,MKT-041,Delhi NCR,Connaught Place,Retail,Premium,1,C,14,20260919,2.0.0,2026-09-19,237.0845,39420.5844,7.2171,5.984,8.1656,92.8625,7.1375,76.4839,30.404
MKT-041_D015,MKT-041,Delhi NCR,Connaught Place,Retail,Premium,1,C,15,20260919,2.0.0,2026-09-19,234.8356,44927.2641,6.2724,6.02,7.9944,91.1742,8.8258,72.3571,29.5701
MKT-041_D016,MKT-041,Delhi NCR,Connaught Place,Retail,Premium,1,C,16,20260919,2.0.0,2026-09-19,171.8776,31867.4646,6.4722,3.8702,4.3126,91.4872,8.5128,69.9155,30.5192
MKT-041_D017,MKT-041,Delhi NCR,Connaught Place,Retail,Premium,1,C,17,20260919,2.0.0,2026-09-19,196.5038,37248.4338,6.3306,7.5551,6.9571,87.4247,12.5753,75.704,31.7555
MKT-041_D018,MKT-041,Delhi NCR,Connaught Place,Retail,Premium,1,C,18,20260919,2.0.0,2026-09-19,172.8492,28633.3588,7.244,2.9541,4.4352,91.6614,8.3386,67.3495,33.2952
MKT-041_D019,MKT-041,Delhi NCR,Connaught Place,Retail,Premium,1,C,19,20260919,2.0.0,2026-09-19,189.1903,32330.9295,7.022,4.6102,7.4438,92.7368,7.2632,66.9846,33.8735
MKT-041_D020,MKT-041,Delhi NCR,Connaught Place,Retail,Premium,1,C,20,20260919,2.0.0,2026-09-19,242.0728,46124.9992,6.2978,8.807,7.1446,89.1536,10.8464,78.816,28.9093
MKT-041_D021,MKT-041,Delhi NCR,Connaught Place,Retail,Premium,1,C,21,20260919,2.0.0,2026-09-19,226.2393,42316.3779,6.4157,7.7086,8.0646,88.2379,11.7621,71.6591,32.0571
MKT-041_D022,MKT-041,Delhi NCR,Connaught Place,Retail,Premium,1,C,22,20260919,2.0.0,2026-09-19,174.7117,28389.6471,7.3849,6.1763,6.3101,87.9905,12.0095,72.5635,32.0859
MKT-041_D023,MKT-041,Delhi NCR,Connaught Place,Retail,Premium,1,C,23,20260919,2.0.0,2026-09-19,243.6663,43068.9805,6.7891,7.1308,7.9831,88.6343,11.3657,78.0331,32.2318
MKT-041_D024,MKT-041,Delhi NCR,Connaught Place,Retail,Premium,1,C,24,20260919,2.0.0,2026-09-19,202.3209,34568.881,7.0232,5.9344,6.5175,84.1706,15.8294,71.4312,33.0552
MKT-041_D025,MKT-041,Delhi NCR,Connaught Place,Retail,Premium,1,C,25,20260919,2.0.0,2026-09-19,199.4503,35249.7291,6.7898,6.6347,7.0855,92.0494,7.9506,74.844,32.7075
MKT-041_D026,MKT-041,Delhi NCR,Connaught Place,Retail,Premium,1,C,26,20260919,2.0.0,2026-09-19,227.0755,43283.2455,6.2955,5.9857,9.0526,93.7238,6.2762,73.8793,26.9811
MKT-041_D027,MKT-041,Delhi NCR,Connaught Place,Retail,Premium,1,C,27,20260919,2.0.0,2026-09-19,221.6892,40638.6929,6.5462,5.0486,5.601,88.6637,11.3363,69.9201,32.4812
MKT-041_D028,MKT-041,Delhi NCR,Connaught Place,Retail,Premium,1,C,28,20260919,2.0.0,2026-09-19,172.9392,29254.1709,7.0939,4.938,4.1454,86.2254,13.7746,64.936,35.012
MKT-041_D029,MKT-041,Delhi NCR,Connaught Place,Retail,Premium,1,C,29,20260919,2.0.0,2026-09-19,210.3999,43067.6828,5.8624,4.6395,5.4869,94.4008,5.5992,70.2804,28.6416
MKT-041_D030,MKT-041,Delhi NCR,Connaught Place,Retail,Premium,1,C,30,20260919,2.0.0,2026-09-19,217.2309,41480.1425,6.2844,7.0691,7.6319,88.9885,11.0115,71.3667,31.9724
MKT-041_D031,MKT-041,Delhi NCR,Connaught Place,Retail,Premium,1,C,31,20260919,2.0.0,2026-09-19,190.0655,29881.1073,7.6329,2.9715,3.7231,84.1383,15.8617,64.3319,37.2728
MKT-041_D032,MKT-041,Delhi NCR,Connaught Place,Retail,Premium,1,C,32,20260919,2.0.0,2026-09-19,210.6532,38067.5654,6.6404,5.3523,6.342,90.9122,9.0878,67.1002,30.6086
MKT-041_D033,MKT-041,Delhi NCR,Connaught Place,Retail,Premium,1,C,33,20260919,2.0.0,2026-09-19,205.7437,37209.9672,6.6351,4.366,3.6341,87.3453,12.6547,65.3802,27.9996
MKT-041_D034,MKT-041,Delhi NCR,Connaught Place,Retail,Premium,1,C,34,20260919,2.0.0,2026-09-19,193.7749,33253.2361,6.9927,4.8778,3.8333,89.5729,10.4271,63.1957,34.8792
MKT-041_D035,MKT-041,Delhi NCR,Connaught Place,Retail,Premium,1,C,35,20260919,2.0.0,2026-09-19,228.5693,39794.2345,6.8925,4.8789,6.5281,91.3967,8.6033,68.9642,30.6357
MKT-041_D036,MKT-041,Delhi NCR,Connaught Place,Retail,Premium,1,C,36,20260919,2.0.0,2026-09-19,215.7337,38366.4588,6.7476,5.4534,6.4905,92.0577,7.9423,69.3603,31.1497
MKT-041_D037,MKT-041,Delhi NCR,Connaught Place,Retail,Premium,1,C,37,20260919,2.0.0,2026-09-19,181.7773,32940.7976,6.622,4.0812,5.8746,86.7619,13.2381,67.6054,35.039
MKT-041_D038,MKT-041,Delhi NCR,Connaught Place,Retail,Premium,1,C,38,20260919,2.0.0,2026-09-19,192.44,33590.3592,6.8748,4.9166,5.4052,86.9165,13.0835,69.4058,34.0769
MKT-041_D039,MKT-041,Delhi NCR,Connaught Place,Retail,Premium,1,C,39,20260919,2.0.0,2026-09-19,192.0419,34379.954,6.703,7.1871,7.1439,91.1242,8.8758,71.4075,30.4702
MKT-041_D040,MKT-041,Delhi NCR,Connaught Place,Retail,Premium,1,C,40,20260919,2.0.0,2026-09-19,194.8349,34704.9674,6.7368,4.4589,4.9315,85.9184,14.0816,71.4379,28.3389
MKT-041_D041,MKT-041,Delhi NCR,Connaught Place,Retail,Premium,1,C,41,20260919,2.0.0,2026-09-19,209.7724,40777.6134,6.1732,4.3917,4.766,85.9217,14.0783,64.7474,30.9075
MKT-041_D042,MKT-041,Delhi NCR,Connaught Place,Retail,Premium,1,C,42,20260919,2.0.0,2026-09-19,195.1755,35315.4153,6.632,4.2187,5.5508,89.2229,10.7771,64.2907,28.9499
MKT-041_D043,MKT-041,Delhi NCR,Connaught Place,Retail,Premium,1,C,43,20260919,2.0.0,2026-09-19,213.9676,36969.0036,6.9453,6.768,6.5398,88.4201,11.5799,72.4717,28.2318
MKT-041_D044,MKT-041,Delhi NCR,Connaught Place,Retail,Premium,1,C,44,20260919,2.0.0,2026-09-19,229.032,39703.3665,6.9223,4.8238,4.9856,86.1461,13.8539,68.5074,31.3847
MKT-041_D045,MKT-041,Delhi NCR,Connaught Place,Retail,Premium,1,C,45,20260919,2.0.0,2026-09-19,187.7978,34105.8402,6.6076,7.387,8.2212,88.1672,11.8328,70.9199,34.8269
MKT-041_D046,MKT-041,Delhi NCR,Connaught Place,Retail,Premium,1,C,46,20260919,2.0.0,2026-09-19,198.2553,36911.3308,6.4453,5.4952,6.6202,92.7087,7.2913,71.5132,28.3121
MKT-041_D047,MKT-041,Delhi NCR,Connaught Place,Retail,Premium,1,C,47,20260919,2.0.0,2026-09-19,199.3508,34988.8636,6.8371,5.4456,6.3905,88.6967,11.3033,66.7844,34.2178
MKT-041_D048,MKT-041,Delhi NCR,Connaught Place,Retail,Premium,1,C,48,20260919,2.0.0,2026-09-19,203.8934,38609.1702,6.3371,4.663,5.0726,92.6963,7.3037,67.926,30.1019
MKT-041_D049,MKT-041,Delhi NCR,Connaught Place,Retail,Premium,1,C,49,20260919,2.0.0,2026-09-19,189.0759,30957.2039,7.3292,5.7044,4.4153,86.5375,13.4625,70.0856,31.5882
MKT-041_D050,MKT-041,Delhi NCR,Connaught Place,Retail,Premium,1,C,50,20260919,2.0.0,2026-09-19,212.2961,38557.7124,6.6071,6.2173,7.0306,87.2154,12.7846,68.6011,31.586
MKT-041_D051,MKT-041,Delhi NCR,Connaught Place,Retail,Premium,1,C,51,20260919,2.0.0,2026-09-19,231.1115,40143.6434,6.9085,4.2916,6.0846,89.3142,10.6858,68.8043,29.9345
MKT-041_D052,MKT-041,Delhi NCR,Connaught Place,Retail,Premium,1,C,52,20260919,2.0.0,2026-09-19,238.804,44401.1104,6.454,5.2519,5.4059,85.8282,14.1718,70.0978,33.185
MKT-041_D053,MKT-041,Delhi NCR,Connaught Place,Retail,Premium,1,C,53,20260919,2.0.0,2026-09-19,204.592,37092.0179,6.619,5.0168,4.3355,91.2854,8.7146,69.8936,34.4227
MKT-041_D054,MKT-041,Delhi NCR,Connaught Place,Retail,Premium,1,C,54,20260919,2.0.0,2026-09-19,197.3935,35994.8679,6.5807,4.4943,7.1801,86.6244,13.3756,67.2998,30.1002
MKT-041_D055,MKT-041,Delhi NCR,Connaught Place,Retail,Premium,1,C,55,20260919,2.0.0,2026-09-19,229.362,41498.4142,6.6324,5.0493,5.5035,89.7824,10.2176,70.6547,30.4421
MKT-041_D056,MKT-041,Delhi NCR,Connaught Place,Retail,Premium,1,C,56,20260919,2.0.0,2026-09-19,250.7764,50356.7004,5.976,5.751,8.9625,92.1294,7.8706,75.7361,29.9899
MKT-041_D057,MKT-041,Delhi NCR,Connaught Place,Retail,Premium,1,C,57,20260919,2.0.0,2026-09-19,196.3432,38375.3495,6.1397,3.3358,4.5345,88.3543,11.6457,63.7142,36.6679
MKT-041_D058,MKT-041,Delhi NCR,Connaught Place,Retail,Premium,1,C,58,20260919,2.0.0,2026-09-19,195.182,38169.4026,6.1363,7.0375,9.7493,86.9702,13.0298,77.3148,29.0012
MKT-041_D059,MKT-041,Delhi NCR,Connaught Place,Retail,Premium,1,C,59,20260919,2.0.0,2026-09-19,203.4186,33977.4379,7.1842,5.7232,7.4441,89.1425,10.8575,72.5646,31.7109
MKT-041_D060,MKT-041,Delhi NCR,Connaught Place,Retail,Premium,1,C,60,20260919,2.0.0,2026-09-19,223.8526,41536.8152,6.4671,5.1353,4.3756,89.378,10.622,70.6664,31.2396
MKT-041_D061,MKT-041,Delhi NCR,Connaught Place,Retail,Premium,1,C,61,20260919,2.0.0,2026-09-19,225.2594,42065.0241,6.426,4.1491,6.762,93.8041,6.1959,70.4039,29.1373
MKT-041_D062,MKT-041,Delhi NCR,Connaught Place,Retail,Premium,1,C,62,20260919,2.0.0,2026-09-19,185.9365,33431.7478,6.674,3.0845,4.7789,87.6723,12.3277,61.8773,33.9992
MKT-041_D063,MKT-041,Delhi NCR,Connaught Place,Retail,Premium,1,C,63,20260919,2.0.0,2026-09-19,211.2349,34585.5033,7.3291,7.4568,6.8189,86.5149,13.4851,75.6358,31.6471
MKT-041_D064,MKT-041,Delhi NCR,Connaught Place,Retail,Premium,1,C,64,20260919,2.0.0,2026-09-19,203.3008,35918.5612,6.7921,7.1012,7.1169,90.8016,9.1984,74.9657,28.0357
MKT-042_D001,MKT-042,Hyderabad,Banjara Hills,Retail,Premium,2,D,1,20260919,2.0.0,2026-09-19,143.2931,26414.4122,6.5098,7.7912,9.0605,89.4221,10.5779,78.5529,29.3114
MKT-042_D002,MKT-042,Hyderabad,Banjara Hills,Retail,Premium,2,D,2,20260919,2.0.0,2026-09-19,158.0011,25849.6746,7.3348,5.9945,5.1098,89.499,10.501,73.8653,34.2021
MKT-042_D003,MKT-042,Hyderabad,Banjara Hills,Retail,Premium,2,D,3,20260919,2.0.0,2026-09-19,130.3677,22367.422,6.9942,4.8901,5.5082,86.9575,13.0425,66.9209,31.1876
MKT-042_D004,MKT-042,Hyderabad,Banjara Hills,Retail,Premium,2,D,4,20260919,2.0.0,2026-09-19,152.9491,28260.4075,6.4946,5.8343,8.8875,92.7643,7.2357,75.2962,31.9271
MKT-042_D005,MKT-042,Hyderabad,Banjara Hills,Retail,Premium,2,D,5,20260919,2.0.0,2026-09-19,115.3845,20805.9202,6.6549,6.1725,6.7849,84.9941,15.0059,68.0745,34.5645
MKT-042_D006,MKT-042,Hyderabad,Banjara Hills,Retail,Premium,2,D,6,20260919,2.0.0,2026-09-19,149.1164,25758.437,6.9468,6.0186,8.7259,94.9163,5.0837,74.7495,32.1771
MKT-042_D007,MKT-042,Hyderabad,Banjara Hills,Retail,Premium,2,D,7,20260919,2.0.0,2026-09-19,139.907,22510.503,7.4582,5.6669,4.7123,92.0592,7.9408,76.0241,28.6174
MKT-042_D008,MKT-042,Hyderabad,Banjara Hills,Retail,Premium,2,D,8,20260919,2.0.0,2026-09-19,157.0922,26118.0755,7.2176,3.6672,5.8567,83.5376,16.4624,70.8606,32.4406
MKT-042_D009,MKT-042,Hyderabad,Banjara Hills,Retail,Premium,2,D,9,20260919,2.0.0,2026-09-19,129.1473,19138.6652,8.0976,5.9581,5.845,82.9317,17.0683,65.0267,36.4701
MKT-042_D010,MKT-042,Hyderabad,Banjara Hills,Retail,Premium,2,D,10,20260919,2.0.0,2026-09-19,149.4788,22042.7089,8.1376,3.7608,5.9366,88.3907,11.6093,64.396,36.0985
MKT-042_D011,MKT-042,Hyderabad,Banjara Hills,Retail,Premium,2,D,11,20260919,2.0.0,2026-09-19,139.8746,23807.8116,7.0502,6.158,7.9036,91.517,8.483,70.3867,30.0733
MKT-042_D012,MKT-042,Hyderabad,Banjara Hills,Retail,Premium,2,D,12,20260919,2.0.0,2026-09-19,151.4768,27819.3626,6.534,4.8486,6.3746,89.9898,10.0102,69.9049,34.4597
MKT-042_D013,MKT-042,Hyderabad,Banjara Hills,Retail,Premium,2,D,13,20260919,2.0.0,2026-09-19,137.4656,20682.3912,7.9758,3.3025,4.7962,82.6507,17.3493,67.0054,33.5456
MKT-042_D014,MKT-042,Hyderabad,Banjara Hills,Retail,Premium,2,D,14,20260919,2.0.0,2026-09-19,114.5439,17794.5973,7.7244,5.0612,6.3348,83.7522,16.2478,68.5463,33.6626
MKT-042_D015,MKT-042,Hyderabad,Banjara Hills,Retail,Premium,2,D,15,20260919,2.0.0,2026-09-19,121.7226,17614.6294,8.2924,3.7429,4.8075,83.4079,16.5921,62.9943,36.8154
MKT-042_D016,MKT-042,Hyderabad,Banjara Hills,Retail,Premium,2,D,16,20260919,2.0.0,2026-09-19,125.7618,23088.259,6.5364,5.3959,4.3856,90.2744,9.7256,69.7577,34.8769
MKT-042_D017,MKT-042,Hyderabad,Banjara Hills,Retail,Premium,2,D,17,20260919,2.0.0,2026-09-19,164.5989,30097.5329,6.5626,5.0535,5.5619,90.2405,9.7595,71.3392,29.4854
MKT-042_D018,MKT-042,Hyderabad,Banjara Hills,Retail,Premium,2,D,18,20260919,2.0.0,2026-09-19,121.5259,19140.5653,7.619,6.0958,7.3753,85.1996,14.8004,71.7273,34.4245
MKT-042_D019,MKT-042,Hyderabad,Banjara Hills,Retail,Premium,2,D,19,20260919,2.0.0,2026-09-19,145.5532,26240.3462,6.6563,7.4368,7.5312,91.429,8.571,72.6676,29.9751
MKT-042_D020,MKT-042,Hyderabad,Banjara Hills,Retail,Premium,2,D,20,20260919,2.0.0,2026-09-19,120.2743,22317.3218,6.4671,5.5872,8.6874,91.1837,8.8163,68.3436,28.3783
MKT-042_D021,MKT-042,Hyderabad,Banjara Hills,Retail,Premium,2,D,21,20260919,2.0.0,2026-09-19,138.7031,22423.1388,7.4229,4.5582,6.7095,92.3609,7.6391,68.6295,28.9757
MKT-042_D022,MKT-042,Hyderabad,Banjara Hills,Retail,Premium,2,D,22,20260919,2.0.0,2026-09-19,146.4948,25525.7506,6.8869,5.344,5.4648,85.1771,14.8229,66.1416,31.8659
MKT-042_D023,MKT-042,Hyderabad,Banjara Hills,Retail,Premium,2,D,23,20260919,2.0.0,2026-09-19,128.0112,21450.4434,7.1613,6.1103,6.8397,83.6181,16.3819,68.4233,33.9681
MKT-042_D024,MKT-042,Hyderabad,Banjara Hills,Retail,Premium,2,D,24,20260919,2.0.0,2026-09-19,158.309,26180.4007,7.2562,5.2587,4.825,85.7098,14.2902,75.2052,30.2562
MKT-042_D025,MKT-042,Hyderabad,Banjara Hills,Retail,Premium,2,D,25,20260919,2.0.0,2026-09-19,159.9175,28683.6151,6.6903,5.3942,6.3716,86.9699,13.0301,73.0208,27.3024
MKT-042_D026,MKT-042,Hyderabad,Banjara Hills,Retail,Premium,2,D,26,20260919,2.0.0,2026-09-19,183.001,32828.6439,6.6893,8.5172,9.0648,93.0699,6.9301,80.5837,26.1908
MKT-042_D027,MKT-042,Hyderabad,Banjara Hills,Retail,Premium,2,D,27,20260919,2.0.0,2026-09-19,150.2303,23573.1039,7.6475,4.9679,5.2686,88.1634,11.8366,67.73,31.1554
MKT-042_D028,MKT-042,Hyderabad,Banjara Hills,Retail,Premium,2,D,28,20260919,2.0.0,2026-09-19,145.1536,23082.2944,7.5462,5.9782,7.5852,85.8302,14.1698,68.6434,35.1787
MKT-042_D029,MKT-042,Hyderabad,Banjara Hills,Retail,Premium,2,D,29,20260919,2.0.0,2026-09-19,133.9972,21208.744,7.5816,3.1353,6.5159,89.5013,10.4987,71.509,32.173
MKT-042_D030,MKT-042,Hyderabad,Banjara Hills,Retail,Premium,2,D,30,20260919,2.0.0,2026-09-19,140.7763,22615.9165,7.4696,4.5249,8.1227,88.3763,11.6237,72.5585,32.0156
MKT-042_D031,MKT-042,Hyderabad,Banjara Hills,Retail,Premium,2,D,31,20260919,2.0.0,2026-09-19,121.0445,17791.3717,8.1643,5.4614,4.878,86.1806,13.8194,67.5078,33.6443
MKT-042_D032,MKT-042,Hyderabad,Banjara Hills,Retail,Premium,2,D,32,20260919,2.0.0,2026-09-19,160.2726,29735.5757,6.4679,7.1589,6.7329,95.4651,4.5349,77.8168,29.858
MKT-042_D033,MKT-042,Hyderabad,Banjara Hills,Retail,Premium,2,D,33,20260919,2.0.0,2026-09-19,165.9151,31773.7726,6.2661,5.3962,8.3132,91.4264,8.5736,78.2839,28.6976
MKT-042_D034,MKT-042,Hyderabad,Banjara Hills,Retail,Premium,2,D,34,20260919,2.0.0,2026-09-19,150.3439,22611.5615,7.9788,5.4994,6.1642,86.9999,13.0001,73.6627,35.182
MKT-042_D035,MKT-042,Hyderabad,Banjara Hills,Retail,Premium,2,D,35,20260919,2.0.0,2026-09-19,130.1843,21331.2627,7.3236,5.2231,8.8483,87.3831,12.6169,66.1934,30.6838
MKT-042_D036,MKT-042,Hyderabad,Banjara Hills,Retail,Premium,2,D,36,20260919,2.0.0,2026-09-19,154.9435,24610.939,7.5549,6.5374,6.0875,88.8724,11.1276,69.428,29.5131
MKT-042_D037,MKT-042,Hyderabad,Banjara Hills,Retail,Premium,2,D,37,20260919,2.0.0,2026-09-19,131.1335,22125.3174,7.1122,6.0349,6.0995,89.6443,10.3557,62.9314,29.06
MKT-042_D038,MKT-042,Hyderabad,Banjara Hills,Retail,Premium,2,D,38,20260919,2.0.0,2026-09-19,169.7307,27652.1656,7.3657,4.2805,6.2186,86.9457,13.0543,66.6883,32.652
MKT-042_D039,MKT-042,Hyderabad,Banjara Hills,Retail,Premium,2,D,39,20260919,2.0.0,2026-09-19,160.3028,24190.2802,7.9521,4.6242,4.4502,85.6946,14.3054,69.4494,33.1312
MKT-042_D040,MKT-042,Hyderabad,Banjara Hills,Retail,Premium,2,D,40,20260919,2.0.0,2026-09-19,150.7101,27006.2859,6.6967,6.8922,7.6761,88.1744,11.8256,67.0347,33.3515
MKT-042_D041,MKT-042,Hyderabad,Banjara Hills,Retail,Premium,2,D,41,20260919,2.0.0,2026-09-19,164.0441,29758.7765,6.615,5.3942,8.3923,93.8313,6.1687,75.773,28.2151
MKT-042_D042,MKT-042,Hyderabad,Banjara Hills,Retail,Premium,2,D,42,20260919,2.0.0,2026-09-19,124.7758,19801.7128,7.5615,3.6491,4.5526,88.4908,11.5092,65.7806,33.3831
MKT-042_D043,MKT-042,Hyderabad,Banjara Hills,Retail,Premium,2,D,43,20260919,2.0.0,2026-09-19,148.6107,30178.1795,5.9093,5.6555,8.6212,84.206,15.794,68.3507,31.1583
MKT-042_D044,MKT-042,Hyderabad,Banjara Hills,Retail,Premium,2,D,44,20260919,2.0.0,2026-09-19,118.0827,20950.7977,6.7634,7.3588,5.3773,87.5135,12.4865,72.1481,32.1764
MKT-042_D045,MKT-042,Hyderabad,Banjara Hills,Retail,Premium,2,D,45,20260919,2.0.0,2026-09-19,164.4054,32408.1843,6.0876,7.2191,7.8809,92.57,7.43,74.9095,32.5892
MKT-042_D046,MKT-042,Hyderabad,Banjara Hills,Retail,Premium,2,D,46,20260919,2.0.0,2026-09-19,157.0923,27702.9258,6.8047,5.5118,6.5072,91.2504,8.7496,71.572,29.6216
MKT-042_D047,MKT-042,Hyderabad,Banjara Hills,Retail,Premium,2,D,47,20260919,2.0.0,2026-09-19,136.3608,19536.4882,8.3758,3.5361,5.3792,87.7054,12.2946,68.5869,32.8072
MKT-042_D048,MKT-042,Hyderabad,Banjara Hills,Retail,Premium,2,D,48,20260919,2.0.0,2026-09-19,148.9145,25292.9205,7.0651,6.529,7.1928,91.9912,8.0088,75.5231,31.11
MKT-042_D049,MKT-042,Hyderabad,Banjara Hills,Retail,Premium,2,D,49,20260919,2.0.0,2026-09-19,126.6191,21168.416,7.1778,7.5357,7.7236,86.3488,13.6512,73.8379,30.1401
MKT-042_D050,MKT-042,Hyderabad,Banjara Hills,Retail,Premium,2,D,50,20260919,2.0.0,2026-09-19,138.642,21569.6065,7.7132,4.7012,7.5207,85.5452,14.4548,69.9779,33.9831
MKT-043_D001,MKT-043,Pune,MG Road / Camp,Retail,Established,2,D,1,20260919,2.0.0,2026-09-19,104.455,15007.8459,8.352,2.9596,4.2447,86.402,13.598,60.9686,38.8596
MKT-043_D002,MKT-043,Pune,MG Road / Camp,Retail,Established,2,D,2,20260919,2.0.0,2026-09-19,126.0066,20065.6496,7.5357,7.803,6.9907,90.4808,9.5192,69.6326,37.7585
MKT-043_D003,MKT-043,Pune,MG Road / Camp,Retail,Established,2,D,3,20260919,2.0.0,2026-09-19,112.9537,16370.6222,8.2797,2.4475,4.201,86.0536,13.9464,55.8942,38.83
MKT-043_D004,MKT-043,Pune,MG Road / Camp,Retail,Established,2,D,4,20260919,2.0.0,2026-09-19,131.8149,20734.5073,7.6287,4.0222,5.3663,91.6933,8.3067,70.7362,36.9998
MKT-043_D005,MKT-043,Pune,MG Road / Camp,Retail,Established,2,D,5,20260919,2.0.0,2026-09-19,110.6197,16687.2849,7.9548,5.2973,4.4021,80.373,19.627,61.9919,37.5163
MKT-043_D006,MKT-043,Pune,MG Road / Camp,Retail,Established,2,D,6,20260919,2.0.0,2026-09-19,104.0171,16100.4716,7.7526,3.9073,5.7909,87.6391,12.3609,62.9298,38.4846
MKT-043_D007,MKT-043,Pune,MG Road / Camp,Retail,Established,2,D,7,20260919,2.0.0,2026-09-19,126.616,20373.3073,7.4578,6.6458,5.205,84.9072,15.0928,66.5281,41.3261
MKT-043_D008,MKT-043,Pune,MG Road / Camp,Retail,Established,2,D,8,20260919,2.0.0,2026-09-19,121.34,17940.858,8.116,7.5356,6.8935,91.5003,8.4997,69.9737,34.2854
MKT-043_D009,MKT-043,Pune,MG Road / Camp,Retail,Established,2,D,9,20260919,2.0.0,2026-09-19,124.204,17785.4104,8.3802,3.5938,7.0908,84.8749,15.1251,65.2807,42.0719
MKT-043_D010,MKT-043,Pune,MG Road / Camp,Retail,Established,2,D,10,20260919,2.0.0,2026-09-19,107.3718,16582.8401,7.7698,5.7358,5.6605,89.4367,10.5633,61.6003,40.7657
MKT-043_D011,MKT-043,Pune,MG Road / Camp,Retail,Established,2,D,11,20260919,2.0.0,2026-09-19,115.3203,17216.3464,8.038,4.7989,6.5517,91.4285,8.5715,66.294,37.5903
MKT-043_D012,MKT-043,Pune,MG Road / Camp,Retail,Established,2,D,12,20260919,2.0.0,2026-09-19,117.7128,16131.9943,8.7562,4.2805,5.9589,81.7696,18.2304,63.317,41.7605
MKT-043_D013,MKT-043,Pune,MG Road / Camp,Retail,Established,2,D,13,20260919,2.0.0,2026-09-19,116.0689,18139.482,7.6784,4.9054,5.1263,87.7438,12.2562,68.6794,37.7121
MKT-043_D014,MKT-043,Pune,MG Road / Camp,Retail,Established,2,D,14,20260919,2.0.0,2026-09-19,93.9874,11264.3093,10.0126,3.8307,2.6923,79.5264,20.4736,56.2118,44.1168
MKT-043_D015,MKT-043,Pune,MG Road / Camp,Retail,Established,2,D,15,20260919,2.0.0,2026-09-19,126.6678,18584.1609,8.1791,5.2603,5.9778,87.5181,12.4819,68.0041,37.5417
MKT-043_D016,MKT-043,Pune,MG Road / Camp,Retail,Established,2,D,16,20260919,2.0.0,2026-09-19,115.1356,15248.2251,9.0609,5.0831,4.9032,82.5883,17.4117,60.0173,42.9673
MKT-043_D017,MKT-043,Pune,MG Road / Camp,Retail,Established,2,D,17,20260919,2.0.0,2026-09-19,114.9679,19805.2897,6.9659,6.6869,6.5951,91.0612,8.9388,70.8496,33.9837
MKT-043_D018,MKT-043,Pune,MG Road / Camp,Retail,Established,2,D,18,20260919,2.0.0,2026-09-19,117.1909,16617.0741,8.4629,7.8108,8.3846,85.0634,14.9366,61.9755,39.601
MKT-043_D019,MKT-043,Pune,MG Road / Camp,Retail,Established,2,D,19,20260919,2.0.0,2026-09-19,143.0045,22364.0925,7.6733,5.8826,6.5853,85.7024,14.2976,66.0252,38.1484
MKT-043_D020,MKT-043,Pune,MG Road / Camp,Retail,Established,2,D,20,20260919,2.0.0,2026-09-19,101.7811,14059.7739,8.687,4.6207,6.4469,84.6427,15.3573,62.2088,43.1799
MKT-043_D021,MKT-043,Pune,MG Road / Camp,Retail,Established,2,D,21,20260919,2.0.0,2026-09-19,127.7645,19838.7284,7.7282,6.3307,6.3424,86.8509,13.1491,64.6786,37.1438
MKT-043_D022,MKT-043,Pune,MG Road / Camp,Retail,Established,2,D,22,20260919,2.0.0,2026-09-19,109.1447,16746.5477,7.8209,3.3615,5.1143,86.1116,13.8884,59.9726,39.3002
MKT-043_D023,MKT-043,Pune,MG Road / Camp,Retail,Established,2,D,23,20260919,2.0.0,2026-09-19,121.1133,16729.3479,8.6875,4.9461,5.5464,80.727,19.273,61.4046,41.917
MKT-043_D024,MKT-043,Pune,MG Road / Camp,Retail,Established,2,D,24,20260919,2.0.0,2026-09-19,134.9718,21149.4179,7.6582,4.1353,7.6828,88.7928,11.2072,65.5733,37.7722
MKT-043_D025,MKT-043,Pune,MG Road / Camp,Retail,Established,2,D,25,20260919,2.0.0,2026-09-19,137.2026,21577.777,7.6302,5.4994,5.2525,81.4675,18.5325,64.7579,36.5808
MKT-043_D026,MKT-043,Pune,MG Road / Camp,Retail,Established,2,D,26,20260919,2.0.0,2026-09-19,114.4014,18102.6482,7.5835,5.736,5.5972,88.948,11.052,60.5524,42.5912
MKT-043_D027,MKT-043,Pune,MG Road / Camp,Retail,Established,2,D,27,20260919,2.0.0,2026-09-19,122.3305,19049.9844,7.7059,5.9071,6.2461,90.0942,9.9058,66.7726,40.707
MKT-043_D028,MKT-043,Pune,MG Road / Camp,Retail,Established,2,D,28,20260919,2.0.0,2026-09-19,116.8898,14228.272,9.8584,2.964,4.0121,79.0895,20.9105,54.5377,44.2425
MKT-043_D029,MKT-043,Pune,MG Road / Camp,Retail,Established,2,D,29,20260919,2.0.0,2026-09-19,119.2262,17194.509,8.3208,4.3275,7.2565,80.3382,19.6618,66.1801,42.1032
MKT-043_D030,MKT-043,Pune,MG Road / Camp,Retail,Established,2,D,30,20260919,2.0.0,2026-09-19,118.0372,15674.4379,9.0367,2.5008,4.5859,86.7784,13.2216,61.3674,44.767
MKT-043_D031,MKT-043,Pune,MG Road / Camp,Retail,Established,2,D,31,20260919,2.0.0,2026-09-19,118.5379,16654.5669,8.5409,3.7397,4.0275,83.4478,16.5522,57.3563,43.0025
MKT-043_D032,MKT-043,Pune,MG Road / Camp,Retail,Established,2,D,32,20260919,2.0.0,2026-09-19,131.7834,18051.7462,8.7604,6.7785,5.5663,88.5668,11.4332,71.0554,38.8967
MKT-043_D033,MKT-043,Pune,MG Road / Camp,Retail,Established,2,D,33,20260919,2.0.0,2026-09-19,108.6827,14657.0365,8.8981,4.9094,6.665,86.7131,13.2869,65.3658,40.7256
MKT-043_D034,MKT-043,Pune,MG Road / Camp,Retail,Established,2,D,34,20260919,2.0.0,2026-09-19,120.6182,18120.8321,7.9876,5.7251,4.4732,89.4091,10.5909,64.7201,40.22
MKT-043_D035,MKT-043,Pune,MG Road / Camp,Retail,Established,2,D,35,20260919,2.0.0,2026-09-19,137.9406,18205.2137,9.0924,4.7501,8.3617,85.5364,14.4636,63.1418,44.129
MKT-043_D036,MKT-043,Pune,MG Road / Camp,Retail,Established,2,D,36,20260919,2.0.0,2026-09-19,131.7099,19740.1829,8.0066,6.5764,6.1601,84.7589,15.2411,66.0875,36.8559
MKT-043_D037,MKT-043,Pune,MG Road / Camp,Retail,Established,2,D,37,20260919,2.0.0,2026-09-19,118.1655,17168.6476,8.2592,4.3798,6.2213,78.8813,21.1187,60.82,44.2151
MKT-043_D038,MKT-043,Pune,MG Road / Camp,Retail,Established,2,D,38,20260919,2.0.0,2026-09-19,116.9276,20303.8891,6.9107,6.5201,7.1216,85.4711,14.5289,64.6015,35.8291
MKT-043_D039,MKT-043,Pune,MG Road / Camp,Retail,Established,2,D,39,20260919,2.0.0,2026-09-19,124.918,21178.6925,7.0779,6.2219,5.2312,88.3987,11.6013,69.3698,35.5624
MKT-043_D040,MKT-043,Pune,MG Road / Camp,Retail,Established,2,D,40,20260919,2.0.0,2026-09-19,134.6496,22651.8491,7.1332,5.785,5.1631,90.2318,9.7682,67.9271,36.2179
MKT-043_D041,MKT-043,Pune,MG Road / Camp,Retail,Established,2,D,41,20260919,2.0.0,2026-09-19,126.4658,18508.2193,8.1995,4.7661,4.8533,85.6976,14.3024,64.4848,39.6056
MKT-043_D042,MKT-043,Pune,MG Road / Camp,Retail,Established,2,D,42,20260919,2.0.0,2026-09-19,115.1759,15439.9986,8.9515,3.2302,4.2318,82.3676,17.6324,63.0064,42.0975
MKT-043_D043,MKT-043,Pune,MG Road / Camp,Retail,Established,2,D,43,20260919,2.0.0,2026-09-19,145.61,27640.0577,6.3217,5.4112,6.0626,90.453,9.547,67.9277,34.3146
MKT-044_D001,MKT-044,Kolkata,Park Street,Retail,Established,3,D,1,20260919,2.0.0,2026-09-19,89.092,9459.7082,11.3017,4.176,3.9082,85.0336,14.9664,60.5872,42.7862
MKT-044_D002,MKT-044,Kolkata,Park Street,Retail,Established,3,D,2,20260919,2.0.0,2026-09-19,99.2448,13045.7362,9.1289,5.3986,6.8874,83.0464,16.9536,62.5904,40.4012
MKT-044_D003,MKT-044,Kolkata,Park Street,Retail,Established,3,D,3,20260919,2.0.0,2026-09-19,111.4938,16663.1618,8.0292,5.4478,7.9071,88.275,11.725,65.0083,40.6183
MKT-044_D004,MKT-044,Kolkata,Park Street,Retail,Established,3,D,4,20260919,2.0.0,2026-09-19,133.1176,19686.7256,8.1142,5.5266,3.7821,88.5008,11.4992,63.1312,39.8785
MKT-044_D005,MKT-044,Kolkata,Park Street,Retail,Established,3,D,5,20260919,2.0.0,2026-09-19,110.7923,15483.0555,8.5869,4.6558,4.3263,82.6643,17.3357,59.8354,41.5938
MKT-044_D006,MKT-044,Kolkata,Park Street,Retail,Established,3,D,6,20260919,2.0.0,2026-09-19,110.1792,12950.791,10.209,3.0277,2.8475,78.4541,21.5459,60.4203,40.9165
MKT-044_D007,MKT-044,Kolkata,Park Street,Retail,Established,3,D,7,20260919,2.0.0,2026-09-19,110.4383,14114.8403,9.3891,5.6979,5.1979,85.9487,14.0513,66.7706,35.8616
MKT-044_D008,MKT-044,Kolkata,Park Street,Retail,Established,3,D,8,20260919,2.0.0,2026-09-19,107.7937,14321.7376,9.0319,4.8141,4.8685,83.5195,16.4805,59.3629,42.6072
MKT-044_D009,MKT-044,Kolkata,Park Street,Retail,Established,3,D,9,20260919,2.0.0,2026-09-19,117.3541,20414.0445,6.8984,6.1051,6.3309,88.5379,11.4621,61.6321,34.9506
MKT-044_D010,MKT-044,Kolkata,Park Street,Retail,Established,3,D,10,20260919,2.0.0,2026-09-19,99.6866,14615.9857,8.1845,7.184,5.8302,86.609,13.391,64.0833,37.7245
MKT-044_D011,MKT-044,Kolkata,Park Street,Retail,Established,3,D,11,20260919,2.0.0,2026-09-19,120.362,15664.2453,9.2206,6.9789,5.1047,85.2553,14.7447,63.5355,43.761
MKT-044_D012,MKT-044,Kolkata,Park Street,Retail,Established,3,D,12,20260919,2.0.0,2026-09-19,116.3543,15419.1592,9.0553,7.5781,8.0075,87.5711,12.4289,69.0549,37.1785
MKT-044_D013,MKT-044,Kolkata,Park Street,Retail,Established,3,D,13,20260919,2.0.0,2026-09-19,99.6893,13706.6449,8.7277,5.2658,6.6508,86.5346,13.4654,66.8792,43.6313
MKT-044_D014,MKT-044,Kolkata,Park Street,Retail,Established,3,D,14,20260919,2.0.0,2026-09-19,103.2767,16351.3595,7.5793,5.7437,4.5749,87.1113,12.8887,64.1505,40.7633
MKT-044_D015,MKT-044,Kolkata,Park Street,Retail,Established,3,D,15,20260919,2.0.0,2026-09-19,118.3,16042.115,8.8492,3.9883,4.9631,80.6145,19.3855,61.6269,44.9039
MKT-044_D016,MKT-044,Kolkata,Park Street,Retail,Established,3,D,16,20260919,2.0.0,2026-09-19,106.3524,12132.9724,10.5187,2.4466,3.0196,81.9204,18.0796,56.7406,44.3009
MKT-044_D017,MKT-044,Kolkata,Park Street,Retail,Established,3,D,17,20260919,2.0.0,2026-09-19,114.1819,15049.0883,9.1048,4.5049,6.0714,86.3505,13.6495,62.0641,39.7516
MKT-044_D018,MKT-044,Kolkata,Park Street,Retail,Established,3,D,18,20260919,2.0.0,2026-09-19,96.8994,16429.4453,7.0775,7.46,7.7124,90.0848,9.9152,65.5801,39.2444
MKT-044_D019,MKT-044,Kolkata,Park Street,Retail,Established,3,D,19,20260919,2.0.0,2026-09-19,144.0819,17150.9753,10.081,4.5234,4.5778,89.0291,10.9709,67.1673,41.1757
MKT-044_D020,MKT-044,Kolkata,Park Street,Retail,Established,3,D,20,20260919,2.0.0,2026-09-19,89.4363,10838.3739,9.9022,3.7646,4.347,80.3882,19.6118,58.882,40.6901
MKT-044_D021,MKT-044,Kolkata,Park Street,Retail,Established,3,D,21,20260919,2.0.0,2026-09-19,111.1035,14471.8727,9.2126,6.743,7.2077,86.5304,13.4696,70.8159,39.3925
MKT-044_D022,MKT-044,Kolkata,Park Street,Retail,Established,3,D,22,20260919,2.0.0,2026-09-19,106.72,13784.3239,9.2906,7.2142,5.5464,90.1457,9.8543,67.1688,41.1114
MKT-044_D023,MKT-044,Kolkata,Park Street,Retail,Established,3,D,23,20260919,2.0.0,2026-09-19,99.8504,13215.4013,9.0667,2.3829,2.8443,80.2966,19.7034,57.2913,39.9248
MKT-044_D024,MKT-044,Kolkata,Park Street,Retail,Established,3,D,24,20260919,2.0.0,2026-09-19,100.4795,13010.021,9.2679,6.209,6.0634,91.6039,8.3961,65.8362,39.0291
MKT-044_D025,MKT-044,Kolkata,Park Street,Retail,Established,3,D,25,20260919,2.0.0,2026-09-19,103.6836,15802.4659,7.8735,6.8372,7.3116,90.1285,9.8715,72.9032,38.1455
MKT-044_D026,MKT-044,Kolkata,Park Street,Retail,Established,3,D,26,20260919,2.0.0,2026-09-19,128.5141,20145.1267,7.6553,6.321,4.143,89.2722,10.7278,64.5934,34.2867
MKT-045_D001,MKT-045,Bengaluru,MG Road / Brigade Road,Retail,Premium,1,C,1,20260919,2.0.0,2026-09-19,191.9506,38683.0271,5.9546,7.1381,7.5282,91.7714,8.2286,69.733,29.0685
MKT-045_D002,MKT-045,Bengaluru,MG Road / Brigade Road,Retail,Premium,1,C,2,20260919,2.0.0,2026-09-19,195.0685,32030.0059,7.3082,6.016,5.9525,94.4369,5.5631,73.3587,30.0247
MKT-045_D003,MKT-045,Bengaluru,MG Road / Brigade Road,Retail,Premium,1,C,3,20260919,2.0.0,2026-09-19,172.3512,33237.872,6.2225,5.7023,5.3176,91.6091,8.3909,71.5482,28.9044
MKT-045_D004,MKT-045,Bengaluru,MG Road / Brigade Road,Retail,Premium,1,C,4,20260919,2.0.0,2026-09-19,159.6386,26025.001,7.3609,4.123,4.9081,85.5812,14.4188,62.8785,37.0294
MKT-045_D005,MKT-045,Bengaluru,MG Road / Brigade Road,Retail,Premium,1,C,5,20260919,2.0.0,2026-09-19,211.7202,35870.7578,7.0828,4.4199,6.0558,92.2406,7.7594,67.7979,28.7002
MKT-045_D006,MKT-045,Bengaluru,MG Road / Brigade Road,Retail,Premium,1,C,6,20260919,2.0.0,2026-09-19,218.8571,36944.994,7.1086,6.6828,8.7738,85.8095,14.1905,71.8779,30.1079
MKT-045_D007,MKT-045,Bengaluru,MG Road / Brigade Road,Retail,Premium,1,C,7,20260919,2.0.0,2026-09-19,207.4804,37569.4863,6.6271,4.9357,5.9774,87.8674,12.1326,71.8189,30.1772
MKT-045_D008,MKT-045,Bengaluru,MG Road / Brigade Road,Retail,Premium,1,C,8,20260919,2.0.0,2026-09-19,226.7011,40767.6236,6.673,5.6937,8.8194,92.2563,7.7437,79.7123,27.7441
MKT-045_D009,MKT-045,Bengaluru,MG Road / Brigade Road,Retail,Premium,1,C,9,20260919,2.0.0,2026-09-19,193.7832,32571.5975,7.1393,7.0523,8.8225,84.0479,15.9521,73.8634,30.9433
MKT-045_D010,MKT-045,Bengaluru,MG Road / Brigade Road,Retail,Premium,1,C,10,20260919,2.0.0,2026-09-19,208.1108,36119.361,6.9141,4.4612,5.3119,88.8267,11.1733,72.5792,31.2544
MKT-045_D011,MKT-045,Bengaluru,MG Road / Brigade Road,Retail,Premium,1,C,11,20260919,2.0.0,2026-09-19,190.6045,35304.5216,6.4786,3.3677,4.7096,91.4375,8.5625,64.3733,37.359
MKT-045_D012,MKT-045,Bengaluru,MG Road / Brigade Road,Retail,Premium,1,C,12,20260919,2.0.0,2026-09-19,193.5259,38372.3204,6.052,6.5597,9.2354,95.1255,4.8745,71.5794,28.6288
MKT-045_D013,MKT-045,Bengaluru,MG Road / Brigade Road,Retail,Premium,1,C,13,20260919,2.0.0,2026-09-19,179.1054,28483.7565,7.5456,4.8951,5.1634,87.5543,12.4457,67.7375,33.072
MKT-045_D014,MKT-045,Bengaluru,MG Road / Brigade Road,Retail,Premium,1,C,14,20260919,2.0.0,2026-09-19,183.9566,33012.3969,6.6868,7.001,6.846,87.7521,12.2479,72.4479,28.869
MKT-045_D015,MKT-045,Bengaluru,MG Road / Brigade Road,Retail,Premium,1,C,15,20260919,2.0.0,2026-09-19,203.4296,38425.9519,6.3529,6.6925,6.034,91.199,8.801,69.329,31.402
MKT-045_D016,MKT-045,Bengaluru,MG Road / Brigade Road,Retail,Premium,1,C,16,20260919,2.0.0,2026-09-19,173.6665,29713.2767,7.0137,5.6143,6.02,92.0742,7.9258,74.069,30.4605
MKT-045_D017,MKT-045,Bengaluru,MG Road / Brigade Road,Retail,Premium,1,C,17,20260919,2.0.0,2026-09-19,187.842,30541.6049,7.3804,6.6272,7.4538,90.0882,9.9118,74.9807,30.896
MKT-045_D018,MKT-045,Bengaluru,MG Road / Brigade Road,Retail,Premium,1,C,18,20260919,2.0.0,2026-09-19,194.7214,35451.391,6.5912,8.2597,8.9472,92.0907,7.9093,79.3963,27.2009
MKT-045_D019,MKT-045,Bengaluru,MG Road / Brigade Road,Retail,Premium,1,C,19,20260919,2.0.0,2026-09-19,180.5994,31279.6965,6.9284,4.0237,6.4746,90.6721,9.3279,71.1165,33.92
MKT-045_D020,MKT-045,Bengaluru,MG Road / Brigade Road,Retail,Premium,1,C,20,20260919,2.0.0,2026-09-19,202.4884,34356.1,7.0726,5.5421,6.2498,90.1235,9.8765,71.6143,31.8108
MKT-045_D021,MKT-045,Bengaluru,MG Road / Brigade Road,Retail,Premium,1,C,21,20260919,2.0.0,2026-09-19,195.7319,33743.6722,6.9607,3.4894,4.9984,85.104,14.896,66.3288,33.2956
MKT-045_D022,MKT-045,Bengaluru,MG Road / Brigade Road,Retail,Premium,1,C,22,20260919,2.0.0,2026-09-19,191.5479,32826.5448,7.0022,4.7612,6.1347,88.2805,11.7195,72.0821,31.6179
MKT-045_D023,MKT-045,Bengaluru,MG Road / Brigade Road,Retail,Premium,1,C,23,20260919,2.0.0,2026-09-19,203.192,39759.5019,6.1326,5.5104,8.419,92.5638,7.4362,70.4501,30.5647
MKT-045_D024,MKT-045,Bengaluru,MG Road / Brigade Road,Retail,Premium,1,C,24,20260919,2.0.0,2026-09-19,184.1503,30445.9503,7.2581,4.7403,6.3936,86.4139,13.5861,69.7975,32.854
MKT-045_D025,MKT-045,Bengaluru,MG Road / Brigade Road,Retail,Premium,1,C,25,20260919,2.0.0,2026-09-19,176.2548,33112.2666,6.3875,4.988,6.6383,92.594,7.406,77.0533,31.7286
MKT-045_D026,MKT-045,Bengaluru,MG Road / Brigade Road,Retail,Premium,1,C,26,20260919,2.0.0,2026-09-19,192.9691,32623.9877,7.0979,6.2261,5.2381,91.6867,8.3133,76.0793,31.2703
MKT-045_D027,MKT-045,Bengaluru,MG Road / Brigade Road,Retail,Premium,1,C,27,20260919,2.0.0,2026-09-19,176.559,34037.8611,6.2246,8.4041,8.8105,91.6624,8.3376,79.9532,26.9917
MKT-045_D028,MKT-045,Bengaluru,MG Road / Brigade Road,Retail,Premium,1,C,28,20260919,2.0.0,2026-09-19,181.8746,33271.4425,6.5597,5.0132,5.3554,91.3639,8.6361,68.3015,33.952
MKT-045_D029,MKT-045,Bengaluru,MG Road / Brigade Road,Retail,Premium,1,C,29,20260919,2.0.0,2026-09-19,197.627,33971.2533,6.981,7.1836,7.8149,91.2622,8.7378,78.3071,35.388
MKT-045_D030,MKT-045,Bengaluru,MG Road / Brigade Road,Retail,Premium,1,C,30,20260919,2.0.0,2026-09-19,218.8228,36323.6622,7.2291,5.7127,7.6931,86.3668,13.6332,72.5528,36.4307
MKT-045_D031,MKT-045,Bengaluru,MG Road / Brigade Road,Retail,Premium,1,C,31,20260919,2.0.0,2026-09-19,194.6951,37085.12,6.2999,6.0013,8.9073,92.8464,7.1536,77.7615,31.9506
MKT-045_D032,MKT-045,Bengaluru,MG Road / Brigade Road,Retail,Premium,1,C,32,20260919,2.0.0,2026-09-19,191.846,35546.249,6.4765,7.0498,6.4102,89.4729,10.5271,68.0466,28.4356
MKT-045_D033,MKT-045,Bengaluru,MG Road / Brigade Road,Retail,Premium,1,C,33,20260919,2.0.0,2026-09-19,177.7106,30548.6713,6.9808,4.1417,5.5853,88.0213,11.9787,72.8008,34.961
MKT-045_D034,MKT-045,Bengaluru,MG Road / Brigade Road,Retail,Premium,1,C,34,20260919,2.0.0,2026-09-19,182.252,32287.4751,6.7736,6.5351,8.8286,86.9973,13.0027,75.0888,33.3306
MKT-045_D035,MKT-045,Bengaluru,MG Road / Brigade Road,Retail,Premium,1,C,35,20260919,2.0.0,2026-09-19,201.8281,36125.4105,6.7042,6.7515,4.7782,88.7225,11.2775,72.5529,29.2258
MKT-045_D036,MKT-045,Bengaluru,MG Road / Brigade Road,Retail,Premium,1,C,36,20260919,2.0.0,2026-09-19,208.5893,37707.4779,6.6381,8.2223,6.7659,95.6442,4.3558,79.8458,28.9532
MKT-045_D037,MKT-045,Bengaluru,MG Road / Brigade Road,Retail,Premium,1,C,37,20260919,2.0.0,2026-09-19,200.9435,35273.5668,6.8361,6.8644,5.8792,89.5924,10.4076,69.7788,33.7096
MKT-045_D038,MKT-045,Bengaluru,MG Road / Brigade Road,Retail,Premium,1,C,38,20260919,2.0.0,2026-09-19,180.5686,31518.1491,6.8748,4.5728,5.2017,87.7832,12.2168,64.5161,37.4341
MKT-045_D039,MKT-045,Bengaluru,MG Road / Brigade Road,Retail,Premium,1,C,39,20260919,2.0.0,2026-09-19,194.378,33383.8482,6.987,4.3135,4.2559,83.8394,16.1606,65.1536,33.7112
MKT-045_D040,MKT-045,Bengaluru,MG Road / Brigade Road,Retail,Premium,1,C,40,20260919,2.0.0,2026-09-19,191.2747,33152.4126,6.9235,4.9705,4.7783,88.2472,11.7528,64.6702,34.856
MKT-045_D041,MKT-045,Bengaluru,MG Road / Brigade Road,Retail,Premium,1,C,41,20260919,2.0.0,2026-09-19,216.6334,46140.4431,5.6341,4.8129,6.0396,90.7168,9.2832,67.2272,32.0425
MKT-045_D042,MKT-045,Bengaluru,MG Road / Brigade Road,Retail,Premium,1,C,42,20260919,2.0.0,2026-09-19,217.1285,41257.6199,6.3153,5.4135,6.6391,89.3387,10.6613,70.3286,32.5097
MKT-045_D043,MKT-045,Bengaluru,MG Road / Brigade Road,Retail,Premium,1,C,43,20260919,2.0.0,2026-09-19,197.1833,34232.8606,6.9121,8.1594,8.9631,91.4727,8.5273,79.4451,31.2404
MKT-045_D044,MKT-045,Bengaluru,MG Road / Brigade Road,Retail,Premium,1,C,44,20260919,2.0.0,2026-09-19,187.1685,34187.3788,6.5697,6.4434,6.6341,89.774,10.226,78.5226,26.3205
MKT-045_D045,MKT-045,Bengaluru,MG Road / Brigade Road,Retail,Premium,1,C,45,20260919,2.0.0,2026-09-19,192.0132,33938.0324,6.7893,7.3824,6.2042,91.5176,8.4824,73.1917,33.5972
MKT-045_D046,MKT-045,Bengaluru,MG Road / Brigade Road,Retail,Premium,1,C,46,20260919,2.0.0,2026-09-19,174.6255,30723.7699,6.8205,7.1087,7.1949,94.1749,5.8251,73.0193,32.8499
MKT-045_D047,MKT-045,Bengaluru,MG Road / Brigade Road,Retail,Premium,1,C,47,20260919,2.0.0,2026-09-19,181.8478,33206.0172,6.5716,6.0964,5.8536,90.6461,9.3539,72.6052,30.8673
MKT-045_D048,MKT-045,Bengaluru,MG Road / Brigade Road,Retail,Premium,1,C,48,20260919,2.0.0,2026-09-19,170.4878,30646.7202,6.6756,6.8659,6.2501,87.7359,12.2641,67.6799,31.7254
MKT-045_D049,MKT-045,Bengaluru,MG Road / Brigade Road,Retail,Premium,1,C,49,20260919,2.0.0,2026-09-19,225.7716,41887.8005,6.4679,7.4185,6.2528,91.5334,8.4666,75.8295,28.8823
MKT-045_D050,MKT-045,Bengaluru,MG Road / Brigade Road,Retail,Premium,1,C,50,20260919,2.0.0,2026-09-19,183.8421,32833.551,6.7191,3.8466,4.2521,85.3738,14.6262,63.9099,29.7821
MKT-045_D051,MKT-045,Bengaluru,MG Road / Brigade Road,Retail,Premium,1,C,51,20260919,2.0.0,2026-09-19,185.4854,34920.0905,6.3741,8.4147,7.7411,91.9822,8.0178,74.5038,28.8609
MKT-045_D052,MKT-045,Bengaluru,MG Road / Brigade Road,Retail,Premium,1,C,52,20260919,2.0.0,2026-09-19,187.8619,32831.5368,6.8664,4.4931,6.5614,88.5572,11.4428,69.2632,31.0917
MKT-045_D053,MKT-045,Bengaluru,MG Road / Brigade Road,Retail,Premium,1,C,53,20260919,2.0.0,2026-09-19,176.8501,29310.1171,7.2405,5.6034,6.7444,88.8379,11.1621,68.769,31.7196
MKT-045_D054,MKT-045,Bengaluru,MG Road / Brigade Road,Retail,Premium,1,C,54,20260919,2.0.0,2026-09-19,188.1846,35883.6326,6.2932,7.5632,7.3247,90.2594,9.7406,75.5861,29.1481
MKT-045_D055,MKT-045,Bengaluru,MG Road / Brigade Road,Retail,Premium,1,C,55,20260919,2.0.0,2026-09-19,195.8292,34464.6686,6.8184,6.3851,8.4323,91.9675,8.0325,74.5743,31.4758
MKT-045_D056,MKT-045,Bengaluru,MG Road / Brigade Road,Retail,Premium,1,C,56,20260919,2.0.0,2026-09-19,188.0366,32273.5238,6.9916,3.691,7.9024,89.0619,10.9381,67.6149,32.4113
MKT-045_D057,MKT-045,Bengaluru,MG Road / Brigade Road,Retail,Premium,1,C,57,20260919,2.0.0,2026-09-19,161.9814,30610.6969,6.35,7.2973,5.0806,92.3188,7.6812,74.3925,33.6783
MKT-045_D058,MKT-045,Bengaluru,MG Road / Brigade Road,Retail,Premium,1,C,58,20260919,2.0.0,2026-09-19,168.5518,31596.4664,6.4014,5.9113,6.5411,92.0015,7.9985,71.5394,31.6071
MKT-046_D001,MKT-046,Mumbai,Powai,Residential,Established,1,C,1,20260919,2.0.0,2026-09-19,72.4146,26704.8825,3.254,8.4694,10.798,87.9649,12.0351,74.9985,42.0684
MKT-046_D002,MKT-046,Mumbai,Powai,Residential,Established,1,C,2,20260919,2.0.0,2026-09-19,74.2608,26284.3804,3.3903,5.0724,9.5027,81.5018,18.4982,62.0955,43.4245
MKT-046_D003,MKT-046,Mumbai,Powai,Residential,Established,1,C,3,20260919,2.0.0,2026-09-19,83.0698,31149.6975,3.2002,7.9652,9.9709,85.4242,14.5758,70.1711,46.2789
MKT-046_D004,MKT-046,Mumbai,Powai,Residential,Established,1,C,4,20260919,2.0.0,2026-09-19,61.4067,24102.1711,3.0573,8.4071,9.5293,87.1168,12.8832,70.078,43.8212
MKT-046_D005,MKT-046,Mumbai,Powai,Residential,Established,1,C,5,20260919,2.0.0,2026-09-19,69.4539,27541.3418,3.0262,7.6273,9.5127,85.4563,14.5437,72.4832,47.0691
MKT-046_D006,MKT-046,Mumbai,Powai,Residential,Established,1,C,6,20260919,2.0.0,2026-09-19,78.0001,32485.2249,2.8813,6.4067,8.2181,86.1848,13.8152,69.3728,47.7676
MKT-046_D007,MKT-046,Mumbai,Powai,Residential,Established,1,C,7,20260919,2.0.0,2026-09-19,68.1326,23334.6556,3.5038,5.5328,6.71,81.5697,18.4303,61.6243,49.6663
MKT-046_D008,MKT-046,Mumbai,Powai,Residential,Established,1,C,8,20260919,2.0.0,2026-09-19,69.9792,25761.5085,3.2597,9.4635,9.999,87.1001,12.8999,69.3239,43.9823
MKT-046_D009,MKT-046,Mumbai,Powai,Residential,Established,1,C,9,20260919,2.0.0,2026-09-19,72.9044,28203.9614,3.1019,5.3719,9.1851,84.3172,15.6828,70.7366,44.7608
MKT-046_D010,MKT-046,Mumbai,Powai,Residential,Established,1,C,10,20260919,2.0.0,2026-09-19,72.9889,25979.1149,3.3714,7.7566,10.4554,83.8467,16.1533,71.0652,43.3511
MKT-046_D011,MKT-046,Mumbai,Powai,Residential,Established,1,C,11,20260919,2.0.0,2026-09-19,67.8157,25733.2896,3.1624,7.1605,9.3318,84.7245,15.2755,67.9862,46.3029
MKT-046_D012,MKT-046,Mumbai,Powai,Residential,Established,1,C,12,20260919,2.0.0,2026-09-19,65.9017,26562.7883,2.9772,7.9778,8.9658,90.4453,9.5547,66.0918,41.0611
MKT-046_D013,MKT-046,Mumbai,Powai,Residential,Established,1,C,13,20260919,2.0.0,2026-09-19,70.6443,25337.9976,3.3457,6.6399,7.164,80.1309,19.8691,61.5622,45.6075
MKT-046_D014,MKT-046,Mumbai,Powai,Residential,Established,1,C,14,20260919,2.0.0,2026-09-19,61.2923,22876.5378,3.2151,9.2214,8.6612,85.8421,14.1579,63.1472,49.9808
MKT-046_D015,MKT-046,Mumbai,Powai,Residential,Established,1,C,15,20260919,2.0.0,2026-09-19,73.5008,30116.2985,2.9287,7.0252,7.8813,84.7374,15.2626,71.4522,44.9253
MKT-046_D016,MKT-046,Mumbai,Powai,Residential,Established,1,C,16,20260919,2.0.0,2026-09-19,65.4169,22270.8364,3.5248,4.3045,6.6592,85.8262,14.1738,63.7107,48.1795
MKT-046_D017,MKT-046,Mumbai,Powai,Residential,Established,1,C,17,20260919,2.0.0,2026-09-19,88.5187,36167.8788,2.9369,10.7319,10.2097,93.0057,6.9943,79.9177,37.9923
MKT-046_D018,MKT-046,Mumbai,Powai,Residential,Established,1,C,18,20260919,2.0.0,2026-09-19,70.7843,26615.1136,3.1915,9.7806,9.3964,89.8333,10.1667,66.6454,47.4935
MKT-046_D019,MKT-046,Mumbai,Powai,Residential,Established,1,C,19,20260919,2.0.0,2026-09-19,71.0699,26810.7881,3.181,8.6977,7.6516,88.9023,11.0977,66.6508,41.5065
MKT-046_D020,MKT-046,Mumbai,Powai,Residential,Established,1,C,20,20260919,2.0.0,2026-09-19,77.5287,28978.8015,3.2104,4.383,6.1502,87.1991,12.8009,69.8031,46.1263
MKT-046_D021,MKT-046,Mumbai,Powai,Residential,Established,1,C,21,20260919,2.0.0,2026-09-19,79.697,31482.4733,3.0378,9.7162,9.1778,91.8721,8.1279,75.8418,41.7116
MKT-046_D022,MKT-046,Mumbai,Powai,Residential,Established,1,C,22,20260919,2.0.0,2026-09-19,74.8314,27041.7177,3.3207,7.3035,10.61,86.5534,13.4466,73.6512,44.7241
MKT-046_D023,MKT-046,Mumbai,Powai,Residential,Established,1,C,23,20260919,2.0.0,2026-09-19,69.9939,27189.6547,3.0891,7.0301,9.488,87.4937,12.5063,69.0871,39.8301
MKT-046_D024,MKT-046,Mumbai,Powai,Residential,Established,1,C,24,20260919,2.0.0,2026-09-19,72.9778,26602.4355,3.2919,4.8962,7.1317,86.4704,13.5296,68.1896,38.6768
MKT-046_D025,MKT-046,Mumbai,Powai,Residential,Established,1,C,25,20260919,2.0.0,2026-09-19,65.2126,26657.636,2.9356,6.2475,11.0813,86.0068,13.9932,65.497,46.3171
MKT-046_D026,MKT-046,Mumbai,Powai,Residential,Established,1,C,26,20260919,2.0.0,2026-09-19,78.0661,30393.5644,3.0822,5.4771,6.7718,86.7323,13.2677,66.8478,45.2029
MKT-046_D027,MKT-046,Mumbai,Powai,Residential,Established,1,C,27,20260919,2.0.0,2026-09-19,63.3665,23187.8308,3.2793,6.0457,5.8896,86.8783,13.1217,68.6573,41.7457
MKT-046_D028,MKT-046,Mumbai,Powai,Residential,Established,1,C,28,20260919,2.0.0,2026-09-19,80.3423,27391.2669,3.5198,6.5786,7.9453,86.102,13.898,72.3187,45.1802
MKT-046_D029,MKT-046,Mumbai,Powai,Residential,Established,1,C,29,20260919,2.0.0,2026-09-19,77.6214,26289.2167,3.5431,9.3043,8.755,87.3382,12.6618,78.7902,42.1912
MKT-046_D030,MKT-046,Mumbai,Powai,Residential,Established,1,C,30,20260919,2.0.0,2026-09-19,77.0863,28844.0855,3.207,7.01,9.2052,81.0656,18.9344,68.7167,39.5185
MKT-046_D031,MKT-046,Mumbai,Powai,Residential,Established,1,C,31,20260919,2.0.0,2026-09-19,77.4029,32015.7489,2.9012,6.3272,7.7043,84.6748,15.3252,66.28,40.7952
MKT-046_D032,MKT-046,Mumbai,Powai,Residential,Established,1,C,32,20260919,2.0.0,2026-09-19,79.5239,28782.0622,3.3156,9.9116,9.6948,85.5344,14.4656,73.0496,44.7666
MKT-046_D033,MKT-046,Mumbai,Powai,Residential,Established,1,C,33,20260919,2.0.0,2026-09-19,65.3334,24201.1296,3.2395,6.4978,9.1011,81.9333,18.0667,65.4225,46.1078
MKT-046_D034,MKT-046,Mumbai,Powai,Residential,Established,1,C,34,20260919,2.0.0,2026-09-19,68.5046,27352.7603,3.0054,9.3255,10.5641,90.7416,9.2584,75.4879,41.7393
MKT-046_D035,MKT-046,Mumbai,Powai,Residential,Established,1,C,35,20260919,2.0.0,2026-09-19,78.5968,26936.1592,3.5015,6.3137,10.9103,86.0088,13.9912,70.5425,44.5199
MKT-046_D036,MKT-046,Mumbai,Powai,Residential,Established,1,C,36,20260919,2.0.0,2026-09-19,82.6768,30565.5687,3.2459,5.6823,8.1988,80.4389,19.5611,63.1208,49.4063
MKT-046_D037,MKT-046,Mumbai,Powai,Residential,Established,1,C,37,20260919,2.0.0,2026-09-19,84.2411,32037.4852,3.1553,7.3004,10.2842,87.4808,12.5192,65.956,44.3871
MKT-046_D038,MKT-046,Mumbai,Powai,Residential,Established,1,C,38,20260919,2.0.0,2026-09-19,78.6275,27432.6853,3.4394,6.4325,9.2417,89.8772,10.1228,68.4534,43.4918
MKT-046_D039,MKT-046,Mumbai,Powai,Residential,Established,1,C,39,20260919,2.0.0,2026-09-19,79.4878,28936.9984,3.2963,5.4339,7.0037,85.073,14.927,64.7892,43.8094
MKT-046_D040,MKT-046,Mumbai,Powai,Residential,Established,1,C,40,20260919,2.0.0,2026-09-19,65.4435,23790.3846,3.301,8.6515,10.9165,87.7419,12.2581,65.7082,40.4793
MKT-046_D041,MKT-046,Mumbai,Powai,Residential,Established,1,C,41,20260919,2.0.0,2026-09-19,77.5959,31403.5133,2.9651,8.5726,6.9964,87.9415,12.0585,70.9714,41.8531
MKT-046_D042,MKT-046,Mumbai,Powai,Residential,Established,1,C,42,20260919,2.0.0,2026-09-19,79.8627,30501.9952,3.1419,9.5291,9.686,86.7572,13.2428,79.895,44.0623
MKT-046_D043,MKT-046,Mumbai,Powai,Residential,Established,1,C,43,20260919,2.0.0,2026-09-19,79.0598,30023.921,3.1599,6.9882,9.1886,87.5263,12.4737,70.3408,40.6561
MKT-046_D044,MKT-046,Mumbai,Powai,Residential,Established,1,C,44,20260919,2.0.0,2026-09-19,69.7079,28194.7635,2.9668,7.7999,8.2144,89.1376,10.8624,73.1602,38.083
MKT-046_D045,MKT-046,Mumbai,Powai,Residential,Established,1,C,45,20260919,2.0.0,2026-09-19,79.6251,31227.9031,3.0598,8.526,6.7613,87.0799,12.9201,68.445,46.1611
MKT-046_D046,MKT-046,Mumbai,Powai,Residential,Established,1,C,46,20260919,2.0.0,2026-09-19,79.1874,31073.2659,3.0581,5.709,6.9184,88.6116,11.3884,68.2311,43.528
MKT-046_D047,MKT-046,Mumbai,Powai,Residential,Established,1,C,47,20260919,2.0.0,2026-09-19,81.1056,33698.7412,2.8881,4.9725,6.1039,86.9556,13.0444,65.477,43.8636
MKT-046_D048,MKT-046,Mumbai,Powai,Residential,Established,1,C,48,20260919,2.0.0,2026-09-19,84.6572,36490.4367,2.784,9.8106,10.0481,91.1896,8.8104,78.5886,39.0884
MKT-046_D049,MKT-046,Mumbai,Powai,Residential,Established,1,C,49,20260919,2.0.0,2026-09-19,64.6626,22393.7661,3.465,7.9132,8.8515,85.3447,14.6553,67.7735,45.3774
MKT-046_D050,MKT-046,Mumbai,Powai,Residential,Established,1,C,50,20260919,2.0.0,2026-09-19,70.0223,27980.1806,3.0031,7.1145,9.3731,85.524,14.476,74.6341,39.7837
MKT-046_D051,MKT-046,Mumbai,Powai,Residential,Established,1,C,51,20260919,2.0.0,2026-09-19,76.3728,28126.3173,3.2584,8.7054,8.6537,84.7038,15.2962,69.8707,42.8971
MKT-046_D052,MKT-046,Mumbai,Powai,Residential,Established,1,C,52,20260919,2.0.0,2026-09-19,75.163,28325.8975,3.1842,9.1381,10.9955,83.8735,16.1265,75.0993,43.8016
MKT-046_D053,MKT-046,Mumbai,Powai,Residential,Established,1,C,53,20260919,2.0.0,2026-09-19,83.1172,31857.9716,3.1308,6.9107,7.8288,83.6154,16.3846,67.8137,45.1771
MKT-046_D054,MKT-046,Mumbai,Powai,Residential,Established,1,C,54,20260919,2.0.0,2026-09-19,76.3397,28366.3666,3.2294,8.2234,11.7264,86.5717,13.4283,70.7907,44.8193
MKT-046_D055,MKT-046,Mumbai,Powai,Residential,Established,1,C,55,20260919,2.0.0,2026-09-19,65.4332,23538.9581,3.3357,7.8768,6.5577,79.8652,20.1348,65.6278,49.5135
MKT-047_D001,MKT-047,Delhi NCR,Gurugram — Sohna Road,Residential,Growth,1,D,1,20260919,2.0.0,2026-09-19,36.6797,12694.0251,3.4674,5.8727,11.7715,87.6949,12.3051,67.5919,52.4411
MKT-047_D002,MKT-047,Delhi NCR,Gurugram — Sohna Road,Residential,Growth,1,D,2,20260919,2.0.0,2026-09-19,31.377,10320.9721,3.6481,6.4578,8.9448,80.8119,19.1881,64.3983,59.789
MKT-047_D003,MKT-047,Delhi NCR,Gurugram — Sohna Road,Residential,Growth,1,D,3,20260919,2.0.0,2026-09-19,32.831,9714.5558,4.0555,8.0432,10.9709,80.6928,19.3072,66.5359,57.0835
MKT-047_D004,MKT-047,Delhi NCR,Gurugram — Sohna Road,Residential,Growth,1,D,4,20260919,2.0.0,2026-09-19,32.4053,10606.0774,3.6664,7.3624,10.3633,79.6047,20.3953,66.4798,54.1266
MKT-047_D005,MKT-047,Delhi NCR,Gurugram — Sohna Road,Residential,Growth,1,D,5,20260919,2.0.0,2026-09-19,31.8707,10785.1951,3.5461,8.3301,13.1673,81.062,18.938,68.4986,51.1793
MKT-047_D006,MKT-047,Delhi NCR,Gurugram — Sohna Road,Residential,Growth,1,D,6,20260919,2.0.0,2026-09-19,35.1152,10916.2307,3.8601,5.8615,7.1375,80.2477,19.7523,66.0228,55.0602
MKT-047_D007,MKT-047,Delhi NCR,Gurugram — Sohna Road,Residential,Growth,1,D,7,20260919,2.0.0,2026-09-19,34.6563,10929.6779,3.805,4.5524,9.1294,82.8708,17.1292,57.4571,56.6214
MKT-047_D008,MKT-047,Delhi NCR,Gurugram — Sohna Road,Residential,Growth,1,D,8,20260919,2.0.0,2026-09-19,26.9472,9282.6346,3.4836,9.0524,10.1243,79.4049,20.5951,63.6164,54.7221
MKT-047_D009,MKT-047,Delhi NCR,Gurugram — Sohna Road,Residential,Growth,1,D,9,20260919,2.0.0,2026-09-19,39.1477,12471.3508,3.7668,6.2049,7.0542,76.7225,23.2775,67.0603,55.3744
MKT-047_D010,MKT-047,Delhi NCR,Gurugram — Sohna Road,Residential,Growth,1,D,10,20260919,2.0.0,2026-09-19,32.6914,10654.5891,3.682,7.926,7.0463,81.2794,18.7206,57.1125,55.5857
MKT-047_D011,MKT-047,Delhi NCR,Gurugram — Sohna Road,Residential,Growth,1,D,11,20260919,2.0.0,2026-09-19,34.0707,10967.2406,3.7279,7.8927,11.0085,83.3195,16.6805,73.1322,52.3126
MKT-047_D012,MKT-047,Delhi NCR,Gurugram — Sohna Road,Residential,Growth,1,D,12,20260919,2.0.0,2026-09-19,35.22,11979.9356,3.5279,9.7273,12.1211,82.9256,17.0744,65.1336,48.6595
MKT-047_D013,MKT-047,Delhi NCR,Gurugram — Sohna Road,Residential,Growth,1,D,13,20260919,2.0.0,2026-09-19,36.3242,12039.1757,3.6206,8.8831,13.9608,83.6558,16.3442,76.132,49.8117
MKT-047_D014,MKT-047,Delhi NCR,Gurugram — Sohna Road,Residential,Growth,1,D,14,20260919,2.0.0,2026-09-19,29.0061,9276.3359,3.7523,7.6718,11.7189,79.9578,20.0422,63.2667,52.408
MKT-047_D015,MKT-047,Delhi NCR,Gurugram — Sohna Road,Residential,Growth,1,D,15,20260919,2.0.0,2026-09-19,28.9625,9390.9525,3.7009,7.7808,11.323,83.2041,16.7959,64.5375,59.8827
MKT-047_D016,MKT-047,Delhi NCR,Gurugram — Sohna Road,Residential,Growth,1,D,16,20260919,2.0.0,2026-09-19,35.7622,12575.2084,3.4126,5.969,8.9687,83.0079,16.9921,65.849,56.9098
MKT-047_D017,MKT-047,Delhi NCR,Gurugram — Sohna Road,Residential,Growth,1,D,17,20260919,2.0.0,2026-09-19,27.5909,8370.7818,3.9553,4.9945,7.8072,80.8144,19.1856,55.169,57.9263
MKT-047_D018,MKT-047,Delhi NCR,Gurugram — Sohna Road,Residential,Growth,1,D,18,20260919,2.0.0,2026-09-19,32.9213,11114.7274,3.5543,10.443,9.3737,85.7078,14.2922,70.8205,59.1302
MKT-047_D019,MKT-047,Delhi NCR,Gurugram — Sohna Road,Residential,Growth,1,D,19,20260919,2.0.0,2026-09-19,35.2521,11499.8733,3.6785,8.983,12.5079,87.9064,12.0936,68.773,48.3907
MKT-047_D020,MKT-047,Delhi NCR,Gurugram — Sohna Road,Residential,Growth,1,D,20,20260919,2.0.0,2026-09-19,32.4777,10489.3728,3.7155,6.7955,8.9917,79.1283,20.8717,59.9256,55.252
MKT-047_D021,MKT-047,Delhi NCR,Gurugram — Sohna Road,Residential,Growth,1,D,21,20260919,2.0.0,2026-09-19,31.7615,11260.1047,3.3849,9.0547,10.0391,82.5,17.5,62.3603,54.0624
MKT-047_D022,MKT-047,Delhi NCR,Gurugram — Sohna Road,Residential,Growth,1,D,22,20260919,2.0.0,2026-09-19,30.6064,10061.1208,3.6505,8.4643,8.7461,77.3477,22.6523,63.5144,56.8127
MKT-047_D023,MKT-047,Delhi NCR,Gurugram — Sohna Road,Residential,Growth,1,D,23,20260919,2.0.0,2026-09-19,35.6556,11083.6727,3.8603,5.6418,9.2646,81.0031,18.9969,58.9195,52.759
MKT-047_D024,MKT-047,Delhi NCR,Gurugram — Sohna Road,Residential,Growth,1,D,24,20260919,2.0.0,2026-09-19,35.0473,12791.6381,3.2878,10.9054,11.611,89.6183,10.3817,72.0334,50.7859
MKT-047_D025,MKT-047,Delhi NCR,Gurugram — Sohna Road,Residential,Growth,1,D,25,20260919,2.0.0,2026-09-19,30.6318,9894.5973,3.715,7.4291,9.0229,79.5986,20.4014,64.1466,57.5296
MKT-047_D026,MKT-047,Delhi NCR,Gurugram — Sohna Road,Residential,Growth,1,D,26,20260919,2.0.0,2026-09-19,30.1115,10091.6343,3.5806,6.9104,8.3623,78.996,21.004,62.1008,55.4235
MKT-047_D027,MKT-047,Delhi NCR,Gurugram — Sohna Road,Residential,Growth,1,D,27,20260919,2.0.0,2026-09-19,28.7724,8713.307,3.9625,5.168,10.2774,79.2885,20.7115,57.6858,56.0173
MKT-047_D028,MKT-047,Delhi NCR,Gurugram — Sohna Road,Residential,Growth,1,D,28,20260919,2.0.0,2026-09-19,31.8747,10942.0271,3.4957,6.79,8.63,82.3179,17.6821,68.185,53.1162
MKT-047_D029,MKT-047,Delhi NCR,Gurugram — Sohna Road,Residential,Growth,1,D,29,20260919,2.0.0,2026-09-19,27.9798,9672.4433,3.4713,9.7627,10.8799,89.3746,10.6254,65.1577,51.6389
MKT-047_D030,MKT-047,Delhi NCR,Gurugram — Sohna Road,Residential,Growth,1,D,30,20260919,2.0.0,2026-09-19,29.5803,8853.6067,4.0092,6.9208,9.6019,81.845,18.155,62.0958,59.3431
MKT-047_D031,MKT-047,Delhi NCR,Gurugram — Sohna Road,Residential,Growth,1,D,31,20260919,2.0.0,2026-09-19,35.4387,12119.2906,3.509,6.4368,10.3992,85.0729,14.9271,64.1214,52.5542
MKT-047_D032,MKT-047,Delhi NCR,Gurugram — Sohna Road,Residential,Growth,1,D,32,20260919,2.0.0,2026-09-19,35.2039,11629.8322,3.6324,7.5138,13.4212,83.2548,16.7452,70.458,53.9123
MKT-047_D033,MKT-047,Delhi NCR,Gurugram — Sohna Road,Residential,Growth,1,D,33,20260919,2.0.0,2026-09-19,35.0817,11530.2328,3.6511,7.3792,12.7261,78.8281,21.1719,64.8983,53.4111
MKT-047_D034,MKT-047,Delhi NCR,Gurugram — Sohna Road,Residential,Growth,1,D,34,20260919,2.0.0,2026-09-19,29.5998,9535.8614,3.7249,8.6255,10.1467,80.22,19.78,65.1981,58.7649
MKT-047_D035,MKT-047,Delhi NCR,Gurugram — Sohna Road,Residential,Growth,1,D,35,20260919,2.0.0,2026-09-19,31.0086,10479.0901,3.5509,6.6618,10.0835,83.9161,16.0839,67.0262,51.0324
MKT-047_D036,MKT-047,Delhi NCR,Gurugram — Sohna Road,Residential,Growth,1,D,36,20260919,2.0.0,2026-09-19,31.8542,10081.0546,3.7918,5.5807,9.1411,83.8417,16.1583,57.1143,53.4262
MKT-047_D037,MKT-047,Delhi NCR,Gurugram — Sohna Road,Residential,Growth,1,D,37,20260919,2.0.0,2026-09-19,30.2243,10609.2922,3.4186,8.2534,13.3554,86.8843,13.1157,73.2917,47.8724
MKT-047_D038,MKT-047,Delhi NCR,Gurugram — Sohna Road,Residential,Growth,1,D,38,20260919,2.0.0,2026-09-19,30.2157,9873.2116,3.6724,6.6791,10.6315,84.1754,15.8246,65.2844,51.8368
MKT-047_D039,MKT-047,Delhi NCR,Gurugram — Sohna Road,Residential,Growth,1,D,39,20260919,2.0.0,2026-09-19,31.575,9812.6008,3.8614,6.7423,7.0538,81.3412,18.6588,55.6142,60.6508
MKT-048_D001,MKT-048,Pune,Undri / Pisoli,Residential,Peripheral,2,E,1,20260919,2.0.0,2026-09-19,14.5833,3420.2606,5.1166,6.5259,8.2076,68.1843,31.8157,49.0152,74.1604
MKT-048_D002,MKT-048,Pune,Undri / Pisoli,Residential,Peripheral,2,E,2,20260919,2.0.0,2026-09-19,15.2162,4103.1019,4.4501,6.7048,7.0073,77.9589,22.0411,57.0399,62.5938
MKT-048_D003,MKT-048,Pune,Undri / Pisoli,Residential,Peripheral,2,E,3,20260919,2.0.0,2026-09-19,17.3038,4765.9474,4.3568,5.4948,7.3984,78.456,21.544,49.8639,62.0162
MKT-048_D004,MKT-048,Pune,Undri / Pisoli,Residential,Peripheral,2,E,4,20260919,2.0.0,2026-09-19,16.211,3976.5674,4.8919,6.6466,6.5035,71.8714,28.1286,54.5108,59.0582
MKT-048_D005,MKT-048,Pune,Undri / Pisoli,Residential,Peripheral,2,E,5,20260919,2.0.0,2026-09-19,14.9678,3466.2754,5.1818,6.1071,7.5718,66.1219,33.8781,53.5601,71.9346
MKT-048_D006,MKT-048,Pune,Undri / Pisoli,Residential,Peripheral,2,E,6,20260919,2.0.0,2026-09-19,16.4295,4749.8143,4.1508,4.3655,6.9502,74.7019,25.2981,57.2864,60.9966
MKT-048_D007,MKT-048,Pune,Undri / Pisoli,Residential,Peripheral,2,E,7,20260919,2.0.0,2026-09-19,15.7018,4049.1894,4.6533,8.3557,8.3748,64.9407,35.0593,50.5565,66.204
MKT-048_D008,MKT-048,Pune,Undri / Pisoli,Residential,Peripheral,2,E,8,20260919,2.0.0,2026-09-19,13.9723,2922.6386,5.7368,4.2194,4.7479,65.0287,34.9713,43.7652,73.1421
MKT-048_D009,MKT-048,Pune,Undri / Pisoli,Residential,Peripheral,2,E,9,20260919,2.0.0,2026-09-19,18.7497,4534.4703,4.9619,5.2641,10.4579,71.1209,28.8791,47.749,69.1335
MKT-048_D010,MKT-048,Pune,Undri / Pisoli,Residential,Peripheral,2,E,10,20260919,2.0.0,2026-09-19,12.7841,2921.7943,5.2505,8.3279,9.4751,71.2273,28.7727,54.1529,66.0051
MKT-048_D011,MKT-048,Pune,Undri / Pisoli,Residential,Peripheral,2,E,11,20260919,2.0.0,2026-09-19,16.9173,3681.339,5.5145,6.1664,8.4022,75.8332,24.1668,53.126,71.0673
MKT-048_D012,MKT-048,Pune,Undri / Pisoli,Residential,Peripheral,2,E,12,20260919,2.0.0,2026-09-19,20.5256,5527.5587,4.456,5.5178,10.392,86.8493,13.1507,62.2231,62.8491
MKT-048_D013,MKT-048,Pune,Undri / Pisoli,Residential,Peripheral,2,E,13,20260919,2.0.0,2026-09-19,16.4945,4886.2467,4.0508,6.3312,7.0626,75.7487,24.2513,46.1632,69.2015
MKT-048_D014,MKT-048,Pune,Undri / Pisoli,Residential,Peripheral,2,E,14,20260919,2.0.0,2026-09-19,12.7142,2886.5763,5.2855,3.9595,5.2001,71.2389,28.7611,43.873,74.5664
MKT-048_D015,MKT-048,Pune,Undri / Pisoli,Residential,Peripheral,2,E,15,20260919,2.0.0,2026-09-19,17.9547,3956.7559,5.4453,7.0433,5.8866,72.617,27.383,54.2654,64.716
MKT-048_D016,MKT-048,Pune,Undri / Pisoli,Residential,Peripheral,2,E,16,20260919,2.0.0,2026-09-19,16.0143,4036.6028,4.7607,5.2061,9.219,74.7275,25.2725,51.6556,61.6277
MKT-048_D017,MKT-048,Pune,Undri / Pisoli,Residential,Peripheral,2,E,17,20260919,2.0.0,2026-09-19,15.6553,4157.3884,4.5188,5.9879,8.7881,69.3809,30.6191,53.9877,65.3854
MKT-048_D018,MKT-048,Pune,Undri / Pisoli,Residential,Peripheral,2,E,18,20260919,2.0.0,2026-09-19,19.3148,4568.2409,5.0737,7.9258,10.184,81.7041,18.2959,66.6591,61.8749
MKT-048_D019,MKT-048,Pune,Undri / Pisoli,Residential,Peripheral,2,E,19,20260919,2.0.0,2026-09-19,15.0852,3645.3655,4.9658,6.8337,7.9221,76.7729,23.2271,50.8486,71.625
MKT-048_D020,MKT-048,Pune,Undri / Pisoli,Residential,Peripheral,2,E,20,20260919,2.0.0,2026-09-19,18.2009,4486.6934,4.868,9.0773,9.0031,76.5109,23.4891,60.9889,69.3265
MKT-048_D021,MKT-048,Pune,Undri / Pisoli,Residential,Peripheral,2,E,21,20260919,2.0.0,2026-09-19,17.4322,4564.0822,4.5833,3.4457,5.5257,78.2655,21.7345,46.1183,68.1881
MKT-048_D022,MKT-048,Pune,Undri / Pisoli,Residential,Peripheral,2,E,22,20260919,2.0.0,2026-09-19,16.6681,4547.5333,4.3984,8.9015,9.0741,73.2933,26.7067,65.0094,64.3974
MKT-048_D023,MKT-048,Pune,Undri / Pisoli,Residential,Peripheral,2,E,23,20260919,2.0.0,2026-09-19,18.2231,4909.852,4.4538,4.7641,4.84,66.9617,33.0383,42.0282,71.6632
MKT-048_D024,MKT-048,Pune,Undri / Pisoli,Residential,Peripheral,2,E,24,20260919,2.0.0,2026-09-19,15.3578,4535.1019,4.0637,8.0054,10.1578,82.2229,17.7771,59.3685,69.4502
MKT-048_D025,MKT-048,Pune,Undri / Pisoli,Residential,Peripheral,2,E,25,20260919,2.0.0,2026-09-19,14.007,3284.3396,5.1177,4.05,6.0243,68.5465,31.4535,41.8179,66.2751
MKT-048_D026,MKT-048,Pune,Undri / Pisoli,Residential,Peripheral,2,E,26,20260919,2.0.0,2026-09-19,18.11,4624.5298,4.6993,8.4273,8.3227,75.0687,24.9313,62.2747,60.6765
MKT-049_D001,MKT-049,Kolkata,New Town (Rajarhat),Residential,Growth,3,D,1,20260919,2.0.0,2026-09-19,15.0612,3466.2159,5.2142,9.1677,13.8888,81.7133,18.2867,65.9582,54.1143
MKT-049_D002,MKT-049,Kolkata,New Town (Rajarhat),Residential,Growth,3,D,2,20260919,2.0.0,2026-09-19,20.9697,4889.0823,5.1469,7.9291,9.857,79.9842,20.0158,69.6889,52.4245
MKT-049_D003,MKT-049,Kolkata,New Town (Rajarhat),Residential,Growth,3,D,3,20260919,2.0.0,2026-09-19,17.6866,4051.4937,5.2385,7.671,12.7844,83.0366,16.9634,69.5551,50.6938
MKT-049_D004,MKT-049,Kolkata,New Town (Rajarhat),Residential,Growth,3,D,4,20260919,2.0.0,2026-09-19,15.9208,3604.6545,5.3001,6.5757,11.0628,88.3404,11.6596,64.0854,53.0382
MKT-049_D005,MKT-049,Kolkata,New Town (Rajarhat),Residential,Growth,3,D,5,20260919,2.0.0,2026-09-19,17.376,4550.5002,4.5822,8.5524,10.8525,81.1247,18.8753,67.3382,55.7513
MKT-049_D006,MKT-049,Kolkata,New Town (Rajarhat),Residential,Growth,3,D,6,20260919,2.0.0,2026-09-19,16.9114,4557.1036,4.4532,8.3177,8.9565,82.9193,17.0807,67.4983,52.4327
MKT-049_D007,MKT-049,Kolkata,New Town (Rajarhat),Residential,Growth,3,D,7,20260919,2.0.0,2026-09-19,18.4629,4602.0094,4.8143,6.3337,11.1086,83.8171,16.1829,68.1123,53.1335
MKT-049_D008,MKT-049,Kolkata,New Town (Rajarhat),Residential,Growth,3,D,8,20260919,2.0.0,2026-09-19,20.6125,5593.6012,4.422,7.4529,13.3806,86.6201,13.3799,71.5776,53.2373
MKT-049_D009,MKT-049,Kolkata,New Town (Rajarhat),Residential,Growth,3,D,9,20260919,2.0.0,2026-09-19,17.6269,4903.674,4.3135,7.6535,11.6889,85.0038,14.9962,62.537,53.7495
MKT-049_D010,MKT-049,Kolkata,New Town (Rajarhat),Residential,Growth,3,D,10,20260919,2.0.0,2026-09-19,17.9708,5154.8231,4.1835,8.6367,10.6215,77.8289,22.1711,69.2223,53.1352
MKT-049_D011,MKT-049,Kolkata,New Town (Rajarhat),Residential,Growth,3,D,11,20260919,2.0.0,2026-09-19,19.2074,4895.0987,4.7086,6.4084,8.1634,85.8369,14.1631,62.427,53.5252
MKT-049_D012,MKT-049,Kolkata,New Town (Rajarhat),Residential,Growth,3,D,12,20260919,2.0.0,2026-09-19,18.8705,5357.8305,4.2264,10.3548,14.0306,86.076,13.924,73.9701,50.6787
MKT-049_D013,MKT-049,Kolkata,New Town (Rajarhat),Residential,Growth,3,D,13,20260919,2.0.0,2026-09-19,19.912,4960.7248,4.8167,7.6666,8.2395,81.327,18.673,63.14,57.5447
MKT-049_D014,MKT-049,Kolkata,New Town (Rajarhat),Residential,Growth,3,D,14,20260919,2.0.0,2026-09-19,23.4486,7045.0447,3.9941,11.2735,12.5136,90.4179,9.5821,77.8319,46.5403
MKT-049_D015,MKT-049,Kolkata,New Town (Rajarhat),Residential,Growth,3,D,15,20260919,2.0.0,2026-09-19,21.1747,5510.1604,4.6114,9.3683,10.665,86.7767,13.2233,70.8184,51.4221
MKT-049_D016,MKT-049,Kolkata,New Town (Rajarhat),Residential,Growth,3,D,16,20260919,2.0.0,2026-09-19,22.664,5937.3073,4.5807,6.9814,10.5233,77.7976,22.2024,66.8345,53.3072
MKT-049_D017,MKT-049,Kolkata,New Town (Rajarhat),Residential,Growth,3,D,17,20260919,2.0.0,2026-09-19,16.3741,3872.0408,5.0746,6.061,8.7134,80.8407,19.1593,59.5601,52.5636
MKT-049_D018,MKT-049,Kolkata,New Town (Rajarhat),Residential,Growth,3,D,18,20260919,2.0.0,2026-09-19,15.4982,3826.0322,4.8609,7.1345,11.3013,84.8558,15.1442,73.6349,53.1721
MKT-049_D019,MKT-049,Kolkata,New Town (Rajarhat),Residential,Growth,3,D,19,20260919,2.0.0,2026-09-19,16.5627,4514.4459,4.4026,9.1529,13.8208,86.6875,13.3125,71.0669,53.8113
MKT-049_D020,MKT-049,Kolkata,New Town (Rajarhat),Residential,Growth,3,D,20,20260919,2.0.0,2026-09-19,16.7655,4126.306,4.8757,5.9586,10.4932,84.4698,15.5302,63.0672,54.6938
MKT-049_D021,MKT-049,Kolkata,New Town (Rajarhat),Residential,Growth,3,D,21,20260919,2.0.0,2026-09-19,20.8861,5230.6256,4.7916,9.0654,13.9379,78.3391,21.6609,63.8645,55.0198
MKT-049_D022,MKT-049,Kolkata,New Town (Rajarhat),Residential,Growth,3,D,22,20260919,2.0.0,2026-09-19,21.4659,6377.4853,4.0391,10.5783,12.5803,87.4997,12.5003,70.9592,50.3711
MKT-049_D023,MKT-049,Kolkata,New Town (Rajarhat),Residential,Growth,3,D,23,20260919,2.0.0,2026-09-19,19.8557,4800.4933,4.9634,9.2518,12.0277,85.933,14.067,68.5804,52.0368
MKT-049_D024,MKT-049,Kolkata,New Town (Rajarhat),Residential,Growth,3,D,24,20260919,2.0.0,2026-09-19,18.0572,4536.8961,4.7761,7.8678,10.3063,80.7643,19.2357,69.0171,55.8744
MKT-049_D025,MKT-049,Kolkata,New Town (Rajarhat),Residential,Growth,3,D,25,20260919,2.0.0,2026-09-19,17.391,4092.6888,5.0991,8.378,10.1159,80.9909,19.0091,64.4194,54.7308
MKT-049_D026,MKT-049,Kolkata,New Town (Rajarhat),Residential,Growth,3,D,26,20260919,2.0.0,2026-09-19,19.8427,5265.7974,4.5219,8.5356,11.7335,83.3079,16.6921,66.5941,49.6514
MKT-050_D001,MKT-050,Bengaluru,Yelahanka,Residential,Growth,1,D,1,20260919,2.0.0,2026-09-19,27.7898,9424.7858,3.5383,6.9008,7.4306,83.591,16.409,59.0915,56.6591
MKT-050_D002,MKT-050,Bengaluru,Yelahanka,Residential,Growth,1,D,2,20260919,2.0.0,2026-09-19,28.6451,9270.1176,3.7081,5.4043,6.1312,78.1355,21.8645,58.2519,53.7278
MKT-050_D003,MKT-050,Bengaluru,Yelahanka,Residential,Growth,1,D,3,20260919,2.0.0,2026-09-19,32.4239,10349.4949,3.7595,8.543,9.4588,89.009,10.991,77.0325,48.6513
MKT-050_D004,MKT-050,Bengaluru,Yelahanka,Residential,Growth,1,D,4,20260919,2.0.0,2026-09-19,31.577,10696.8077,3.5424,9.5724,12.6353,87.2553,12.7447,65.864,56.9557
MKT-050_D005,MKT-050,Bengaluru,Yelahanka,Residential,Growth,1,D,5,20260919,2.0.0,2026-09-19,30.5,10047.346,3.6428,9.1427,13.1519,79.7466,20.2534,68.0573,57.5855
MKT-050_D006,MKT-050,Bengaluru,Yelahanka,Residential,Growth,1,D,6,20260919,2.0.0,2026-09-19,29.7664,9746.2281,3.665,9.91,13.3494,84.751,15.249,69.9862,49.3786
MKT-050_D007,MKT-050,Bengaluru,Yelahanka,Residential,Growth,1,D,7,20260919,2.0.0,2026-09-19,25.0393,8121.669,3.6996,9.0791,13.5579,80.7986,19.2014,62.3419,55.6388
MKT-050_D008,MKT-050,Bengaluru,Yelahanka,Residential,Growth,1,D,8,20260919,2.0.0,2026-09-19,32.2637,10869.1559,3.562,6.568,8.5956,91.1485,8.8515,63.3762,53.698
MKT-050_D009,MKT-050,Bengaluru,Yelahanka,Residential,Growth,1,D,9,20260919,2.0.0,2026-09-19,30.2879,8883.5213,4.0913,5.4035,9.5443,83.9866,16.0134,63.586,58.2681
MKT-050_D010,MKT-050,Bengaluru,Yelahanka,Residential,Growth,1,D,10,20260919,2.0.0,2026-09-19,28.7279,9606.3788,3.5886,10.2056,11.6592,85.4219,14.5781,74.0539,58.3887
MKT-050_D011,MKT-050,Bengaluru,Yelahanka,Residential,Growth,1,D,11,20260919,2.0.0,2026-09-19,25.8094,8787.2703,3.5246,9.3204,10.845,81.7445,18.2555,67.343,54.2422
MKT-050_D012,MKT-050,Bengaluru,Yelahanka,Residential,Growth,1,D,12,20260919,2.0.0,2026-09-19,29.1314,9982.8553,3.5018,7.9289,13.5348,80.5953,19.4047,71.1532,52.976
MKT-050_D013,MKT-050,Bengaluru,Yelahanka,Residential,Growth,1,D,13,20260919,2.0.0,2026-09-19,27.207,8604.5779,3.7943,6.8218,12.2732,79.2624,20.7376,62.6443,54.1658
MKT-050_D014,MKT-050,Bengaluru,Yelahanka,Residential,Growth,1,D,14,20260919,2.0.0,2026-09-19,23.8355,7742.4866,3.6942,8.5266,11.5169,75.7739,24.2261,60.4575,60.646
MKT-050_D015,MKT-050,Bengaluru,Yelahanka,Residential,Growth,1,D,15,20260919,2.0.0,2026-09-19,27.5143,8871.235,3.7218,9.1682,13.0259,87.211,12.789,66.9781,54.7017
MKT-050_D016,MKT-050,Bengaluru,Yelahanka,Residential,Growth,1,D,16,20260919,2.0.0,2026-09-19,28.3872,9174.4933,3.713,8.0999,11.5097,86.2502,13.7498,75.1884,53.8361
MKT-050_D017,MKT-050,Bengaluru,Yelahanka,Residential,Growth,1,D,17,20260919,2.0.0,2026-09-19,28.0438,8597.6497,3.9142,9.2067,10.505,79.4843,20.5157,59.4308,56.2217
MKT-050_D018,MKT-050,Bengaluru,Yelahanka,Residential,Growth,1,D,18,20260919,2.0.0,2026-09-19,28.5154,9417.443,3.6335,8.9893,14.1943,81.8892,18.1108,70.0278,49.0613
MKT-050_D019,MKT-050,Bengaluru,Yelahanka,Residential,Growth,1,D,19,20260919,2.0.0,2026-09-19,25.4556,7515.2216,4.0647,5.0838,6.2594,76.7629,23.2371,53.9407,58.7499
MKT-050_D020,MKT-050,Bengaluru,Yelahanka,Residential,Growth,1,D,20,20260919,2.0.0,2026-09-19,27.0445,8635.798,3.758,9.9275,12.9052,81.981,18.019,66.7492,49.9969
MKT-050_D021,MKT-050,Bengaluru,Yelahanka,Residential,Growth,1,D,21,20260919,2.0.0,2026-09-19,33.7451,11445.1416,3.5381,8.2079,11.6578,85.9393,14.0607,75.5509,50.1666
MKT-050_D022,MKT-050,Bengaluru,Yelahanka,Residential,Growth,1,D,22,20260919,2.0.0,2026-09-19,27.6949,9310.0805,3.5697,11.0018,14.661,86.1969,13.8031,71.5677,53.6746
MKT-050_D023,MKT-050,Bengaluru,Yelahanka,Residential,Growth,1,D,23,20260919,2.0.0,2026-09-19,28.5878,9238.0076,3.7135,9.1139,12.301,84.7657,15.2343,68.5239,54.195
MKT-050_D024,MKT-050,Bengaluru,Yelahanka,Residential,Growth,1,D,24,20260919,2.0.0,2026-09-19,26.9246,8528.2456,3.7885,9.4084,11.9928,82.3954,17.6046,69.568,56.3552
MKT-050_D025,MKT-050,Bengaluru,Yelahanka,Residential,Growth,1,D,25,20260919,2.0.0,2026-09-19,29.509,9468.9024,3.7397,6.914,10.1668,85.1122,14.8878,64.721,47.7351
MKT-050_D026,MKT-050,Bengaluru,Yelahanka,Residential,Growth,1,D,26,20260919,2.0.0,2026-09-19,27.2719,9571.248,3.4192,8.5695,11.0481,81.3528,18.6472,66.7507,51.7529
MKT-050_D027,MKT-050,Bengaluru,Yelahanka,Residential,Growth,1,D,27,20260919,2.0.0,2026-09-19,24.5719,7983.4709,3.6934,6.4929,11.1629,79.8773,20.1227,59.9997,54.9668
MKT-050_D028,MKT-050,Bengaluru,Yelahanka,Residential,Growth,1,D,28,20260919,2.0.0,2026-09-19,26.1353,7658.7557,4.095,7.1999,10.3424,73.6688,26.3312,66.3685,58.194
MKT-050_D029,MKT-050,Bengaluru,Yelahanka,Residential,Growth,1,D,29,20260919,2.0.0,2026-09-19,31.0973,10741.6432,3.474,10.7845,10.6657,85.6232,14.3768,68.4337,55.9988
MKT-050_D030,MKT-050,Bengaluru,Yelahanka,Residential,Growth,1,D,30,20260919,2.0.0,2026-09-19,34.2698,11921.3371,3.4496,9.7339,14.6355,87.7438,12.2562,71.334,46.8507
MKT-050_D031,MKT-050,Bengaluru,Yelahanka,Residential,Growth,1,D,31,20260919,2.0.0,2026-09-19,26.6571,8327.8625,3.8411,6.5471,12.8546,75.6705,24.3295,63.2475,57.5689
MKT-050_D032,MKT-050,Bengaluru,Yelahanka,Residential,Growth,1,D,32,20260919,2.0.0,2026-09-19,24.6052,7695.3351,3.8369,6.7298,10.0164,77.1186,22.8814,58.6385,59.4185