market_id,metric_name,central_estimate,lower_estimate,upper_estimate,unit,evidence_classification,uncertainty_type,confidence_grade,evidence_ids,assumption_ids,calculation_method,comparability_warning,data_as_of
MKT-001,monthly_rent_psf,185.0,170.0,210.0,INR/sqft/month,Reported,Plausible range (±10-12%),B,EVD-001,ASM-001,City+locality benchmark from documented source hierarchy,N/A,2026-09-19
MKT-001,sale_price_psf,25900.0,20400.0,33600.0,INR/sqft,Reported,Plausible range (±10-12%),B,EVD-002,ASM-034|ASM-035|ASM-036|ASM-037|ASM-038,Derived: monthly_rent × capital_multiplier. Multiplier from documented cap-rate range.,N/A,2026-09-19
MKT-001,gross_yield_pct,8.57,6.07,12.35,percent,Derived,Plausible range (±10-12%),B,EVD-001|EVD-002,ASM-034|ASM-035|ASM-036|ASM-037|ASM-038,Derived: (monthly_rent × 12 / sale_price) × 100. Never entered independently.,N/A,2026-09-19
MKT-001,rental_growth_pct,7.0,4.0,10.0,percent per annum,Estimated,Plausible range (±10-12%),B,,ASM-039|ASM-040|ASM-041|ASM-042|ASM-043,Benchmark range from broker reports; locality class adjusted.,N/A,2026-09-19
MKT-001,capital_growth_pct,8.5,5.0,12.0,percent per annum,Estimated,Plausible range (±10-12%),B,,ASM-039|ASM-040|ASM-041|ASM-042|ASM-043,Benchmark range from broker reports; locality class adjusted.,N/A,2026-09-19
MKT-001,occupancy_pct,91.0,85.0,96.0,percent,Estimated,Plausible range (±10-12%),B,,ASM-044|ASM-045|ASM-046|ASM-047|ASM-048,Benchmark occupancy for locality class; direct evidence where available.,N/A,2026-09-19
MKT-001,vacancy_pct,9.0,4.0,15.0,percent,Derived,Plausible range (±10-12%),B,,ASM-044|ASM-045|ASM-046|ASM-047|ASM-048,Derived: 100 - occupancy_pct. Never entered independently.,N/A,2026-09-19
MKT-001,demand_score,75.2,65.8,84.2,0-100 index,Derived,Plausible range (±10-12%),B,,ASM-044|ASM-045|ASM-046|ASM-047|ASM-048,Formula: 0.40×occupancy + 0.35×(rental_growth/0.15×100) + 0.25×location_strength. See DATA_METHODOLOGY.md.,N/A,2026-09-19
MKT-001,market_risk_score,25.6,21.2,30.9,0-100 index (higher=riskier),Derived,Plausible range (±10-12%),B,,ASM-044|ASM-045|ASM-046|ASM-047|ASM-048,Formula: 0.35×vacancy_risk + 0.35×supply_risk + 0.30×liquidity_risk. See DATA_METHODOLOGY.md.,N/A,2026-09-19
MKT-002,monthly_rent_psf,98.0,82.0,115.0,INR/sqft/month,Reported,Plausible range (±10-12%),B,EVD-004,ASM-002,City+locality benchmark from documented source hierarchy,N/A,2026-09-19
MKT-002,sale_price_psf,12740.0,9020.0,17250.0,INR/sqft,Estimated,Plausible range (±10-12%),B,,ASM-034|ASM-035|ASM-036|ASM-037|ASM-038,Derived: monthly_rent × capital_multiplier. Multiplier from documented cap-rate range.,N/A,2026-09-19
MKT-002,gross_yield_pct,9.23,5.7,15.3,percent,Derived,Plausible range (±10-12%),B,EVD-004|,ASM-034|ASM-035|ASM-036|ASM-037|ASM-038,Derived: (monthly_rent × 12 / sale_price) × 100. Never entered independently.,N/A,2026-09-19
MKT-002,rental_growth_pct,6.0,3.0,9.0,percent per annum,Estimated,Plausible range (±10-12%),B,,ASM-039|ASM-040|ASM-041|ASM-042|ASM-043,Benchmark range from broker reports; locality class adjusted.,N/A,2026-09-19
MKT-002,capital_growth_pct,7.5,4.0,11.0,percent per annum,Estimated,Plausible range (±10-12%),B,,ASM-039|ASM-040|ASM-041|ASM-042|ASM-043,Benchmark range from broker reports; locality class adjusted.,N/A,2026-09-19
MKT-002,occupancy_pct,88.0,80.0,94.0,percent,Estimated,Plausible range (±10-12%),B,,ASM-044|ASM-045|ASM-046|ASM-047|ASM-048,Benchmark occupancy for locality class; direct evidence where available.,N/A,2026-09-19
MKT-002,vacancy_pct,12.0,6.0,20.0,percent,Derived,Plausible range (±10-12%),B,,ASM-044|ASM-045|ASM-046|ASM-047|ASM-048,Derived: 100 - occupancy_pct. Never entered independently.,N/A,2026-09-19
MKT-002,demand_score,67.2,57.0,76.6,0-100 index,Derived,Plausible range (±10-12%),B,,ASM-044|ASM-045|ASM-046|ASM-047|ASM-048,Formula: 0.40×occupancy + 0.35×(rental_growth/0.15×100) + 0.25×location_strength. See DATA_METHODOLOGY.md.,N/A,2026-09-19
MKT-002,market_risk_score,33.5,28.2,40.5,0-100 index (higher=riskier),Derived,Plausible range (±10-12%),B,,ASM-044|ASM-045|ASM-046|ASM-047|ASM-048,Formula: 0.35×vacancy_risk + 0.35×supply_risk + 0.30×liquidity_risk. See DATA_METHODOLOGY.md.,N/A,2026-09-19
MKT-004,monthly_rent_psf,66.0,55.0,78.0,INR/sqft/month,Reported,Plausible range (±10-12%),B,EVD-017,ASM-013,City+locality benchmark from documented source hierarchy,N/A,2026-09-19
MKT-004,sale_price_psf,8580.0,6050.0,11700.0,INR/sqft,Estimated,Plausible range (±10-12%),B,,ASM-034|ASM-035|ASM-036|ASM-037|ASM-038,Derived: monthly_rent × capital_multiplier. Multiplier from documented cap-rate range.,N/A,2026-09-19
MKT-004,gross_yield_pct,9.23,5.64,15.47,percent,Derived,Plausible range (±10-12%),B,EVD-017|,ASM-034|ASM-035|ASM-036|ASM-037|ASM-038,Derived: (monthly_rent × 12 / sale_price) × 100. Never entered independently.,N/A,2026-09-19
MKT-004,rental_growth_pct,6.0,3.0,9.0,percent per annum,Estimated,Plausible range (±10-12%),B,,ASM-039|ASM-040|ASM-041|ASM-042|ASM-043,Benchmark range from broker reports; locality class adjusted.,N/A,2026-09-19
MKT-004,capital_growth_pct,7.5,4.0,11.0,percent per annum,Estimated,Plausible range (±10-12%),B,,ASM-039|ASM-040|ASM-041|ASM-042|ASM-043,Benchmark range from broker reports; locality class adjusted.,N/A,2026-09-19
MKT-004,occupancy_pct,88.0,80.0,94.0,percent,Estimated,Plausible range (±10-12%),B,,ASM-044|ASM-045|ASM-046|ASM-047|ASM-048,Benchmark occupancy for locality class; direct evidence where available.,N/A,2026-09-19
MKT-004,vacancy_pct,12.0,6.0,20.0,percent,Derived,Plausible range (±10-12%),B,,ASM-044|ASM-045|ASM-046|ASM-047|ASM-048,Derived: 100 - occupancy_pct. Never entered independently.,N/A,2026-09-19
MKT-004,demand_score,67.2,57.0,76.6,0-100 index,Derived,Plausible range (±10-12%),B,,ASM-044|ASM-045|ASM-046|ASM-047|ASM-048,Formula: 0.40×occupancy + 0.35×(rental_growth/0.15×100) + 0.25×location_strength. See DATA_METHODOLOGY.md.,N/A,2026-09-19
MKT-004,market_risk_score,33.5,28.2,40.5,0-100 index (higher=riskier),Derived,Plausible range (±10-12%),B,,ASM-044|ASM-045|ASM-046|ASM-047|ASM-048,Formula: 0.35×vacancy_risk + 0.35×supply_risk + 0.30×liquidity_risk. See DATA_METHODOLOGY.md.,N/A,2026-09-19
MKT-005,monthly_rent_psf,66.0,55.0,78.0,INR/sqft/month,Reported,Plausible range (±10-12%),B,EVD-018,ASM-013,City+locality benchmark from documented source hierarchy,N/A,2026-09-19
MKT-005,sale_price_psf,8580.0,6050.0,11700.0,INR/sqft,Estimated,Plausible range (±10-12%),B,,ASM-034|ASM-035|ASM-036|ASM-037|ASM-038,Derived: monthly_rent × capital_multiplier. Multiplier from documented cap-rate range.,N/A,2026-09-19
MKT-005,gross_yield_pct,9.23,5.64,15.47,percent,Derived,Plausible range (±10-12%),B,EVD-018|,ASM-034|ASM-035|ASM-036|ASM-037|ASM-038,Derived: (monthly_rent × 12 / sale_price) × 100. Never entered independently.,N/A,2026-09-19
MKT-005,rental_growth_pct,6.0,3.0,9.0,percent per annum,Estimated,Plausible range (±10-12%),B,,ASM-039|ASM-040|ASM-041|ASM-042|ASM-043,Benchmark range from broker reports; locality class adjusted.,N/A,2026-09-19
MKT-005,capital_growth_pct,7.5,4.0,11.0,percent per annum,Estimated,Plausible range (±10-12%),B,,ASM-039|ASM-040|ASM-041|ASM-042|ASM-043,Benchmark range from broker reports; locality class adjusted.,N/A,2026-09-19
MKT-005,occupancy_pct,88.0,80.0,94.0,percent,Estimated,Plausible range (±10-12%),B,,ASM-044|ASM-045|ASM-046|ASM-047|ASM-048,Benchmark occupancy for locality class; direct evidence where available.,N/A,2026-09-19
MKT-005,vacancy_pct,12.0,6.0,20.0,percent,Derived,Plausible range (±10-12%),B,,ASM-044|ASM-045|ASM-046|ASM-047|ASM-048,Derived: 100 - occupancy_pct. Never entered independently.,N/A,2026-09-19
MKT-005,demand_score,67.2,57.0,76.6,0-100 index,Derived,Plausible range (±10-12%),B,,ASM-044|ASM-045|ASM-046|ASM-047|ASM-048,Formula: 0.40×occupancy + 0.35×(rental_growth/0.15×100) + 0.25×location_strength. See DATA_METHODOLOGY.md.,N/A,2026-09-19
MKT-005,market_risk_score,33.5,28.2,40.5,0-100 index (higher=riskier),Derived,Plausible range (±10-12%),B,,ASM-044|ASM-045|ASM-046|ASM-047|ASM-048,Formula: 0.35×vacancy_risk + 0.35×supply_risk + 0.30×liquidity_risk. See DATA_METHODOLOGY.md.,N/A,2026-09-19
MKT-007,monthly_rent_psf,88.0,75.0,105.0,INR/sqft/month,Reported,Plausible range (±10-12%),B,EVD-005,ASM-009,City+locality benchmark from documented source hierarchy,N/A,2026-09-19
MKT-007,sale_price_psf,11440.0,8250.0,15750.0,INR/sqft,Estimated,Plausible range (±10-12%),B,,ASM-034|ASM-035|ASM-036|ASM-037|ASM-038,Derived: monthly_rent × capital_multiplier. Multiplier from documented cap-rate range.,N/A,2026-09-19
MKT-007,gross_yield_pct,9.23,5.71,15.27,percent,Derived,Plausible range (±10-12%),B,EVD-005|,ASM-034|ASM-035|ASM-036|ASM-037|ASM-038,Derived: (monthly_rent × 12 / sale_price) × 100. Never entered independently.,N/A,2026-09-19
MKT-007,rental_growth_pct,6.0,3.0,9.0,percent per annum,Estimated,Plausible range (±10-12%),B,,ASM-039|ASM-040|ASM-041|ASM-042|ASM-043,Benchmark range from broker reports; locality class adjusted.,N/A,2026-09-19
MKT-007,capital_growth_pct,7.5,4.0,11.0,percent per annum,Estimated,Plausible range (±10-12%),B,,ASM-039|ASM-040|ASM-041|ASM-042|ASM-043,Benchmark range from broker reports; locality class adjusted.,N/A,2026-09-19
MKT-007,occupancy_pct,88.0,80.0,94.0,percent,Estimated,Plausible range (±10-12%),B,,ASM-044|ASM-045|ASM-046|ASM-047|ASM-048,Benchmark occupancy for locality class; direct evidence where available.,N/A,2026-09-19
MKT-007,vacancy_pct,12.0,6.0,20.0,percent,Derived,Plausible range (±10-12%),B,,ASM-044|ASM-045|ASM-046|ASM-047|ASM-048,Derived: 100 - occupancy_pct. Never entered independently.,N/A,2026-09-19
MKT-007,demand_score,67.2,57.0,76.6,0-100 index,Derived,Plausible range (±10-12%),B,,ASM-044|ASM-045|ASM-046|ASM-047|ASM-048,Formula: 0.40×occupancy + 0.35×(rental_growth/0.15×100) + 0.25×location_strength. See DATA_METHODOLOGY.md.,N/A,2026-09-19
MKT-007,market_risk_score,33.5,28.2,40.5,0-100 index (higher=riskier),Derived,Plausible range (±10-12%),B,,ASM-044|ASM-045|ASM-046|ASM-047|ASM-048,Formula: 0.35×vacancy_risk + 0.35×supply_risk + 0.30×liquidity_risk. See DATA_METHODOLOGY.md.,N/A,2026-09-19
MKT-010,monthly_rent_psf,72.0,60.0,85.0,INR/sqft/month,Reported,Estimation interval (±15-20%),C,EVD-007,ASM-011,City+locality benchmark from documented source hierarchy,N/A,2026-09-19
MKT-010,sale_price_psf,9360.0,6600.0,12750.0,INR/sqft,Estimated,Estimation interval (±15-20%),C,,ASM-034|ASM-035|ASM-036|ASM-037|ASM-038,Derived: monthly_rent × capital_multiplier. Multiplier from documented cap-rate range.,N/A,2026-09-19
MKT-010,gross_yield_pct,9.23,5.65,15.45,percent,Derived,Estimation interval (±15-20%),C,EVD-007|,ASM-034|ASM-035|ASM-036|ASM-037|ASM-038,Derived: (monthly_rent × 12 / sale_price) × 100. Never entered independently.,N/A,2026-09-19
MKT-010,rental_growth_pct,6.0,3.0,9.0,percent per annum,Estimated,Estimation interval (±15-20%),C,,ASM-039|ASM-040|ASM-041|ASM-042|ASM-043,Benchmark range from broker reports; locality class adjusted.,N/A,2026-09-19
MKT-010,capital_growth_pct,7.5,4.0,11.0,percent per annum,Estimated,Estimation interval (±15-20%),C,,ASM-039|ASM-040|ASM-041|ASM-042|ASM-043,Benchmark range from broker reports; locality class adjusted.,N/A,2026-09-19
MKT-010,occupancy_pct,88.0,80.0,94.0,percent,Reported,Estimation interval (±15-20%),C,EVD-008,ASM-044|ASM-045|ASM-046|ASM-047|ASM-048,Benchmark occupancy for locality class; direct evidence where available.,N/A,2026-09-19
MKT-010,vacancy_pct,12.0,6.0,20.0,percent,Derived,Estimation interval (±15-20%),C,EVD-008,ASM-044|ASM-045|ASM-046|ASM-047|ASM-048,Derived: 100 - occupancy_pct. Never entered independently.,N/A,2026-09-19
MKT-010,demand_score,67.2,57.0,76.6,0-100 index,Derived,Estimation interval (±15-20%),C,,ASM-044|ASM-045|ASM-046|ASM-047|ASM-048,Formula: 0.40×occupancy + 0.35×(rental_growth/0.15×100) + 0.25×location_strength. See DATA_METHODOLOGY.md.,N/A,2026-09-19
MKT-010,market_risk_score,33.5,28.2,40.5,0-100 index (higher=riskier),Derived,Estimation interval (±15-20%),C,,ASM-044|ASM-045|ASM-046|ASM-047|ASM-048,Formula: 0.35×vacancy_risk + 0.35×supply_risk + 0.30×liquidity_risk. See DATA_METHODOLOGY.md.,N/A,2026-09-19
MKT-013,monthly_rent_psf,62.0,52.0,72.0,INR/sqft/month,Reported,Plausible range (±10-12%),B,EVD-012,ASM-015,City+locality benchmark from documented source hierarchy,N/A,2026-09-19
MKT-013,sale_price_psf,8060.0,5720.0,10800.0,INR/sqft,Estimated,Plausible range (±10-12%),B,,ASM-034|ASM-035|ASM-036|ASM-037|ASM-038,Derived: monthly_rent × capital_multiplier. Multiplier from documented cap-rate range.,N/A,2026-09-19
MKT-013,gross_yield_pct,9.23,5.78,15.1,percent,Derived,Plausible range (±10-12%),B,EVD-012|,ASM-034|ASM-035|ASM-036|ASM-037|ASM-038,Derived: (monthly_rent × 12 / sale_price) × 100. Never entered independently.,N/A,2026-09-19
MKT-013,rental_growth_pct,6.0,3.0,9.0,percent per annum,Estimated,Plausible range (±10-12%),B,,ASM-039|ASM-040|ASM-041|ASM-042|ASM-043,Benchmark range from broker reports; locality class adjusted.,N/A,2026-09-19
MKT-013,capital_growth_pct,7.5,4.0,11.0,percent per annum,Estimated,Plausible range (±10-12%),B,,ASM-039|ASM-040|ASM-041|ASM-042|ASM-043,Benchmark range from broker reports; locality class adjusted.,N/A,2026-09-19
MKT-013,occupancy_pct,88.0,80.0,94.0,percent,Estimated,Plausible range (±10-12%),B,,ASM-044|ASM-045|ASM-046|ASM-047|ASM-048,Benchmark occupancy for locality class; direct evidence where available.,N/A,2026-09-19
MKT-013,vacancy_pct,12.0,6.0,20.0,percent,Derived,Plausible range (±10-12%),B,,ASM-044|ASM-045|ASM-046|ASM-047|ASM-048,Derived: 100 - occupancy_pct. Never entered independently.,N/A,2026-09-19
MKT-013,demand_score,67.2,57.0,76.6,0-100 index,Derived,Plausible range (±10-12%),B,,ASM-044|ASM-045|ASM-046|ASM-047|ASM-048,Formula: 0.40×occupancy + 0.35×(rental_growth/0.15×100) + 0.25×location_strength. See DATA_METHODOLOGY.md.,N/A,2026-09-19
MKT-013,market_risk_score,33.5,28.2,40.5,0-100 index (higher=riskier),Derived,Plausible range (±10-12%),B,,ASM-044|ASM-045|ASM-046|ASM-047|ASM-048,Formula: 0.35×vacancy_risk + 0.35×supply_risk + 0.30×liquidity_risk. See DATA_METHODOLOGY.md.,N/A,2026-09-19
MKT-016,monthly_rent_psf,125.0,105.0,145.0,INR/sqft/month,Reported,Plausible range (±10-12%),B,EVD-010,ASM-004,City+locality benchmark from documented source hierarchy,N/A,2026-09-19
MKT-016,sale_price_psf,17500.0,12600.0,23200.0,INR/sqft,Estimated,Plausible range (±10-12%),B,,ASM-034|ASM-035|ASM-036|ASM-037|ASM-038,Derived: monthly_rent × capital_multiplier. Multiplier from documented cap-rate range.,N/A,2026-09-19
MKT-016,gross_yield_pct,8.57,5.43,13.81,percent,Derived,Plausible range (±10-12%),B,EVD-010|,ASM-034|ASM-035|ASM-036|ASM-037|ASM-038,Derived: (monthly_rent × 12 / sale_price) × 100. Never entered independently.,N/A,2026-09-19
MKT-016,rental_growth_pct,7.0,4.0,10.0,percent per annum,Estimated,Plausible range (±10-12%),B,,ASM-039|ASM-040|ASM-041|ASM-042|ASM-043,Benchmark range from broker reports; locality class adjusted.,N/A,2026-09-19
MKT-016,capital_growth_pct,8.5,5.0,12.0,percent per annum,Estimated,Plausible range (±10-12%),B,,ASM-039|ASM-040|ASM-041|ASM-042|ASM-043,Benchmark range from broker reports; locality class adjusted.,N/A,2026-09-19
MKT-016,occupancy_pct,91.0,85.0,96.0,percent,Estimated,Plausible range (±10-12%),B,,ASM-044|ASM-045|ASM-046|ASM-047|ASM-048,Benchmark occupancy for locality class; direct evidence where available.,N/A,2026-09-19
MKT-016,vacancy_pct,9.0,4.0,15.0,percent,Derived,Plausible range (±10-12%),B,,ASM-044|ASM-045|ASM-046|ASM-047|ASM-048,Derived: 100 - occupancy_pct. Never entered independently.,N/A,2026-09-19
MKT-016,demand_score,75.2,65.8,84.2,0-100 index,Derived,Plausible range (±10-12%),B,,ASM-044|ASM-045|ASM-046|ASM-047|ASM-048,Formula: 0.40×occupancy + 0.35×(rental_growth/0.15×100) + 0.25×location_strength. See DATA_METHODOLOGY.md.,N/A,2026-09-19
MKT-016,market_risk_score,25.6,21.2,30.9,0-100 index (higher=riskier),Derived,Plausible range (±10-12%),B,,ASM-044|ASM-045|ASM-046|ASM-047|ASM-048,Formula: 0.35×vacancy_risk + 0.35×supply_risk + 0.30×liquidity_risk. See DATA_METHODOLOGY.md.,N/A,2026-09-19
MKT-018,monthly_rent_psf,45.0,36.0,55.0,INR/sqft/month,Estimated,Estimation interval (±15-20%),C,,ASM-018,City+locality benchmark from documented source hierarchy,N/A,2026-09-19
MKT-018,sale_price_psf,5850.0,3960.0,8250.0,INR/sqft,Estimated,Estimation interval (±15-20%),C,,ASM-034|ASM-035|ASM-036|ASM-037|ASM-038,Derived: monthly_rent × capital_multiplier. Multiplier from documented cap-rate range.,N/A,2026-09-19
MKT-018,gross_yield_pct,9.23,5.24,16.67,percent,Derived,Estimation interval (±15-20%),C,,ASM-034|ASM-035|ASM-036|ASM-037|ASM-038,Derived: (monthly_rent × 12 / sale_price) × 100. Never entered independently.,N/A,2026-09-19
MKT-018,rental_growth_pct,6.0,3.0,9.0,percent per annum,Estimated,Estimation interval (±15-20%),C,,ASM-039|ASM-040|ASM-041|ASM-042|ASM-043,Benchmark range from broker reports; locality class adjusted.,N/A,2026-09-19
MKT-018,capital_growth_pct,7.5,4.0,11.0,percent per annum,Estimated,Estimation interval (±15-20%),C,,ASM-039|ASM-040|ASM-041|ASM-042|ASM-043,Benchmark range from broker reports; locality class adjusted.,N/A,2026-09-19
MKT-018,occupancy_pct,88.0,80.0,94.0,percent,Estimated,Estimation interval (±15-20%),C,,ASM-044|ASM-045|ASM-046|ASM-047|ASM-048,Benchmark occupancy for locality class; direct evidence where available.,N/A,2026-09-19
MKT-018,vacancy_pct,12.0,6.0,20.0,percent,Derived,Estimation interval (±15-20%),C,,ASM-044|ASM-045|ASM-046|ASM-047|ASM-048,Derived: 100 - occupancy_pct. Never entered independently.,N/A,2026-09-19
MKT-018,demand_score,67.2,57.0,76.6,0-100 index,Derived,Estimation interval (±15-20%),C,,ASM-044|ASM-045|ASM-046|ASM-047|ASM-048,Formula: 0.40×occupancy + 0.35×(rental_growth/0.15×100) + 0.25×location_strength. See DATA_METHODOLOGY.md.,N/A,2026-09-19
MKT-018,market_risk_score,33.5,28.2,40.5,0-100 index (higher=riskier),Derived,Estimation interval (±15-20%),C,,ASM-044|ASM-045|ASM-046|ASM-047|ASM-048,Formula: 0.35×vacancy_risk + 0.35×supply_risk + 0.30×liquidity_risk. See DATA_METHODOLOGY.md.,N/A,2026-09-19
MKT-003,monthly_rent_psf,280.0,220.0,360.0,INR/sqft/month,Reported,Plausible range (±10-12%),B,EVD-013,ASM-020,City+locality benchmark from documented source hierarchy,N/A,2026-09-19
MKT-003,sale_price_psf,28000.0,17600.0,43200.0,INR/sqft,Estimated,Plausible range (±10-12%),B,,ASM-034|ASM-035|ASM-036|ASM-037|ASM-038,Derived: monthly_rent × capital_multiplier. Multiplier from documented cap-rate range.,N/A,2026-09-19
MKT-003,gross_yield_pct,12.0,6.11,24.55,percent,Derived,Plausible range (±10-12%),B,EVD-013|,ASM-034|ASM-035|ASM-036|ASM-037|ASM-038,Derived: (monthly_rent × 12 / sale_price) × 100. Never entered independently.,N/A,2026-09-19
MKT-003,rental_growth_pct,5.5,2.5,9.0,percent per annum,Estimated,Plausible range (±10-12%),B,,ASM-039|ASM-040|ASM-041|ASM-042|ASM-043,Benchmark range from broker reports; locality class adjusted.,N/A,2026-09-19
MKT-003,capital_growth_pct,6.5,3.0,10.0,percent per annum,Estimated,Plausible range (±10-12%),B,,ASM-039|ASM-040|ASM-041|ASM-042|ASM-043,Benchmark range from broker reports; locality class adjusted.,N/A,2026-09-19
MKT-003,occupancy_pct,91.0,82.0,96.0,percent,Estimated,Plausible range (±10-12%),B,,ASM-044|ASM-045|ASM-046|ASM-047|ASM-048,Benchmark occupancy for locality class; direct evidence where available.,N/A,2026-09-19
MKT-003,vacancy_pct,9.0,4.0,18.0,percent,Derived,Plausible range (±10-12%),B,,ASM-044|ASM-045|ASM-046|ASM-047|ASM-048,Derived: 100 - occupancy_pct. Never entered independently.,N/A,2026-09-19
MKT-003,demand_score,71.7,61.1,81.9,0-100 index,Derived,Plausible range (±10-12%),B,,ASM-044|ASM-045|ASM-046|ASM-047|ASM-048,Formula: 0.40×occupancy + 0.35×(rental_growth/0.15×100) + 0.25×location_strength. See DATA_METHODOLOGY.md.,N/A,2026-09-19
MKT-003,market_risk_score,30.1,25.8,38.0,0-100 index (higher=riskier),Derived,Plausible range (±10-12%),B,,ASM-044|ASM-045|ASM-046|ASM-047|ASM-048,Formula: 0.35×vacancy_risk + 0.35×supply_risk + 0.30×liquidity_risk. See DATA_METHODOLOGY.md.,N/A,2026-09-19
MKT-009,monthly_rent_psf,165.0,130.0,210.0,INR/sqft/month,Reported,Plausible range (±10-12%),B,EVD-014,ASM-022,City+locality benchmark from documented source hierarchy,N/A,2026-09-19
MKT-009,sale_price_psf,16500.0,10400.0,25200.0,INR/sqft,Estimated,Plausible range (±10-12%),B,,ASM-034|ASM-035|ASM-036|ASM-037|ASM-038,Derived: monthly_rent × capital_multiplier. Multiplier from documented cap-rate range.,N/A,2026-09-19
MKT-009,gross_yield_pct,12.0,6.19,24.23,percent,Derived,Plausible range (±10-12%),B,EVD-014|,ASM-034|ASM-035|ASM-036|ASM-037|ASM-038,Derived: (monthly_rent × 12 / sale_price) × 100. Never entered independently.,N/A,2026-09-19
MKT-009,rental_growth_pct,5.0,2.0,8.5,percent per annum,Estimated,Plausible range (±10-12%),B,,ASM-039|ASM-040|ASM-041|ASM-042|ASM-043,Benchmark range from broker reports; locality class adjusted.,N/A,2026-09-19
MKT-009,capital_growth_pct,5.5,2.5,9.0,percent per annum,Estimated,Plausible range (±10-12%),B,,ASM-039|ASM-040|ASM-041|ASM-042|ASM-043,Benchmark range from broker reports; locality class adjusted.,N/A,2026-09-19
MKT-009,occupancy_pct,87.0,78.0,94.0,percent,Estimated,Plausible range (±10-12%),B,,ASM-044|ASM-045|ASM-046|ASM-047|ASM-048,Benchmark occupancy for locality class; direct evidence where available.,N/A,2026-09-19
MKT-009,vacancy_pct,13.0,6.0,22.0,percent,Derived,Plausible range (±10-12%),B,,ASM-044|ASM-045|ASM-046|ASM-047|ASM-048,Derived: 100 - occupancy_pct. Never entered independently.,N/A,2026-09-19
MKT-009,demand_score,64.5,53.9,75.4,0-100 index,Derived,Plausible range (±10-12%),B,,ASM-044|ASM-045|ASM-046|ASM-047|ASM-048,Formula: 0.40×occupancy + 0.35×(rental_growth/0.15×100) + 0.25×location_strength. See DATA_METHODOLOGY.md.,N/A,2026-09-19
MKT-009,market_risk_score,38.9,32.8,46.8,0-100 index (higher=riskier),Derived,Plausible range (±10-12%),B,,ASM-044|ASM-045|ASM-046|ASM-047|ASM-048,Formula: 0.35×vacancy_risk + 0.35×supply_risk + 0.30×liquidity_risk. See DATA_METHODOLOGY.md.,N/A,2026-09-19
MKT-014,monthly_rent_psf,200.0,160.0,250.0,INR/sqft/month,Estimated,Plausible range (±10-12%),B,,ASM-024,City+locality benchmark from documented source hierarchy,N/A,2026-09-19
MKT-014,sale_price_psf,20000.0,12800.0,30000.0,INR/sqft,Estimated,Plausible range (±10-12%),B,,ASM-034|ASM-035|ASM-036|ASM-037|ASM-038,Derived: monthly_rent × capital_multiplier. Multiplier from documented cap-rate range.,N/A,2026-09-19
MKT-014,gross_yield_pct,12.0,6.4,23.44,percent,Derived,Plausible range (±10-12%),B,,ASM-034|ASM-035|ASM-036|ASM-037|ASM-038,Derived: (monthly_rent × 12 / sale_price) × 100. Never entered independently.,N/A,2026-09-19
MKT-014,rental_growth_pct,5.5,2.5,9.0,percent per annum,Estimated,Plausible range (±10-12%),B,,ASM-039|ASM-040|ASM-041|ASM-042|ASM-043,Benchmark range from broker reports; locality class adjusted.,N/A,2026-09-19
MKT-014,capital_growth_pct,6.5,3.0,10.0,percent per annum,Estimated,Plausible range (±10-12%),B,,ASM-039|ASM-040|ASM-041|ASM-042|ASM-043,Benchmark range from broker reports; locality class adjusted.,N/A,2026-09-19
MKT-014,occupancy_pct,91.0,82.0,96.0,percent,Estimated,Plausible range (±10-12%),B,,ASM-044|ASM-045|ASM-046|ASM-047|ASM-048,Benchmark occupancy for locality class; direct evidence where available.,N/A,2026-09-19
MKT-014,vacancy_pct,9.0,4.0,18.0,percent,Derived,Plausible range (±10-12%),B,,ASM-044|ASM-045|ASM-046|ASM-047|ASM-048,Derived: 100 - occupancy_pct. Never entered independently.,N/A,2026-09-19
MKT-014,demand_score,71.7,61.1,81.9,0-100 index,Derived,Plausible range (±10-12%),B,,ASM-044|ASM-045|ASM-046|ASM-047|ASM-048,Formula: 0.40×occupancy + 0.35×(rental_growth/0.15×100) + 0.25×location_strength. See DATA_METHODOLOGY.md.,N/A,2026-09-19
MKT-014,market_risk_score,30.1,25.8,38.0,0-100 index (higher=riskier),Derived,Plausible range (±10-12%),B,,ASM-044|ASM-045|ASM-046|ASM-047|ASM-048,Formula: 0.35×vacancy_risk + 0.35×supply_risk + 0.30×liquidity_risk. See DATA_METHODOLOGY.md.,N/A,2026-09-19
MKT-017,monthly_rent_psf,190.0,150.0,240.0,INR/sqft/month,Estimated,Estimation interval (±15-20%),C,,ASM-021,City+locality benchmark from documented source hierarchy,N/A,2026-09-19
MKT-017,sale_price_psf,19000.0,12000.0,28800.0,INR/sqft,Estimated,Estimation interval (±15-20%),C,,ASM-034|ASM-035|ASM-036|ASM-037|ASM-038,Derived: monthly_rent × capital_multiplier. Multiplier from documented cap-rate range.,N/A,2026-09-19
MKT-017,gross_yield_pct,12.0,6.25,24.0,percent,Derived,Estimation interval (±15-20%),C,,ASM-034|ASM-035|ASM-036|ASM-037|ASM-038,Derived: (monthly_rent × 12 / sale_price) × 100. Never entered independently.,N/A,2026-09-19
MKT-017,rental_growth_pct,5.0,2.0,8.5,percent per annum,Estimated,Estimation interval (±15-20%),C,,ASM-039|ASM-040|ASM-041|ASM-042|ASM-043,Benchmark range from broker reports; locality class adjusted.,N/A,2026-09-19
MKT-017,capital_growth_pct,5.5,2.5,9.0,percent per annum,Estimated,Estimation interval (±15-20%),C,,ASM-039|ASM-040|ASM-041|ASM-042|ASM-043,Benchmark range from broker reports; locality class adjusted.,N/A,2026-09-19
MKT-017,occupancy_pct,87.0,78.0,94.0,percent,Estimated,Estimation interval (±15-20%),C,,ASM-044|ASM-045|ASM-046|ASM-047|ASM-048,Benchmark occupancy for locality class; direct evidence where available.,N/A,2026-09-19
MKT-017,vacancy_pct,13.0,6.0,22.0,percent,Derived,Estimation interval (±15-20%),C,,ASM-044|ASM-045|ASM-046|ASM-047|ASM-048,Derived: 100 - occupancy_pct. Never entered independently.,N/A,2026-09-19
MKT-017,demand_score,64.5,53.9,75.4,0-100 index,Derived,Estimation interval (±15-20%),C,,ASM-044|ASM-045|ASM-046|ASM-047|ASM-048,Formula: 0.40×occupancy + 0.35×(rental_growth/0.15×100) + 0.25×location_strength. See DATA_METHODOLOGY.md.,N/A,2026-09-19
MKT-017,market_risk_score,38.9,32.8,46.8,0-100 index (higher=riskier),Derived,Estimation interval (±15-20%),C,,ASM-044|ASM-045|ASM-046|ASM-047|ASM-048,Formula: 0.35×vacancy_risk + 0.35×supply_risk + 0.30×liquidity_risk. See DATA_METHODOLOGY.md.,N/A,2026-09-19
MKT-006,monthly_rent_psf,22.0,16.0,30.0,INR/sqft/month,Estimated,Estimation interval (±20-30%),D,,ASM-031,City+locality benchmark from documented source hierarchy,N/A,2026-09-19
MKT-006,sale_price_psf,6160.0,3840.0,10200.0,INR/sqft,Estimated,Estimation interval (±20-30%),D,,ASM-034|ASM-035|ASM-036|ASM-037|ASM-038,Derived: monthly_rent × capital_multiplier. Multiplier from documented cap-rate range.,N/A,2026-09-19
MKT-006,gross_yield_pct,4.29,1.88,9.38,percent,Derived,Estimation interval (±20-30%),D,,ASM-034|ASM-035|ASM-036|ASM-037|ASM-038,Derived: (monthly_rent × 12 / sale_price) × 100. Never entered independently.,N/A,2026-09-19
MKT-006,rental_growth_pct,7.5,4.0,11.5,percent per annum,Estimated,Estimation interval (±20-30%),D,,ASM-039|ASM-040|ASM-041|ASM-042|ASM-043,Benchmark range from broker reports; locality class adjusted.,N/A,2026-09-19
MKT-006,capital_growth_pct,10.0,5.5,15.5,percent per annum,Estimated,Estimation interval (±20-30%),D,,ASM-039|ASM-040|ASM-041|ASM-042|ASM-043,Benchmark range from broker reports; locality class adjusted.,N/A,2026-09-19
MKT-006,occupancy_pct,83.0,72.0,92.0,percent,Estimated,Estimation interval (±20-30%),D,,ASM-044|ASM-045|ASM-046|ASM-047|ASM-048,Benchmark occupancy for locality class; direct evidence where available.,N/A,2026-09-19
MKT-006,vacancy_pct,17.0,8.0,28.0,percent,Derived,Estimation interval (±20-30%),D,,ASM-044|ASM-045|ASM-046|ASM-047|ASM-048,Derived: 100 - occupancy_pct. Never entered independently.,N/A,2026-09-19
MKT-006,demand_score,65.2,52.6,78.1,0-100 index,Derived,Estimation interval (±20-30%),D,,ASM-044|ASM-045|ASM-046|ASM-047|ASM-048,Formula: 0.40×occupancy + 0.35×(rental_growth/0.15×100) + 0.25×location_strength. See DATA_METHODOLOGY.md.,N/A,2026-09-19
MKT-006,market_risk_score,53.9,46.0,63.5,0-100 index (higher=riskier),Derived,Estimation interval (±20-30%),D,,ASM-044|ASM-045|ASM-046|ASM-047|ASM-048,Formula: 0.35×vacancy_risk + 0.35×supply_risk + 0.30×liquidity_risk. See DATA_METHODOLOGY.md.,N/A,2026-09-19
MKT-008,monthly_rent_psf,28.0,22.0,36.0,INR/sqft/month,Reported,Estimation interval (±15-20%),C,EVD-016,ASM-029,City+locality benchmark from documented source hierarchy,N/A,2026-09-19
MKT-008,sale_price_psf,7840.0,5280.0,12240.0,INR/sqft,Estimated,Estimation interval (±15-20%),C,,ASM-034|ASM-035|ASM-036|ASM-037|ASM-038,Derived: monthly_rent × capital_multiplier. Multiplier from documented cap-rate range.,N/A,2026-09-19
MKT-008,gross_yield_pct,4.29,2.16,8.18,percent,Derived,Estimation interval (±15-20%),C,EVD-016|,ASM-034|ASM-035|ASM-036|ASM-037|ASM-038,Derived: (monthly_rent × 12 / sale_price) × 100. Never entered independently.,N/A,2026-09-19
MKT-008,rental_growth_pct,7.5,4.0,11.5,percent per annum,Estimated,Estimation interval (±15-20%),C,,ASM-039|ASM-040|ASM-041|ASM-042|ASM-043,Benchmark range from broker reports; locality class adjusted.,N/A,2026-09-19
MKT-008,capital_growth_pct,10.0,5.5,15.5,percent per annum,Estimated,Estimation interval (±15-20%),C,,ASM-039|ASM-040|ASM-041|ASM-042|ASM-043,Benchmark range from broker reports; locality class adjusted.,N/A,2026-09-19
MKT-008,occupancy_pct,83.0,72.0,92.0,percent,Estimated,Estimation interval (±15-20%),C,,ASM-044|ASM-045|ASM-046|ASM-047|ASM-048,Benchmark occupancy for locality class; direct evidence where available.,N/A,2026-09-19
MKT-008,vacancy_pct,17.0,8.0,28.0,percent,Derived,Estimation interval (±15-20%),C,,ASM-044|ASM-045|ASM-046|ASM-047|ASM-048,Derived: 100 - occupancy_pct. Never entered independently.,N/A,2026-09-19
MKT-008,demand_score,65.2,52.6,78.1,0-100 index,Derived,Estimation interval (±15-20%),C,,ASM-044|ASM-045|ASM-046|ASM-047|ASM-048,Formula: 0.40×occupancy + 0.35×(rental_growth/0.15×100) + 0.25×location_strength. See DATA_METHODOLOGY.md.,N/A,2026-09-19
MKT-008,market_risk_score,53.9,46.0,63.5,0-100 index (higher=riskier),Derived,Estimation interval (±15-20%),C,,ASM-044|ASM-045|ASM-046|ASM-047|ASM-048,Formula: 0.35×vacancy_risk + 0.35×supply_risk + 0.30×liquidity_risk. See DATA_METHODOLOGY.md.,N/A,2026-09-19
MKT-011,monthly_rent_psf,30.0,22.0,40.0,INR/sqft/month,Reported,Estimation interval (±15-20%),C,EVD-015,ASM-030,City+locality benchmark from documented source hierarchy,N/A,2026-09-19
MKT-011,sale_price_psf,8400.0,5280.0,13600.0,INR/sqft,Estimated,Estimation interval (±15-20%),C,,ASM-034|ASM-035|ASM-036|ASM-037|ASM-038,Derived: monthly_rent × capital_multiplier. Multiplier from documented cap-rate range.,N/A,2026-09-19
MKT-011,gross_yield_pct,4.29,1.94,9.09,percent,Derived,Estimation interval (±15-20%),C,EVD-015|,ASM-034|ASM-035|ASM-036|ASM-037|ASM-038,Derived: (monthly_rent × 12 / sale_price) × 100. Never entered independently.,N/A,2026-09-19
MKT-011,rental_growth_pct,7.0,4.0,11.0,percent per annum,Estimated,Estimation interval (±15-20%),C,,ASM-039|ASM-040|ASM-041|ASM-042|ASM-043,Benchmark range from broker reports; locality class adjusted.,N/A,2026-09-19
MKT-011,capital_growth_pct,8.5,5.0,13.0,percent per annum,Estimated,Estimation interval (±15-20%),C,,ASM-039|ASM-040|ASM-041|ASM-042|ASM-043,Benchmark range from broker reports; locality class adjusted.,N/A,2026-09-19
MKT-011,occupancy_pct,86.0,78.0,94.0,percent,Estimated,Estimation interval (±15-20%),C,,ASM-044|ASM-045|ASM-046|ASM-047|ASM-048,Benchmark occupancy for locality class; direct evidence where available.,N/A,2026-09-19
MKT-011,vacancy_pct,14.0,6.0,22.0,percent,Derived,Estimation interval (±15-20%),C,,ASM-044|ASM-045|ASM-046|ASM-047|ASM-048,Derived: 100 - occupancy_pct. Never entered independently.,N/A,2026-09-19
MKT-011,demand_score,68.7,58.5,81.3,0-100 index,Derived,Estimation interval (±15-20%),C,,ASM-044|ASM-045|ASM-046|ASM-047|ASM-048,Formula: 0.40×occupancy + 0.35×(rental_growth/0.15×100) + 0.25×location_strength. See DATA_METHODOLOGY.md.,N/A,2026-09-19
MKT-011,market_risk_score,44.2,37.2,51.2,0-100 index (higher=riskier),Derived,Estimation interval (±15-20%),C,,ASM-044|ASM-045|ASM-046|ASM-047|ASM-048,Formula: 0.35×vacancy_risk + 0.35×supply_risk + 0.30×liquidity_risk. See DATA_METHODOLOGY.md.,N/A,2026-09-19
MKT-012,monthly_rent_psf,38.0,28.0,50.0,INR/sqft/month,Estimated,Estimation interval (±20-30%),D,,ASM-030,City+locality benchmark from documented source hierarchy,N/A,2026-09-19
MKT-012,sale_price_psf,10640.0,6720.0,17000.0,INR/sqft,Estimated,Estimation interval (±20-30%),D,,ASM-034|ASM-035|ASM-036|ASM-037|ASM-038,Derived: monthly_rent × capital_multiplier. Multiplier from documented cap-rate range.,N/A,2026-09-19
MKT-012,gross_yield_pct,4.29,1.98,8.93,percent,Derived,Estimation interval (±20-30%),D,,ASM-034|ASM-035|ASM-036|ASM-037|ASM-038,Derived: (monthly_rent × 12 / sale_price) × 100. Never entered independently.,N/A,2026-09-19
MKT-012,rental_growth_pct,8.0,4.0,12.0,percent per annum,Estimated,Estimation interval (±20-30%),D,,ASM-039|ASM-040|ASM-041|ASM-042|ASM-043,Benchmark range from broker reports; locality class adjusted.,N/A,2026-09-19
MKT-012,capital_growth_pct,9.5,6.0,14.0,percent per annum,Estimated,Estimation interval (±20-30%),D,,ASM-039|ASM-040|ASM-041|ASM-042|ASM-043,Benchmark range from broker reports; locality class adjusted.,N/A,2026-09-19
MKT-012,occupancy_pct,90.0,82.0,96.0,percent,Estimated,Estimation interval (±20-30%),D,,ASM-044|ASM-045|ASM-046|ASM-047|ASM-048,Benchmark occupancy for locality class; direct evidence where available.,N/A,2026-09-19
MKT-012,vacancy_pct,10.0,4.0,18.0,percent,Derived,Estimation interval (±20-30%),D,,ASM-044|ASM-045|ASM-046|ASM-047|ASM-048,Derived: 100 - occupancy_pct. Never entered independently.,N/A,2026-09-19
MKT-012,demand_score,77.2,64.6,88.9,0-100 index,Derived,Estimation interval (±20-30%),D,,ASM-044|ASM-045|ASM-046|ASM-047|ASM-048,Formula: 0.40×occupancy + 0.35×(rental_growth/0.15×100) + 0.25×location_strength. See DATA_METHODOLOGY.md.,N/A,2026-09-19
MKT-012,market_risk_score,35.5,30.2,42.5,0-100 index (higher=riskier),Derived,Estimation interval (±20-30%),D,,ASM-044|ASM-045|ASM-046|ASM-047|ASM-048,Formula: 0.35×vacancy_risk + 0.35×supply_risk + 0.30×liquidity_risk. See DATA_METHODOLOGY.md.,N/A,2026-09-19
MKT-015,monthly_rent_psf,24.0,18.0,32.0,INR/sqft/month,Estimated,Estimation interval (±15-20%),C,,ASM-032,City+locality benchmark from documented source hierarchy,N/A,2026-09-19
MKT-015,sale_price_psf,6720.0,4320.0,10880.0,INR/sqft,Estimated,Estimation interval (±15-20%),C,,ASM-034|ASM-035|ASM-036|ASM-037|ASM-038,Derived: monthly_rent × capital_multiplier. Multiplier from documented cap-rate range.,N/A,2026-09-19
MKT-015,gross_yield_pct,4.29,1.99,8.89,percent,Derived,Estimation interval (±15-20%),C,,ASM-034|ASM-035|ASM-036|ASM-037|ASM-038,Derived: (monthly_rent × 12 / sale_price) × 100. Never entered independently.,N/A,2026-09-19
MKT-015,rental_growth_pct,7.0,4.0,11.0,percent per annum,Estimated,Estimation interval (±15-20%),C,,ASM-039|ASM-040|ASM-041|ASM-042|ASM-043,Benchmark range from broker reports; locality class adjusted.,N/A,2026-09-19
MKT-015,capital_growth_pct,8.5,5.0,13.0,percent per annum,Estimated,Estimation interval (±15-20%),C,,ASM-039|ASM-040|ASM-041|ASM-042|ASM-043,Benchmark range from broker reports; locality class adjusted.,N/A,2026-09-19
MKT-015,occupancy_pct,86.0,78.0,94.0,percent,Estimated,Estimation interval (±15-20%),C,,ASM-044|ASM-045|ASM-046|ASM-047|ASM-048,Benchmark occupancy for locality class; direct evidence where available.,N/A,2026-09-19
MKT-015,vacancy_pct,14.0,6.0,22.0,percent,Derived,Estimation interval (±15-20%),C,,ASM-044|ASM-045|ASM-046|ASM-047|ASM-048,Derived: 100 - occupancy_pct. Never entered independently.,N/A,2026-09-19
MKT-015,demand_score,68.7,58.5,81.3,0-100 index,Derived,Estimation interval (±15-20%),C,,ASM-044|ASM-045|ASM-046|ASM-047|ASM-048,Formula: 0.40×occupancy + 0.35×(rental_growth/0.15×100) + 0.25×location_strength. See DATA_METHODOLOGY.md.,N/A,2026-09-19
MKT-015,market_risk_score,44.2,37.2,51.2,0-100 index (higher=riskier),Derived,Estimation interval (±15-20%),C,,ASM-044|ASM-045|ASM-046|ASM-047|ASM-048,Formula: 0.35×vacancy_risk + 0.35×supply_risk + 0.30×liquidity_risk. See DATA_METHODOLOGY.md.,N/A,2026-09-19
MKT-019,monthly_rent_psf,68.0,55.0,82.0,INR/sqft/month,Estimated,Estimation interval (±20-30%),D,,ASM-003,City+locality benchmark from documented source hierarchy,N/A,2026-09-19
MKT-019,sale_price_psf,7820.0,5225.0,11070.0,INR/sqft,Estimated,Estimation interval (±20-30%),D,,ASM-034|ASM-035|ASM-036|ASM-037|ASM-038,Derived: monthly_rent × capital_multiplier. Multiplier from documented cap-rate range.,N/A,2026-09-19
MKT-019,gross_yield_pct,10.43,5.96,18.83,percent,Derived,Estimation interval (±20-30%),D,,ASM-034|ASM-035|ASM-036|ASM-037|ASM-038,Derived: (monthly_rent × 12 / sale_price) × 100. Never entered independently.,N/A,2026-09-19
MKT-019,rental_growth_pct,8.0,4.0,13.0,percent per annum,Estimated,Estimation interval (±20-30%),D,,ASM-039|ASM-040|ASM-041|ASM-042|ASM-043,Benchmark range from broker reports; locality class adjusted.,N/A,2026-09-19
MKT-019,capital_growth_pct,9.0,4.5,14.0,percent per annum,Estimated,Estimation interval (±20-30%),D,,ASM-039|ASM-040|ASM-041|ASM-042|ASM-043,Benchmark range from broker reports; locality class adjusted.,N/A,2026-09-19
MKT-019,occupancy_pct,78.0,65.0,88.0,percent,Estimated,Estimation interval (±20-30%),D,,ASM-044|ASM-045|ASM-046|ASM-047|ASM-048,Benchmark occupancy for locality class; direct evidence where available.,N/A,2026-09-19
MKT-019,vacancy_pct,22.0,12.0,35.0,percent,Derived,Estimation interval (±20-30%),D,,ASM-044|ASM-045|ASM-046|ASM-047|ASM-048,Derived: 100 - occupancy_pct. Never entered independently.,N/A,2026-09-19
MKT-019,demand_score,64.4,49.8,80.0,0-100 index,Derived,Estimation interval (±20-30%),D,,ASM-044|ASM-045|ASM-046|ASM-047|ASM-048,Formula: 0.40×occupancy + 0.35×(rental_growth/0.15×100) + 0.25×location_strength. See DATA_METHODOLOGY.md.,N/A,2026-09-19
MKT-019,market_risk_score,49.2,40.5,60.6,0-100 index (higher=riskier),Derived,Estimation interval (±20-30%),D,,ASM-044|ASM-045|ASM-046|ASM-047|ASM-048,Formula: 0.35×vacancy_risk + 0.35×supply_risk + 0.30×liquidity_risk. See DATA_METHODOLOGY.md.,N/A,2026-09-19
MKT-020,monthly_rent_psf,98.0,82.0,115.0,INR/sqft/month,Estimated,Estimation interval (±20-30%),D,,ASM-002,City+locality benchmark from documented source hierarchy,N/A,2026-09-19
MKT-020,sale_price_psf,12740.0,9020.0,17250.0,INR/sqft,Estimated,Estimation interval (±20-30%),D,,ASM-034|ASM-035|ASM-036|ASM-037|ASM-038,Derived: monthly_rent × capital_multiplier. Multiplier from documented cap-rate range.,N/A,2026-09-19
MKT-020,gross_yield_pct,9.23,5.7,15.3,percent,Derived,Estimation interval (±20-30%),D,,ASM-034|ASM-035|ASM-036|ASM-037|ASM-038,Derived: (monthly_rent × 12 / sale_price) × 100. Never entered independently.,N/A,2026-09-19
MKT-020,rental_growth_pct,6.0,3.0,9.0,percent per annum,Estimated,Estimation interval (±20-30%),D,,ASM-039|ASM-040|ASM-041|ASM-042|ASM-043,Benchmark range from broker reports; locality class adjusted.,N/A,2026-09-19
MKT-020,capital_growth_pct,7.5,4.0,11.0,percent per annum,Estimated,Estimation interval (±20-30%),D,,ASM-039|ASM-040|ASM-041|ASM-042|ASM-043,Benchmark range from broker reports; locality class adjusted.,N/A,2026-09-19
MKT-020,occupancy_pct,88.0,80.0,94.0,percent,Estimated,Estimation interval (±20-30%),D,,ASM-044|ASM-045|ASM-046|ASM-047|ASM-048,Benchmark occupancy for locality class; direct evidence where available.,N/A,2026-09-19
MKT-020,vacancy_pct,12.0,6.0,20.0,percent,Derived,Estimation interval (±20-30%),D,,ASM-044|ASM-045|ASM-046|ASM-047|ASM-048,Derived: 100 - occupancy_pct. Never entered independently.,N/A,2026-09-19
MKT-020,demand_score,67.2,57.0,76.6,0-100 index,Derived,Estimation interval (±20-30%),D,,ASM-044|ASM-045|ASM-046|ASM-047|ASM-048,Formula: 0.40×occupancy + 0.35×(rental_growth/0.15×100) + 0.25×location_strength. See DATA_METHODOLOGY.md.,N/A,2026-09-19
MKT-020,market_risk_score,33.5,28.2,40.5,0-100 index (higher=riskier),Derived,Estimation interval (±20-30%),D,,ASM-044|ASM-045|ASM-046|ASM-047|ASM-048,Formula: 0.35×vacancy_risk + 0.35×supply_risk + 0.30×liquidity_risk. See DATA_METHODOLOGY.md.,N/A,2026-09-19
MKT-021,monthly_rent_psf,98.0,82.0,115.0,INR/sqft/month,Estimated,Estimation interval (±15-20%),C,,ASM-002,City+locality benchmark from documented source hierarchy,N/A,2026-09-19
MKT-021,sale_price_psf,12740.0,9020.0,17250.0,INR/sqft,Estimated,Estimation interval (±15-20%),C,,ASM-034|ASM-035|ASM-036|ASM-037|ASM-038,Derived: monthly_rent × capital_multiplier. Multiplier from documented cap-rate range.,N/A,2026-09-19
MKT-021,gross_yield_pct,9.23,5.7,15.3,percent,Derived,Estimation interval (±15-20%),C,,ASM-034|ASM-035|ASM-036|ASM-037|ASM-038,Derived: (monthly_rent × 12 / sale_price) × 100. Never entered independently.,N/A,2026-09-19
MKT-021,rental_growth_pct,6.0,3.0,9.0,percent per annum,Estimated,Estimation interval (±15-20%),C,,ASM-039|ASM-040|ASM-041|ASM-042|ASM-043,Benchmark range from broker reports; locality class adjusted.,N/A,2026-09-19
MKT-021,capital_growth_pct,7.5,4.0,11.0,percent per annum,Estimated,Estimation interval (±15-20%),C,,ASM-039|ASM-040|ASM-041|ASM-042|ASM-043,Benchmark range from broker reports; locality class adjusted.,N/A,2026-09-19
MKT-021,occupancy_pct,88.0,80.0,94.0,percent,Estimated,Estimation interval (±15-20%),C,,ASM-044|ASM-045|ASM-046|ASM-047|ASM-048,Benchmark occupancy for locality class; direct evidence where available.,N/A,2026-09-19
MKT-021,vacancy_pct,12.0,6.0,20.0,percent,Derived,Estimation interval (±15-20%),C,,ASM-044|ASM-045|ASM-046|ASM-047|ASM-048,Derived: 100 - occupancy_pct. Never entered independently.,N/A,2026-09-19
MKT-021,demand_score,67.2,57.0,76.6,0-100 index,Derived,Estimation interval (±15-20%),C,,ASM-044|ASM-045|ASM-046|ASM-047|ASM-048,Formula: 0.40×occupancy + 0.35×(rental_growth/0.15×100) + 0.25×location_strength. See DATA_METHODOLOGY.md.,N/A,2026-09-19
MKT-021,market_risk_score,33.5,28.2,40.5,0-100 index (higher=riskier),Derived,Estimation interval (±15-20%),C,,ASM-044|ASM-045|ASM-046|ASM-047|ASM-048,Formula: 0.35×vacancy_risk + 0.35×supply_risk + 0.30×liquidity_risk. See DATA_METHODOLOGY.md.,N/A,2026-09-19
MKT-022,monthly_rent_psf,125.0,105.0,145.0,INR/sqft/month,Estimated,Estimation interval (±15-20%),C,,ASM-004,City+locality benchmark from documented source hierarchy,N/A,2026-09-19
MKT-022,sale_price_psf,17500.0,12600.0,23200.0,INR/sqft,Estimated,Estimation interval (±15-20%),C,,ASM-034|ASM-035|ASM-036|ASM-037|ASM-038,Derived: monthly_rent × capital_multiplier. Multiplier from documented cap-rate range.,N/A,2026-09-19
MKT-022,gross_yield_pct,8.57,5.43,13.81,percent,Derived,Estimation interval (±15-20%),C,,ASM-034|ASM-035|ASM-036|ASM-037|ASM-038,Derived: (monthly_rent × 12 / sale_price) × 100. Never entered independently.,N/A,2026-09-19
MKT-022,rental_growth_pct,7.0,4.0,10.0,percent per annum,Estimated,Estimation interval (±15-20%),C,,ASM-039|ASM-040|ASM-041|ASM-042|ASM-043,Benchmark range from broker reports; locality class adjusted.,N/A,2026-09-19
MKT-022,capital_growth_pct,8.5,5.0,12.0,percent per annum,Estimated,Estimation interval (±15-20%),C,,ASM-039|ASM-040|ASM-041|ASM-042|ASM-043,Benchmark range from broker reports; locality class adjusted.,N/A,2026-09-19
MKT-022,occupancy_pct,91.0,85.0,96.0,percent,Estimated,Estimation interval (±15-20%),C,,ASM-044|ASM-045|ASM-046|ASM-047|ASM-048,Benchmark occupancy for locality class; direct evidence where available.,N/A,2026-09-19
MKT-022,vacancy_pct,9.0,4.0,15.0,percent,Derived,Estimation interval (±15-20%),C,,ASM-044|ASM-045|ASM-046|ASM-047|ASM-048,Derived: 100 - occupancy_pct. Never entered independently.,N/A,2026-09-19
MKT-022,demand_score,75.2,65.8,84.2,0-100 index,Derived,Estimation interval (±15-20%),C,,ASM-044|ASM-045|ASM-046|ASM-047|ASM-048,Formula: 0.40×occupancy + 0.35×(rental_growth/0.15×100) + 0.25×location_strength. See DATA_METHODOLOGY.md.,N/A,2026-09-19
MKT-022,market_risk_score,25.6,21.2,30.9,0-100 index (higher=riskier),Derived,Estimation interval (±15-20%),C,,ASM-044|ASM-045|ASM-046|ASM-047|ASM-048,Formula: 0.35×vacancy_risk + 0.35×supply_risk + 0.30×liquidity_risk. See DATA_METHODOLOGY.md.,N/A,2026-09-19
MKT-023,monthly_rent_psf,60.0,48.0,72.0,INR/sqft/month,Estimated,Estimation interval (±20-30%),D,,ASM-006,City+locality benchmark from documented source hierarchy,N/A,2026-09-19
MKT-023,sale_price_psf,6900.0,4560.0,9720.0,INR/sqft,Estimated,Estimation interval (±20-30%),D,,ASM-034|ASM-035|ASM-036|ASM-037|ASM-038,Derived: monthly_rent × capital_multiplier. Multiplier from documented cap-rate range.,N/A,2026-09-19
MKT-023,gross_yield_pct,10.43,5.93,18.95,percent,Derived,Estimation interval (±20-30%),D,,ASM-034|ASM-035|ASM-036|ASM-037|ASM-038,Derived: (monthly_rent × 12 / sale_price) × 100. Never entered independently.,N/A,2026-09-19
MKT-023,rental_growth_pct,8.0,4.0,13.0,percent per annum,Estimated,Estimation interval (±20-30%),D,,ASM-039|ASM-040|ASM-041|ASM-042|ASM-043,Benchmark range from broker reports; locality class adjusted.,N/A,2026-09-19
MKT-023,capital_growth_pct,9.0,4.5,14.0,percent per annum,Estimated,Estimation interval (±20-30%),D,,ASM-039|ASM-040|ASM-041|ASM-042|ASM-043,Benchmark range from broker reports; locality class adjusted.,N/A,2026-09-19
MKT-023,occupancy_pct,78.0,65.0,88.0,percent,Estimated,Estimation interval (±20-30%),D,,ASM-044|ASM-045|ASM-046|ASM-047|ASM-048,Benchmark occupancy for locality class; direct evidence where available.,N/A,2026-09-19
MKT-023,vacancy_pct,22.0,12.0,35.0,percent,Derived,Estimation interval (±20-30%),D,,ASM-044|ASM-045|ASM-046|ASM-047|ASM-048,Derived: 100 - occupancy_pct. Never entered independently.,N/A,2026-09-19
MKT-023,demand_score,64.4,49.8,80.0,0-100 index,Derived,Estimation interval (±20-30%),D,,ASM-044|ASM-045|ASM-046|ASM-047|ASM-048,Formula: 0.40×occupancy + 0.35×(rental_growth/0.15×100) + 0.25×location_strength. See DATA_METHODOLOGY.md.,N/A,2026-09-19
MKT-023,market_risk_score,49.2,40.5,60.6,0-100 index (higher=riskier),Derived,Estimation interval (±20-30%),D,,ASM-044|ASM-045|ASM-046|ASM-047|ASM-048,Formula: 0.35×vacancy_risk + 0.35×supply_risk + 0.30×liquidity_risk. See DATA_METHODOLOGY.md.,N/A,2026-09-19
MKT-024,monthly_rent_psf,125.0,105.0,145.0,INR/sqft/month,Estimated,Estimation interval (±15-20%),C,,ASM-004,City+locality benchmark from documented source hierarchy,N/A,2026-09-19
MKT-024,sale_price_psf,17500.0,12600.0,23200.0,INR/sqft,Estimated,Estimation interval (±15-20%),C,,ASM-034|ASM-035|ASM-036|ASM-037|ASM-038,Derived: monthly_rent × capital_multiplier. Multiplier from documented cap-rate range.,N/A,2026-09-19
MKT-024,gross_yield_pct,8.57,5.43,13.81,percent,Derived,Estimation interval (±15-20%),C,,ASM-034|ASM-035|ASM-036|ASM-037|ASM-038,Derived: (monthly_rent × 12 / sale_price) × 100. Never entered independently.,N/A,2026-09-19
MKT-024,rental_growth_pct,7.0,4.0,10.0,percent per annum,Estimated,Estimation interval (±15-20%),C,,ASM-039|ASM-040|ASM-041|ASM-042|ASM-043,Benchmark range from broker reports; locality class adjusted.,N/A,2026-09-19
MKT-024,capital_growth_pct,8.5,5.0,12.0,percent per annum,Estimated,Estimation interval (±15-20%),C,,ASM-039|ASM-040|ASM-041|ASM-042|ASM-043,Benchmark range from broker reports; locality class adjusted.,N/A,2026-09-19
MKT-024,occupancy_pct,91.0,85.0,96.0,percent,Estimated,Estimation interval (±15-20%),C,,ASM-044|ASM-045|ASM-046|ASM-047|ASM-048,Benchmark occupancy for locality class; direct evidence where available.,N/A,2026-09-19
MKT-024,vacancy_pct,9.0,4.0,15.0,percent,Derived,Estimation interval (±15-20%),C,,ASM-044|ASM-045|ASM-046|ASM-047|ASM-048,Derived: 100 - occupancy_pct. Never entered independently.,N/A,2026-09-19
MKT-024,demand_score,75.2,65.8,84.2,0-100 index,Derived,Estimation interval (±15-20%),C,,ASM-044|ASM-045|ASM-046|ASM-047|ASM-048,Formula: 0.40×occupancy + 0.35×(rental_growth/0.15×100) + 0.25×location_strength. See DATA_METHODOLOGY.md.,N/A,2026-09-19
MKT-024,market_risk_score,25.6,21.2,30.9,0-100 index (higher=riskier),Derived,Estimation interval (±15-20%),C,,ASM-044|ASM-045|ASM-046|ASM-047|ASM-048,Formula: 0.35×vacancy_risk + 0.35×supply_risk + 0.30×liquidity_risk. See DATA_METHODOLOGY.md.,N/A,2026-09-19
MKT-025,monthly_rent_psf,88.0,72.0,105.0,INR/sqft/month,Estimated,Estimation interval (±20-30%),D,,ASM-005,City+locality benchmark from documented source hierarchy,N/A,2026-09-19
MKT-025,sale_price_psf,11440.0,7920.0,15750.0,INR/sqft,Estimated,Estimation interval (±20-30%),D,,ASM-034|ASM-035|ASM-036|ASM-037|ASM-038,Derived: monthly_rent × capital_multiplier. Multiplier from documented cap-rate range.,N/A,2026-09-19
MKT-025,gross_yield_pct,9.23,5.49,15.91,percent,Derived,Estimation interval (±20-30%),D,,ASM-034|ASM-035|ASM-036|ASM-037|ASM-038,Derived: (monthly_rent × 12 / sale_price) × 100. Never entered independently.,N/A,2026-09-19
MKT-025,rental_growth_pct,6.0,3.0,9.0,percent per annum,Estimated,Estimation interval (±20-30%),D,,ASM-039|ASM-040|ASM-041|ASM-042|ASM-043,Benchmark range from broker reports; locality class adjusted.,N/A,2026-09-19
MKT-025,capital_growth_pct,7.5,4.0,11.0,percent per annum,Estimated,Estimation interval (±20-30%),D,,ASM-039|ASM-040|ASM-041|ASM-042|ASM-043,Benchmark range from broker reports; locality class adjusted.,N/A,2026-09-19
MKT-025,occupancy_pct,88.0,80.0,94.0,percent,Estimated,Estimation interval (±20-30%),D,,ASM-044|ASM-045|ASM-046|ASM-047|ASM-048,Benchmark occupancy for locality class; direct evidence where available.,N/A,2026-09-19
MKT-025,vacancy_pct,12.0,6.0,20.0,percent,Derived,Estimation interval (±20-30%),D,,ASM-044|ASM-045|ASM-046|ASM-047|ASM-048,Derived: 100 - occupancy_pct. Never entered independently.,N/A,2026-09-19
MKT-025,demand_score,67.2,57.0,76.6,0-100 index,Derived,Estimation interval (±20-30%),D,,ASM-044|ASM-045|ASM-046|ASM-047|ASM-048,Formula: 0.40×occupancy + 0.35×(rental_growth/0.15×100) + 0.25×location_strength. See DATA_METHODOLOGY.md.,N/A,2026-09-19
MKT-025,market_risk_score,33.5,28.2,40.5,0-100 index (higher=riskier),Derived,Estimation interval (±20-30%),D,,ASM-044|ASM-045|ASM-046|ASM-047|ASM-048,Formula: 0.35×vacancy_risk + 0.35×supply_risk + 0.30×liquidity_risk. See DATA_METHODOLOGY.md.,N/A,2026-09-19
MKT-026,monthly_rent_psf,108.0,92.0,125.0,INR/sqft/month,Reported,Plausible range (±10-12%),B,EVD-006,ASM-008,City+locality benchmark from documented source hierarchy,N/A,2026-09-19
MKT-026,sale_price_psf,15120.0,11040.0,20000.0,INR/sqft,Estimated,Plausible range (±10-12%),B,,ASM-034|ASM-035|ASM-036|ASM-037|ASM-038,Derived: monthly_rent × capital_multiplier. Multiplier from documented cap-rate range.,N/A,2026-09-19
MKT-026,gross_yield_pct,8.57,5.52,13.59,percent,Derived,Plausible range (±10-12%),B,EVD-006|,ASM-034|ASM-035|ASM-036|ASM-037|ASM-038,Derived: (monthly_rent × 12 / sale_price) × 100. Never entered independently.,N/A,2026-09-19
MKT-026,rental_growth_pct,7.0,4.0,10.0,percent per annum,Estimated,Plausible range (±10-12%),B,,ASM-039|ASM-040|ASM-041|ASM-042|ASM-043,Benchmark range from broker reports; locality class adjusted.,N/A,2026-09-19
MKT-026,capital_growth_pct,8.5,5.0,12.0,percent per annum,Estimated,Plausible range (±10-12%),B,,ASM-039|ASM-040|ASM-041|ASM-042|ASM-043,Benchmark range from broker reports; locality class adjusted.,N/A,2026-09-19
MKT-026,occupancy_pct,91.0,85.0,96.0,percent,Estimated,Plausible range (±10-12%),B,,ASM-044|ASM-045|ASM-046|ASM-047|ASM-048,Benchmark occupancy for locality class; direct evidence where available.,N/A,2026-09-19
MKT-026,vacancy_pct,9.0,4.0,15.0,percent,Derived,Plausible range (±10-12%),B,,ASM-044|ASM-045|ASM-046|ASM-047|ASM-048,Derived: 100 - occupancy_pct. Never entered independently.,N/A,2026-09-19
MKT-026,demand_score,75.2,65.8,84.2,0-100 index,Derived,Plausible range (±10-12%),B,,ASM-044|ASM-045|ASM-046|ASM-047|ASM-048,Formula: 0.40×occupancy + 0.35×(rental_growth/0.15×100) + 0.25×location_strength. See DATA_METHODOLOGY.md.,N/A,2026-09-19
MKT-026,market_risk_score,25.6,21.2,30.9,0-100 index (higher=riskier),Derived,Plausible range (±10-12%),B,,ASM-044|ASM-045|ASM-046|ASM-047|ASM-048,Formula: 0.35×vacancy_risk + 0.35×supply_risk + 0.30×liquidity_risk. See DATA_METHODOLOGY.md.,N/A,2026-09-19
MKT-027,monthly_rent_psf,70.0,58.0,82.0,INR/sqft/month,Estimated,Estimation interval (±20-30%),D,,ASM-010,City+locality benchmark from documented source hierarchy,N/A,2026-09-19
MKT-027,sale_price_psf,8050.0,5510.0,11070.0,INR/sqft,Estimated,Estimation interval (±20-30%),D,,ASM-034|ASM-035|ASM-036|ASM-037|ASM-038,Derived: monthly_rent × capital_multiplier. Multiplier from documented cap-rate range.,N/A,2026-09-19
MKT-027,gross_yield_pct,10.43,6.29,17.86,percent,Derived,Estimation interval (±20-30%),D,,ASM-034|ASM-035|ASM-036|ASM-037|ASM-038,Derived: (monthly_rent × 12 / sale_price) × 100. Never entered independently.,N/A,2026-09-19
MKT-027,rental_growth_pct,8.0,4.0,13.0,percent per annum,Estimated,Estimation interval (±20-30%),D,,ASM-039|ASM-040|ASM-041|ASM-042|ASM-043,Benchmark range from broker reports; locality class adjusted.,N/A,2026-09-19
MKT-027,capital_growth_pct,9.0,4.5,14.0,percent per annum,Estimated,Estimation interval (±20-30%),D,,ASM-039|ASM-040|ASM-041|ASM-042|ASM-043,Benchmark range from broker reports; locality class adjusted.,N/A,2026-09-19
MKT-027,occupancy_pct,78.0,65.0,88.0,percent,Estimated,Estimation interval (±20-30%),D,,ASM-044|ASM-045|ASM-046|ASM-047|ASM-048,Benchmark occupancy for locality class; direct evidence where available.,N/A,2026-09-19
MKT-027,vacancy_pct,22.0,12.0,35.0,percent,Derived,Estimation interval (±20-30%),D,,ASM-044|ASM-045|ASM-046|ASM-047|ASM-048,Derived: 100 - occupancy_pct. Never entered independently.,N/A,2026-09-19
MKT-027,demand_score,64.4,49.8,80.0,0-100 index,Derived,Estimation interval (±20-30%),D,,ASM-044|ASM-045|ASM-046|ASM-047|ASM-048,Formula: 0.40×occupancy + 0.35×(rental_growth/0.15×100) + 0.25×location_strength. See DATA_METHODOLOGY.md.,N/A,2026-09-19
MKT-027,market_risk_score,49.2,40.5,60.6,0-100 index (higher=riskier),Derived,Estimation interval (±20-30%),D,,ASM-044|ASM-045|ASM-046|ASM-047|ASM-048,Formula: 0.35×vacancy_risk + 0.35×supply_risk + 0.30×liquidity_risk. See DATA_METHODOLOGY.md.,N/A,2026-09-19
MKT-028,monthly_rent_psf,88.0,75.0,105.0,INR/sqft/month,Estimated,Estimation interval (±20-30%),D,,ASM-009,City+locality benchmark from documented source hierarchy,N/A,2026-09-19
MKT-028,sale_price_psf,11440.0,8250.0,15750.0,INR/sqft,Estimated,Estimation interval (±20-30%),D,,ASM-034|ASM-035|ASM-036|ASM-037|ASM-038,Derived: monthly_rent × capital_multiplier. Multiplier from documented cap-rate range.,N/A,2026-09-19
MKT-028,gross_yield_pct,9.23,5.71,15.27,percent,Derived,Estimation interval (±20-30%),D,,ASM-034|ASM-035|ASM-036|ASM-037|ASM-038,Derived: (monthly_rent × 12 / sale_price) × 100. Never entered independently.,N/A,2026-09-19
MKT-028,rental_growth_pct,6.0,3.0,9.0,percent per annum,Estimated,Estimation interval (±20-30%),D,,ASM-039|ASM-040|ASM-041|ASM-042|ASM-043,Benchmark range from broker reports; locality class adjusted.,N/A,2026-09-19
MKT-028,capital_growth_pct,7.5,4.0,11.0,percent per annum,Estimated,Estimation interval (±20-30%),D,,ASM-039|ASM-040|ASM-041|ASM-042|ASM-043,Benchmark range from broker reports; locality class adjusted.,N/A,2026-09-19
MKT-028,occupancy_pct,88.0,80.0,94.0,percent,Estimated,Estimation interval (±20-30%),D,,ASM-044|ASM-045|ASM-046|ASM-047|ASM-048,Benchmark occupancy for locality class; direct evidence where available.,N/A,2026-09-19
MKT-028,vacancy_pct,12.0,6.0,20.0,percent,Derived,Estimation interval (±20-30%),D,,ASM-044|ASM-045|ASM-046|ASM-047|ASM-048,Derived: 100 - occupancy_pct. Never entered independently.,N/A,2026-09-19
MKT-028,demand_score,67.2,57.0,76.6,0-100 index,Derived,Estimation interval (±20-30%),D,,ASM-044|ASM-045|ASM-046|ASM-047|ASM-048,Formula: 0.40×occupancy + 0.35×(rental_growth/0.15×100) + 0.25×location_strength. See DATA_METHODOLOGY.md.,N/A,2026-09-19
MKT-028,market_risk_score,33.5,28.2,40.5,0-100 index (higher=riskier),Derived,Estimation interval (±20-30%),D,,ASM-044|ASM-045|ASM-046|ASM-047|ASM-048,Formula: 0.35×vacancy_risk + 0.35×supply_risk + 0.30×liquidity_risk. See DATA_METHODOLOGY.md.,N/A,2026-09-19
MKT-029,monthly_rent_psf,88.0,75.0,105.0,INR/sqft/month,Estimated,Estimation interval (±15-20%),C,,ASM-009,City+locality benchmark from documented source hierarchy,N/A,2026-09-19
MKT-029,sale_price_psf,11440.0,8250.0,15750.0,INR/sqft,Estimated,Estimation interval (±15-20%),C,,ASM-034|ASM-035|ASM-036|ASM-037|ASM-038,Derived: monthly_rent × capital_multiplier. Multiplier from documented cap-rate range.,N/A,2026-09-19
MKT-029,gross_yield_pct,9.23,5.71,15.27,percent,Derived,Estimation interval (±15-20%),C,,ASM-034|ASM-035|ASM-036|ASM-037|ASM-038,Derived: (monthly_rent × 12 / sale_price) × 100. Never entered independently.,N/A,2026-09-19
MKT-029,rental_growth_pct,6.0,3.0,9.0,percent per annum,Estimated,Estimation interval (±15-20%),C,,ASM-039|ASM-040|ASM-041|ASM-042|ASM-043,Benchmark range from broker reports; locality class adjusted.,N/A,2026-09-19
MKT-029,capital_growth_pct,7.5,4.0,11.0,percent per annum,Estimated,Estimation interval (±15-20%),C,,ASM-039|ASM-040|ASM-041|ASM-042|ASM-043,Benchmark range from broker reports; locality class adjusted.,N/A,2026-09-19
MKT-029,occupancy_pct,88.0,80.0,94.0,percent,Estimated,Estimation interval (±15-20%),C,,ASM-044|ASM-045|ASM-046|ASM-047|ASM-048,Benchmark occupancy for locality class; direct evidence where available.,N/A,2026-09-19
MKT-029,vacancy_pct,12.0,6.0,20.0,percent,Derived,Estimation interval (±15-20%),C,,ASM-044|ASM-045|ASM-046|ASM-047|ASM-048,Derived: 100 - occupancy_pct. Never entered independently.,N/A,2026-09-19
MKT-029,demand_score,67.2,57.0,76.6,0-100 index,Derived,Estimation interval (±15-20%),C,,ASM-044|ASM-045|ASM-046|ASM-047|ASM-048,Formula: 0.40×occupancy + 0.35×(rental_growth/0.15×100) + 0.25×location_strength. See DATA_METHODOLOGY.md.,N/A,2026-09-19
MKT-029,market_risk_score,33.5,28.2,40.5,0-100 index (higher=riskier),Derived,Estimation interval (±15-20%),C,,ASM-044|ASM-045|ASM-046|ASM-047|ASM-048,Formula: 0.35×vacancy_risk + 0.35×supply_risk + 0.30×liquidity_risk. See DATA_METHODOLOGY.md.,N/A,2026-09-19
MKT-030,monthly_rent_psf,72.0,60.0,85.0,INR/sqft/month,Estimated,Estimation interval (±20-30%),D,,ASM-011,City+locality benchmark from documented source hierarchy,N/A,2026-09-19
MKT-030,sale_price_psf,9360.0,6600.0,12750.0,INR/sqft,Estimated,Estimation interval (±20-30%),D,,ASM-034|ASM-035|ASM-036|ASM-037|ASM-038,Derived: monthly_rent × capital_multiplier. Multiplier from documented cap-rate range.,N/A,2026-09-19
MKT-030,gross_yield_pct,9.23,5.65,15.45,percent,Derived,Estimation interval (±20-30%),D,,ASM-034|ASM-035|ASM-036|ASM-037|ASM-038,Derived: (monthly_rent × 12 / sale_price) × 100. Never entered independently.,N/A,2026-09-19
MKT-030,rental_growth_pct,6.0,3.0,9.0,percent per annum,Estimated,Estimation interval (±20-30%),D,,ASM-039|ASM-040|ASM-041|ASM-042|ASM-043,Benchmark range from broker reports; locality class adjusted.,N/A,2026-09-19
MKT-030,capital_growth_pct,7.5,4.0,11.0,percent per annum,Estimated,Estimation interval (±20-30%),D,,ASM-039|ASM-040|ASM-041|ASM-042|ASM-043,Benchmark range from broker reports; locality class adjusted.,N/A,2026-09-19
MKT-030,occupancy_pct,88.0,80.0,94.0,percent,Estimated,Estimation interval (±20-30%),D,,ASM-044|ASM-045|ASM-046|ASM-047|ASM-048,Benchmark occupancy for locality class; direct evidence where available.,N/A,2026-09-19
MKT-030,vacancy_pct,12.0,6.0,20.0,percent,Derived,Estimation interval (±20-30%),D,,ASM-044|ASM-045|ASM-046|ASM-047|ASM-048,Derived: 100 - occupancy_pct. Never entered independently.,N/A,2026-09-19
MKT-030,demand_score,67.2,57.0,76.6,0-100 index,Derived,Estimation interval (±20-30%),D,,ASM-044|ASM-045|ASM-046|ASM-047|ASM-048,Formula: 0.40×occupancy + 0.35×(rental_growth/0.15×100) + 0.25×location_strength. See DATA_METHODOLOGY.md.,N/A,2026-09-19
MKT-030,market_risk_score,33.5,28.2,40.5,0-100 index (higher=riskier),Derived,Estimation interval (±20-30%),D,,ASM-044|ASM-045|ASM-046|ASM-047|ASM-048,Formula: 0.35×vacancy_risk + 0.35×supply_risk + 0.30×liquidity_risk. See DATA_METHODOLOGY.md.,N/A,2026-09-19
MKT-031,monthly_rent_psf,45.0,35.0,55.0,INR/sqft/month,Synthetic,Uncertainty band (±30-40%),E,,ASM-012,City+locality benchmark from documented source hierarchy,N/A,2026-09-19
MKT-031,sale_price_psf,5175.0,3325.0,7425.0,INR/sqft,Synthetic,Uncertainty band (±30-40%),E,,ASM-034|ASM-035|ASM-036|ASM-037|ASM-038,Derived: monthly_rent × capital_multiplier. Multiplier from documented cap-rate range.,N/A,2026-09-19
MKT-031,gross_yield_pct,10.43,5.66,19.85,percent,Derived,Uncertainty band (±30-40%),E,,ASM-034|ASM-035|ASM-036|ASM-037|ASM-038,Derived: (monthly_rent × 12 / sale_price) × 100. Never entered independently.,N/A,2026-09-19
MKT-031,rental_growth_pct,6.0,2.5,10.0,percent per annum,Synthetic,Uncertainty band (±30-40%),E,,ASM-039|ASM-040|ASM-041|ASM-042|ASM-043,Benchmark range from broker reports; locality class adjusted.,N/A,2026-09-19
MKT-031,capital_growth_pct,6.5,2.5,11.0,percent per annum,Synthetic,Uncertainty band (±30-40%),E,,ASM-039|ASM-040|ASM-041|ASM-042|ASM-043,Benchmark range from broker reports; locality class adjusted.,N/A,2026-09-19
MKT-031,occupancy_pct,70.0,55.0,82.0,percent,Synthetic,Uncertainty band (±30-40%),E,,ASM-044|ASM-045|ASM-046|ASM-047|ASM-048,Benchmark occupancy for locality class; direct evidence where available.,N/A,2026-09-19
MKT-031,vacancy_pct,30.0,18.0,45.0,percent,Derived,Uncertainty band (±30-40%),E,,ASM-044|ASM-045|ASM-046|ASM-047|ASM-048,Derived: 100 - occupancy_pct. Never entered independently.,N/A,2026-09-19
MKT-031,demand_score,51.5,37.3,65.6,0-100 index,Derived,Uncertainty band (±30-40%),E,,ASM-044|ASM-045|ASM-046|ASM-047|ASM-048,Formula: 0.40×occupancy + 0.35×(rental_growth/0.15×100) + 0.25×location_strength. See DATA_METHODOLOGY.md.,N/A,2026-09-19
MKT-031,market_risk_score,61.5,51.0,70.2,0-100 index (higher=riskier),Derived,Uncertainty band (±30-40%),E,,ASM-044|ASM-045|ASM-046|ASM-047|ASM-048,Formula: 0.35×vacancy_risk + 0.35×supply_risk + 0.30×liquidity_risk. See DATA_METHODOLOGY.md.,N/A,2026-09-19
MKT-032,monthly_rent_psf,66.0,55.0,78.0,INR/sqft/month,Estimated,Estimation interval (±20-30%),D,,ASM-013,City+locality benchmark from documented source hierarchy,N/A,2026-09-19
MKT-032,sale_price_psf,8580.0,6050.0,11700.0,INR/sqft,Estimated,Estimation interval (±20-30%),D,,ASM-034|ASM-035|ASM-036|ASM-037|ASM-038,Derived: monthly_rent × capital_multiplier. Multiplier from documented cap-rate range.,N/A,2026-09-19
MKT-032,gross_yield_pct,9.23,5.64,15.47,percent,Derived,Estimation interval (±20-30%),D,,ASM-034|ASM-035|ASM-036|ASM-037|ASM-038,Derived: (monthly_rent × 12 / sale_price) × 100. Never entered independently.,N/A,2026-09-19
MKT-032,rental_growth_pct,6.0,3.0,9.0,percent per annum,Estimated,Estimation interval (±20-30%),D,,ASM-039|ASM-040|ASM-041|ASM-042|ASM-043,Benchmark range from broker reports; locality class adjusted.,N/A,2026-09-19
MKT-032,capital_growth_pct,7.5,4.0,11.0,percent per annum,Estimated,Estimation interval (±20-30%),D,,ASM-039|ASM-040|ASM-041|ASM-042|ASM-043,Benchmark range from broker reports; locality class adjusted.,N/A,2026-09-19
MKT-032,occupancy_pct,88.0,80.0,94.0,percent,Estimated,Estimation interval (±20-30%),D,,ASM-044|ASM-045|ASM-046|ASM-047|ASM-048,Benchmark occupancy for locality class; direct evidence where available.,N/A,2026-09-19
MKT-032,vacancy_pct,12.0,6.0,20.0,percent,Derived,Estimation interval (±20-30%),D,,ASM-044|ASM-045|ASM-046|ASM-047|ASM-048,Derived: 100 - occupancy_pct. Never entered independently.,N/A,2026-09-19
MKT-032,demand_score,67.2,57.0,76.6,0-100 index,Derived,Estimation interval (±20-30%),D,,ASM-044|ASM-045|ASM-046|ASM-047|ASM-048,Formula: 0.40×occupancy + 0.35×(rental_growth/0.15×100) + 0.25×location_strength. See DATA_METHODOLOGY.md.,N/A,2026-09-19
MKT-032,market_risk_score,33.5,28.2,40.5,0-100 index (higher=riskier),Derived,Estimation interval (±20-30%),D,,ASM-044|ASM-045|ASM-046|ASM-047|ASM-048,Formula: 0.35×vacancy_risk + 0.35×supply_risk + 0.30×liquidity_risk. See DATA_METHODOLOGY.md.,N/A,2026-09-19
MKT-033,monthly_rent_psf,66.0,55.0,78.0,INR/sqft/month,Estimated,Estimation interval (±20-30%),D,,ASM-013,City+locality benchmark from documented source hierarchy,N/A,2026-09-19
MKT-033,sale_price_psf,8580.0,6050.0,11700.0,INR/sqft,Estimated,Estimation interval (±20-30%),D,,ASM-034|ASM-035|ASM-036|ASM-037|ASM-038,Derived: monthly_rent × capital_multiplier. Multiplier from documented cap-rate range.,N/A,2026-09-19
MKT-033,gross_yield_pct,9.23,5.64,15.47,percent,Derived,Estimation interval (±20-30%),D,,ASM-034|ASM-035|ASM-036|ASM-037|ASM-038,Derived: (monthly_rent × 12 / sale_price) × 100. Never entered independently.,N/A,2026-09-19
MKT-033,rental_growth_pct,6.0,3.0,9.0,percent per annum,Estimated,Estimation interval (±20-30%),D,,ASM-039|ASM-040|ASM-041|ASM-042|ASM-043,Benchmark range from broker reports; locality class adjusted.,N/A,2026-09-19
MKT-033,capital_growth_pct,7.5,4.0,11.0,percent per annum,Estimated,Estimation interval (±20-30%),D,,ASM-039|ASM-040|ASM-041|ASM-042|ASM-043,Benchmark range from broker reports; locality class adjusted.,N/A,2026-09-19
MKT-033,occupancy_pct,88.0,80.0,94.0,percent,Estimated,Estimation interval (±20-30%),D,,ASM-044|ASM-045|ASM-046|ASM-047|ASM-048,Benchmark occupancy for locality class; direct evidence where available.,N/A,2026-09-19
MKT-033,vacancy_pct,12.0,6.0,20.0,percent,Derived,Estimation interval (±20-30%),D,,ASM-044|ASM-045|ASM-046|ASM-047|ASM-048,Derived: 100 - occupancy_pct. Never entered independently.,N/A,2026-09-19
MKT-033,demand_score,67.2,57.0,76.6,0-100 index,Derived,Estimation interval (±20-30%),D,,ASM-044|ASM-045|ASM-046|ASM-047|ASM-048,Formula: 0.40×occupancy + 0.35×(rental_growth/0.15×100) + 0.25×location_strength. See DATA_METHODOLOGY.md.,N/A,2026-09-19
MKT-033,market_risk_score,33.5,28.2,40.5,0-100 index (higher=riskier),Derived,Estimation interval (±20-30%),D,,ASM-044|ASM-045|ASM-046|ASM-047|ASM-048,Formula: 0.35×vacancy_risk + 0.35×supply_risk + 0.30×liquidity_risk. See DATA_METHODOLOGY.md.,N/A,2026-09-19
MKT-034,monthly_rent_psf,55.0,44.0,66.0,INR/sqft/month,Estimated,Estimation interval (±20-30%),D,,ASM-014,City+locality benchmark from documented source hierarchy,N/A,2026-09-19
MKT-034,sale_price_psf,6325.0,4180.0,8910.0,INR/sqft,Estimated,Estimation interval (±20-30%),D,,ASM-034|ASM-035|ASM-036|ASM-037|ASM-038,Derived: monthly_rent × capital_multiplier. Multiplier from documented cap-rate range.,N/A,2026-09-19
MKT-034,gross_yield_pct,10.43,5.93,18.95,percent,Derived,Estimation interval (±20-30%),D,,ASM-034|ASM-035|ASM-036|ASM-037|ASM-038,Derived: (monthly_rent × 12 / sale_price) × 100. Never entered independently.,N/A,2026-09-19
MKT-034,rental_growth_pct,8.0,4.0,13.0,percent per annum,Estimated,Estimation interval (±20-30%),D,,ASM-039|ASM-040|ASM-041|ASM-042|ASM-043,Benchmark range from broker reports; locality class adjusted.,N/A,2026-09-19
MKT-034,capital_growth_pct,9.0,4.5,14.0,percent per annum,Estimated,Estimation interval (±20-30%),D,,ASM-039|ASM-040|ASM-041|ASM-042|ASM-043,Benchmark range from broker reports; locality class adjusted.,N/A,2026-09-19
MKT-034,occupancy_pct,78.0,65.0,88.0,percent,Estimated,Estimation interval (±20-30%),D,,ASM-044|ASM-045|ASM-046|ASM-047|ASM-048,Benchmark occupancy for locality class; direct evidence where available.,N/A,2026-09-19
MKT-034,vacancy_pct,22.0,12.0,35.0,percent,Derived,Estimation interval (±20-30%),D,,ASM-044|ASM-045|ASM-046|ASM-047|ASM-048,Derived: 100 - occupancy_pct. Never entered independently.,N/A,2026-09-19
MKT-034,demand_score,64.4,49.8,80.0,0-100 index,Derived,Estimation interval (±20-30%),D,,ASM-044|ASM-045|ASM-046|ASM-047|ASM-048,Formula: 0.40×occupancy + 0.35×(rental_growth/0.15×100) + 0.25×location_strength. See DATA_METHODOLOGY.md.,N/A,2026-09-19
MKT-034,market_risk_score,49.2,40.5,60.6,0-100 index (higher=riskier),Derived,Estimation interval (±20-30%),D,,ASM-044|ASM-045|ASM-046|ASM-047|ASM-048,Formula: 0.35×vacancy_risk + 0.35×supply_risk + 0.30×liquidity_risk. See DATA_METHODOLOGY.md.,N/A,2026-09-19
MKT-035,monthly_rent_psf,62.0,52.0,72.0,INR/sqft/month,Estimated,Estimation interval (±15-20%),C,,ASM-015,City+locality benchmark from documented source hierarchy,N/A,2026-09-19
MKT-035,sale_price_psf,8060.0,5720.0,10800.0,INR/sqft,Estimated,Estimation interval (±15-20%),C,,ASM-034|ASM-035|ASM-036|ASM-037|ASM-038,Derived: monthly_rent × capital_multiplier. Multiplier from documented cap-rate range.,N/A,2026-09-19
MKT-035,gross_yield_pct,9.23,5.78,15.1,percent,Derived,Estimation interval (±15-20%),C,,ASM-034|ASM-035|ASM-036|ASM-037|ASM-038,Derived: (monthly_rent × 12 / sale_price) × 100. Never entered independently.,N/A,2026-09-19
MKT-035,rental_growth_pct,6.0,3.0,9.0,percent per annum,Estimated,Estimation interval (±15-20%),C,,ASM-039|ASM-040|ASM-041|ASM-042|ASM-043,Benchmark range from broker reports; locality class adjusted.,N/A,2026-09-19
MKT-035,capital_growth_pct,7.5,4.0,11.0,percent per annum,Estimated,Estimation interval (±15-20%),C,,ASM-039|ASM-040|ASM-041|ASM-042|ASM-043,Benchmark range from broker reports; locality class adjusted.,N/A,2026-09-19
MKT-035,occupancy_pct,88.0,80.0,94.0,percent,Estimated,Estimation interval (±15-20%),C,,ASM-044|ASM-045|ASM-046|ASM-047|ASM-048,Benchmark occupancy for locality class; direct evidence where available.,N/A,2026-09-19
MKT-035,vacancy_pct,12.0,6.0,20.0,percent,Derived,Estimation interval (±15-20%),C,,ASM-044|ASM-045|ASM-046|ASM-047|ASM-048,Derived: 100 - occupancy_pct. Never entered independently.,N/A,2026-09-19
MKT-035,demand_score,67.2,57.0,76.6,0-100 index,Derived,Estimation interval (±15-20%),C,,ASM-044|ASM-045|ASM-046|ASM-047|ASM-048,Formula: 0.40×occupancy + 0.35×(rental_growth/0.15×100) + 0.25×location_strength. See DATA_METHODOLOGY.md.,N/A,2026-09-19
MKT-035,market_risk_score,33.5,28.2,40.5,0-100 index (higher=riskier),Derived,Estimation interval (±15-20%),C,,ASM-044|ASM-045|ASM-046|ASM-047|ASM-048,Formula: 0.35×vacancy_risk + 0.35×supply_risk + 0.30×liquidity_risk. See DATA_METHODOLOGY.md.,N/A,2026-09-19
MKT-036,monthly_rent_psf,45.0,35.0,55.0,INR/sqft/month,Estimated,Estimation interval (±20-30%),D,,ASM-016,City+locality benchmark from documented source hierarchy,N/A,2026-09-19
MKT-036,sale_price_psf,5175.0,3325.0,7425.0,INR/sqft,Estimated,Estimation interval (±20-30%),D,,ASM-034|ASM-035|ASM-036|ASM-037|ASM-038,Derived: monthly_rent × capital_multiplier. Multiplier from documented cap-rate range.,N/A,2026-09-19
MKT-036,gross_yield_pct,10.43,5.66,19.85,percent,Derived,Estimation interval (±20-30%),D,,ASM-034|ASM-035|ASM-036|ASM-037|ASM-038,Derived: (monthly_rent × 12 / sale_price) × 100. Never entered independently.,N/A,2026-09-19
MKT-036,rental_growth_pct,8.0,4.0,13.0,percent per annum,Estimated,Estimation interval (±20-30%),D,,ASM-039|ASM-040|ASM-041|ASM-042|ASM-043,Benchmark range from broker reports; locality class adjusted.,N/A,2026-09-19
MKT-036,capital_growth_pct,9.0,4.5,14.0,percent per annum,Estimated,Estimation interval (±20-30%),D,,ASM-039|ASM-040|ASM-041|ASM-042|ASM-043,Benchmark range from broker reports; locality class adjusted.,N/A,2026-09-19
MKT-036,occupancy_pct,78.0,65.0,88.0,percent,Estimated,Estimation interval (±20-30%),D,,ASM-044|ASM-045|ASM-046|ASM-047|ASM-048,Benchmark occupancy for locality class; direct evidence where available.,N/A,2026-09-19
MKT-036,vacancy_pct,22.0,12.0,35.0,percent,Derived,Estimation interval (±20-30%),D,,ASM-044|ASM-045|ASM-046|ASM-047|ASM-048,Derived: 100 - occupancy_pct. Never entered independently.,N/A,2026-09-19
MKT-036,demand_score,64.4,49.8,80.0,0-100 index,Derived,Estimation interval (±20-30%),D,,ASM-044|ASM-045|ASM-046|ASM-047|ASM-048,Formula: 0.40×occupancy + 0.35×(rental_growth/0.15×100) + 0.25×location_strength. See DATA_METHODOLOGY.md.,N/A,2026-09-19
MKT-036,market_risk_score,49.2,40.5,60.6,0-100 index (higher=riskier),Derived,Estimation interval (±20-30%),D,,ASM-044|ASM-045|ASM-046|ASM-047|ASM-048,Formula: 0.35×vacancy_risk + 0.35×supply_risk + 0.30×liquidity_risk. See DATA_METHODOLOGY.md.,N/A,2026-09-19
MKT-037,monthly_rent_psf,48.0,38.0,58.0,INR/sqft/month,Reported,Estimation interval (±15-20%),C,EVD-009,ASM-017,City+locality benchmark from documented source hierarchy,N/A,2026-09-19
MKT-037,sale_price_psf,6240.0,4180.0,8700.0,INR/sqft,Estimated,Estimation interval (±15-20%),C,,ASM-034|ASM-035|ASM-036|ASM-037|ASM-038,Derived: monthly_rent × capital_multiplier. Multiplier from documented cap-rate range.,N/A,2026-09-19
MKT-037,gross_yield_pct,9.23,5.24,16.65,percent,Derived,Estimation interval (±15-20%),C,EVD-009|,ASM-034|ASM-035|ASM-036|ASM-037|ASM-038,Derived: (monthly_rent × 12 / sale_price) × 100. Never entered independently.,N/A,2026-09-19
MKT-037,rental_growth_pct,6.0,3.0,9.0,percent per annum,Estimated,Estimation interval (±15-20%),C,,ASM-039|ASM-040|ASM-041|ASM-042|ASM-043,Benchmark range from broker reports; locality class adjusted.,N/A,2026-09-19
MKT-037,capital_growth_pct,7.5,4.0,11.0,percent per annum,Estimated,Estimation interval (±15-20%),C,,ASM-039|ASM-040|ASM-041|ASM-042|ASM-043,Benchmark range from broker reports; locality class adjusted.,N/A,2026-09-19
MKT-037,occupancy_pct,88.0,80.0,94.0,percent,Estimated,Estimation interval (±15-20%),C,,ASM-044|ASM-045|ASM-046|ASM-047|ASM-048,Benchmark occupancy for locality class; direct evidence where available.,N/A,2026-09-19
MKT-037,vacancy_pct,12.0,6.0,20.0,percent,Derived,Estimation interval (±15-20%),C,,ASM-044|ASM-045|ASM-046|ASM-047|ASM-048,Derived: 100 - occupancy_pct. Never entered independently.,N/A,2026-09-19
MKT-037,demand_score,67.2,57.0,76.6,0-100 index,Derived,Estimation interval (±15-20%),C,,ASM-044|ASM-045|ASM-046|ASM-047|ASM-048,Formula: 0.40×occupancy + 0.35×(rental_growth/0.15×100) + 0.25×location_strength. See DATA_METHODOLOGY.md.,N/A,2026-09-19
MKT-037,market_risk_score,33.5,28.2,40.5,0-100 index (higher=riskier),Derived,Estimation interval (±15-20%),C,,ASM-044|ASM-045|ASM-046|ASM-047|ASM-048,Formula: 0.35×vacancy_risk + 0.35×supply_risk + 0.30×liquidity_risk. See DATA_METHODOLOGY.md.,N/A,2026-09-19
MKT-038,monthly_rent_psf,52.0,42.0,62.0,INR/sqft/month,Estimated,Estimation interval (±20-30%),D,,ASM-019,City+locality benchmark from documented source hierarchy,N/A,2026-09-19
MKT-038,sale_price_psf,5980.0,3990.0,8370.0,INR/sqft,Estimated,Estimation interval (±20-30%),D,,ASM-034|ASM-035|ASM-036|ASM-037|ASM-038,Derived: monthly_rent × capital_multiplier. Multiplier from documented cap-rate range.,N/A,2026-09-19
MKT-038,gross_yield_pct,10.43,6.02,18.65,percent,Derived,Estimation interval (±20-30%),D,,ASM-034|ASM-035|ASM-036|ASM-037|ASM-038,Derived: (monthly_rent × 12 / sale_price) × 100. Never entered independently.,N/A,2026-09-19
MKT-038,rental_growth_pct,8.0,4.0,13.0,percent per annum,Estimated,Estimation interval (±20-30%),D,,ASM-039|ASM-040|ASM-041|ASM-042|ASM-043,Benchmark range from broker reports; locality class adjusted.,N/A,2026-09-19
MKT-038,capital_growth_pct,9.0,4.5,14.0,percent per annum,Estimated,Estimation interval (±20-30%),D,,ASM-039|ASM-040|ASM-041|ASM-042|ASM-043,Benchmark range from broker reports; locality class adjusted.,N/A,2026-09-19
MKT-038,occupancy_pct,78.0,65.0,88.0,percent,Estimated,Estimation interval (±20-30%),D,,ASM-044|ASM-045|ASM-046|ASM-047|ASM-048,Benchmark occupancy for locality class; direct evidence where available.,N/A,2026-09-19
MKT-038,vacancy_pct,22.0,12.0,35.0,percent,Derived,Estimation interval (±20-30%),D,,ASM-044|ASM-045|ASM-046|ASM-047|ASM-048,Derived: 100 - occupancy_pct. Never entered independently.,N/A,2026-09-19
MKT-038,demand_score,64.4,49.8,80.0,0-100 index,Derived,Estimation interval (±20-30%),D,,ASM-044|ASM-045|ASM-046|ASM-047|ASM-048,Formula: 0.40×occupancy + 0.35×(rental_growth/0.15×100) + 0.25×location_strength. See DATA_METHODOLOGY.md.,N/A,2026-09-19
MKT-038,market_risk_score,49.2,40.5,60.6,0-100 index (higher=riskier),Derived,Estimation interval (±20-30%),D,,ASM-044|ASM-045|ASM-046|ASM-047|ASM-048,Formula: 0.35×vacancy_risk + 0.35×supply_risk + 0.30×liquidity_risk. See DATA_METHODOLOGY.md.,N/A,2026-09-19
MKT-039,monthly_rent_psf,42.0,32.0,52.0,INR/sqft/month,Synthetic,Uncertainty band (±30-40%),E,,ASM-007,City+locality benchmark from documented source hierarchy,N/A,2026-09-19
MKT-039,sale_price_psf,4830.0,3040.0,7020.0,INR/sqft,Synthetic,Uncertainty band (±30-40%),E,,ASM-034|ASM-035|ASM-036|ASM-037|ASM-038,Derived: monthly_rent × capital_multiplier. Multiplier from documented cap-rate range.,N/A,2026-09-19
MKT-039,gross_yield_pct,10.43,5.47,20.53,percent,Derived,Uncertainty band (±30-40%),E,,ASM-034|ASM-035|ASM-036|ASM-037|ASM-038,Derived: (monthly_rent × 12 / sale_price) × 100. Never entered independently.,N/A,2026-09-19
MKT-039,rental_growth_pct,6.0,2.5,10.0,percent per annum,Synthetic,Uncertainty band (±30-40%),E,,ASM-039|ASM-040|ASM-041|ASM-042|ASM-043,Benchmark range from broker reports; locality class adjusted.,N/A,2026-09-19
MKT-039,capital_growth_pct,6.5,2.5,11.0,percent per annum,Synthetic,Uncertainty band (±30-40%),E,,ASM-039|ASM-040|ASM-041|ASM-042|ASM-043,Benchmark range from broker reports; locality class adjusted.,N/A,2026-09-19
MKT-039,occupancy_pct,70.0,55.0,82.0,percent,Synthetic,Uncertainty band (±30-40%),E,,ASM-044|ASM-045|ASM-046|ASM-047|ASM-048,Benchmark occupancy for locality class; direct evidence where available.,N/A,2026-09-19
MKT-039,vacancy_pct,30.0,18.0,45.0,percent,Derived,Uncertainty band (±30-40%),E,,ASM-044|ASM-045|ASM-046|ASM-047|ASM-048,Derived: 100 - occupancy_pct. Never entered independently.,N/A,2026-09-19
MKT-039,demand_score,51.5,37.3,65.6,0-100 index,Derived,Uncertainty band (±30-40%),E,,ASM-044|ASM-045|ASM-046|ASM-047|ASM-048,Formula: 0.40×occupancy + 0.35×(rental_growth/0.15×100) + 0.25×location_strength. See DATA_METHODOLOGY.md.,N/A,2026-09-19
MKT-039,market_risk_score,61.5,51.0,70.2,0-100 index (higher=riskier),Derived,Uncertainty band (±30-40%),E,,ASM-044|ASM-045|ASM-046|ASM-047|ASM-048,Formula: 0.35×vacancy_risk + 0.35×supply_risk + 0.30×liquidity_risk. See DATA_METHODOLOGY.md.,N/A,2026-09-19
MKT-040,monthly_rent_psf,280.0,220.0,360.0,INR/sqft/month,Estimated,Estimation interval (±20-30%),D,,ASM-020,City+locality benchmark from documented source hierarchy,N/A,2026-09-19
MKT-040,sale_price_psf,28000.0,17600.0,43200.0,INR/sqft,Estimated,Estimation interval (±20-30%),D,,ASM-034|ASM-035|ASM-036|ASM-037|ASM-038,Derived: monthly_rent × capital_multiplier. Multiplier from documented cap-rate range.,N/A,2026-09-19
MKT-040,gross_yield_pct,12.0,6.11,24.55,percent,Derived,Estimation interval (±20-30%),D,,ASM-034|ASM-035|ASM-036|ASM-037|ASM-038,Derived: (monthly_rent × 12 / sale_price) × 100. Never entered independently.,N/A,2026-09-19
MKT-040,rental_growth_pct,5.5,2.5,9.0,percent per annum,Estimated,Estimation interval (±20-30%),D,,ASM-039|ASM-040|ASM-041|ASM-042|ASM-043,Benchmark range from broker reports; locality class adjusted.,N/A,2026-09-19
MKT-040,capital_growth_pct,6.5,3.0,10.0,percent per annum,Estimated,Estimation interval (±20-30%),D,,ASM-039|ASM-040|ASM-041|ASM-042|ASM-043,Benchmark range from broker reports; locality class adjusted.,N/A,2026-09-19
MKT-040,occupancy_pct,91.0,82.0,96.0,percent,Estimated,Estimation interval (±20-30%),D,,ASM-044|ASM-045|ASM-046|ASM-047|ASM-048,Benchmark occupancy for locality class; direct evidence where available.,N/A,2026-09-19
MKT-040,vacancy_pct,9.0,4.0,18.0,percent,Derived,Estimation interval (±20-30%),D,,ASM-044|ASM-045|ASM-046|ASM-047|ASM-048,Derived: 100 - occupancy_pct. Never entered independently.,N/A,2026-09-19
MKT-040,demand_score,71.7,61.1,81.9,0-100 index,Derived,Estimation interval (±20-30%),D,,ASM-044|ASM-045|ASM-046|ASM-047|ASM-048,Formula: 0.40×occupancy + 0.35×(rental_growth/0.15×100) + 0.25×location_strength. See DATA_METHODOLOGY.md.,N/A,2026-09-19
MKT-040,market_risk_score,30.1,25.8,38.0,0-100 index (higher=riskier),Derived,Estimation interval (±20-30%),D,,ASM-044|ASM-045|ASM-046|ASM-047|ASM-048,Formula: 0.35×vacancy_risk + 0.35×supply_risk + 0.30×liquidity_risk. See DATA_METHODOLOGY.md.,N/A,2026-09-19
MKT-041,monthly_rent_psf,210.0,165.0,260.0,INR/sqft/month,Estimated,Estimation interval (±15-20%),C,,ASM-021,City+locality benchmark from documented source hierarchy,N/A,2026-09-19
MKT-041,sale_price_psf,21000.0,13200.0,31200.0,INR/sqft,Estimated,Estimation interval (±15-20%),C,,ASM-034|ASM-035|ASM-036|ASM-037|ASM-038,Derived: monthly_rent × capital_multiplier. Multiplier from documented cap-rate range.,N/A,2026-09-19
MKT-041,gross_yield_pct,12.0,6.35,23.64,percent,Derived,Estimation interval (±15-20%),C,,ASM-034|ASM-035|ASM-036|ASM-037|ASM-038,Derived: (monthly_rent × 12 / sale_price) × 100. Never entered independently.,N/A,2026-09-19
MKT-041,rental_growth_pct,5.5,2.5,9.0,percent per annum,Estimated,Estimation interval (±15-20%),C,,ASM-039|ASM-040|ASM-041|ASM-042|ASM-043,Benchmark range from broker reports; locality class adjusted.,N/A,2026-09-19
MKT-041,capital_growth_pct,6.5,3.0,10.0,percent per annum,Estimated,Estimation interval (±15-20%),C,,ASM-039|ASM-040|ASM-041|ASM-042|ASM-043,Benchmark range from broker reports; locality class adjusted.,N/A,2026-09-19
MKT-041,occupancy_pct,91.0,82.0,96.0,percent,Estimated,Estimation interval (±15-20%),C,,ASM-044|ASM-045|ASM-046|ASM-047|ASM-048,Benchmark occupancy for locality class; direct evidence where available.,N/A,2026-09-19
MKT-041,vacancy_pct,9.0,4.0,18.0,percent,Derived,Estimation interval (±15-20%),C,,ASM-044|ASM-045|ASM-046|ASM-047|ASM-048,Derived: 100 - occupancy_pct. Never entered independently.,N/A,2026-09-19
MKT-041,demand_score,71.7,61.1,81.9,0-100 index,Derived,Estimation interval (±15-20%),C,,ASM-044|ASM-045|ASM-046|ASM-047|ASM-048,Formula: 0.40×occupancy + 0.35×(rental_growth/0.15×100) + 0.25×location_strength. See DATA_METHODOLOGY.md.,N/A,2026-09-19
MKT-041,market_risk_score,30.1,25.8,38.0,0-100 index (higher=riskier),Derived,Estimation interval (±15-20%),C,,ASM-044|ASM-045|ASM-046|ASM-047|ASM-048,Formula: 0.35×vacancy_risk + 0.35×supply_risk + 0.30×liquidity_risk. See DATA_METHODOLOGY.md.,N/A,2026-09-19
MKT-042,monthly_rent_psf,145.0,110.0,185.0,INR/sqft/month,Estimated,Estimation interval (±20-30%),D,,ASM-023,City+locality benchmark from documented source hierarchy,N/A,2026-09-19
MKT-042,sale_price_psf,14500.0,8800.0,22200.0,INR/sqft,Estimated,Estimation interval (±20-30%),D,,ASM-034|ASM-035|ASM-036|ASM-037|ASM-038,Derived: monthly_rent × capital_multiplier. Multiplier from documented cap-rate range.,N/A,2026-09-19
MKT-042,gross_yield_pct,12.0,5.95,25.23,percent,Derived,Estimation interval (±20-30%),D,,ASM-034|ASM-035|ASM-036|ASM-037|ASM-038,Derived: (monthly_rent × 12 / sale_price) × 100. Never entered independently.,N/A,2026-09-19
MKT-042,rental_growth_pct,5.5,2.5,9.0,percent per annum,Estimated,Estimation interval (±20-30%),D,,ASM-039|ASM-040|ASM-041|ASM-042|ASM-043,Benchmark range from broker reports; locality class adjusted.,N/A,2026-09-19
MKT-042,capital_growth_pct,6.5,3.0,10.0,percent per annum,Estimated,Estimation interval (±20-30%),D,,ASM-039|ASM-040|ASM-041|ASM-042|ASM-043,Benchmark range from broker reports; locality class adjusted.,N/A,2026-09-19
MKT-042,occupancy_pct,91.0,82.0,96.0,percent,Estimated,Estimation interval (±20-30%),D,,ASM-044|ASM-045|ASM-046|ASM-047|ASM-048,Benchmark occupancy for locality class; direct evidence where available.,N/A,2026-09-19
MKT-042,vacancy_pct,9.0,4.0,18.0,percent,Derived,Estimation interval (±20-30%),D,,ASM-044|ASM-045|ASM-046|ASM-047|ASM-048,Derived: 100 - occupancy_pct. Never entered independently.,N/A,2026-09-19
MKT-042,demand_score,71.7,61.1,81.9,0-100 index,Derived,Estimation interval (±20-30%),D,,ASM-044|ASM-045|ASM-046|ASM-047|ASM-048,Formula: 0.40×occupancy + 0.35×(rental_growth/0.15×100) + 0.25×location_strength. See DATA_METHODOLOGY.md.,N/A,2026-09-19
MKT-042,market_risk_score,30.1,25.8,38.0,0-100 index (higher=riskier),Derived,Estimation interval (±20-30%),D,,ASM-044|ASM-045|ASM-046|ASM-047|ASM-048,Formula: 0.35×vacancy_risk + 0.35×supply_risk + 0.30×liquidity_risk. See DATA_METHODOLOGY.md.,N/A,2026-09-19
MKT-043,monthly_rent_psf,120.0,90.0,150.0,INR/sqft/month,Estimated,Estimation interval (±20-30%),D,,ASM-025,City+locality benchmark from documented source hierarchy,N/A,2026-09-19
MKT-043,sale_price_psf,12000.0,7200.0,18000.0,INR/sqft,Estimated,Estimation interval (±20-30%),D,,ASM-034|ASM-035|ASM-036|ASM-037|ASM-038,Derived: monthly_rent × capital_multiplier. Multiplier from documented cap-rate range.,N/A,2026-09-19
MKT-043,gross_yield_pct,12.0,6.0,25.0,percent,Derived,Estimation interval (±20-30%),D,,ASM-034|ASM-035|ASM-036|ASM-037|ASM-038,Derived: (monthly_rent × 12 / sale_price) × 100. Never entered independently.,N/A,2026-09-19
MKT-043,rental_growth_pct,5.0,2.0,8.5,percent per annum,Estimated,Estimation interval (±20-30%),D,,ASM-039|ASM-040|ASM-041|ASM-042|ASM-043,Benchmark range from broker reports; locality class adjusted.,N/A,2026-09-19
MKT-043,capital_growth_pct,5.5,2.5,9.0,percent per annum,Estimated,Estimation interval (±20-30%),D,,ASM-039|ASM-040|ASM-041|ASM-042|ASM-043,Benchmark range from broker reports; locality class adjusted.,N/A,2026-09-19
MKT-043,occupancy_pct,87.0,78.0,94.0,percent,Estimated,Estimation interval (±20-30%),D,,ASM-044|ASM-045|ASM-046|ASM-047|ASM-048,Benchmark occupancy for locality class; direct evidence where available.,N/A,2026-09-19
MKT-043,vacancy_pct,13.0,6.0,22.0,percent,Derived,Estimation interval (±20-30%),D,,ASM-044|ASM-045|ASM-046|ASM-047|ASM-048,Derived: 100 - occupancy_pct. Never entered independently.,N/A,2026-09-19
MKT-043,demand_score,64.5,53.9,75.4,0-100 index,Derived,Estimation interval (±20-30%),D,,ASM-044|ASM-045|ASM-046|ASM-047|ASM-048,Formula: 0.40×occupancy + 0.35×(rental_growth/0.15×100) + 0.25×location_strength. See DATA_METHODOLOGY.md.,N/A,2026-09-19
MKT-043,market_risk_score,38.9,32.8,46.8,0-100 index (higher=riskier),Derived,Estimation interval (±20-30%),D,,ASM-044|ASM-045|ASM-046|ASM-047|ASM-048,Formula: 0.35×vacancy_risk + 0.35×supply_risk + 0.30×liquidity_risk. See DATA_METHODOLOGY.md.,N/A,2026-09-19
MKT-044,monthly_rent_psf,115.0,85.0,145.0,INR/sqft/month,Estimated,Estimation interval (±20-30%),D,,ASM-026,City+locality benchmark from documented source hierarchy,N/A,2026-09-19
MKT-044,sale_price_psf,11500.0,6800.0,17400.0,INR/sqft,Estimated,Estimation interval (±20-30%),D,,ASM-034|ASM-035|ASM-036|ASM-037|ASM-038,Derived: monthly_rent × capital_multiplier. Multiplier from documented cap-rate range.,N/A,2026-09-19
MKT-044,gross_yield_pct,12.0,5.86,25.59,percent,Derived,Estimation interval (±20-30%),D,,ASM-034|ASM-035|ASM-036|ASM-037|ASM-038,Derived: (monthly_rent × 12 / sale_price) × 100. Never entered independently.,N/A,2026-09-19
MKT-044,rental_growth_pct,5.0,2.0,8.5,percent per annum,Estimated,Estimation interval (±20-30%),D,,ASM-039|ASM-040|ASM-041|ASM-042|ASM-043,Benchmark range from broker reports; locality class adjusted.,N/A,2026-09-19
MKT-044,capital_growth_pct,5.5,2.5,9.0,percent per annum,Estimated,Estimation interval (±20-30%),D,,ASM-039|ASM-040|ASM-041|ASM-042|ASM-043,Benchmark range from broker reports; locality class adjusted.,N/A,2026-09-19
MKT-044,occupancy_pct,87.0,78.0,94.0,percent,Estimated,Estimation interval (±20-30%),D,,ASM-044|ASM-045|ASM-046|ASM-047|ASM-048,Benchmark occupancy for locality class; direct evidence where available.,N/A,2026-09-19
MKT-044,vacancy_pct,13.0,6.0,22.0,percent,Derived,Estimation interval (±20-30%),D,,ASM-044|ASM-045|ASM-046|ASM-047|ASM-048,Derived: 100 - occupancy_pct. Never entered independently.,N/A,2026-09-19
MKT-044,demand_score,64.5,53.9,75.4,0-100 index,Derived,Estimation interval (±20-30%),D,,ASM-044|ASM-045|ASM-046|ASM-047|ASM-048,Formula: 0.40×occupancy + 0.35×(rental_growth/0.15×100) + 0.25×location_strength. See DATA_METHODOLOGY.md.,N/A,2026-09-19
MKT-044,market_risk_score,38.9,32.8,46.8,0-100 index (higher=riskier),Derived,Estimation interval (±20-30%),D,,ASM-044|ASM-045|ASM-046|ASM-047|ASM-048,Formula: 0.35×vacancy_risk + 0.35×supply_risk + 0.30×liquidity_risk. See DATA_METHODOLOGY.md.,N/A,2026-09-19
MKT-045,monthly_rent_psf,185.0,145.0,240.0,INR/sqft/month,Estimated,Estimation interval (±15-20%),C,,ASM-022,City+locality benchmark from documented source hierarchy,N/A,2026-09-19
MKT-045,sale_price_psf,18500.0,11600.0,28800.0,INR/sqft,Estimated,Estimation interval (±15-20%),C,,ASM-034|ASM-035|ASM-036|ASM-037|ASM-038,Derived: monthly_rent × capital_multiplier. Multiplier from documented cap-rate range.,N/A,2026-09-19
MKT-045,gross_yield_pct,12.0,6.04,24.83,percent,Derived,Estimation interval (±15-20%),C,,ASM-034|ASM-035|ASM-036|ASM-037|ASM-038,Derived: (monthly_rent × 12 / sale_price) × 100. Never entered independently.,N/A,2026-09-19
MKT-045,rental_growth_pct,5.5,2.5,9.0,percent per annum,Estimated,Estimation interval (±15-20%),C,,ASM-039|ASM-040|ASM-041|ASM-042|ASM-043,Benchmark range from broker reports; locality class adjusted.,N/A,2026-09-19
MKT-045,capital_growth_pct,6.5,3.0,10.0,percent per annum,Estimated,Estimation interval (±15-20%),C,,ASM-039|ASM-040|ASM-041|ASM-042|ASM-043,Benchmark range from broker reports; locality class adjusted.,N/A,2026-09-19
MKT-045,occupancy_pct,91.0,82.0,96.0,percent,Estimated,Estimation interval (±15-20%),C,,ASM-044|ASM-045|ASM-046|ASM-047|ASM-048,Benchmark occupancy for locality class; direct evidence where available.,N/A,2026-09-19
MKT-045,vacancy_pct,9.0,4.0,18.0,percent,Derived,Estimation interval (±15-20%),C,,ASM-044|ASM-045|ASM-046|ASM-047|ASM-048,Derived: 100 - occupancy_pct. Never entered independently.,N/A,2026-09-19
MKT-045,demand_score,71.7,61.1,81.9,0-100 index,Derived,Estimation interval (±15-20%),C,,ASM-044|ASM-045|ASM-046|ASM-047|ASM-048,Formula: 0.40×occupancy + 0.35×(rental_growth/0.15×100) + 0.25×location_strength. See DATA_METHODOLOGY.md.,N/A,2026-09-19
MKT-045,market_risk_score,30.1,25.8,38.0,0-100 index (higher=riskier),Derived,Estimation interval (±15-20%),C,,ASM-044|ASM-045|ASM-046|ASM-047|ASM-048,Formula: 0.35×vacancy_risk + 0.35×supply_risk + 0.30×liquidity_risk. See DATA_METHODOLOGY.md.,N/A,2026-09-19
MKT-046,monthly_rent_psf,72.0,58.0,90.0,INR/sqft/month,Estimated,Estimation interval (±15-20%),C,,ASM-027,City+locality benchmark from documented source hierarchy,N/A,2026-09-19
MKT-046,sale_price_psf,20160.0,13920.0,30600.0,INR/sqft,Estimated,Estimation interval (±15-20%),C,,ASM-034|ASM-035|ASM-036|ASM-037|ASM-038,Derived: monthly_rent × capital_multiplier. Multiplier from documented cap-rate range.,N/A,2026-09-19
MKT-046,gross_yield_pct,4.29,2.27,7.76,percent,Derived,Estimation interval (±15-20%),C,,ASM-034|ASM-035|ASM-036|ASM-037|ASM-038,Derived: (monthly_rent × 12 / sale_price) × 100. Never entered independently.,N/A,2026-09-19
MKT-046,rental_growth_pct,7.0,4.0,11.0,percent per annum,Estimated,Estimation interval (±15-20%),C,,ASM-039|ASM-040|ASM-041|ASM-042|ASM-043,Benchmark range from broker reports; locality class adjusted.,N/A,2026-09-19
MKT-046,capital_growth_pct,8.5,5.0,13.0,percent per annum,Estimated,Estimation interval (±15-20%),C,,ASM-039|ASM-040|ASM-041|ASM-042|ASM-043,Benchmark range from broker reports; locality class adjusted.,N/A,2026-09-19
MKT-046,occupancy_pct,86.0,78.0,94.0,percent,Estimated,Estimation interval (±15-20%),C,,ASM-044|ASM-045|ASM-046|ASM-047|ASM-048,Benchmark occupancy for locality class; direct evidence where available.,N/A,2026-09-19
MKT-046,vacancy_pct,14.0,6.0,22.0,percent,Derived,Estimation interval (±15-20%),C,,ASM-044|ASM-045|ASM-046|ASM-047|ASM-048,Derived: 100 - occupancy_pct. Never entered independently.,N/A,2026-09-19
MKT-046,demand_score,68.7,58.5,81.3,0-100 index,Derived,Estimation interval (±15-20%),C,,ASM-044|ASM-045|ASM-046|ASM-047|ASM-048,Formula: 0.40×occupancy + 0.35×(rental_growth/0.15×100) + 0.25×location_strength. See DATA_METHODOLOGY.md.,N/A,2026-09-19
MKT-046,market_risk_score,44.2,37.2,51.2,0-100 index (higher=riskier),Derived,Estimation interval (±15-20%),C,,ASM-044|ASM-045|ASM-046|ASM-047|ASM-048,Formula: 0.35×vacancy_risk + 0.35×supply_risk + 0.30×liquidity_risk. See DATA_METHODOLOGY.md.,N/A,2026-09-19
MKT-047,monthly_rent_psf,32.0,24.0,42.0,INR/sqft/month,Estimated,Estimation interval (±20-30%),D,,ASM-028,City+locality benchmark from documented source hierarchy,N/A,2026-09-19
MKT-047,sale_price_psf,8960.0,5760.0,14280.0,INR/sqft,Estimated,Estimation interval (±20-30%),D,,ASM-034|ASM-035|ASM-036|ASM-037|ASM-038,Derived: monthly_rent × capital_multiplier. Multiplier from documented cap-rate range.,N/A,2026-09-19
MKT-047,gross_yield_pct,4.29,2.02,8.75,percent,Derived,Estimation interval (±20-30%),D,,ASM-034|ASM-035|ASM-036|ASM-037|ASM-038,Derived: (monthly_rent × 12 / sale_price) × 100. Never entered independently.,N/A,2026-09-19
MKT-047,rental_growth_pct,7.5,4.0,11.5,percent per annum,Estimated,Estimation interval (±20-30%),D,,ASM-039|ASM-040|ASM-041|ASM-042|ASM-043,Benchmark range from broker reports; locality class adjusted.,N/A,2026-09-19
MKT-047,capital_growth_pct,10.0,5.5,15.5,percent per annum,Estimated,Estimation interval (±20-30%),D,,ASM-039|ASM-040|ASM-041|ASM-042|ASM-043,Benchmark range from broker reports; locality class adjusted.,N/A,2026-09-19
MKT-047,occupancy_pct,83.0,72.0,92.0,percent,Estimated,Estimation interval (±20-30%),D,,ASM-044|ASM-045|ASM-046|ASM-047|ASM-048,Benchmark occupancy for locality class; direct evidence where available.,N/A,2026-09-19
MKT-047,vacancy_pct,17.0,8.0,28.0,percent,Derived,Estimation interval (±20-30%),D,,ASM-044|ASM-045|ASM-046|ASM-047|ASM-048,Derived: 100 - occupancy_pct. Never entered independently.,N/A,2026-09-19
MKT-047,demand_score,65.2,52.6,78.1,0-100 index,Derived,Estimation interval (±20-30%),D,,ASM-044|ASM-045|ASM-046|ASM-047|ASM-048,Formula: 0.40×occupancy + 0.35×(rental_growth/0.15×100) + 0.25×location_strength. See DATA_METHODOLOGY.md.,N/A,2026-09-19
MKT-047,market_risk_score,53.9,46.0,63.5,0-100 index (higher=riskier),Derived,Estimation interval (±20-30%),D,,ASM-044|ASM-045|ASM-046|ASM-047|ASM-048,Formula: 0.35×vacancy_risk + 0.35×supply_risk + 0.30×liquidity_risk. See DATA_METHODOLOGY.md.,N/A,2026-09-19
MKT-048,monthly_rent_psf,16.0,12.0,22.0,INR/sqft/month,Synthetic,Uncertainty band (±30-40%),E,,ASM-031,City+locality benchmark from documented source hierarchy,N/A,2026-09-19
MKT-048,sale_price_psf,4480.0,2880.0,7480.0,INR/sqft,Synthetic,Uncertainty band (±30-40%),E,,ASM-034|ASM-035|ASM-036|ASM-037|ASM-038,Derived: monthly_rent × capital_multiplier. Multiplier from documented cap-rate range.,N/A,2026-09-19
MKT-048,gross_yield_pct,4.29,1.93,9.17,percent,Derived,Uncertainty band (±30-40%),E,,ASM-034|ASM-035|ASM-036|ASM-037|ASM-038,Derived: (monthly_rent × 12 / sale_price) × 100. Never entered independently.,N/A,2026-09-19
MKT-048,rental_growth_pct,6.0,2.5,10.0,percent per annum,Synthetic,Uncertainty band (±30-40%),E,,ASM-039|ASM-040|ASM-041|ASM-042|ASM-043,Benchmark range from broker reports; locality class adjusted.,N/A,2026-09-19
MKT-048,capital_growth_pct,8.0,3.5,13.0,percent per annum,Synthetic,Uncertainty band (±30-40%),E,,ASM-039|ASM-040|ASM-041|ASM-042|ASM-043,Benchmark range from broker reports; locality class adjusted.,N/A,2026-09-19
MKT-048,occupancy_pct,76.0,62.0,88.0,percent,Synthetic,Uncertainty band (±30-40%),E,,ASM-044|ASM-045|ASM-046|ASM-047|ASM-048,Benchmark occupancy for locality class; direct evidence where available.,N/A,2026-09-19
MKT-048,vacancy_pct,24.0,12.0,38.0,percent,Derived,Uncertainty band (±30-40%),E,,ASM-044|ASM-045|ASM-046|ASM-047|ASM-048,Derived: 100 - occupancy_pct. Never entered independently.,N/A,2026-09-19
MKT-048,demand_score,53.9,40.1,68.0,0-100 index,Derived,Uncertainty band (±30-40%),E,,ASM-044|ASM-045|ASM-046|ASM-047|ASM-048,Formula: 0.40×occupancy + 0.35×(rental_growth/0.15×100) + 0.25×location_strength. See DATA_METHODOLOGY.md.,N/A,2026-09-19
MKT-048,market_risk_score,65.2,54.8,77.5,0-100 index (higher=riskier),Derived,Uncertainty band (±30-40%),E,,ASM-044|ASM-045|ASM-046|ASM-047|ASM-048,Formula: 0.35×vacancy_risk + 0.35×supply_risk + 0.30×liquidity_risk. See DATA_METHODOLOGY.md.,N/A,2026-09-19
MKT-049,monthly_rent_psf,18.0,13.0,24.0,INR/sqft/month,Estimated,Estimation interval (±20-30%),D,,ASM-033,City+locality benchmark from documented source hierarchy,N/A,2026-09-19
MKT-049,sale_price_psf,5040.0,3120.0,8160.0,INR/sqft,Estimated,Estimation interval (±20-30%),D,,ASM-034|ASM-035|ASM-036|ASM-037|ASM-038,Derived: monthly_rent × capital_multiplier. Multiplier from documented cap-rate range.,N/A,2026-09-19
MKT-049,gross_yield_pct,4.29,1.91,9.23,percent,Derived,Estimation interval (±20-30%),D,,ASM-034|ASM-035|ASM-036|ASM-037|ASM-038,Derived: (monthly_rent × 12 / sale_price) × 100. Never entered independently.,N/A,2026-09-19
MKT-049,rental_growth_pct,7.5,4.0,11.5,percent per annum,Estimated,Estimation interval (±20-30%),D,,ASM-039|ASM-040|ASM-041|ASM-042|ASM-043,Benchmark range from broker reports; locality class adjusted.,N/A,2026-09-19
MKT-049,capital_growth_pct,10.0,5.5,15.5,percent per annum,Estimated,Estimation interval (±20-30%),D,,ASM-039|ASM-040|ASM-041|ASM-042|ASM-043,Benchmark range from broker reports; locality class adjusted.,N/A,2026-09-19
MKT-049,occupancy_pct,83.0,72.0,92.0,percent,Estimated,Estimation interval (±20-30%),D,,ASM-044|ASM-045|ASM-046|ASM-047|ASM-048,Benchmark occupancy for locality class; direct evidence where available.,N/A,2026-09-19
MKT-049,vacancy_pct,17.0,8.0,28.0,percent,Derived,Estimation interval (±20-30%),D,,ASM-044|ASM-045|ASM-046|ASM-047|ASM-048,Derived: 100 - occupancy_pct. Never entered independently.,N/A,2026-09-19
MKT-049,demand_score,65.2,52.6,78.1,0-100 index,Derived,Estimation interval (±20-30%),D,,ASM-044|ASM-045|ASM-046|ASM-047|ASM-048,Formula: 0.40×occupancy + 0.35×(rental_growth/0.15×100) + 0.25×location_strength. See DATA_METHODOLOGY.md.,N/A,2026-09-19
MKT-049,market_risk_score,53.9,46.0,63.5,0-100 index (higher=riskier),Derived,Estimation interval (±20-30%),D,,ASM-044|ASM-045|ASM-046|ASM-047|ASM-048,Formula: 0.35×vacancy_risk + 0.35×supply_risk + 0.30×liquidity_risk. See DATA_METHODOLOGY.md.,N/A,2026-09-19
MKT-050,monthly_rent_psf,28.0,22.0,36.0,INR/sqft/month,Estimated,Estimation interval (±20-30%),D,,ASM-029,City+locality benchmark from documented source hierarchy,N/A,2026-09-19
MKT-050,sale_price_psf,7840.0,5280.0,12240.0,INR/sqft,Estimated,Estimation interval (±20-30%),D,,ASM-034|ASM-035|ASM-036|ASM-037|ASM-038,Derived: monthly_rent × capital_multiplier. Multiplier from documented cap-rate range.,N/A,2026-09-19
MKT-050,gross_yield_pct,4.29,2.16,8.18,percent,Derived,Estimation interval (±20-30%),D,,ASM-034|ASM-035|ASM-036|ASM-037|ASM-038,Derived: (monthly_rent × 12 / sale_price) × 100. Never entered independently.,N/A,2026-09-19
MKT-050,rental_growth_pct,7.5,4.0,11.5,percent per annum,Estimated,Estimation interval (±20-30%),D,,ASM-039|ASM-040|ASM-041|ASM-042|ASM-043,Benchmark range from broker reports; locality class adjusted.,N/A,2026-09-19
MKT-050,capital_growth_pct,10.0,5.5,15.5,percent per annum,Estimated,Estimation interval (±20-30%),D,,ASM-039|ASM-040|ASM-041|ASM-042|ASM-043,Benchmark range from broker reports; locality class adjusted.,N/A,2026-09-19
MKT-050,occupancy_pct,83.0,72.0,92.0,percent,Estimated,Estimation interval (±20-30%),D,,ASM-044|ASM-045|ASM-046|ASM-047|ASM-048,Benchmark occupancy for locality class; direct evidence where available.,N/A,2026-09-19
MKT-050,vacancy_pct,17.0,8.0,28.0,percent,Derived,Estimation interval (±20-30%),D,,ASM-044|ASM-045|ASM-046|ASM-047|ASM-048,Derived: 100 - occupancy_pct. Never entered independently.,N/A,2026-09-19
MKT-050,demand_score,65.2,52.6,78.1,0-100 index,Derived,Estimation interval (±20-30%),D,,ASM-044|ASM-045|ASM-046|ASM-047|ASM-048,Formula: 0.40×occupancy + 0.35×(rental_growth/0.15×100) + 0.25×location_strength. See DATA_METHODOLOGY.md.,N/A,2026-09-19
MKT-050,market_risk_score,53.9,46.0,63.5,0-100 index (higher=riskier),Derived,Estimation interval (±20-30%),D,,ASM-044|ASM-045|ASM-046|ASM-047|ASM-048,Formula: 0.35×vacancy_risk + 0.35×supply_risk + 0.30×liquidity_risk. See DATA_METHODOLOGY.md.,N/A,2026-09-19
